DBRep_DrawableShape

CASCADE Topology V3, (c) Open Cascade
Locations 2
1
-3.26848325291754e-17 0.610824426277544 0.791766076731448               5 
              1 -3.87214499917075e-17 7.11533894424516e-17 21.4750000000002 
7.41205588291754e-17 0.791766076731448 -0.610824426277544 -0.0500000000007685 
2  1 -1 0
Curve2ds 444
1 0 25.310000000000002 1 0 
1 6.2831853071795862 0 0 1 
1 0 0 0 1 
1 0 33.635000000000005 1 0 
7 0 0  3 245 243  1.5707963232442548 26.810000000000002  1.5740710809838847 26.810000102795755  1.580621573258588 26.810172020053866  1.5904427752014458 26.810944414489732  1.6002519987023409 26.812230621723248  1.6100417146988437 26.8140302485529  1.6198048157229905 26.816341317391984  1.6295344814463379 26.819160670435117  1.6392237910112646 26.822485427778922  1.6488658576758353 26.826312592508607  1.6584546671356004 26.830637734794575  1.6679841561266247 26.835456421573539  1.6774481905658019 26.840764347228081  1.6868408104856696 26.846556621433759  1.6961563222397833 26.85282743721973  1.7053889490994956 26.859571122834968  1.7145328125397907 26.866782101850315  1.7235823721972654 26.874454136610492  1.7325324009409604 26.882580333906827  1.7413775310432837 26.891153945927371  1.7501123978554887 26.900168167528413  1.7587314720652396 26.909616277496319  1.7672297383554072 26.919491195338335  1.7756026218492982 26.929785518166536  1.7838453780897552 26.940491913080663  1.791953235969683 26.951603028097534  1.7999213617639256 26.963111517578099  1.8077448806866221 26.975010029589619  1.8154188458737204 26.987291231030017  1.8229388358211989 26.999947376723238  1.8303004004035692 27.012970698773398  1.8374990249437415 27.026353435468728  1.8445301434172729 27.040087822982926  1.8513891375498317 27.054166099763929  1.8580713423101967 27.068580497277022  1.8645720388939873 27.083323272643877  1.8708864906460698 27.098386586179238  1.8770101759292437 27.113761649818091  1.8829385094507569 27.129439743756748  1.8886668680326064 27.145412130214634  1.8941905861056836 27.161670075057682  1.8995049580494414 27.178204847542357  1.9046052429715323 27.195007699716754  1.9094866525424519 27.212069949071729  1.9141447281524298 27.229380642121718  1.9185749960678844 27.246928750721146  1.9227729523705879 27.264703266841728  1.9267340683070946 27.282693176517942  1.9304537886206175 27.300887469416125  1.9339275382050241 27.31927512661181  1.937151620102145 27.337843568973213  1.9401223170811848 27.356580228770095  1.9428359042740002 27.375472524184456  1.945288621279603 27.394507918347582  1.9474775913855502 27.413672043171339  1.9493999729172713 27.432950470976483  1.9510528468812343 27.452328822542274  1.9524335342797108 27.471792580008316  1.9535405709582536 27.491326560028224  1.954372385267702 27.510915629343007  1.9549273271384682 27.530544725546985  1.9552048353904603 27.550197901148842  1.9552045316153677 27.569859051604983  1.9549260653827241 27.589512121017624  1.9543701589007054 27.60914100317088  1.9535379089502449 27.628729647405741  1.952430179486867 27.648261770287121  1.9510486886945515 27.667722370367123  1.9493956808702839 27.687097233190091  1.9474731528169176 27.706371886234972  1.9452837172570772 27.725532267094614  1.9428306258566337 27.74456470471636  1.9401169844256168 27.763455442642027  1.9371459384081684 27.782190766581465  1.9339214090832275 27.800758217644781  1.9304473118085621 27.819145359923624  1.9267274789010842 27.837339618210684  1.9227660098384802 27.855329007306104  1.9185676013838906 27.873102830689138  1.9141368216149712 27.89065018184565  1.909478237188079 27.907960192958328  1.9045963895255889 27.92502205141589  1.8994957575269584 27.941824685086228  1.8941810557734307 27.958358947287444  1.8886570403987253 27.974616255978255  1.8829284095514558 27.990587885795421  1.8769998274274136 28.006265151045209  1.8708759140729943 28.021639350678001  1.8645612524997182 28.036701805398071  1.8580603603303461 28.051443764250006  1.8513779683578491 28.065857376599027  1.8445187928759919 28.079934896025364  1.8374874954318876 28.093668548514032  1.8302886913319047 28.107050567746143  1.8229269423966663 28.120073184213506  1.8154067633850119 28.13272863346922  1.8077325884606923 28.145009134010451  1.7999088852924519 28.156906969229333  1.7919406145657384 28.168414798859164  1.7838326343898814 28.179525243778532  1.7755897691540521 28.190230936708552  1.7672167776289744 28.200524501854787  1.75871839232585 28.210398585642597  1.7500991732273885 28.219845754133672  1.7413643114285873 28.228859075092583  1.7325192435366137 28.237431825202776  1.7235692869611217 28.245557224377681  1.7145197432683887 28.253228528070274  1.7053757998696419 28.2604389063452  1.6961428050253287 28.267181853438029  1.6868268098422385 28.273451957507721  1.6774337268187112 28.279243643342575  1.6679694741041242 28.284551424893493  1.6584398516202743 28.289369622831508  1.6488508898510992 28.293693325939348  1.6392091318486757 28.297519092254085  1.6295210052900748 28.30084319994711  1.6197929513432534 28.303662083370984  1.6100313171869753 28.305971832019235  1.6002426966955778 28.307770224650465  1.5904338825624595 28.309056240991342  1.5806116193737831 28.309828574030263  1.5707826535374618 28.31008604371041  1.5609537099793376 28.309827248894035  1.5511314922672197 28.309053301881072  1.5413227238437153 28.307765687767326  1.5315341408982661 28.305965801181607  1.5217724912906987 28.303655039866076  1.5120445050309637 28.300834879747104  1.5023565083275729 28.297509211047593  1.4927148840038535 28.293681837993361  1.4831260246634421 28.289356625281272  1.4735964053553967 28.284537281721157  1.4641322823801146 28.279228130896929  1.4547393856798663 28.273434980370538  1.4454235922504923 28.267163389358405  1.4361907667973088 28.260419022481216  1.4270469233880585 28.25320737108807  1.4179975710122661 28.245534711599227  1.4090478480734043 28.237407941088406  1.4002030470738904 28.228833815880229  1.3914684703553646 28.219819139339133  1.3828495276636017 28.210370667419411  1.3743514526640197 28.200495306721333  1.3659787965547909 28.190200472934315  1.3577362736734533 28.179493512429278  1.3496286281254481 28.168381790302554  1.3416606658911521 28.156872666067397  1.3338372390665167 28.144973502843882  1.3261632574345374 28.132691654907934  1.3186431925732047 28.120034869271301  1.3112815636151463 28.10701090199338  1.3040829473407389 28.093627507570321  1.2970519735022163 28.079892437712314  1.290193317510421 28.065813456836839  1.2835117195146641 28.051398281317926  1.2770117331312922 28.036655274878353  1.2706979349783671 28.021592871269164  1.2645749574695933 28.006219482384097  1.2586474650992052 27.99054353840847  1.2529202053461364 27.974573418218586  1.2473977734268527 27.958317741896238  1.2420846306060811 27.941785318406257  1.2369853134877533 27.924984987077814  1.2321043790807538 27.907925316078067  1.2274464443301947 27.890616181466314  1.2230161885081394 27.873068872411743  1.2188182881066945 27.855294406859386  1.2148575409461722 27.837303791313747  1.2111382280281493 27.819108542544242  1.207664368290396 27.800720484239406  1.2044401051192011 27.782151253292316  1.201469423069347 27.763412982692671  1.1987557990655824 27.744519360817542  1.1963028025498617 27.725483855168978  1.1941139620785588 27.706320005736377  1.1921918829135301 27.687041920858011  1.1905392582776511 27.667663582074677  1.189158575138918 27.648199416110902  1.1880515329941599 27.628665403246728  1.187220090596151 27.609077282183751  1.1866653075131564 27.589451031124717  1.1863877725955798 27.569802723894458  1.1863881877380391 27.550148380575983  1.1866662193345621 27.530503076067333  1.187221515921004 27.510881934873687  1.1880534425340197 27.491299991406134  1.1891604356692327 27.471772030034408  1.1905410828911591 27.452312873791023  1.1921938828613732 27.432937325338067  1.1941161747258537 27.413660006587971  1.1963053001161932 27.394495511443306  1.1987587628368956 27.375458560351753  1.2014732036541842 27.356563206460816  1.2044446878030208 27.33782308273863  1.207669412174017 27.319251819434278  1.2111436165428251 27.300863413201427  1.214863196137393 27.28266966121506  1.2188238676442928 27.264681152351248  1.2230213992450449 27.246908736080915  1.2274516411661922 27.229363287271099  1.2321101495648481 27.212055245695964  1.2369920837633603 27.194994442057268  1.2420927191850955 27.178190825424803  1.2474073423615588 27.161654320989339  1.2529312779613846 27.145394831089661  1.2586598930354631 27.129422373351684  1.26458846721897 27.113745245094719  1.2707123095790307 27.098371580448131  1.2770267748515234 27.083309556244817  1.2835272631529198 27.068567339948586  1.2902092159040375 27.05415309379611  1.2970681439629803 27.040075010301614  1.3040995277571354 27.026341160626725  1.311298569712305 27.012959131873551  1.3186605598174534 26.999936572355431  1.3261808267618682 26.987281114194843  1.3338547526947184 26.975000393066242  1.341677778279758 26.963102046627299  1.3496453841226894 26.95159370105074  1.3577531775631186 26.940483026465788  1.3659962068030391 26.929777275550165  1.37436945270622 26.919483625197373  1.3828679738107219 26.909609271666572  1.3914868753827916 26.900161407353032  1.4002213125212442 26.891147220742074  1.4090665312193247 26.882573919822619  1.4180169433051166 26.874448132194942  1.4270669721442377 26.866776474854543  1.4362110769656025 26.859565527640584  1.4454438406480286 26.85282202957212  1.454759471683873 26.846551794595392  1.4641519935670124 26.840760170271114  1.4736155215021294 26.835452599077389  1.4831441954631643 26.830634560058375  1.4927322551479303 26.826310210811407  1.5023738997189966 26.822483587608513  1.5120636092025341 26.819158867696398  1.5217943787178903 26.816339501865166  1.5315585364526711 26.814028594360718  1.5413486558884804 26.812229438239388  1.5511562895941065 26.81094332783584  1.5609729752326491 26.810171411433242  1.5675216545967026 26.809999885463011  1.5707963232442548 26.810000000000002 
 0 4 0.0041322314049586778 1 0.0082644628099173556 1 0.012396694214876033 1 0.016528925619834711 1 0.020661157024793389 1 0.024793388429752067 1 0.028925619834710745 1 0.033057851239669422 1 0.0371900826446281 1 0.041322314049586778 1 0.045454545454545456 1 0.049586776859504134 1 0.053719008264462811 1 0.057851239669421489 1 0.061983471074380167 1 0.066115702479338845 1 0.070247933884297523 1 0.0743801652892562 1 0.078512396694214878 1 0.082644628099173556 1 0.086776859504132234 1 0.090909090909090912 1 0.095041322314049589 1 0.099173553719008267 1 0.10330578512396695 1 0.10743801652892562 1 0.1115702479338843 1 0.11570247933884298 1 0.11983471074380166 1 0.12396694214876033 1 0.12809917355371903 1 0.13223140495867769 1 0.13636363636363635 1 0.14049586776859505 1 0.14462809917355374 1 0.1487603305785124 1 0.15289256198347106 1 0.15702479338842976 1 0.16115702479338845 1 0.16528925619834711 1 0.16942148760330578 1 0.17355371900826447 1 0.17768595041322316 1 0.18181818181818182 1 0.18595041322314049 1 0.19008264462809918 1 0.19421487603305787 1 0.19834710743801653 1 0.2024793388429752 1 0.20661157024793389 1 0.21074380165289258 1 0.21487603305785125 1 0.21900826446280991 1 0.2231404958677686 1 0.22727272727272729 1 0.23140495867768596 1 0.23553719008264462 1 0.23966942148760331 1 0.243801652892562 1 0.24793388429752067 1 0.25206611570247933 1 0.25619834710743805 1 0.26033057851239672 1 0.26446280991735538 1 0.26859504132231404 1 0.27272727272727271 1 0.27685950413223143 1 0.28099173553719009 1 0.28512396694214875 1 0.28925619834710747 1 0.29338842975206614 1 0.2975206611570248 1 0.30165289256198347 1 0.30578512396694213 1 0.30991735537190085 1 0.31404958677685951 1 0.31818181818181818 1 0.3223140495867769 1 0.32644628099173556 1 0.33057851239669422 1 0.33471074380165289 1 0.33884297520661155 1 0.34297520661157027 1 0.34710743801652894 1 0.3512396694214876 1 0.35537190082644632 1 0.35950413223140498 1 0.36363636363636365 1 0.36776859504132231 1 0.37190082644628097 1 0.37603305785123969 1 0.38016528925619836 1 0.38429752066115702 1 0.38842975206611574 1 0.3925619834710744 1 0.39669421487603307 1 0.40082644628099173 1 0.4049586776859504 1 0.40909090909090912 1 0.41322314049586778 1 0.41735537190082644 1 0.42148760330578516 1 0.42561983471074383 1 0.42975206611570249 1 0.43388429752066116 1 0.43801652892561982 1 0.44214876033057854 1 0.4462809917355372 1 0.45041322314049587 1 0.45454545454545459 1 0.45867768595041325 1 0.46280991735537191 1 0.46694214876033058 1 0.47107438016528924 1 0.47520661157024796 1 0.47933884297520662 1 0.48347107438016529 1 0.48760330578512401 1 0.49173553719008267 1 0.49586776859504134 1 0.5 1 0.50413223140495866 1 0.50826446280991733 1 0.5123966942148761 1 0.51652892561983477 1 0.52066115702479343 1 0.52479338842975209 1 0.52892561983471076 1 0.53305785123966942 1 0.53719008264462809 1 0.54132231404958675 1 0.54545454545454541 1 0.54958677685950419 1 0.55371900826446285 1 0.55785123966942152 1 0.56198347107438018 1 0.56611570247933884 1 0.57024793388429751 1 0.57438016528925617 1 0.57851239669421495 1 0.58264462809917361 1 0.58677685950413228 1 0.59090909090909094 1 0.5950413223140496 1 0.59917355371900827 1 0.60330578512396693 1 0.6074380165289256 1 0.61157024793388426 1 0.61570247933884303 1 0.6198347107438017 1 0.62396694214876036 1 0.62809917355371903 1 0.63223140495867769 1 0.63636363636363635 1 0.64049586776859502 1 0.64462809917355379 1 0.64876033057851246 1 0.65289256198347112 1 0.65702479338842978 1 0.66115702479338845 1 0.66528925619834711 1 0.66942148760330578 1 0.67355371900826444 1 0.6776859504132231 1 0.68181818181818188 1 0.68595041322314054 1 0.69008264462809921 1 0.69421487603305787 1 0.69834710743801653 1 0.7024793388429752 1 0.70661157024793386 1 0.71074380165289264 1 0.7148760330578513 1 0.71900826446280997 1 0.72314049586776863 1 0.72727272727272729 1 0.73140495867768596 1 0.73553719008264462 1 0.73966942148760328 1 0.74380165289256195 1 0.74793388429752072 1 0.75206611570247939 1 0.75619834710743805 1 0.76033057851239672 1 0.76446280991735538 1 0.76859504132231404 1 0.77272727272727271 1 0.77685950413223148 1 0.78099173553719015 1 0.78512396694214881 1 0.78925619834710747 1 0.79338842975206614 1 0.7975206611570248 1 0.80165289256198347 1 0.80578512396694213 1 0.80991735537190079 1 0.81404958677685957 1 0.81818181818181823 1 0.8223140495867769 1 0.82644628099173556 1 0.83057851239669422 1 0.83471074380165289 1 0.83884297520661155 1 0.84297520661157033 1 0.84710743801652899 1 0.85123966942148765 1 0.85537190082644632 1 0.85950413223140498 1 0.86363636363636365 1 0.86776859504132231 1 0.87190082644628097 1 0.87603305785123964 1 0.88016528925619841 1 0.88429752066115708 1 0.88842975206611574 1 0.8925619834710744 1 0.89669421487603307 1 0.90082644628099173 1 0.9049586776859504 1 0.90909090909090917 1 0.91322314049586784 1 0.9173553719008265 1 0.92148760330578516 1 0.92561983471074383 1 0.92975206611570249 1 0.93388429752066116 1 0.93801652892561982 1 0.94214876033057848 1 0.94628099173553726 1 0.95041322314049592 1 0.95454545454545459 1 0.95867768595041325 1 0.96280991735537191 1 0.96694214876033058 1 0.97107438016528924 1 0.97520661157024802 1 0.97933884297520668 1 0.98347107438016534 1 0.98760330578512401 1 0.99173553719008267 1 0.99586776859504134 1 1 4
7 0 0  3 245 243  -9.4683789697569409e-09 5.0000000000007496  0.0087326775325973216 4.9999999365492966  0.026200664356897718 4.9999353332426013  0.052406015574709919 4.9996457748074894  0.078610315368941031 4.9991644184123833  0.1048089835520658 4.998491840346631  0.1309985114209109 4.9976300324365681  0.15717599867387122 4.9965820419040963  0.18333827892093613 4.9953506646832375  0.2094823089879787 4.9939388123440125  0.23560713677963108 4.9923510231219552  0.26171163477911552 4.9905918395455382  0.28779452965801156 4.988665653242613  0.31385491948333044 4.9865775475731358  0.33989237508427728 4.9843336888402563  0.36590626737743914 4.981940087199642  0.39189577585111834 4.9794026260869346  0.41786080452004182 4.9767280374885736  0.4438018364091274 4.9739238947471076  0.46971903622454381 4.9709975800588406  0.49561258819457255 4.9679565671676906  0.52148236205059639 4.9648081547733494  0.54732946615170253 4.9615604277683056  0.5731559909598225 4.9582221793926653  0.59896364594453111 4.9548020490906097  0.62475411021787952 4.9513087182013908  0.65052897901405693 4.9477508542798949  0.67628983424129618 4.9441371381234225  0.70203822444068997 4.9404762113439569  0.72777677098040083 4.9367775720327858  0.75350804956920481 4.9330507654298223  0.77923455514329998 4.9293053241798512  0.80495874703691062 4.9255507843629385  0.83068307404102448 4.921796680913169  0.85641000071748685 4.9180525499132575  0.88214204905877924 4.9143279239973738  0.90788177659859315 4.9106323485990471  0.9336312754545375 4.9069754944248789  0.95939265030538046 4.9033670231191211  0.98516801818617949 4.8998165988767886  1.0109595462607768 4.8963338847522309  1.0367694878987619 4.8929285458116798  1.0626001862661347 4.8896102402145116  1.0884542076497308 4.8863886517356301  1.1143318448592243 4.8832725768777339  1.1402333070860369 4.8802707829469991  1.1661588800268525 4.8773920452222335  1.1921089401517522 4.874645136238251  1.2180840040993672 4.8720388315332421  1.2440847812500584 4.8695818973753475  1.270110719335575 4.8672813723771942  1.2961613008624226 4.8651443073491194  1.3222360842544054 4.863177739166324  1.3483348314415746 4.8613887482467995  1.3744554192439118 4.8597825865875093  1.400595676157538 4.8583644250205662  1.4267535647302845 4.8571395630870979  1.4529271006470488 4.8561128522702726  1.4791138000208921 4.8552869358637709  1.5053111993717474 4.8546646484819629  1.5315170194639247 4.8542489646679137  1.5577279867622185 4.854040866151724  1.5839406005874501 4.8540410015910487  1.6101514786204385 4.8542499679781228  1.6363571490397213 4.8546665186080302  1.6625540893845931 4.8552887599238721  1.6887384888476111 4.8561152213740248  1.7149080958966465 4.857142823994578  1.741061473480519 4.8583674889728643  1.7671968462446666 4.859785598144021  1.7933127526022199 4.8613923609790772  1.8194078800817151 4.863181762674615  1.8454807414691956 4.8651480470098081  1.8715298547438035 4.8672853651866186  1.8975548678357415 4.8695863052972426  1.9235553038458431 4.8720434363028904  1.9495304805069766 4.8746494554081066  1.9754802271436409 4.8773965143609619  2.0014053925530684 4.8802755719448445  2.0273064662239033 4.8832777840916801  2.0531838574224892 4.8863942602090287  2.0790379598881206 4.8896160986533594  2.1048688754991094 4.8929344885098978  2.1306786914295675 4.8963399289747827  2.1564699378041263 4.8998227166333344  2.1822448835033441 4.9033731993324237  2.2080057549853578 4.9069817113583172  2.233754714294065 4.9106385899781575  2.2594939119789945 4.9143341740961812  2.285225482518233 4.9180587930873783  2.3109519797504516 4.9218029005832209  2.3366759244865403 4.9255569646826602  2.362399780875243 4.9293114494965202  2.3881259977832814 4.9330568208320296  2.4138570378054789 4.9367835416989063  2.439595391783385 4.9404820846005615  2.4653436633858483 4.9441428868631014  2.4911043822667081 4.947756520629536  2.5168790564236834 4.9513143403271505  2.5426692908121789 4.9548076196117599  2.5684766932202083 4.9582276567662911  2.5943029648968512 4.9615657323367088  2.6201498402324646 4.9648131731896799  2.6460194438430933 4.9679611386460847  2.6719124980075923 4.971001833797696  2.6978290947629264 4.973927897935523  2.7237695437102052 4.9767318563499847  2.7497341791146268 4.9794062923481377  2.7757236043863189 4.9819436711710434  2.8017381466875722 4.9843368968303929  2.8277765974122828 4.9865803497901524  2.8538379934219646 4.9886681930026278  2.8799213652266609 4.990594698306043  2.9060260351953056 4.9923539195065763  2.9321509371095571 4.9939407674589358  2.9582938949110198 4.9953517899915241  2.9844529284497239 4.9965832252758817  3.0106260437744456 4.9976314771395263  3.0368115087219629 4.9984925964428966  3.0630071662373788 4.9991643548249902  3.0892103714538903 4.999645746728949  3.1154185434831394 4.9999354749548566  3.1416291127081841 5.0000323703631713  3.1678396399333297 4.9999350432159426  3.1940477597825283 4.9996445968818159  3.2202509637316541 4.9991625058848026  3.246446685975763 4.9984901548269569  3.2726323480591604 4.9976289308246225  3.2988054945222784 4.9965803010334318  3.3249644777342482 4.995348201204906  3.351107435406111 4.9939364780646045  3.3772324568352468 4.9923490443278258  3.4033374736685009 4.9905896377768917  3.4294209420149508 4.9886626881523277  3.4554823579306984 4.9865742970503257  3.4815208455303424 4.9843302837585481  3.507535541872798 4.9819365960994553  3.5335252984878269 4.9793989500648568  3.5594900976836752 4.976724129140381  3.5854306558570381 4.973919762563126  3.6113473286776148 4.9709932857733392  3.6372404574605088 4.9679522061712253  3.6631101870834253 4.9648039371139996  3.688957140788371 4.9615562134515976  3.714783475465147 4.9582178640888408  3.7405909752625481 4.9547975688956196  3.7663813832791844 4.9513040479753476  3.7921563550185327 4.947746009532267  3.8179175175694042 4.9441321691337965  3.8436664857907363 4.9404712247938107  3.8694057555793462 4.9367726525470479  3.8951377523556641 4.9330459467582299  3.9208648444680012 4.9293005971716024  3.9465893783186603 4.9255460937006657  3.9723137005020508 4.9217919302024002  3.9980402107680901 4.9180475845906084  4.023771180354669 4.9143227498630697  4.0495088332326841 4.9106271411446709  4.0752554057939179 4.9069704704696901  4.1010131680077366 4.903362440403221  4.1267844607303248 4.8998127944777465  4.1525717034855365 4.8963310758240839  4.178377379926502 4.8929266536246416  4.2042039441198753 4.8896089225022132  4.230054296490775 4.8863873160517484  4.2559298311327316 4.8832710430260624  4.2818302384690057 4.880269079030664  4.3077556454232475 4.8773904094108564  4.3337062577330299 4.8746441593494181  4.3596822231105659 4.8720385622373925  4.3856835799572522 4.8695813776654262  4.4117106276154185 4.8672805623935407  4.4377632841764001 4.865143691054703  4.4638398270224604 4.8631771875809671  4.4899388375158695 4.8613876516051642  4.5160589790880055 4.85978157950791  4.5421986522868609 4.8583637733380494  4.568356436082869 4.8571391910364001  4.5945305077315606 4.8561123764416525  4.6207172375492043 4.8552863468402814  4.6469133110860605 4.8546645830104369  4.6731153316072112 4.8542490132615859  4.6993198070757458 4.8540407556979277  4.7255233472595091 4.8540411328760653  4.7517238577720695 4.8542496147109144  4.7779191329999895 4.8546656008287243  4.8041070873775542 4.8552879614906859  4.8302857981573046 4.8561138030344697  4.8564532379068046 4.8571405137991288  4.8826074097738781 4.858365314012997  4.9087461804778361 4.8597832825661671  4.9348673205112261 4.8613894964121362  4.9609684789278718 4.8631792989740719  4.9870477587883872 4.8651465417881852  5.0131033589890972 4.8672840734363199  5.0391333978001578 4.869584927172447  5.0651354870007115 4.8720422542301103  5.0911097907610756 4.8746482127152797  5.1170577397505195 4.8773944109146381  5.1429803194436419 4.8802725554117332  5.1688784636029066 4.8832744452179639  5.1947533075911547 4.8863913203616614  5.2206062039585577 4.8896136646413444  5.2464382967807826 4.8929321107982275  5.2722506478931068 4.8963372530489861  5.2980442874358946 4.8998196907657494  5.3238201174736108 4.9033700412233818  5.349580785971483 4.9069786183467405  5.3753289980741545 4.9106357068973683  5.4010673408327303 4.9143315997695893  5.4267983663152917 4.9180565861815202  5.4525246006056847 4.9218009619233607  5.4782485938363665 4.9255550001731434  5.5039728779471764 4.9293090619346209  5.529699711083345 4.9330538576292984  5.5554313359754133 4.9367800535925737  5.5811699809180713 4.9404783274924808  5.6069178944971982 4.9441393557526201  5.6326773866738291 4.9477538084416954  5.6584508101023552 4.9513123822924356  5.684240772970627 4.9548056737363568  5.7100486894363627 4.9582252305537136  5.7358757341116426 4.9615627732447996  5.7617231820695247 4.9648099780821653  5.7875923737486739 4.9679585305091356  5.8134847459711336 4.9710001235136971  5.8394019651731082 4.9739264107344123  5.8653437610196191 4.9767302383245342  5.8913098205757173 4.9794044845011154  5.9172999015985281 4.981942065867643  5.9433140410117815 4.9843357135212161  5.9693515994781619 4.986579244466725  5.995411535134715 4.9886670238686888  6.0214929865326079 4.9905933040915746  6.0475951731947708 4.9923522994351064  6.0737178493730468 4.9939396914909118  6.0998606547066903 4.9953513076576677  6.1260239714651155 4.9965827786620194  6.1522043752436213 4.9976307848124115  6.1783966819189473 4.9984924860052748  6.2045963778643305 4.9991648450233068  6.2307964309643147 4.9996463764382675  6.2569897076437391 4.9999357053450337  6.2744528494713219 5.0000000764523245  6.2831852977112064 5.0000000000007496 
 0 4 0.0041322314049586778 1 0.0082644628099173556 1 0.012396694214876033 1 0.016528925619834711 1 0.020661157024793389 1 0.024793388429752067 1 0.028925619834710745 1 0.033057851239669422 1 0.0371900826446281 1 0.041322314049586778 1 0.045454545454545456 1 0.049586776859504134 1 0.053719008264462811 1 0.057851239669421489 1 0.061983471074380167 1 0.066115702479338845 1 0.070247933884297523 1 0.0743801652892562 1 0.078512396694214878 1 0.082644628099173556 1 0.086776859504132234 1 0.090909090909090912 1 0.095041322314049589 1 0.099173553719008267 1 0.10330578512396695 1 0.10743801652892562 1 0.1115702479338843 1 0.11570247933884298 1 0.11983471074380166 1 0.12396694214876033 1 0.12809917355371903 1 0.13223140495867769 1 0.13636363636363635 1 0.14049586776859505 1 0.14462809917355374 1 0.1487603305785124 1 0.15289256198347106 1 0.15702479338842976 1 0.16115702479338845 1 0.16528925619834711 1 0.16942148760330578 1 0.17355371900826447 1 0.17768595041322316 1 0.18181818181818182 1 0.18595041322314049 1 0.19008264462809918 1 0.19421487603305787 1 0.19834710743801653 1 0.2024793388429752 1 0.20661157024793389 1 0.21074380165289258 1 0.21487603305785125 1 0.21900826446280991 1 0.2231404958677686 1 0.22727272727272729 1 0.23140495867768596 1 0.23553719008264462 1 0.23966942148760331 1 0.243801652892562 1 0.24793388429752067 1 0.25206611570247933 1 0.25619834710743805 1 0.26033057851239672 1 0.26446280991735538 1 0.26859504132231404 1 0.27272727272727271 1 0.27685950413223143 1 0.28099173553719009 1 0.28512396694214875 1 0.28925619834710747 1 0.29338842975206614 1 0.2975206611570248 1 0.30165289256198347 1 0.30578512396694213 1 0.30991735537190085 1 0.31404958677685951 1 0.31818181818181818 1 0.3223140495867769 1 0.32644628099173556 1 0.33057851239669422 1 0.33471074380165289 1 0.33884297520661155 1 0.34297520661157027 1 0.34710743801652894 1 0.3512396694214876 1 0.35537190082644632 1 0.35950413223140498 1 0.36363636363636365 1 0.36776859504132231 1 0.37190082644628097 1 0.37603305785123969 1 0.38016528925619836 1 0.38429752066115702 1 0.38842975206611574 1 0.3925619834710744 1 0.39669421487603307 1 0.40082644628099173 1 0.4049586776859504 1 0.40909090909090912 1 0.41322314049586778 1 0.41735537190082644 1 0.42148760330578516 1 0.42561983471074383 1 0.42975206611570249 1 0.43388429752066116 1 0.43801652892561982 1 0.44214876033057854 1 0.4462809917355372 1 0.45041322314049587 1 0.45454545454545459 1 0.45867768595041325 1 0.46280991735537191 1 0.46694214876033058 1 0.47107438016528924 1 0.47520661157024796 1 0.47933884297520662 1 0.48347107438016529 1 0.48760330578512401 1 0.49173553719008267 1 0.49586776859504134 1 0.5 1 0.50413223140495866 1 0.50826446280991733 1 0.5123966942148761 1 0.51652892561983477 1 0.52066115702479343 1 0.52479338842975209 1 0.52892561983471076 1 0.53305785123966942 1 0.53719008264462809 1 0.54132231404958675 1 0.54545454545454541 1 0.54958677685950419 1 0.55371900826446285 1 0.55785123966942152 1 0.56198347107438018 1 0.56611570247933884 1 0.57024793388429751 1 0.57438016528925617 1 0.57851239669421495 1 0.58264462809917361 1 0.58677685950413228 1 0.59090909090909094 1 0.5950413223140496 1 0.59917355371900827 1 0.60330578512396693 1 0.6074380165289256 1 0.61157024793388426 1 0.61570247933884303 1 0.6198347107438017 1 0.62396694214876036 1 0.62809917355371903 1 0.63223140495867769 1 0.63636363636363635 1 0.64049586776859502 1 0.64462809917355379 1 0.64876033057851246 1 0.65289256198347112 1 0.65702479338842978 1 0.66115702479338845 1 0.66528925619834711 1 0.66942148760330578 1 0.67355371900826444 1 0.6776859504132231 1 0.68181818181818188 1 0.68595041322314054 1 0.69008264462809921 1 0.69421487603305787 1 0.69834710743801653 1 0.7024793388429752 1 0.70661157024793386 1 0.71074380165289264 1 0.7148760330578513 1 0.71900826446280997 1 0.72314049586776863 1 0.72727272727272729 1 0.73140495867768596 1 0.73553719008264462 1 0.73966942148760328 1 0.74380165289256195 1 0.74793388429752072 1 0.75206611570247939 1 0.75619834710743805 1 0.76033057851239672 1 0.76446280991735538 1 0.76859504132231404 1 0.77272727272727271 1 0.77685950413223148 1 0.78099173553719015 1 0.78512396694214881 1 0.78925619834710747 1 0.79338842975206614 1 0.7975206611570248 1 0.80165289256198347 1 0.80578512396694213 1 0.80991735537190079 1 0.81404958677685957 1 0.81818181818181823 1 0.8223140495867769 1 0.82644628099173556 1 0.83057851239669422 1 0.83471074380165289 1 0.83884297520661155 1 0.84297520661157033 1 0.84710743801652899 1 0.85123966942148765 1 0.85537190082644632 1 0.85950413223140498 1 0.86363636363636365 1 0.86776859504132231 1 0.87190082644628097 1 0.87603305785123964 1 0.88016528925619841 1 0.88429752066115708 1 0.88842975206611574 1 0.8925619834710744 1 0.89669421487603307 1 0.90082644628099173 1 0.9049586776859504 1 0.90909090909090917 1 0.91322314049586784 1 0.9173553719008265 1 0.92148760330578516 1 0.92561983471074383 1 0.92975206611570249 1 0.93388429752066116 1 0.93801652892561982 1 0.94214876033057848 1 0.94628099173553726 1 0.95041322314049592 1 0.95454545454545459 1 0.95867768595041325 1 0.96280991735537191 1 0.96694214876033058 1 0.97107438016528924 1 0.97520661157024802 1 0.97933884297520668 1 0.98347107438016534 1 0.98760330578512401 1 0.99173553719008267 1 0.99586776859504134 1 1 4
7 0 0  3 201 199  4.7123889803722037 26.810000000000002  4.7163930117528814 26.810000081585144  4.7244013894873005 26.810257240260675  4.7364022900741842 26.811411678750176  4.7483789354958468 26.813332481118678  4.7603186603597383 26.816017487720909  4.7722089779444561 26.819463866318259  4.7840384150630495 26.823664499812491  4.7957953344220625 26.828612629042055  4.8074680005859411 26.834301585776508  4.8190449068047574 26.840723943815021  4.8305155037710952 26.847869221524018  4.8418690284792865 26.855727290391197  4.8530945628474509 26.864288067194845  4.8641815264508157 26.873540899009342  4.8751205751057736 26.883473195318349  4.8859020390451917 26.894072645734088  4.8965162234306439 26.905326841662834  4.9069531969479492 26.917223487206307  4.9172043432462003 26.929749243923787  4.9272611069011942 26.942890627018347  4.9371147440055836 26.956634196499163  4.9467564441789742 26.970966476623293  4.9561771440327247 26.985874089850412  4.9653685279520383 27.001343081142267  4.9743225317278421 27.01735923697494  4.9830308736322548 27.033908404315941  4.991485176769122 27.050976422659264  4.9996769561386492 27.06854910090145  5.0075975878413788 27.0866123778024  5.0152384909864942 27.105151668707425  5.022591404157887 27.12415084788195  5.0296479072439562 27.143594006965309  5.0363994980988167 27.163465210699826  5.0428376012878973 27.183748414041929  5.0489534830277609 27.204428037988492  5.0547386583285006 27.225486434784624  5.0601850447877128 27.246903049467342  5.0652843949156647 27.268657917074709  5.0700284852295434 27.290730821098741  5.0744088133443883 27.313101961214734  5.0784179089721784 27.335749648717144  5.0820491712465632 27.358650617510399  5.0852956648425121 27.381782162073197  5.0881509029460155 27.405120603508333  5.0906098437417091 27.428639305105392  5.0926671460078721 27.452312080485868  5.0943178384860657 27.476112456756265  5.0955592815884341 27.500012682737605  5.0963883819695202 27.523985309222155  5.0968031294602412 27.548002025796027  5.096802975237039 27.572033311637281  5.0963872748486443 27.596049862734169  5.0955577093949866 27.620022339281913  5.0943160128984442 27.643921132154762  5.0926645944983076 27.667717770410896  5.0906076068292672 27.691386376915826  5.0881486827631024 27.714900510925961  5.0852931849482585 27.738234864406309  5.0820469599909064 27.76136444163  5.0784156354068966 27.78426405457191  5.0744062865479966 27.806910813678563  5.070026070700492 27.829282038590883  5.0652819929398989 27.851354814604843  5.0601823978374849 27.873109105982852  5.0547356927041092 27.894525108788542  5.0489502067696543 27.915583051210625  5.0428341640986654 27.936262803779826  5.0363959399333504 27.956545800069513  5.0296442634961611 27.976416589407833  5.0225877053263632 27.995859186730765  5.0152347627504765 28.01485773565026  5.0075938512712934 28.033396399466699  4.9996732269723623 28.051459134050667  4.9914814597280195 28.069031339011392  4.9830271684760827 28.086098933552844  4.9743188320091507 28.102647708936058  4.965364819587311 28.11866348541227  4.9561734106844915 28.134132095214781  4.946752645510136 28.149039293658589  4.9371109301051552 28.163371180197363  4.9272573173832983 28.177114376390424  4.9172006059471567 28.190255402674175  4.9069495252984092 28.202780814206946  4.8965126257823348 28.214677128382174  4.8858984796491285 28.225930980503907  4.8751170329880482 28.236530088792108  4.8641780112129815 28.2464620680556  4.8530911159967651 28.255714637362512  4.8418657088682 28.26427520215482  4.8305122366125275 28.27213294817313  4.819041665313839 28.279277914631233  4.8074647789047242 28.285700053868396  4.7957921265567425 28.291388905086318  4.7840351348017531 28.296336705140117  4.7722056868025504 28.300537019268621  4.760315518300386 28.303983231664628  4.7483762313760289 28.306668265900718  4.7363999952598297 28.3085888886623  4.724399187264126 28.309743063497052  4.7123861173440176 28.310128534188042  4.7003730705809987 28.309742799778988  4.6883722872411813 28.308587998524153  4.6763960544724785 28.306666808549835  4.6644566759885837 28.303981813097288  4.652566486028201 28.300535449355223  4.6407370865473903 28.296334524013879  4.6289801200787171 28.291386086546744  4.617307321621869 28.285697071830668  4.6057303848585329 28.279274632247855  4.5942598501333034 28.272129144066927  4.5829064097915024 28.264270852776281  4.5716808978711923 28.255709946229238  4.5605939570530927 28.246456985693733  4.5496549511538378 28.236524532089085  4.5388735336374673 28.225924919849227  4.5282593887939964 28.21467057030544  4.5178224535991793 28.202773783685004  4.5075713698594431 28.190247877556736  4.4975146691294983 28.177106350500633  4.4876610846378586 28.163362647426691  4.4780194125782602 28.149030251944311  4.4685987058673087 28.134122546535536  4.4594073702013342 28.118653427423748  4.4504534372241844 28.10263713529746  4.441745180054939 28.086087832886186  4.4332909599140145 28.069019699582313  4.4250992533765503 28.051446926085728  4.4171786567818065 28.033383641203404  4.4095378036364403 28.014844214462006  4.4021849614515709 27.995844801733817  4.3951285358183352 27.976401408423609  4.3883770178513597 27.956530060893954  4.3819389775812212 27.936246852143913  4.3758231165124819 27.915567587668665  4.3700380271907724 27.894509226102958  4.3645917579583511 27.873092399068828  4.3594925145099079 27.851337193749949  4.3547484895135042 27.829263927991846  4.3503681145823139 27.806892541430841  4.3463591138368169 27.784244438042574  4.3427280040940701 27.761343421337216  4.3394814841668818 27.738212953610212  4.3366265188732944 27.714876230129335  4.3341688250703099 27.691358090303204  4.332112166101763 27.667685922589939  4.3304606915908161 27.643886628994412  4.3292184429976581 27.619987251815616  4.3283895667137342 27.59601475862927  4.3279748128957607 27.571998531019041  4.3279750439332227 27.54796800397774  4.3283903426607822 27.523952557085519  4.3292202854388071 27.499981738366394  4.3304622597471818 27.47608340816678  4.332113141928116 27.452285083808533  4.3341702315484465 27.428614583987457  4.3366294154436398 27.405098666468319  4.3394849065901662 27.381762742063195  4.3427314520459435 27.35863283471161  4.3463628756723622 27.3357332272533  4.3503721325138756 27.313086416270416  4.3547524726878315 27.290715393712798  4.3594968287989335 27.268642555443776  4.3645966250427302 27.246887717741757  4.3700435142188114 27.22547100116455  4.3758291498257158 27.20441234834944  4.3819453083010877 27.183732109336585  4.3883836224046737 27.16344902885054  4.395135365833668 27.143578412576311  4.4021919694578191 27.124136138679027  4.4095449382726111 27.105137946123328  4.4171858575510612 27.08659955819585  4.4251064779328209 27.068536900095591  4.4332983085555187 27.050964830049463  4.4417526901705839 27.033897371643246  4.4504611266924341 27.017348734303472  4.4594152215266094 27.001333080874325  4.4686066811990077 26.985864574688605  4.4780274042312733 26.970957423707095  4.4876691504821231 26.956625646642784  4.4975228455331564 26.942882602765334  4.5075796481388073 26.929741740043649  4.5178308047222169 26.917216485887408  4.5282676781932913 26.905320261243972  4.5388818340555117 26.894066533469061  4.5496633991721538 26.883467632442777  4.5606025264807739 26.873535852531873  4.5716894489809077 26.864283425105782  4.5829146918405295 26.855722868833848  4.5942680829922891 26.847865354406554  4.6057386562789011 26.840720644572151  4.6173156528657211 26.834298683792692  4.6289885718552144 26.828609778712828  4.6407460239292249 26.823662133819354  4.6525757261315572 26.819462037318893  4.6644656481821238 26.816016051007846  4.6764037645156717 26.81333118076623  4.688378219068527 26.811410750180151  4.7003771788408857 26.810256749504379  4.7083849488863283 26.80999991841486  4.7123889803722037 26.810000000000002 
 0 4 0.0050505050505050509 1 0.010101010101010102 1 0.015151515151515152 1 0.020202020202020204 1 0.025252525252525256 1 0.030303030303030304 1 0.035353535353535359 1 0.040404040404040407 1 0.045454545454545456 1 0.050505050505050511 1 0.055555555555555559 1 0.060606060606060608 1 0.065656565656565663 1 0.070707070707070718 1 0.07575757575757576 1 0.080808080808080815 1 0.08585858585858587 1 0.090909090909090912 1 0.095959595959595967 1 0.10101010101010102 1 0.10606060606060606 1 0.11111111111111112 1 0.11616161616161617 1 0.12121212121212122 1 0.12626262626262627 1 0.13131313131313133 1 0.13636363636363638 1 0.14141414141414144 1 0.14646464646464646 1 0.15151515151515152 1 0.15656565656565657 1 0.16161616161616163 1 0.16666666666666669 1 0.17171717171717174 1 0.1767676767676768 1 0.18181818181818182 1 0.18686868686868688 1 0.19191919191919193 1 0.19696969696969699 1 0.20202020202020204 1 0.2070707070707071 1 0.21212121212121213 1 0.21717171717171718 1 0.22222222222222224 1 0.22727272727272729 1 0.23232323232323235 1 0.2373737373737374 1 0.24242424242424243 1 0.24747474747474749 1 0.25252525252525254 1 0.25757575757575762 1 0.26262626262626265 1 0.26767676767676768 1 0.27272727272727276 1 0.27777777777777779 1 0.28282828282828287 1 0.2878787878787879 1 0.29292929292929293 1 0.29797979797979801 1 0.30303030303030304 1 0.30808080808080812 1 0.31313131313131315 1 0.31818181818181823 1 0.32323232323232326 1 0.32828282828282829 1 0.33333333333333337 1 0.3383838383838384 1 0.34343434343434348 1 0.34848484848484851 1 0.35353535353535359 1 0.35858585858585862 1 0.36363636363636365 1 0.36868686868686873 1 0.37373737373737376 1 0.37878787878787884 1 0.38383838383838387 1 0.3888888888888889 1 0.39393939393939398 1 0.39898989898989901 1 0.40404040404040409 1 0.40909090909090912 1 0.4141414141414142 1 0.41919191919191923 1 0.42424242424242425 1 0.42929292929292934 1 0.43434343434343436 1 0.43939393939393945 1 0.44444444444444448 1 0.44949494949494956 1 0.45454545454545459 1 0.45959595959595961 1 0.4646464646464647 1 0.46969696969696972 1 0.47474747474747481 1 0.47979797979797983 1 0.48484848484848486 1 0.48989898989898994 1 0.49494949494949497 1 0.5 1 0.50505050505050508 1 0.51010101010101017 1 0.51515151515151525 1 0.52020202020202022 1 0.5252525252525253 1 0.53030303030303039 1 0.53535353535353536 1 0.54040404040404044 1 0.54545454545454553 1 0.5505050505050505 1 0.55555555555555558 1 0.56060606060606066 1 0.56565656565656575 1 0.57070707070707072 1 0.5757575757575758 1 0.58080808080808088 1 0.58585858585858586 1 0.59090909090909094 1 0.59595959595959602 1 0.60101010101010111 1 0.60606060606060608 1 0.61111111111111116 1 0.61616161616161624 1 0.62121212121212122 1 0.6262626262626263 1 0.63131313131313138 1 0.63636363636363646 1 0.64141414141414144 1 0.64646464646464652 1 0.6515151515151516 1 0.65656565656565657 1 0.66161616161616166 1 0.66666666666666674 1 0.67171717171717182 1 0.6767676767676768 1 0.68181818181818188 1 0.68686868686868696 1 0.69191919191919193 1 0.69696969696969702 1 0.7020202020202021 1 0.70707070707070718 1 0.71212121212121215 1 0.71717171717171724 1 0.72222222222222232 1 0.72727272727272729 1 0.73232323232323238 1 0.73737373737373746 1 0.74242424242424254 1 0.74747474747474751 1 0.7525252525252526 1 0.75757575757575768 1 0.76262626262626265 1 0.76767676767676774 1 0.77272727272727282 1 0.77777777777777779 1 0.78282828282828287 1 0.78787878787878796 1 0.79292929292929304 1 0.79797979797979801 1 0.80303030303030309 1 0.80808080808080818 1 0.81313131313131315 1 0.81818181818181823 1 0.82323232323232332 1 0.8282828282828284 1 0.83333333333333337 1 0.83838383838383845 1 0.84343434343434354 1 0.84848484848484851 1 0.85353535353535359 1 0.85858585858585867 1 0.86363636363636376 1 0.86868686868686873 1 0.87373737373737381 1 0.8787878787878789 1 0.88383838383838387 1 0.88888888888888895 1 0.89393939393939403 1 0.89898989898989912 1 0.90404040404040409 1 0.90909090909090917 1 0.91414141414141425 1 0.91919191919191923 1 0.92424242424242431 1 0.92929292929292939 1 0.93434343434343448 1 0.93939393939393945 1 0.94444444444444453 1 0.94949494949494961 1 0.95454545454545459 1 0.95959595959595967 1 0.96464646464646475 1 0.96969696969696972 1 0.97474747474747481 1 0.97979797979797989 1 0.98484848484848497 1 0.98989898989898994 1 0.99494949494949503 1 1 4
7 0 0  3 201 199  6.2831853072128823 0.9999999999992002  6.272507897798528 1.0000000410710939  6.2511522008787832 1.0000967978844173  6.2191215032182861 1.0005296556950645  6.187099076661946 1.0012478835889211  6.1550905497199579 1.0022493078718111  6.1231009477284246 1.0035310751917774  6.0911330915477322 1.0050860068004324  6.0591903395449869 1.0069072792522022  6.0272762590513409 1.0089881839095292  5.9953938196717544 1.0113211568208187  5.9635441418629114 1.0138952058838886  5.931728921574992 1.0166997258731441  5.8999501817836659 1.0197241978624292  5.8682090844738042 1.0229573227372328  5.8365042066454595 1.0263851698957904  5.8048349134094579 1.029994193619133  5.7732005998255538 1.0337706968473424  5.7416010408491616 1.0377012030015096  5.7100329898031585 1.0417700677000414  5.6784930984433313 1.0459613405921131  5.6469783720899063 1.0502591652366267  5.6154858488871806 1.0546476095160597  5.5840128713364869 1.0591109501088638  5.5525551371371407 1.0636322350441985  5.5211078224916879 1.0681939608875612  5.4896664263372195 1.072778757961486  5.4582264590282783 1.0773692219607378  5.4267834469066223 1.0819479533341079  5.3953327569233576 1.0864975681420646  5.3638698433757028 1.0910006104236964  5.332390942648118 1.0954394077892669  5.3008921986225879 1.0997963230211409  5.2693696589515024 1.1040536972093924  5.2378193231643628 1.1081939230411584  5.2062364467158631 1.1121992085076255  5.1746181046236046 1.1160525720646792  5.142964350914049 1.1197381771958139  5.1112745494389884 1.1232399367556636  5.079548092502062 1.1265419343047014  5.0477836548557846 1.1296278212089086  5.0159811678287518 1.1324833328036981  4.9841418839582836 1.1350959453405554  4.9522663399400511 1.1374525397175725  4.9203557576082222 1.1395409734681392  4.888414440275815 1.1413520940124209  4.8564461132096604 1.1428761871764737  4.8244544035734407 1.1441042505471868  4.7924438906588129 1.1450315200094503  4.760418821596808 1.1456524133962176  4.7283842255046515 1.1459633350841256  4.6963466248020787 1.1459633624577339  4.6643121846891695 1.1456513901950198  4.6322872127151768 1.1450303256192853  4.6002785448962147 1.1441031327034004  4.5682915769086634 1.142874062673261  4.5363288129658379 1.1413506635866764  4.5043935150076013 1.1395395184920185  4.4724881399676164 1.1374505017832865  4.4406152435390318 1.1350944440790693  4.4087776598577957 1.1324817913873677  4.3769761689121118 1.1296259082341538  4.3452116670092327 1.1265403935199894  4.3134853711786718 1.1232386195214614  4.281796069735984 1.1197366206720423  4.2501427495298731 1.1160506603566263  4.2185246049961318 1.1121969747989711  4.1869413516862828 1.1081916823616973  4.1553910807559262 1.1040514590187784  4.1238688763268705 1.0997940994160389  4.0923706610078021 1.0954372042741849  4.0608923851252925 1.0909984282847107  4.029430109574772 1.0864954041810753  3.9979799832006506 1.0819457985581069  3.9665374612086097 1.0773670769852626  3.935097921512213 1.0727766344213354  3.9036568948026122 1.0681918804352017  3.872209890133167 1.0636302316808373  3.8407524123319323 1.0591090618617398  3.8092795982212255 1.0546459093982092  3.7777873243775986 1.0502575960902141  3.7462729168610434 1.0459598588256271  3.7147333915683429 1.0417686446277059  3.683165722964036 1.0376998282447762  3.6515665505195027 1.0337693633895035  3.6199325256304746 1.0299929569145139  3.588263450111377 1.0263840634111885  3.556558788739979 1.022956336719008  3.5248179827801316 1.0197232740413387  3.4930396656058846 1.0166987998779051  3.4612246986617397 1.0138944352182344  3.4293751880456131 1.0113205406596579  3.3974928686141901 1.0089876238472955  3.3655788682974475 1.006906639239326  3.3336360009245034 1.0050855388671269  3.301668169157967 1.0035307892668615  3.269678982288946 1.0022490732111413  3.2376716211459335 1.0012475339758014  3.2056503110942316 1.0005294035932988  3.1736198765828902 1.0000966941123262  3.1415850190718899 0.99995164353818256  3.1095502217697977 1.0000967316274219  3.0775198241154307 1.0005298369571756  3.0454984641531926 1.0012483008502915  3.0134908432317324 1.0022495578249817  2.9815015742590614 1.0035311926567774  2.94953376821951 1.0050863225683973  2.9175908251100182 1.0069078151026258  2.8856763721927017 1.0089886606101697  2.8537938256731827 1.0113216058379517  2.8219442446052128 1.0138957698239708  2.7901291602887692 1.0167004125375465  2.7583504134108594 1.0197248826892162  2.7266093086206382 1.0229580165719701  2.6949044596698108 1.0263859181179007  2.6632351958414446 1.0299950059452221  2.6316008898699721 1.0337715595246593  2.6000013341858264 1.0377021002307709  2.5684333355749551 1.0417710244139498  2.5368934907621838 1.0459623489321521  2.5053787825298972 1.0502602032429078  2.4738862213796526 1.054648635374533  2.4424131349061575 1.0591119064726329  2.4109553936775914 1.0636331947637041  2.3795081091690147 1.0681949515941076  2.3480667658175403 1.0727797951039664  2.3166268550270779 1.077370299217969  2.2851838836682443 1.0819490479287761  2.2537332387090991 1.0864986291725929  2.2222702553712494 1.0910016045368778  2.1907912045997584 1.095440331503799  2.1592923079470197 1.0997971876145649  2.1277697054650346 1.1040545372185182  2.0962194493882151 1.1081947773734195  2.0646370494899777 1.1122001874952365  2.033018864475638 1.1160535130954223  2.001364978723764 1.1197389902869224  1.9696748618112601 1.1232406198764056  1.9379480073212534 1.1265425518793901  1.9061832361045852 1.1296285747822516  1.8743802891843764 1.1324839585943143  1.842541031899616 1.1350963934547549  1.8106668929610379 1.137453272980439  1.7787587292591915 1.13954153472443  1.7468186081617585 1.1413505878746448  1.7148511828685784 1.1428736474987478  1.6828606345023749 1.1441031983031076  1.6508511096569638 1.1450319515309269  1.6188262614066771 1.1456524426393662  1.5867923149182133 1.1459633728449636  1.5547557188924017 1.1459632591873441  1.5227227858632419 1.1456519351831986  1.490699996273344 1.1450300496292964  1.4586918526925201 1.1441022802039802  1.4267027582627581 1.1428742431915742  1.3947374743259449 1.1413507874969209  1.3627997195628367 1.1395393745086126  1.3308922857773648 1.137450594823002  1.2990188061427244 1.1350940447617717  1.2671811586183246 1.1324812506319721  1.2353796482013779 1.1296256017878104  1.2036153055993735 1.1265399613969806  1.1718886845916341 1.1232378585866996  1.1401984889611967 1.1197357334922009  1.1085440816690255 1.1160497037835637  1.0769248931544686 1.1121960063398229  1.0453409120896904 1.108190723669338  1.0137904235786444 1.1040504888539466  0.98226832369811579 1.0997931051853638  0.9507704027808721 1.0954361792886604  0.91929247380061785 1.090997372839446  0.88783047674722848 1.0864943239778286  0.85638043851233014 1.0819447099353887  0.82493792686918255 1.077366029556091  0.79349833165867878 1.0727756442961769  0.76205722062317793 1.068190944506491  0.73061014950111414 1.0636293195089532  0.69915265414796846 1.0591081338465675  0.66768000099182512 1.0546448522069383  0.63618775270789563 1.0502565420709318  0.60467326151826306 1.0459588937581639  0.57313362666917023 1.0417677828070868  0.54156587344189511 1.0376990416545042  0.50996683983465108 1.0337684899249695  0.47833288280777264 1.0299920415936918  0.4466636190328126 1.0263832740857348  0.41495878064811365 1.022955676494872  0.38321796374770845 1.0197226651949123  0.35144009000267928 1.0166980353537043  0.31962541882347928 1.0138937914176473  0.28777598623825096 1.011320057673986  0.25589343513563101 1.0089872257224666  0.22397874522396144 1.0069060738039755  0.19203470914436416 1.0050850398193054  0.16006624140808956 1.0035304173358839  0.12807773292442182 1.0022488220210026  0.096073500399153744 1.0012473037849381  0.064056956065715376 1.0005292111339934  0.032031473622748052 1.0000965502043053  0.010677410437346602 0.99999995892730942  3.3296920776137995e-11 0.9999999999992002 
 0 4 0.0050505050505050509 1 0.010101010101010102 1 0.015151515151515152 1 0.020202020202020204 1 0.025252525252525256 1 0.030303030303030304 1 0.035353535353535359 1 0.040404040404040407 1 0.045454545454545456 1 0.050505050505050511 1 0.055555555555555559 1 0.060606060606060608 1 0.065656565656565663 1 0.070707070707070718 1 0.07575757575757576 1 0.080808080808080815 1 0.08585858585858587 1 0.090909090909090912 1 0.095959595959595967 1 0.10101010101010102 1 0.10606060606060606 1 0.11111111111111112 1 0.11616161616161617 1 0.12121212121212122 1 0.12626262626262627 1 0.13131313131313133 1 0.13636363636363638 1 0.14141414141414144 1 0.14646464646464646 1 0.15151515151515152 1 0.15656565656565657 1 0.16161616161616163 1 0.16666666666666669 1 0.17171717171717174 1 0.1767676767676768 1 0.18181818181818182 1 0.18686868686868688 1 0.19191919191919193 1 0.19696969696969699 1 0.20202020202020204 1 0.2070707070707071 1 0.21212121212121213 1 0.21717171717171718 1 0.22222222222222224 1 0.22727272727272729 1 0.23232323232323235 1 0.2373737373737374 1 0.24242424242424243 1 0.24747474747474749 1 0.25252525252525254 1 0.25757575757575762 1 0.26262626262626265 1 0.26767676767676768 1 0.27272727272727276 1 0.27777777777777779 1 0.28282828282828287 1 0.2878787878787879 1 0.29292929292929293 1 0.29797979797979801 1 0.30303030303030304 1 0.30808080808080812 1 0.31313131313131315 1 0.31818181818181823 1 0.32323232323232326 1 0.32828282828282829 1 0.33333333333333337 1 0.3383838383838384 1 0.34343434343434348 1 0.34848484848484851 1 0.35353535353535359 1 0.35858585858585862 1 0.36363636363636365 1 0.36868686868686873 1 0.37373737373737376 1 0.37878787878787884 1 0.38383838383838387 1 0.3888888888888889 1 0.39393939393939398 1 0.39898989898989901 1 0.40404040404040409 1 0.40909090909090912 1 0.4141414141414142 1 0.41919191919191923 1 0.42424242424242425 1 0.42929292929292934 1 0.43434343434343436 1 0.43939393939393945 1 0.44444444444444448 1 0.44949494949494956 1 0.45454545454545459 1 0.45959595959595961 1 0.4646464646464647 1 0.46969696969696972 1 0.47474747474747481 1 0.47979797979797983 1 0.48484848484848486 1 0.48989898989898994 1 0.49494949494949497 1 0.5 1 0.50505050505050508 1 0.51010101010101017 1 0.51515151515151525 1 0.52020202020202022 1 0.5252525252525253 1 0.53030303030303039 1 0.53535353535353536 1 0.54040404040404044 1 0.54545454545454553 1 0.5505050505050505 1 0.55555555555555558 1 0.56060606060606066 1 0.56565656565656575 1 0.57070707070707072 1 0.5757575757575758 1 0.58080808080808088 1 0.58585858585858586 1 0.59090909090909094 1 0.59595959595959602 1 0.60101010101010111 1 0.60606060606060608 1 0.61111111111111116 1 0.61616161616161624 1 0.62121212121212122 1 0.6262626262626263 1 0.63131313131313138 1 0.63636363636363646 1 0.64141414141414144 1 0.64646464646464652 1 0.6515151515151516 1 0.65656565656565657 1 0.66161616161616166 1 0.66666666666666674 1 0.67171717171717182 1 0.6767676767676768 1 0.68181818181818188 1 0.68686868686868696 1 0.69191919191919193 1 0.69696969696969702 1 0.7020202020202021 1 0.70707070707070718 1 0.71212121212121215 1 0.71717171717171724 1 0.72222222222222232 1 0.72727272727272729 1 0.73232323232323238 1 0.73737373737373746 1 0.74242424242424254 1 0.74747474747474751 1 0.7525252525252526 1 0.75757575757575768 1 0.76262626262626265 1 0.76767676767676774 1 0.77272727272727282 1 0.77777777777777779 1 0.78282828282828287 1 0.78787878787878796 1 0.79292929292929304 1 0.79797979797979801 1 0.80303030303030309 1 0.80808080808080818 1 0.81313131313131315 1 0.81818181818181823 1 0.82323232323232332 1 0.8282828282828284 1 0.83333333333333337 1 0.83838383838383845 1 0.84343434343434354 1 0.84848484848484851 1 0.85353535353535359 1 0.85858585858585867 1 0.86363636363636376 1 0.86868686868686873 1 0.87373737373737381 1 0.8787878787878789 1 0.88383838383838387 1 0.88888888888888895 1 0.89393939393939403 1 0.89898989898989912 1 0.90404040404040409 1 0.90909090909090917 1 0.91414141414141425 1 0.91919191919191923 1 0.92424242424242431 1 0.92929292929292939 1 0.93434343434343448 1 0.93939393939393945 1 0.94444444444444453 1 0.94949494949494961 1 0.95454545454545459 1 0.95959595959595967 1 0.96464646464646475 1 0.96969696969696972 1 0.97474747474747481 1 0.97979797979797989 1 0.98484848484848497 1 0.98989898989898994 1 0.99494949494949503 1 1 4
1 0 0 1 0 
1 0 4.7123889803846897 1 0 
1 6.2831853072128823 0 0 1 
1 3.3296032597718295e-11 0 0 1 
1 0 1.5 1 0 
1 6.2831853071795862 0 0 1 
1 0 0 0 1 
1 6.2831853071795862 0 0 1 
1 0 0 0 1 
1 0 3.1415926535897931 1 0 
1 0 0.19999999999999929 1 0 
1 0 23.810000000000002 1 0 
1 6.2831853071795862 0 0 1 
1 0 0 0 1 
1 0 2.7999999999999972 1 0 
1 9.4247779607693793 0.14142135623731059 -1 0 
1 0 19.859999999999999 1 0 
2 0 -0 6.1232339957367697e-17 1 -1 6.1232339957367697e-17 2
1 6.2831853071795862 0 0 1 
1 0 0 0 1 
1 9.4247779607693793 0 0 1 
1 3.1415926535897931 0 0 1 
1 9.4247779607693793 -0.14142135623731042 -1 0 
1 1.2073134450996768 2.7000000000000002 1 0 
2 0 -0 0.35553170797783118 0.93466422025365148 -0.93466422025365148 0.35553170797783118 3.1500000000000004
8 0 0.065577836317602098
1 4.162176958329316 0 -1 -0 
2 -2.0122792321330962e-16 0 -0.52286797118245765 -0.85241368167782294 -0.85241368167782294 0.52286797118245765 3.1500000000000004
1 1.2073134450996768 2.7000000000000002 1 0 
1 0 0 1 0 
2 0 0 1 0 -0 1 3.1499999999999999
1 7.1968802109301802 2.7000000000002018 -1 -0 
1 1.5380074086354445 2.7000000000000002 1 0 
2 0 -0 0.032783043175737811 0.9994624915824194 -0.9994624915824194 0.032783043175737811 3.1499999999999999
8 0 0.065577835546709803
1 3.8314829947935478 0 -1 -0 
2 -2.0122792321330962e-16 0 -0.77131581226099821 -0.63645260448532759 -0.63645260448532759 0.77131581226099821 3.1500000000000004
1 1.5380074086354445 2.7000000000000002 1 0 
1 7.1968802109301802 2.7000000000002018 -1 -0 
1 1.8687013721713506 2.7000000000000002 1 0 
2 0 -0 -0.29351817303590511 0.95595349368976346 -0.95595349368976346 -0.29351817303590511 3.1499999999999999
8 0 0.065577836318752594
1 3.5007890312576415 0 -1 -0 
2 -2.0122792321330962e-16 0 -0.93617961688315476 -0.35152201201704264 -0.35152201201704264 0.93617961688315476 3.1500000000000004
1 1.8687013721713506 2.7000000000000002 1 0 
1 7.1968802109301802 2.7000000000002018 -1 -0 
1 2.1993953357069809 2.7000000000000002 1 0 
2 0 -0 -0.58801214079514708 0.80885210160913112 -0.80885210160913112 -0.58801214079514708 3.1500000000000004
8 0 0.065577836318488
1 3.1700950677220119 0 -1 -0 
2 -2.0122792321330962e-16 0 -0.99959383369247445 -0.02849855512094979 -0.02849855512094979 0.99959383369247445 3.1500000000000004
1 2.1993953357069809 2.7000000000000002 1 0 
1 7.1968802109301802 2.7000000000002018 -1 -0 
1 2.5300892992427486 2.7000000000000002 1 0 
2 0 -0 -0.81878586915092899 0.57409903368561599 -0.57409903368561599 -0.81878586915092899 3.1500000000000004
8 0 0.065577835885645502
1 2.839401104186245 0 -1 -0 
2 -2.0122792321330962e-16 0 -0.954686548324852 0.29761316242327102 0.29761316242327102 0.954686548324852 3.1500000000000004
1 2.5300892992427486 2.7000000000000002 1 0 
1 7.1968802109301802 2.7000000000002018 -1 -0 
1 2.860783262778515 2.7000000000000002 1 0 
2 0 -0 -0.96083144381242924 0.27713342739792807 -0.27713342739792807 -0.96083144381242924 3.1499999999999999
8 0 0.065577836314060597
1 2.5087071406504764 0 -1 -0 
2 -2.0122792321330962e-16 0 -0.80632416195814838 0.59147387587491107 0.59147387587491107 0.80632416195814838 3.1499999999999999
1 2.860783262778515 2.7000000000000002 1 0 
1 7.1968802109301802 2.7000000000002018 -1 -0 
1 3.1914772263142832 2.7000000000000002 1 0 
2 0 -0 -0.99875602270089203 -0.049863885916514403 0.049863885916514403 -0.99875602270089203 3.1499999999999995
8 0 0.065577836318813906
1 2.1780131771147091 0 -1 -0 
2 -2.0122792321330962e-16 0 -0.57058404123481099 0.8212392172127142 0.8212392172127142 0.57058404123481099 3.1499999999999995
1 3.1914772263142832 2.7000000000000002 1 0 
1 7.1968802109301802 2.7000000000002018 -1 -0 
1 3.5221711898500505 2.7000000000000002 1 0 
2 0 -0 -0.9284498892332792 -0.37145767347399306 0.37145767347399306 -0.9284498892332792 3.1500000000000004
8 0 0.065577836318903099
1 1.8473192135789409 0 -1 -0 
2 -2.0122792321330962e-16 0 -0.27301228612007228 0.96201054652612406 0.96201054652612406 0.27301228612007228 3.1499999999999999
1 3.5221711898500505 2.7000000000000002 1 0 
1 7.1968802109301802 2.7000000000002018 -1 -0 
1 3.8528651533858183 2.7000000000000002 1 0 
2 0 -0 -0.75753180388286789 -0.6527982583509 0.6527982583509 -0.75753180388286789 3.1500000000000004
8 0 0.065577836316799004
1 1.5166252500431718 0 -1 -0 
2 -2.0122792321330962e-16 0 0.054144586417868679 0.99853310599180345 0.99853310599180345 -0.054144586417868679 3.1500000000000004
1 3.8528651533858183 2.7000000000000002 1 0 
1 7.1968802109301802 2.7000000000002018 -1 -0 
1 4.183559116921586 2.7000000000000002 1 0 
2 0 -0 -0.50452339326472107 -0.86339802272686017 0.86339802272686017 -0.50452339326472107 3.1500000000000004
8 0 0.065577835988843605
1 1.1859312865074054 0 -1 -0 
2 -2.0122792321330962e-16 0 0.37543405287761278 0.92684910958574585 0.92684910958574585 -0.37543405287761278 3.1499999999999995
1 4.183559116921586 2.7000000000000002 1 0 
1 7.1968802109301802 2.7000000000002018 -1 -0 
1 4.5142530804573537 2.7000000000000002 1 0 
2 0 -0 -0.1968420444992981 -0.98043521433970149 0.98043521433970149 -0.1968420444992981 3.1499999999999999
8 0 0.065577836318898505
1 0.85523732297163835 0 -1 -0 
2 -2.0122792321330962e-16 0 0.6560394142485193 0.75472663061035539 0.75472663061035539 -0.6560394142485193 3.1500000000000004
1 4.5142530804573537 2.7000000000000002 1 0 
1 7.1968802109301802 2.7000000000002018 -1 -0 
1 4.8449470439931215 2.7000000000000002 1 0 
2 0 -0 0.13217019410664099 -0.99122703745903396 0.99122703745903396 0.13217019410664099 3.1500000000000004
8 0 0.065577836318143595
1 0.52454335943587072 0 -1 -0 
2 -2.0122792321330962e-16 0 0.86555272558525598 0.50081781041805484 0.50081781041805484 -0.86555272558525598 3.1500000000000004
1 4.8449470439931215 2.7000000000000002 1 0 
1 7.1968802109301802 2.7000000000002018 -1 -0 
1 5.1756410075288883 2.7000000000000002 1 0 
2 0 -0 0.44685974134925988 -0.89460403059748883 0.89460403059748883 0.44685974134925988 3.1500000000000004
8 0 0.065577836318904098
1 0.19384939590010292 0 -1 -0 
2 -2.0122792321330962e-16 0 0.98126996867050742 0.19263760947795633 0.19263760947795633 -0.98126996867050742 3.1500000000000004
1 5.1756410075288883 2.7000000000000002 1 0 
1 7.1968802109301802 2.7000000000002018 -1 -0 
1 7.1968802109301802 2.7000000000002018 -1 -0 
1 5.506334971064657 2.7000000000000002 1 0 
2 0 -0 0.71312510187339118 -0.70103679580894018 0.70103679580894018 0.71312510187339118 3.1499999999999999
8 0 0.065577836318880298
1 6.1463407395439216 0 -1 -0 
2 -2.0122792321330962e-16 0 0.99065138467795899 -0.13641786552956553 -0.13641786552956553 -0.99065138467795899 3.1500000000000004
1 5.506334971064657 2.7000000000000002 1 0 
1 7.1968802109301802 2.7000000000002018 -1 -0 
1 5.8370289346004238 2.7000000000000002 1 0 
2 0 -0 0.90211229233348977 -0.43150134648783689 0.43150134648783689 0.90211229233348977 3.1499999999999999
8 0 0.065577835920670693
1 5.8156467760081556 0 -1 -0 
2 -2.0122792321330962e-16 0 0.89268035161553572 -0.45069034806567976 -0.45069034806567976 -0.89268035161553572 3.1500000000000004
1 5.8370289346004238 2.7000000000000002 1 0 
1 7.1968802109301802 2.7000000000002018 -1 -0 
1 6.1677228981361925 2.7000000000000002 1 0 
2 0 -0 0.99334161820480482 -0.11520603084153097 0.11520603084153097 0.99334161820480482 3.1499999999999999
8 0 0.065577836318904098
1 5.4849528124723861 0 -1 -0 
2 -2.0122792321330962e-16 0 0.69797355109275816 -0.71612353820759511 -0.71612353820759511 -0.69797355109275816 3.1499999999999999
1 6.1677228981361925 2.7000000000000002 1 0 
1 7.1968802109301802 2.7000000000002018 -1 -0 
1 0.21523155449237433 2.7000000000000002 1 0 
2 0 -0 0.97692696646033683 0.21357364585220695 -0.21357364585220695 0.97692696646033683 3.1499999999999999
8 0 0.065577836315648202
1 5.1542588489366175 0 -1 -0 
2 -2.0122792321330962e-16 0 0.42763048613356308 -0.90395363118313354 -0.90395363118313354 -0.42763048613356308 3.1500000000000004
1 0.21523155449237433 2.7000000000000002 1 0 
1 7.1968802109301802 2.7000000000002018 -1 -0 
1 0.54592551802814127 2.7000000000000002 1 0 
2 0 -0 0.85464711931616399 0.51920930408129495 -0.51920930408129495 0.85464711931616399 3.1500000000000004
8 0 0.065577836318872706
1 4.8235648854008506 0 -1 -0 
2 -2.0122792321330962e-16 0 0.11094702263113916 -0.99382632193421283 -0.99382632193421283 -0.11094702263113916 3.1499999999999999
1 0.54592551802814127 2.7000000000000002 1 0 
1 7.1968802109301802 2.7000000000002018 -1 -0 
1 0.87661948156390834 2.7000000000000002 1 0 
2 0 -0 0.6397529955776784 0.7685805778507464 -0.7685805778507464 0.6397529955776784 3.1500000000000004
8 0 0.065577836318890304
1 4.4928709218650846 0 -1 -0 
2 -2.0122792321330962e-16 0 -0.21775927229379916 -0.97600250989947512 -0.97600250989947512 0.21775927229379916 3.1499999999999999
1 0.87661948156390834 2.7000000000000002 1 0 
1 7.1968802109301802 2.7000000000002018 -1 -0 
1 1.0000000003190066 -6.2937589047806549e-17 0 1 
1 1.2728912813201958 -0 0 1 
1 4.0965991221087963 2.7000000000002018 0 -1 
1 1.2728912813201958 -0 0 1 
1 -6.9144834685552834e-13 -1.2518995533507003e-16 -1.5429062767224457e-17 1 
1 1.207313445099887 -0 0 1 
1 4.1621769583291055 2.7000000000002018 0 -1 
1 1.207313445099887 -0 0 1 
1 1.2073134450996768 -0 1 0 
2 0 -0 0.35553170797783118 0.93466422025365148 -0.93466422025365148 0.35553170797783118 3.1500000000000004
8 0 0.065577836317602098
1 4.162176958329316 2.7000000000000028 -1 -0 
2 0 0 -0.52286797118245765 -0.85241368167782294 -0.85241368167782294 0.52286797118245765 3.1500000000000004
1 1.2073134450996768 -0 1 0 
1 -5.4278056200264797e-10 -6.2937589047227316e-17 1.7450929703937872e-16 1 
1 1.5380074088028468 -0 0 1 
1 3.8314829946261448 2.7000000000002018 0 -1 
1 3.3653972163040358 0 0 1 
1 1.5380074086354445 -0 1 0 
2 0 -0 0.032783043175737811 0.9994624915824194 -0.9994624915824194 0.032783043175737811 3.1499999999999999
8 0 0.065577835546709803
1 3.8314829947935478 2.7000000000000028 -1 -0 
2 0 0 -0.77131581226099821 -0.63645260448532759 -0.63645260448532759 0.77131581226099821 3.1500000000000004
1 1.5380074086354445 -0 1 0 
1 1.6035852441821543 0 0 1 
1 1.0000000025037152 0 -1.6447748512965281e-16 1 
1 3.7659051592468376 2.7000000000002018 0 -1 
1 1.6035852441821543 0 0 1 
1 -2.9796863254414437e-11 -1.800110890275201e-16 -1.508232220559069e-16 1 
1 0.87661948157309766 -0 0 1 
1 4.4928709218558947 2.7000000000002018 0 -1 
1 0.87661948157309766 -0 0 1 
1 0.87661948156390901 -0 1 0 
2 0 -0 0.63975299557767784 0.76858057785074674 -0.76858057785074674 0.63975299557767784 3.1499999999999999
8 0 0.065577836318889707
1 4.492870921865082 2.7000000000000028 -1 -0 
2 0 0 -0.21775927229379985 -0.97600250989947501 -0.97600250989947501 0.21775927229379985 3.1499999999999999
1 0.87661948156390901 -0 1 0 
1 0.94219731788275107 -0 0 1 
1 1.0000000000002083 -1.1974013650872392e-16 0 1 
1 4.4272930855462409 2.7000000000002018 0 -1 
1 2.7695871253839397 0 0 1 
1 1.9342792083227132 0 0 1 
1 1.0000000005427818 6.225236628852939e-17 0 1 
1 3.4352111951062789 2.7000000000002018 0 -1 
1 1.9342792083227132 0 0 1 
1 -4.461157954103586e-13 0 -1.1800677452035663e-16 1 
1 1.868701372171351 0 0 1 
1 3.5007890312576411 2.7000000000002018 0 -1 
1 3.6960911796725395 0 0 1 
1 1.8687013721713506 0 1 0 
2 0 -0 -0.29351817303590511 0.95595349368976346 -0.95595349368976346 -0.29351817303590511 3.1499999999999999
8 0 0.065577836318752594
1 3.5007890312576415 2.7000000000000028 -1 -0 
2 0 0 -0.93617961688315476 -0.35152201201704264 -0.35152201201704264 0.93617961688315476 3.1500000000000004
1 1.8687013721713506 0 1 0 
1 0.6115033543409264 -0 0 1 
1 1.000000000019829 -1.6425220498014191e-16 8.2238742564826406e-17 1 
1 4.7579870490880651 2.7000000000002018 0 -1 
1 2.4388931618421155 0 0 1 
1 -9.7734712523808807e-10 -2.2146026967730661e-16 -1.0128297695300892e-16 1 
1 0.54592551832957481 -0 0 1 
1 4.8235648850994171 2.7000000000002018 0 -1 
1 0.54592551832957481 -0 0 1 
1 0.54592551802814127 -0 1 0 
2 0 -0 0.85464711931616399 0.51920930408129495 -0.51920930408129495 0.85464711931616399 3.1500000000000004
8 0 0.065577836318872706
1 4.8235648854008506 2.7000000000000028 -1 -0 
2 0 0 0.11094702263113916 -0.99382632193421283 -0.99382632193421283 -0.11094702263113916 3.1499999999999999
1 0.54592551802814127 -0 1 0 
1 2.2649731720256758 0 0 1 
1 1.0000000000006743 1.1707349997856523e-16 0 1 
1 3.104517231403316 2.7000000000002018 0 -1 
1 2.2649731720256758 0 0 1 
1 -3.1901075784670265e-10 5.680254745730197e-17 -3.9890051051610015e-17 1 
1 2.1993953358053666 0 0 1 
1 3.1700950676236253 2.7000000000002018 0 -1 
1 4.0267851433065553 0 0 1 
1 2.1993953357069809 0 1 0 
2 0 -0 -0.58801214079514708 0.80885210160913112 -0.80885210160913112 -0.58801214079514708 3.1500000000000004
8 0 0.065577836318488
1 3.1700950677220119 2.7000000000000028 -1 -0 
2 0 0 -0.99959383369247445 -0.02849855512094979 -0.02849855512094979 0.99959383369247445 3.1500000000000004
1 2.1993953357069809 0 1 0 
1 0.28080939018949508 -0 0 1 
1 1.0000000020160367 -1.916502210829187e-16 0 1 
1 5.0886810132394968 2.7000000000002018 0 -1 
1 2.1081991976906838 0 0 1 
1 -4.8819493891300757e-09 -2.450458355538566e-16 -6.0177642619227566e-17 1 
1 0.2152315559980596 -0 0 1 
1 5.154258847430933 2.7000000000002018 0 -1 
1 0.2152315559980596 -0 0 1 
1 0.21523155449237433 -0 1 0 
2 0 -0 0.97692696646033683 0.21357364585220695 -0.21357364585220695 0.97692696646033683 3.1499999999999999
8 0 0.065577836315648202
1 5.1542588489366175 2.7000000000000028 -1 -0 
2 0 0 0.42763048613356308 -0.90395363118313354 -0.90395363118313354 -0.42763048613356308 3.1500000000000004
1 0.21523155449237433 -0 1 0 
1 -1.9749139987770914e-13 1.0131461593200642e-16 9.4061642646537341e-17 1 
1 2.5300892992428112 0 0 1 
1 2.8394011041861811 2.7000000000002018 0 -1 
1 4.3574791067439991 0 0 1 
1 2.5300892992427486 0 1 0 
2 0 -0 -0.81878586915092899 0.57409903368561599 -0.57409903368561599 -0.81878586915092899 3.1500000000000004
8 0 0.065577835885645502
1 2.8394011041862446 2.7000000000000028 -1 -0 
2 0 0 -0.954686548324852 0.29761316242327102 0.29761316242327102 0.954686548324852 3.1500000000000004
1 2.5300892992427486 0 1 0 
1 2.5956671355524623 0 0 1 
1 1.0000000000297964 1.5852268060413327e-16 -1.6447748512965281e-16 1 
1 2.77382326787653 2.7000000000002018 0 -1 
1 2.5956671355524623 0 0 1 
1 6.2333007337884654 0 0 1 
1 1.000000002161445 -1.9896518476242533e-16 -2.4671622769447919e-16 1 
1 5.4193749768201132 2.7000000000002018 0 -1 
1 6.2333007337884654 0 0 1 
1 1.7775052341100674 0 0 1 
1 -2.4582766888400543e-10 -2.4821192409200171e-16 -1.7785573115155731e-16 1 
1 6.1677228982120127 0 0 1 
1 5.4849528123965658 2.7000000000002018 0 -1 
1 1.7119273985336148 0 0 1 
1 6.1677228982120127 0 0 1 
1 6.1677228981361925 0 1 0 
2 0 -0 0.99334161820480482 -0.11520603084153097 0.11520603084153097 0.99334161820480482 3.1499999999999999
8 0 0.065577836318904098
1 5.4849528124723861 2.7000000000000028 -1 -0 
2 0 0 0.69797355109275816 -0.71612353820759511 -0.71612353820759511 -0.69797355109275816 3.1499999999999999
1 6.1677228981361925 0 1 0 
1 2.9263610987959856 0 0 1 
1 1.0000000009773546 1.8210824633531554e-16 -8.2238742564826406e-17 1 
1 2.4431293046330063 2.7000000000002018 0 -1 
1 2.9263610987959856 0 0 1 
1 -1.9837572653079883e-11 1.2871263212011466e-16 1.4822066967350043e-16 1 
1 2.860783262784635 0 0 1 
1 2.5087071406443573 2.7000000000002018 0 -1 
1 4.6881730702858233 0 0 1 
1 2.860783262778515 0 1 0 
2 0 -0 -0.96083144381242924 0.27713342739792807 -0.27713342739792807 -0.96083144381242924 3.1499999999999999
8 0 0.065577836314060597
1 2.5087071406504764 2.7000000000000028 -1 -0 
2 0 0 -0.80632416195814838 0.59147387587491107 0.59147387587491107 0.80632416195814838 3.1499999999999999
1 2.860783262778515 0 1 0 
1 5.9026067708672008 0 0 1 
1 1.0000000001690035 -1.8540440632699779e-16 8.2238742564826406e-17 1 
1 5.7500689397413778 2.7000000000002018 0 -1 
1 5.9026067708672008 0 0 1 
1 1.4468112711888028 0 0 1 
1 -2.8826997151433232e-13 -2.30615441024485e-16 -1.265438846466407e-16 1 
1 5.8370289346005135 0 0 1 
1 5.815646776008065 2.7000000000002018 0 -1 
1 1.3812334349221156 0 0 1 
1 5.8370289346005135 0 0 1 
1 5.8370289346004238 0 1 0 
2 0 -0 0.90211229233348977 -0.43150134648783689 0.43150134648783689 0.90211229233348977 3.1499999999999999
8 0 0.065577835920670693
1 5.8156467760081556 2.7000000000000028 -1 -0 
2 0 0 0.89268035161553572 -0.45069034806567976 -0.45069034806567976 -0.89268035161553572 3.1500000000000004
1 5.8370289346004238 0 1 0 
1 3.2570550611275011 0 0 1 
1 1.0000000048819466 1.8527433535142645e-16 -8.2238742564826406e-17 1 
1 2.1124353423014912 2.7000000000002018 0 -1 
1 3.2570550611275011 0 0 1 
1 -2.016039685320866e-09 1.3602759572808894e-16 -1.9040415724202833e-17 1 
1 3.1914772269360658 0 0 1 
1 2.178013176492926 2.7000000000002018 0 -1 
1 5.0188670344372541 0 0 1 
1 3.1914772263142832 0 1 0 
2 0 -0 -0.99875602270089203 -0.049863885916514403 0.049863885916514403 -0.99875602270089203 3.1499999999999995
8 0 0.065577836318814198
1 2.1780131771147087 2.7000000000000028 -1 -0 
2 0 0 -0.57058404123481099 0.8212392172127142 0.8212392172127142 0.57058404123481099 3.1499999999999995
1 3.1914772263142832 0 1 0 
1 5.5719128073829989 0 0 1 
1 1.0000000000018423 -1.5243740627343111e-16 1.6447748512965281e-16 1 
1 6.0807629032255797 2.7000000000002018 0 -1 
1 5.5719128073829989 0 0 1 
1 1.1161173077046009 0 0 1 
1 -7.8657439637870614e-11 -1.9416323816661613e-16 -1.9909857403054577e-16 1 
1 5.5063349710889149 0 0 1 
1 6.1463407395196636 2.7000000000002018 0 -1 
1 1.050539471410517 0 0 1 
1 5.5063349710889149 0 0 1 
1 5.506334971064657 0 1 0 
2 0 -0 0.71312510187339118 -0.70103679580894018 0.70103679580894018 0.71312510187339118 3.1499999999999999
8 0 0.065577836318880298
1 6.1463407395439216 2.7000000000000028 -1 -0 
2 0 0 0.99065138467795899 -0.13641786552956553 -0.13641786552956553 -0.99065138467795899 3.1500000000000004
1 5.506334971064657 0 1 0 
1 3.5877490260931344 0 0 1 
1 1.0000000002458425 1.6767785199675549e-16 -4.11193712824132e-16 1 
1 1.7817413773358577 2.7000000000002018 0 -1 
1 3.5877490260931344 0 0 1 
1 -2.1614442442874713e-09 1.224668171214701e-16 -1.1854456481942687e-16 1 
1 3.5221711905166821 0 0 1 
1 1.8473192129123102 2.7000000000002018 0 -1 
1 5.3495609980178696 0 0 1 
1 3.5221711898500505 0 1 0 
2 0 -0 -0.9284498892332792 -0.37145767347399306 0.37145767347399306 -0.9284498892332792 3.1500000000000004
8 0 0.065577836318905999
1 1.8473192135789409 2.7000000000000028 -1 -0 
2 0 0 -0.27301228612007228 0.96201054652612406 0.96201054652612406 0.27301228612007228 3.1499999999999999
1 3.5221711898500505 0 1 0 
1 5.2412188438205725 0 0 1 
1 1.0000000000882578 -1.0363667067904156e-16 0 1 
1 0.12827155960841907 2.7000000000002018 0 -1 
1 7.0686086513217612 0 0 1 
1 -1.4823556822832257e-09 -1.4280547743742467e-16 -1.8825721639577394e-16 1 
1 5.1756410079860791 0 0 1 
1 0.19384939544291302 2.7000000000002018 0 -1 
1 5.1756410079860791 0 0 1 
1 5.1756410075288883 0 1 0 
2 0 -0 0.44685974134925988 -0.89460403059748883 0.89460403059748883 0.44685974134925988 3.1500000000000004
8 0 0.065577836318904098
1 0.19384939590010292 2.7000000000000028 -1 -0 
2 0 0 0.98126996867050742 0.19263760947795633 0.19263760947795633 -0.98126996867050742 3.1500000000000004
1 5.1756410075288883 0 1 0 
1 3.9184429897046331 0 0 1 
1 1.0000000000002949 1.3122564911026053e-16 -3.2895497025930562e-16 1 
1 1.451047413724359 2.7000000000002018 0 -1 
1 3.9184429897046331 0 0 1 
1 -1.6900112231765809e-10 8.9499817208803e-17 1.6180193008025401e-16 1 
1 3.8528651534379454 0 0 1 
1 1.5166252499910464 2.7000000000002018 0 -1 
1 5.6802549609391342 0 0 1 
1 3.8528651533858183 0 1 0 
2 0 -0 -0.75753180388286789 -0.6527982583509 0.6527982583509 -0.75753180388286789 3.1500000000000004
8 0 0.065577836316799004
1 1.5166252500431718 2.7000000000000028 -1 -0 
2 0 0 0.054144586417868679 0.99853310599180345 0.99853310599180345 -0.054144586417868679 3.1500000000000004
1 3.8528651533858183 0 1 0 
1 4.9105248793190777 0 0 1 
1 1.0000000032194769 -4.4290516129270065e-17 -8.2238742564826406e-17 1 
1 0.45896552410991415 2.7000000000002018 0 -1 
1 6.7379146868202664 0 0 1 
1 -3.2194747017014569e-09 -8.2107569033124396e-17 -1.3312862173747934e-16 1 
1 4.8449470449860685 0 0 1 
1 0.52454335844292344 2.7000000000002018 0 -1 
1 4.8449470449860685 0 0 1 
1 4.8449470439931215 0 1 0 
2 0 -0 0.13217019410664099 -0.99122703745903396 0.99122703745903396 0.13217019410664099 3.1500000000000004
8 0 0.065577836318143901
1 0.5245433594358706 2.7000000000000028 -1 -0 
2 0 0 0.86555272558525598 0.50081781041805484 0.50081781041805484 -0.86555272558525598 3.1500000000000004
1 4.8449470439931215 0 1 0 
1 4.249136953216234 0 0 1 
1 1.0000000000786331 7.9867888234465374e-17 -8.2238742564826406e-17 1 
1 1.1203534502127579 2.7000000000002018 0 -1 
1 4.249136953216234 0 0 1 
1 -1.8157173098999362e-12 4.0699081639992993e-17 -2.5084363041996108e-16 1 
1 4.1835591169221482 0 0 1 
1 1.1859312865068439 2.7000000000002018 0 -1 
1 6.0109489244233361 0 0 1 
1 4.183559116921586 0 1 0 
2 0 -0 -0.50452339326472107 -0.86339802272686017 0.86339802272686017 -0.50452339326472107 3.1500000000000004
8 0 0.065577835988844896
1 1.1859312865074054 2.7000000000000028 -1 -0 
2 0 0 0.37543405287761278 0.92684910958574585 0.92684910958574585 -0.37543405287761278 3.1499999999999995
1 4.183559116921586 0 1 0 
1 4.579830916319068 0 0 1 
1 1.0000000014823582 1.9169979787111438e-17 -1.6447748512965281e-16 1 
1 0.78965948710992395 2.7000000000002018 0 -1 
1 6.4072207238202559 0 0 1 
1 -8.8262114487614421e-11 -1.8647072550335873e-17 -7.5728648474982143e-17 1 
1 4.5142530804845746 0 0 1 
1 0.85523732294441723 2.7000000000002018 0 -1 
1 6.3416428879857634 0 0 1 
1 4.5142530804573537 0 1 0 
2 0 -0 -0.1968420444992981 -0.98043521433970149 0.98043521433970149 -0.1968420444992981 3.1499999999999999
8 0 0.065577836318898797
1 0.8552373229716379 2.7000000000000028 -1 -0 
2 0 0 0.6560394142485193 0.75472663061035539 0.75472663061035539 -0.6560394142485193 3.1500000000000004
1 4.5142530804573537 0 1 0 
1 0 2.7000000000000028 1 0 
2 0 0 1 0 -0 1 3.1499999999999999
1 7.1968802109301802 1.9895196601282805e-13 -1 -0 
1 7.1968802109301802 1.9895196601282805e-13 -1 -0 
1 7.1968802109301802 1.9895196601282805e-13 -1 -0 
1 7.1968802109301802 1.9895196601282805e-13 -1 -0 
1 7.1968802109301802 1.9895196601282805e-13 -1 -0 
1 7.1968802109301802 1.9895196601282805e-13 -1 -0 
1 7.1968802109301802 1.9895196601282805e-13 -1 -0 
1 7.1968802109301802 1.9895196601282805e-13 -1 -0 
1 7.1968802109301802 1.9895196601282805e-13 -1 -0 
1 7.1968802109301802 1.9895196601282805e-13 -1 -0 
1 7.1968802109301802 1.9895196601282805e-13 -1 -0 
1 7.1968802109301802 1.9895196601282805e-13 -1 -0 
1 7.1968802109301802 1.9895196601282805e-13 -1 -0 
1 7.1968802109301802 1.9895196601282805e-13 -1 -0 
1 7.1968802109301802 1.9895196601282805e-13 -1 -0 
1 7.1968802109301802 1.9895196601282805e-13 -1 -0 
1 7.1968802109301802 1.9895196601282805e-13 -1 -0 
1 7.1968802109301802 1.9895196601282805e-13 -1 -0 
1 7.1968802109301802 1.9895196601282805e-13 -1 -0 
1 7.1968802109301802 1.9895196601282805e-13 -1 -0 
1 0 17.16 1 0 
2 0 -0 6.1232339957367697e-17 1 -1 6.1232339957367697e-17 2
1 6.2831853071795862 -0 0 1 
1 0 -0 0 1 
1 0.91369490375059426 2.7000000000002018 -0 -1 
1 7.1968802109301802 2.7000000000002018 -0 -1 
1 0 3 1 0 
1 6.2831853071795862 0 0 1 
1 0 0 0 1 
1 0 4.7123889803846897 1 0 
1 0 3.1415926535897931 1 0 
1 0 0.19999999999999929 1 0 
1 6.2831853071795862 0 0 1 
1 0 0 0 1 
1 0 2.8000000000000007 1 0 
1 9.4247779607693793 0.14142135623730806 -1 0 
1 6.2831853071795862 0 0 1 
1 0 0 0 1 
1 9.4247779607693793 -0.14142135623731042 -1 0 
1 9.4247779607693793 0 0 1 
1 3.1415926535897931 0 0 1 
Curves 108
2 -8.1500000000000004 0 0 -1 0 1.22464679914735e-16 -7.498798913309273e-33 -1 -6.1232339957367697e-17 1.22464679914735e-16 -6.1232339957367697e-17 1 2
7 0 0  1 2 2  -8.1500000000000021 -2 -1.2246467991473539e-16  -16.475000000000005 -2 -1.2246467991473539e-16 
 25.310000000000002 2 33.635000000000005 2
2 -16.475000000000001 0 0 -1 0 0 -0 -1 -6.1232339957367697e-17 0 -6.1232339957367697e-17 1 2
7 0 1  3 59 58  -9.6500000000000004 -7.1012836496547899e-09 2.0000000000007501  -9.6500003527609604 0.0224757653984172 1.99999978225638  -9.6520532881880996 0.068118630376504299 1.99922873240999  -9.6614939193183496 0.13697317962023101 1.9957069963268701  -9.6779849471686799 0.20737475863843 1.9896458706179001  -9.7042759199948794 0.284568897930422 1.9802125291553601  -9.7473699979027 0.375254399336583 1.9653408460526001  -9.8175730224602393 0.47935961151909501 1.94279182906987  -9.9153903232724794 0.57849171320805604 1.9153165681356299  -10.0271452276468 0.65489674981614698 1.8901079236095499  -10.128340670358 0.70136461614354795 1.87309962362358  -10.214144481687701 0.72795285837803103 1.86285171940704  -10.2857745054385 0.74235396209665405 1.85713450912136  -10.3474715498606 0.74886016434472302 1.8545110469378301  -10.390097232338 0.75016532483946796 1.8539827429756299  -10.430849932583399 0.74972514050509498 1.85416077154404  -10.476829974691899 0.74688365010019597 1.8553107445797901  -10.539425689292299 0.73787443076488601 1.85892253232361  -10.6048910937616 0.72259934706790796 1.86493566348452  -10.683445196704399 0.69635819828964496 1.8749605732865899  -10.7780942273845 0.65148137650666404 1.89126018507603  -10.885427510626499 0.57750095998620199 1.91557439211657  -10.9810807697631 0.48077655720113199 1.94240309735934  -11.052543104085 0.37572502655284301 1.9652926336713701  -11.099386026272001 0.27705535700959399 1.98147882948706  -11.1293738719594 0.18305453934608301 1.99232034956071  -11.1463170612117 0.091279753957330706 1.99861475877116  -11.150077586736799 0.028696487834713302 2.0000290956854099  -11.1499159283903 -0.033794997772351801 1.9999684800630999  -11.145614424025 -0.097295409120326901 1.99835061038267  -11.127797614941001 -0.18892906352653499 1.9917422932978299  -11.097793562964901 -0.28072317710102801 1.9809196635864501  -11.051944182058399 -0.37642874715757602 1.9651055111575799  -10.987755091218 -0.47095941316555401 1.94454671544191  -10.909432938983199 -0.55412774168099999 1.9222200151981299  -10.8310353194863 -0.61602552681072997 1.90301735603656  -10.758037222358199 -0.66049490011809497 1.8879183846579299  -10.692070516768 -0.69198934233842702 1.87654641996052  -10.628355150848201 -0.71536292135580504 1.8677257793563  -10.5690701047477 -0.73148703923494796 1.86144846783816  -10.5137208765716 -0.74196235761218199 1.8572870705209501  -10.461653945995 -0.748042909436195 1.85484171557407  -10.4240851058508 -0.74985425923492499 1.8541085622537501  -10.388885133614499 -0.75010407791046796 1.8540075201912001  -10.3496254904466 -0.74895232337100504 1.85447370495803  -10.2915304337291 -0.74307901509170304 1.8568426792471999  -10.223233700617699 -0.73007943146875098 1.86201188346292  -10.150516141318301 -0.70878066500071402 1.87026435065729  -10.0683028658009 -0.67489438284938896 1.88285159229858  -9.9759051497201892 -0.62235413175742604 1.9011174996439999  -9.8770604182662503 -0.54332678804414003 1.9256037499313301  -9.7925270521668608 -0.44609852002193401 1.95061065189627  -9.7335625543729591 -0.34879240470004302 1.9700419584398701  -9.6973031121337598 -0.26602418019357899 1.98269244966025  -9.6749842575517206 -0.19597648295429099 1.9907440477687599  -9.6612549994835994 -0.13385705377710799 1.99579945582153  -9.6540939969877293 -0.082636326071204205 1.9984669658315499  -9.6506835761233791 -0.038980167731005197 1.99974346527207  -9.6499997910172599 -0.013315110543194101 2.0000001289969398 
 0 3 0.0141804494958164 1 0.0287823985078598 1 0.043821863082205703 1 0.059883845722577503 1 0.080484357075815693 1 0.107693236272199 1 0.14005688661478299 1 0.16957969529160399 1 0.19418738683771 1 0.21087711980318699 1 0.22652103879139299 1 0.240343558636402 1 0.249994014920772 1 0.25339996239662299 1 0.26604147656031002 1 0.27902626839106198 1 0.293317703644842 1 0.30856674714404903 1 0.33158137816571298 1 0.35999254127515501 1 0.391886959739431 1 0.41862021611713601 1 0.44113551997700701 1 0.46134374124274702 1 0.48108191484511398 1 0.49999425311043599 1 0.50080997592765397 1 0.52049037446311996 1 0.54005439132674204 1 0.55969980817507603 1 0.58164798647883098 1 0.60755433041938101 1 0.63268706017251597 1 0.65484664002763204 1 0.67156415006775905 1 0.68737210174756003 1 0.70144276171075104 1 0.71468429689747204 1 0.72628440329780197 1 0.73704101516076403 1 0.74775620596871595 1 0.74999487273727194 1 0.75924456444246302 1 0.77252311520664696 1 0.78682433840116905 1 0.80316260661511196 1 0.82051591979787997 1 0.84338745699041395 1 0.87100271411513797 1 0.90152985367998395 1 0.92580249170762596 1 0.94359089029258802 1 0.95897627471875402 1 0.97238618426313295 1 0.98380247148375999 1 0.99159921413637298 1 1 3
7 0 1  3 51 50  -9.6500000000000004 2.4972551804225399e-11 -2.0000000000007998  -9.6500003140656805 -0.030827418815360799 -1.9999998418927001  -9.6538490461214206 -0.093133406502753396 -1.9985519602145601  -9.6712689584781106 -0.18557020270914201 -1.9920838697185601  -9.7013884687067993 -0.27885714384369498 -1.9812062732572699  -9.7476979729373294 -0.37592898107480899 -1.9652201570146499  -9.8186954659643604 -0.48049637435936698 -1.9424763320121401  -9.9153880402409307 -0.57849018605993496 -1.9153171723654301  -10.0271448920825 -0.65489658207248402 -1.89010796262355  -10.128340676960899 -0.70136462054955295 -1.8730996255707799  -10.214144479796101 -0.72795285737587601 -1.86285171903499  -10.2857745050497 -0.74235396219393701 -1.8571345092603  -10.347471550033401 -0.74886016433256997 -1.8545110469113399  -10.390097232365299 -0.75016532484044796 -1.8539827429772899  -10.4308499325694 -0.74972514050440697 -1.85416077154293  -10.4768299746751 -0.74688365010301205 -1.8553107445792101  -10.5394256893145 -0.73787443076080605 -1.85892253232507  -10.604891093755599 -0.72259934706877005 -1.8649356634842  -10.6834451966877 -0.69635819829688606 -1.8749605732839101  -10.7780942274018 -0.651481376497416 -1.8912601850792501  -10.8854275106209 -0.57750095998959206 -1.91557439211549  -10.981080769764 -0.48077655720014001 -1.9424030973594699  -11.0525431040844 -0.37572502655535001 -1.9652926336712599  -11.0993860262724 -0.277055357003546 -1.98147882948706  -11.1293738719591 -0.183054539363739 -1.99232034956106  -11.1463170612124 -0.091279753893273904 -1.99861475876984  -11.150077586737 -0.0286964879573351 -2.00002909568888  -11.1499159283902 0.033794997872380703 -1.99996848005907  -11.1456144239501 0.097295410229276 -1.9983506108957401  -11.127797614986401 0.18892906097980799 -1.9917422914195899  -11.097793590335501 0.28072310429079 -1.98091968087668  -11.051558049972099 0.377234709569162 -1.96497229416344  -10.9801004725262 0.48206826465775199 -1.9421018116570801  -10.882291010305099 0.58050795143599698 -1.9147093265802799  -10.7696174990733 0.65675741150954503 -1.8894575206294699  -10.6630450387675 0.70500983005213402 -1.8717470601580499  -10.5613843147324 0.73473898339923105 -1.86019890973283  -10.4751395665792 0.747805018660744 -1.8549379346086901  -10.406554422888 0.75052733068420396 -1.8538362680278699  -10.3463618975853 0.74892767062516596 -1.8544833827223499  -10.2825223738449 0.74205053674090304 -1.8572605106494  -10.2069839984468 0.72603757775435196 -1.86360004544655  -10.122518337365801 0.69906882717652397 -1.87396241784703  -10.022397273011 0.65209230965026099 -1.8910808610894201  -9.9124066334008507 0.57581567161689795 -1.9161111927152901  -9.8164111665250395 0.47773623188969599 -1.94316223278914  -9.7454607604671892 0.37224558849522499 -1.96596076058642  -9.6992448253581003 0.27352719204925702 -1.98196609485215  -9.6700599881612099 0.18048006567271399 -1.9925303562538701  -9.6535949334872999 0.090005883215966601 -1.9986477887254599  -9.64999969634213 0.029805830035253899 -2.0000001528693501 
 0 3 0.019442146122686001 1 0.039289234334044097 1 0.059329530096838598 1 0.081508748050932403 1 0.107692735675905 1 0.14005792101791101 1 0.16958123843711301 1 0.19418915112803001 1 0.21087903659024401 1 0.22652309789238101 1 0.24034574329809799 1 0.24999628729457901 1 0.25340226573232399 1 0.26604389480706397 1 0.279028804662803 1 0.29332036982576398 1 0.30856955193735203 1 0.33158439215188001 1 0.35999581351228299 1 0.39189052188856799 1 0.41862402126453802 1 0.441139529782408 1 0.46134793473568902 1 0.481086287752576 1 0.49999879792875301 1 0.50081452816062899 1 0.520495105563056 1 0.54005930043577999 1 0.55970489616462404 1 0.58165321416915705 1 0.60812842509791998 1 0.640737824485478 1 0.67042675537592999 1 0.69503850372991305 1 0.71512568949551103 1 0.73748439219675699 1 0.74999648604256597 1 0.75837514775735804 1 0.77544274536909996 1 0.79046336714581 1 0.80718229808195796 1 0.83166742124728599 1 0.86082175947008099 1 0.89272709576064802 1 0.91947591764515801 1 0.94200224316034997 1 0.96202785885666997 1 0.98120214652516902 1 1 3
2 -8.1500000000000004 0 0 1 0 -1.22464679914735e-16 1.22464679914735e-16 0 1 0 -1 0 4
2 -16.475000000000001 0 0 -1 0 0 -0 -1 -6.1232339957367697e-17 0 -6.1232339957367697e-17 1 1.7
7 0 0  1 2 2  -9.6500000000000004 2.4972523491859375e-11 -2.0000000000007998  -9.6500000000000004 2.4972523491859375e-11 2.0000000000006803 
 0.9999999999992002 2 5.0000000000006803 2
2 -6.6500000000000004 0 -1.8369701987210299e-16 1 0 -1.22464679914735e-16 1.22464679914735e-16 0 1 0 -1 0 4
7 0 0  1 2 2  -8.1500000000000004 9.7971743931788257e-16 4  -6.6500000000000004 9.7971743931788257e-16 4 
 0 2 1.5 2
7 1 0  6 7 2  -16.675000000000001 -1.5 -4.592425496802574e-16  1.0313934717875073 -16.621532643369417 -1.4999999999999998 -4.592425496802574e-16  1.0100254076614366 -16.569458285483563 -1.517000870126739 -4.6444756497611509e-16  0.99792464272497539 -16.524616097359544 -1.5496160973595419 -4.7443309838464404e-16  0.99395844413692447 -16.492000870126738 -1.5944582854835612 -4.8816205892285496e-16  0.99792464272497583 -16.475000000000001 -1.6465326433694163 -5.0410523284849645e-16  1.0100254076614348 -16.475000000000001 -1.7 -5.2047488963762507e-16  1.0313934717875073
 3.1415926535897931 7 4.7123889803846897 7
2 -16.675000000000001 0 0 -1 0 0 -0 -1 -6.1232339957367599e-17 0 -6.1232339957367599e-17 1 1.5
2 -6.6500000000000004 0 0 -1 0 1.22464679914735e-16 -7.498798913309273e-33 -1 -6.1232339957367697e-17 1.22464679914735e-16 -6.1232339957367697e-17 1 2
7 0 0  1 2 2  -16.675000000000001 -1.5 -9.1848509936051398e-17  -19.274999999999999 -1.5 -9.1848509936051398e-17 
 0.19999999999999929 2 2.7999999999999972 2
2 -19.274999999999999 0 0 -1 0 0 -0 -1 -6.1232339957367599e-17 0 -6.1232339957367599e-17 1 1.5
2 -2.7000000000000002 0 0 -1 0 0 -0 -1 -6.1232339957367697e-17 0 -6.1232339957367697e-17 1 2
7 0 0  1 2 2  -2.6999999999999993 -2 -1.2246467991473539e-16  -6.6500000000000021 -2 -1.2246467991473539e-16 
 19.859999999999999 2 23.810000000000002 2
7 0 0  1 2 2  -19.475000000000001 -1.2999999999999992 3.9801020972288943e-16  -19.274999999999999 -1.5000000000000009 4.5924254968025759e-16 
 -0.14142135623731042 2 0.14142135623731059 2
2 -19.475000000000001 0 0 -1 0 0 -0 -1 -6.1232339957367697e-17 0 -6.1232339957367697e-17 1 1.3
2 -2.7000000000000002 0 0 -1 0 0 -0 -0.93466422025365148 -0.35553170797783118 0 -0.35553170797783118 0.93466422025365148 3.1499999999999999
2 5 18.774999999999999 -0.050000000000768499 0 1 0 0 -0 1 1 0 -0 3.1499999999999999
2 -2.7000000000000002 0 0 -1 0 0 -0 -0.9994624915824194 -0.032783043175737811 0 -0.032783043175737811 0.9994624915824194 3.1499999999999999
2 -2.7000000000000002 0 0 -1 0 0 0 -0.95595349368976346 0.29351817303590511 0 0.29351817303590511 0.95595349368976346 3.1499999999999999
2 -2.7000000000000002 0 0 -1 0 0 0 -0.80885210160913112 0.58801214079514708 0 0.58801214079514708 0.80885210160913112 3.1499999999999999
2 -2.7000000000000002 0 0 -1 0 0 0 -0.57409903368561599 0.81878586915092899 0 0.81878586915092899 0.57409903368561599 3.1499999999999999
2 -2.7000000000000002 0 0 -1 0 0 0 -0.27713342739792807 0.96083144381242924 0 0.96083144381242924 0.27713342739792807 3.1499999999999999
2 -2.7000000000000002 0 0 -1 0 0 0 0.049863885916514403 0.99875602270089203 0 0.99875602270089203 -0.049863885916514403 3.1499999999999999
2 -2.7000000000000002 0 0 -1 0 0 0 0.37145767347399306 0.9284498892332792 0 0.9284498892332792 -0.37145767347399306 3.1499999999999999
2 -2.7000000000000002 0 0 -1 0 0 0 0.6527982583509 0.75753180388286789 0 0.75753180388286789 -0.6527982583509 3.1499999999999999
2 -2.7000000000000002 0 0 -1 0 0 0 0.86339802272686017 0.50452339326472107 0 0.50452339326472107 -0.86339802272686017 3.1499999999999999
2 -2.7000000000000002 0 0 -1 0 0 0 0.98043521433970149 0.1968420444992981 0 0.1968420444992981 -0.98043521433970149 3.1499999999999999
2 -2.7000000000000002 0 0 -1 0 0 0 0.99122703745903396 -0.13217019410664099 -0 -0.13217019410664099 -0.99122703745903396 3.1499999999999999
2 -2.7000000000000002 0 0 -1 0 0 0 0.89460403059748883 -0.44685974134925988 -0 -0.44685974134925988 -0.89460403059748883 3.1499999999999999
2 -2.7000000000000002 0 0 -1 0 0 0 0.70103679580894018 -0.71312510187339118 -0 -0.71312510187339118 -0.70103679580894018 3.1499999999999999
2 -2.7000000000000002 0 0 -1 0 0 0 0.43150134648783689 -0.90211229233348977 -0 -0.90211229233348977 -0.43150134648783689 3.1499999999999999
2 -2.7000000000000002 0 0 -1 0 0 0 0.11520603084153097 -0.99334161820480482 -0 -0.99334161820480482 -0.11520603084153097 3.1499999999999999
2 -2.7000000000000002 0 0 -1 0 0 -0 -0.21357364585220695 -0.97692696646033683 0 -0.97692696646033683 0.21357364585220695 3.1499999999999999
2 -2.7000000000000002 0 0 -1 0 0 -0 -0.51920930408129495 -0.85464711931616399 0 -0.85464711931616399 0.51920930408129495 3.1499999999999999
2 -2.7000000000000002 0 0 -1 0 0 -0 -0.7685805778507464 -0.6397529955776784 0 -0.6397529955776784 0.7685805778507464 3.1499999999999999
1 0 -3.0112535050319198 -0.92458224535894795 -1 0 0 
1 0 -2.9441922937992402 -1.11992488012955 -1 0 0 
2 0 0 0 -1 0 0 -0 -0.93466422025365148 -0.35553170797783118 0 -0.35553170797783118 0.93466422025365148 3.1499999999999999
1 0 -3.1483068485019099 -0.10326658547654 -1 0 0 
2 0 0 0 -1 0 0 -0 -0.9994624915824194 -0.032783043175737811 0 -0.032783043175737811 0.9994624915824194 3.1499999999999999
1 0 -3.1483068485643599 0.103266583572469 -1 0 0 
1 0 -2.4210288202483699 -2.0152219360474399 -1 0 0 
2 0 0 0 -1 0 0 -0 -0.76858057785074674 -0.63975299557767784 0 -0.63975299557767784 0.76858057785074674 3.1499999999999999
1 0 -2.5478841200686499 -1.8522382435048701 -1 0 0 
1 0 -2.9441922939864802 1.1199248796373 -1 0 0 
1 0 -3.0112535051227498 0.92458224506310105 -1 0 0 
2 0 0 0 -1 0 0 0 -0.95595349368976346 0.29351817303590511 0 0.29351817303590511 0.95595349368976346 3.1499999999999999
1 0 -1.80841195609391 -2.5791754878364901 -1 0 0 
1 0 -1.63550930866758 -2.6921384253529199 -1 0 0 
2 0 0 0 -1 0 0 -0 -0.51920930408129495 -0.85464711931616399 0 -0.85464711931616399 0.51920930408129495 3.1499999999999999
1 0 -2.4210288202302701 2.0152219360691799 -1 0 0 
1 0 -2.5478841198865299 1.8522382437553899 -1 0 0 
2 0 0 0 -1 0 0 0 -0.80885210160913112 0.58801214079514708 0 0.58801214079514708 0.80885210160913112 3.1499999999999999
1 0 -0.87297029442157303 -3.0266190485519502 -1 0 0 
1 0 -0.67275698906792702 -3.0773199433371001 -1 0 0 
2 0 0 0 -1 0 0 -0 -0.21357364585220695 -0.97692696646033683 0 -0.97692696646033683 0.21357364585220695 3.1499999999999999
1 0 -1.80841195610953 2.5791754878255402 -1 0 0 
2 0 0 0 -1 0 0 0 -0.57409903368561599 0.81878586915092899 0 0.81878586915092899 0.57409903368561599 3.1499999999999999
1 0 -1.6355093078808201 2.69213842583089 -1 0 0 
1 0 0.15707124273429601 -3.1460814714030998 -1 0 0 
1 0 0.36289899691357802 -3.12902609737265 -1 0 0 
2 0 0 0 -1 0 0 0 0.11520603084153097 -0.99334161820480482 -0 -0.99334161820480482 -0.11520603084153097 3.1499999999999999
1 0 -0.67275698536205797 3.0773199441472698 -1 0 0 
1 0 -0.87297029628495004 3.0266190480144899 -1 0 0 
2 0 0 0 -1 0 0 0 -0.27713342739792807 0.96083144381242924 0 0.96083144381242924 0.27713342739792807 3.1499999999999999
1 0 1.1700916715955301 -2.9246171510238299 -1 0 0 
1 0 1.35922924143643 -2.8416537208506099 -1 0 0 
2 0 0 0 -1 0 0 0 0.43150134648783689 -0.90211229233348977 -0 -0.90211229233348977 -0.43150134648783689 3.1499999999999999
1 0 0.36289899243949197 3.1290260978915501 -1 0 0 
1 0 0.15707124259319999 3.1460814714101502 -1 0 0 
2 0 0 0 -1 0 0 0 0.049863885916514403 0.99875602270089203 0 0.99875602270089203 -0.049863885916514403 3.1499999999999999
1 0 2.0563145138066798 -2.3862251822298801 -1 0 0 
1 0 2.2082659067436698 -2.2463440709547502 -1 0 0 
2 0 0 0 -1 0 0 0 0.70103679580894018 -0.71312510187339118 -0 -0.71312510187339118 -0.70103679580894018 3.1499999999999999
1 0 1.3592292412212299 2.8416537209535502 -1 0 0 
1 0 1.17009167339272 2.92461715030481 -1 0 0 
2 0 0 0 -1 0 0 0 0.37145767347399306 0.9284498892332792 0 0.9284498892332792 -0.37145767347399306 3.1499999999999999
1 0 2.71970377163287 -1.58924868870984 -1 0 0 
1 0 2.81800269573854 -1.4076081865385299 -1 0 0 
2 0 0 0 -1 0 0 0 0.89460403059748883 -0.44685974134925988 -0 -0.44685974134925988 -0.89460403059748883 3.1499999999999999
1 0 2.2082659067979602 2.24634407090138 -1 0 0 
1 0 2.0563145139297201 2.38622518212384 -1 0 0 
2 0 0 0 -1 0 0 0 0.6527982583509 0.75753180388286789 0 0.75753180388286789 -0.6527982583509 3.1499999999999999
1 0 3.0883709257857399 -0.62005243710619895 -1 0 0 
1 0 3.1223651675825601 -0.41633611453626501 -1 0 0 
2 0 0 0 -1 0 0 0 0.99122703745903396 -0.13217019410664099 -0 -0.13217019410664099 -0.99122703745903396 3.1499999999999999
1 0 2.8180026963479401 1.4076081853185201 -1 0 0 
1 0 2.7197037715904999 1.58924868878234 -1 0 0 
2 0 0 0 -1 0 0 0 0.86339802272686017 0.50452339326472107 0 0.50452339326472107 -0.86339802272686017 3.1499999999999999
1 0 3.1223651678056101 0.41633611286343303 -1 0 0 
1 0 3.0883709251869398 0.62005244008872096 -1 0 0 
2 0 0 0 -1 0 0 0 0.98043521433970149 0.1968420444992981 0 0.1968420444992981 -0.98043521433970149 3.1499999999999999
2 5 21.475000000000001 -0.050000000000768499 0 1 0 0 -0 1 1 0 -0 3.1499999999999999
2 0 0 0 -1 0 0 -0 -1 -6.1232339957367697e-17 0 -6.1232339957367697e-17 1 2
1 4.9999999999999991 18.774999999999999 3.0999999999992314 0 1 0 
2 14.16 0 0 -1 0 0 -0 -1 -6.1232339957367697e-17 0 -6.1232339957367697e-17 1 2
7 0 0  1 2 2  14.16 -2 -1.2246467991473539e-16  0 -2 -1.2246467991473539e-16 
 3 2 17.16 2
2 14.16 0 0 1 0 0 -0 1 6.1232339957367697e-17 0 -6.1232339957367697e-17 1 1.7
2 14.359999999999999 0 0 1 0 0 -0 1 6.1232339957367599e-17 0 -6.1232339957367599e-17 1 1.5
7 1 0  6 7 2  14.359999999999999 1.5 9.1848509936051398e-17  1.0313934717875073 14.306532643369415 1.4999999999999998 9.1848509936051386e-17  1.0100254076614366 14.25445828548356 1.517000870126739 9.2889512995222933e-17  0.99792464272497539 14.209616097359541 1.5496160973595419 9.4886619676928714e-17  0.99395844413692447 14.177000870126738 1.5944582854835612 9.7632411784570908e-17  0.99792464272497583 14.16 1.6465326433694163 1.0082104656969921e-16  1.0100254076614348 14.16 1.7 1.0409497792752492e-16  1.0313934717875073
 3.1415926535897931 7 4.7123889803846897 7
2 16.960000000000001 0 0 1 0 0 -0 1 6.1232339957367599e-17 0 -6.1232339957367599e-17 1 1.5
7 0 0  1 2 2  14.359999999999999 1.5 -2.7554552980815453e-16  16.960000000000001 1.5 -2.7554552980815453e-16 
 0.19999999999999929 2 2.8000000000000007 2
2 17.16 0 0 1 0 0 -0 1 1.8369701987210299e-16 0 -1.8369701987210299e-16 1 1.3
7 0 0  1 2 2  17.16 1.2999999999999992 3.1272230763941333e-16  16.960000000000001 1.4999999999999991 3.6083343189163078e-16 
 -0.14142135623731042 2 0.14142135623730803 2
Polygon3D 0
PolygonOnTriangulations 0
Surfaces 82
10 0 6.2831853071795862 25.310000000000002 33.635000000000005
2 17.16 0 0 -1 0 0 -0 -1 -6.1232339957367697e-17 0 -6.1232339957367697e-17 1 2
1 -8.1500000000000004 0 0 1 0 -1.22464679914735e-16 1.22464679914735e-16 0 1 0 -1 0 
1 -16.475000000000001 0 0 -1 0 0 -0 -1 -6.1232339957367697e-17 0 -6.1232339957367697e-17 1 
10 3.3296032597718295e-11 6.2831853072128823 0.99995164353818256 5.0000323703631704
2 -10.4 6.8274059052464902e-16 -3 0 0 1 1 0 -0 -0 1 0 0.75
10 0 6.2831853071795862 0 1.5
2 -8.1500000000000004 0 0 1 0 -1.22464679914735e-16 1.22464679914735e-16 0 1 0 -1 0 4
10 0 6.2831853071795862 0.78539816339744828 7.0685834705770345
5 -16.675000000000001 0 0 -1 0 0 -0 -1 -6.1232339957367599e-17 0 -6.1232339957367599e-17 1 1.7 0.20000000000000001
1 -6.6500000000000004 0 -1.8369701987210299e-16 1 0 -1.22464679914735e-16 1.22464679914735e-16 0 1 0 -1 0 
10 0 6.2831853071795862 0.19999999999999929 2.7999999999999972
2 -16.475000000000001 0 0 -1 0 0 -0 -1 -6.1232339957367599e-17 0 -6.1232339957367599e-17 1 1.5
10 0 6.2831853071795862 19.859999999999999 23.810000000000002
2 17.16 0 0 -1 0 0 -0 -1 -6.1232339957367697e-17 0 -6.1232339957367697e-17 1 2
10 3.1415926535897931 9.4247779607693793 -0.14142135623731042 0.14142135623731059
3 -19.375 0 0 1 0 0 -0 1 6.1232339957367697e-17 0 -6.1232339957367697e-17 1 1.3999999999999999
0.78539816339745006
1 -2.7000000000000002 0 0 -1 0 0 0 0 -1 -0 -1 -0 
1 -19.475000000000001 0 0 -1 0 0 -0 -1 -6.1232339957367697e-17 0 -6.1232339957367697e-17 1 
1 5 18.775000000000201 -0.0500000000007687 3.2684832529175399e-17 -1 -7.41205588291754e-17 -0.79176607673144805 -7.1153389442451627e-17 0.61082442627754396 -0.61082442627754396 3.8721449991707526e-17 -0.79176607673144805 
2 0 0 0 -1 0 0 0 0 -1 -0 -1 -0 3.1499999999999999
2 5 18.774999999999999 -0.050000000000768499 0 1 0 0 -0 1 1 0 -0 3.1499999999999999
1 5 18.774999999999999 -0.050000000000768499 0 1 0 0 -0 1 1 0 -0 
2 5 21.4750000000002 -0.050000000000768499 3.2684832529175399e-17 -1 -7.41205588291754e-17 -0.79176607673144805 -7.1153389442451627e-17 0.61082442627754396 -0.61082442627754396 3.8721449991707526e-17 -0.79176607673144805 3.1499999999999999
2 0 0 0 -1 0 0 0 0 -1 -0 -1 -0 3.1499999999999999
2 0 0 0 -1 0 0 0 0 -1 -0 -1 -0 3.1499999999999999
2 0 0 0 -1 0 0 0 0 -1 -0 -1 -0 3.1499999999999999
2 0 0 0 -1 0 0 0 0 -1 -0 -1 -0 3.1499999999999999
2 0 0 0 -1 0 0 0 0 -1 -0 -1 -0 3.1499999999999999
2 0 0 0 -1 0 0 0 0 -1 -0 -1 -0 3.1499999999999999
2 0 0 0 -1 0 0 0 0 -1 -0 -1 -0 3.1499999999999999
2 0 0 0 -1 0 0 0 0 -1 -0 -1 -0 3.1499999999999999
2 0 0 0 -1 0 0 0 0 -1 -0 -1 -0 3.1499999999999999
2 0 0 0 -1 0 0 0 0 -1 -0 -1 -0 3.1499999999999999
2 0 0 0 -1 0 0 0 0 -1 -0 -1 -0 3.1499999999999999
2 0 0 0 -1 0 0 0 0 -1 -0 -1 -0 3.1499999999999999
2 0 0 0 -1 0 0 0 0 -1 -0 -1 -0 3.1499999999999999
2 0 0 0 -1 0 0 0 0 -1 -0 -1 -0 3.1499999999999999
2 0 0 0 -1 0 0 0 0 -1 -0 -1 -0 3.1499999999999999
2 0 0 0 -1 0 0 0 0 -1 -0 -1 -0 3.1499999999999999
2 0 0 0 -1 0 0 0 0 -1 -0 -1 -0 3.1499999999999999
2 0 0 0 -1 0 0 0 0 -1 -0 -1 -0 3.1499999999999999
6 -1 1.9882108282317999e-17 3.3177370760146204e-18 
7 0 0  3 30 15  -5.3894820873437598e-17 -2.6074054610749799 -0.61912777093985305  -5.4120266953450202e-17 -2.6181796171272498 -0.62251355542896103  -5.4343608025404797e-17 -2.6287750008873498 -0.62633619250143102  -5.4788924944194699e-17 -2.6497421670963202 -0.63490994298200298  -5.5010579352493699e-17 -2.66006959694678 -0.63982996206735498  -5.5453358235454202e-17 -2.68064299976208 -0.649998417155215  -5.5674068988076096e-17 -2.6908301467737599 -0.65547467770017298  -5.6114676647597702e-17 -2.7110946909429599 -0.66683959215655297  -5.6334366639150395e-17 -2.7211438119679401 -0.67283532923161304  -5.6772844595077699e-17 -2.7411296365873801 -0.68522860386129703  -5.6991480640433602e-17 -2.7510469750348201 -0.69169640042860803  -5.7427775890837001e-17 -2.77076832876145 -0.70501667238632104  -5.7645309272984906e-17 -2.7805573366469201 -0.711921157843597  -5.8079323481886994e-17 -2.8000208861801901 -0.72609883631714101  -5.8295693431823497e-17 -2.8096829767335501 -0.73341322524098596  -5.8727302154434796e-17 -2.82889105252266 -0.74839683567735105  -5.8942439528769495e-17 -2.8384262486553999 -0.756100150239292  -5.9371501619630606e-17 -2.8573784305268699 -0.77184966791030896  -5.9585331343281496e-17 -2.8667857828974999 -0.77992496880186202  -6.0011694208765995e-17 -2.8854797827179501 -0.796408112454279  -6.0224136872407806e-17 -2.8947576396305799 -0.80484136296081699  -6.06476396774439e-17 -2.9131898378356702 -0.82203134611340201  -6.0858612613556695e-17 -2.9223360253207802 -0.83081065728124803  -6.1279088372683797e-17 -2.9405018186509699 -0.84868473462472704  -6.1488506406368698e-17 -2.94951376492447 -0.85779984572242596  -6.1905783419065799e-17 -2.9674078031820601 -0.87633832693493197  -6.21135594097474e-17 -2.9762826274696401 -0.88578023643278303  -6.2527462287543602e-17 -2.99389898117655 -0.90496579104350905  -6.2733526711484497e-17 -3.0026357011768101 -0.91471943038319403  -6.2937589048632105e-17 -3.0112535051228799 -0.92458224506268405 
 0 4 0.066048051492657606 2 0.13294538993663299 2 0.20067008734027 2 0.26921958169319898 2 0.33859302358765903 2 0.40879002626192301 2 0.47981038096392098 2 0.55165396217056395 2 0.62432068851032296 2 0.69781050422033297 2 0.77212336941647497 2 0.84725925458497797 2 0.92321813727260305 2 1 4
6 -1 3.7609681629550698e-17 1.2911420011877399e-17 
7 0 0  3 30 15  -1.2518995533506899e-16 -2.9441922937989999 -1.11992488013017  -1.24738499529485e-16 -2.9313337694440702 -1.1224148619912799  -1.2428398093763001e-16 -2.9184484604951901 -1.1247456494168899  -1.2337372272949999e-16 -2.8927626706153 -1.1290655593574399  -1.2291803495428501e-16 -2.8799598464105598 -1.13106552272793  -1.2200568775503301e-16 -2.8544523651101201 -1.13470424345623  -1.2154906229698701e-16 -2.8417420561234099 -1.13636209490382  -1.20635072873383e-16 -2.8164282071892801 -1.1393095922041401  -1.2017773430004101e-16 -2.8038182156102902 -1.14061999766529  -1.1926255810133501e-16 -2.7787143151461899 -1.1428640192664501  -1.1880473561729099e-16 -2.7662129727456399 -1.14382046120479  -1.1788883944484899e-16 -2.7413366238282699 -1.1453458852423799  -1.17430768315679e-16 -2.7289529485200501 -1.1459403168826701  -1.1651463415167301e-16 -2.70432346009156 -1.14672822824167  -1.1605655773105199e-16 -2.6920673768243799 -1.1469505871364001  -1.15140688428269e-16 -2.6677063820996301 -1.1469769167727699  -1.14682861131155e-16 -2.6555890443759398 -1.14681441852502  -1.13767789268263e-16 -2.63152145862772 -1.1460478393803  -1.13310481086516e-16 -2.6195557332160502 -1.1454839154632901  -1.12396783625636e-16 -2.5958113337173199 -1.1438823754909599  -1.1194028724598299e-16 -2.5840125573283199 -1.1428950204182899  -1.11028611970875e-16 -2.5606288266780202 -1.14039950791781  -1.1057325424881201e-16 -2.5490160002599298 -1.1389586890425301  -1.09664374010295e-16 -2.5260439526138199 -1.1354804627802899  -1.09210532354482e-16 -2.5146412733870198 -1.13354492661572  -1.08305484030051e-16 -2.4921603734259499 -1.12893282089108  -1.07853548248446e-16 -2.4809886419041098 -1.1264721685547801  -1.06954280509121e-16 -2.45917649514077 -1.12035976234183  -1.06506435826365e-16 -2.4484673363171598 -1.1168685407071499  -1.06057507961804e-16 -2.4378854214461199 -1.1129227767877901 
 0 4 0.076781862727403893 2 0.15274074541503399 2 0.22787663058354099 2 0.30218949577968501 2 0.37567931148969602 2 0.44834603782945398 2 0.52018961903609595 2 0.59120997373809103 2 0.66140697641235002 2 0.73078041830680496 2 0.79932991265973197 2 0.86705461006336504 2 0.93395194850733998 2 1 4
1 0 0 0 -1 0 0 0 0 -1 -0 -1 -0 
1 5 21.475000000000001 -0.050000000000768499 0 1 0 0 -0 1 1 0 -0 
6 -1 1.9882108282317999e-17 3.3177370760146204e-18 
7 0 0  3 30 15  -6.2937589048632105e-17 -3.1483068484846202 -0.103266586003574  -6.2733526711484497e-17 -3.13695353023554 -0.10979680981213499  -6.2527462287543701e-17 -3.1255231883069698 -0.11618516172226299  -6.21135594097474e-17 -3.1026317978365801 -0.12861116936672101  -6.1905783419065799e-17 -3.09117205300609 -0.134659839428905  -6.1488506406368698e-17 -3.0682281280888501 -0.146383669870468  -6.1279088372683797e-17 -3.0567448021869299 -0.15207872493518301  -6.0858612613556695e-17 -3.0337595782201099 -0.16308591201414099  -6.06476396774439e-17 -3.0222583187246901 -0.16841977366528199  -6.0224136872407806e-17 -2.9992432494545902 -0.17869343114207301  -6.0011694208765995e-17 -2.9877298204574401 -0.18365722965984799  -5.9585331343281496e-17 -2.96469664511616 -0.193177339304721  -5.9371501619630606e-17 -2.9531769631320999 -0.197760535798505  -5.8942439528769495e-17 -2.9301378027222098 -0.206502937766287  -5.8727302154434796e-17 -2.91861798766748 -0.21069279237415001  -5.8295693431823497e-17 -2.8955854880507998 -0.21862769745462299  -5.8079323481886994e-17 -2.8840719380134301 -0.22240849693721601  -5.7645309272984795e-17 -2.8610594926052602 -0.22949818548249101  -5.7427775890837001e-17 -2.84955899740492 -0.23285008120859901  -5.6991480640433602e-17 -2.8265811157862699 -0.23904511100331299  -5.6772844595077699e-17 -2.8151010359785702 -0.24194230998268099  -5.6334366639150395e-17 -2.7921740087699298 -0.24717469616301599  -5.6114676647597702e-17 -2.7807225641948099 -0.24958262340252699  -5.5674068988076096e-17 -2.75786582723283 -0.253751868710409  -5.5453358235454202e-17 -2.7464525090532699 -0.25562364912647501  -5.5010579352493699e-17 -2.7236921379804402 -0.25856097629616698  -5.4788924944194699e-17 -2.7123267491799399 -0.25986110418589697  -5.4343608025404797e-17 -2.68971174963976 -0.261162277477683  -5.4120266953450202e-17 -2.6784492447686201 -0.26133747804666402  -5.3894820873437598e-17 -2.66715949978316 -0.26104144864184597 
 0 4 0.076781862727403893 2 0.15274074541503399 2 0.22787663058354099 2 0.30218949577968501 2 0.37567931148969602 2 0.44834603782945398 2 0.52018961903609595 2 0.59120997373809103 2 0.66140697641235002 2 0.73078041830680496 2 0.79932991265973197 2 0.86705461006336504 2 0.93395194850733998 2 1 4
6 -1 0 0 
7 0 0  3 30 15  0 -2.66715949978316 0.26104144864184597  0 -2.6784492447686201 0.26133747804666402  0 -2.68971174963976 0.261162277477684  0 -2.7123267491799301 0.25986110418589697  0 -2.7236921379804402 0.25856097629616698  0 -2.7464525090532699 0.25562364912647501  0 -2.7578658272328198 0.253751868710409  0 -2.7807225641948099 0.24958262340252699  0 -2.7921740087699298 0.24717469616301599  0 -2.8151010359785702 0.24194230998268099  0 -2.8265811157862699 0.23904511100331299  0 -2.84955899740492 0.23285008120860001  0 -2.8610594926052602 0.22949818548249101  0 -2.8840719380134301 0.22240849693721601  0 -2.8955854880507998 0.21862769745462299  0 -2.91861798766748 0.21069279237415001  0 -2.9301378027222098 0.206502937766287  0 -2.9531769631320999 0.197760535798505  0 -2.9646966451161498 0.193177339304721  0 -2.9877298204574401 0.18365722965984799  0 -2.9992432494545902 0.17869343114207301  0 -3.0222583187246799 0.16841977366528199  0 -3.0337595782201099 0.16308591201414099  0 -3.0567448021869299 0.15207872493518301  0 -3.0682281280888501 0.146383669870468  0 -3.09117205300609 0.134659839428905  0 -3.1026317978365801 0.12861116936672201  0 -3.1255231883069698 0.11618516172226299  0 -3.1369535302355298 0.10979680981213499  0 -3.1483068484846202 0.103266586003574 
 0 4 0.066048051492657606 2 0.13294538993663299 2 0.20067008734027 2 0.26921958169319898 2 0.33859302358765903 2 0.40879002626192301 2 0.47981038096392098 2 0.55165396217056395 2 0.62432068851032296 2 0.69781050422033297 2 0.77212336941647497 2 0.84725925458497797 2 0.92321813727260305 2 1 4
6 -1 5.1261662397883394e-17 2.7741424400159099e-17 
7 0 0  3 30 15  -1.8001108902718799e-16 -2.42102882022985 -2.0152219360696901  -1.7929571754289e-16 -2.4080585104034999 -2.0134018478126401  -1.7857727890340301e-16 -2.3951145575950799 -2.01142249377029  -1.77142000714189e-16 -2.3694178221952802 -2.0071681767345502  -1.7642513044919101e-16 -2.3566593032751402 -2.0049027063495202  -1.7499356842604501e-16 -2.3313523969797698 -2.0000620055130902  -1.7427873491320901e-16 -2.3187924641077502 -1.99750299941498  -1.72851673782981e-16 -2.2938931385231398 -1.99207139986905  -1.7213927441084301e-16 -2.2815409031123499 -1.98921634637545  -1.70717534671135e-16 -2.25706856859669 -1.9831875575409199  -1.7000798592092901e-16 -2.2449340272201401 -1.9800329975750799  -1.6859243452975701e-16 -2.2209102431282202 -1.9733984326415199  -1.6788617765928401e-16 -2.2090045378680001 -1.9699396835365399  -1.66477743256676e-16 -2.1854537086580201 -1.9626877218652901  -1.6577525233307099e-16 -2.1737894939731102 -1.9589184890103899  -1.6437494774049499e-16 -2.1507398959185098 -1.9510333899780199  -1.63676741349127e-16 -2.13933187207072 -1.9469452032065  -1.6228569844834401e-16 -2.11681724234534 -1.9384054271168001  -1.61592357369574e-16 -2.1056829587380501 -1.93398679346327  -1.6021188467530601e-16 -2.0837451154772602 -1.92476223543034  -1.5952407953042e-16 -2.0729062230055799 -1.9199973215481601  -1.58155765844825e-16 -2.05159977896554 -1.91004433786814  -1.57474300908656e-16 -2.0410840006384698 -1.9049109079598201  -1.5612022777160101e-16 -2.0204860201187298 -1.8941621299132301  -1.55446098412788e-16 -2.0103296370697001 -1.88862902254439  -1.5410938415520801e-16 -1.9905643625582801 -1.87696727714487  -1.53443494595272e-16 -1.9807969187727701 -1.87101249444412  -1.52130834748845e-16 -1.9621513093384 -1.8581488827833701  -1.51481652366203e-16 -1.9531560000905801 -1.8513695669810399  -1.5083542473158999e-16 -1.94442863000557 -1.84420165329263 
 0 4 0.076781862727403893 2 0.15274074541503399 2 0.22787663058354099 2 0.30218949577968501 2 0.37567931148969602 2 0.44834603782945398 2 0.52018961903609595 2 0.59120997373809103 2 0.66140697641235002 2 0.73078041830680496 2 0.79932991265973197 2 0.86705461006336504 2 0.93395194850733998 2 1 4
6 -1 3.7609681629550698e-17 1.2911420011877399e-17 
7 0 0  3 30 15  -1.03681435426e-16 -2.2650985825950598 -1.43220488978303  -1.04109861300564e-16 -2.2741896027276098 -1.43890558588081  -1.04531178434986e-16 -2.2829696911419601 -1.4459614174156501  -1.05364921372866e-16 -2.3000169062218698 -1.4608786461849901  -1.05775583529996e-16 -2.3081872398513901 -1.4688853960560999  -1.06593668775015e-16 -2.3243442269849099 -1.4851830691735199  -1.0699875269496299e-16 -2.33220126738011 -1.49367037204439  -1.07804556417891e-16 -2.3476776409590001 -1.5109993908231001  -1.08204151842612e-16 -2.3552354602426 -1.5199332065881801  -1.08998872501003e-16 -2.37011430806331 -1.5381443660596199  -1.09393227694771e-16 -2.3773942076463501 -1.5474818740986001  -1.10177431875305e-16 -2.3917219187963399 -1.5664839300673801  -1.10566684104816e-16 -2.3987386484704598 -1.5761927971223999  -1.11340636903573e-16 -2.4125441245288002 -1.5959220940722501  -1.1172484236480399e-16 -2.41930771816391 -1.60597744490301  -1.1248863645027199e-16 -2.4326098770696798 -1.6263860540098201  -1.12867796054281e-16 -2.4391271678256499 -1.6367680548638099  -1.1362141471859e-16 -2.4519386081795198 -1.65781798361946  -1.1399549071555601e-16 -2.4582141983372701 -1.6685103047559799  -1.1473884297287501e-16 -2.4705432376890299 -1.6901702780388801  -1.15107769684405e-16 -2.47658012275989 -1.70115910698643  -1.1584071160559401e-16 -2.4884320352194198 -1.72340261441016  -1.1620440258549299e-16 -2.4942320193624798 -1.73467600050462  -1.1692675112554299e-16 -2.5056098364774 -1.7574800344875701  -1.1728510410883199e-16 -2.5111738189089801 -1.7690274378952999  -1.1799664652132201e-16 -2.5220788738071001 -1.7923716377851999  -1.1834954695626699e-16 -2.52740705263313 -1.8041836093182999  -1.1905004746014699e-16 -2.53783936430652 -1.8280496583586701  -1.1939745628630199e-16 -2.5429357032022701 -1.84011162696215  -1.1974013650872599e-16 -2.5478841200687601 -1.85223824350471 
 0 4 0.066048051492657606 2 0.13294538993663299 2 0.20067008734027 2 0.26921958169319898 2 0.33859302358765903 2 0.40879002626192301 2 0.47981038096392098 2 0.55165396217056395 2 0.62432068851032296 2 0.69781050422033297 2 0.77212336941647497 2 0.84725925458497797 2 0.92321813727260305 2 1 4
6 -1 -1.9882108282317999e-17 3.3177370760147097e-18 
7 0 0  3 30 15  5.21626870883663e-17 -2.4378854214461199 1.1129227767877901  5.2386168872914999e-17 -2.4484673363171598 1.1168685407071499  5.2610672483716501e-17 -2.45917649514077 1.12035976234183  5.3064623304251402e-17 -2.4809886419041098 1.1264721685547801  5.3294904677556997e-17 -2.4921603734259499 1.12893282089108  5.3757174119028097e-17 -2.5146412733870198 1.13354492661572  5.3990305022218998e-17 -2.5260439526138199 1.1354804627802899  5.4458577601214501e-17 -2.5490160002599298 1.1389586890425301  5.4694245331724997e-17 -2.5606288266780202 1.14039950791781  5.5167442650905298e-17 -2.5840125573283199 1.1428950204182999  5.5405302985202099e-17 -2.5958113337173199 1.1438823754909599  5.5882705195679402e-17 -2.6195557332160502 1.1454839154632901  5.6122479995278197e-17 -2.63152145862772 1.1460478393803  5.6603537649268398e-17 -2.6555890443759398 1.14681441852503  5.6844994996445704e-17 -2.6677063820996301 1.1469769167727699  5.7329255576617199e-17 -2.6920673768243799 1.1469505871364001  5.7572194622903204e-17 -2.70432346009156 1.14672822824167  5.8059266696048195e-17 -2.7289529485200501 1.1459403168826701  5.8303508101567198e-17 -2.7413366238282699 1.1453458852423799  5.8793041408524801e-17 -2.7662129727456399 1.14382046120479  5.9038421228927104e-17 -2.7787143151461899 1.1428640192664501  5.9530094622597194e-17 -2.8038182156102902 1.14061999766529  5.9776460259826701e-17 -2.8164282071892801 1.1393095922041401  6.0269973924302794e-17 -2.8417420561234099 1.13636209490382  6.0517181348664002e-17 -2.8544523651101201 1.13470424345623  6.1012251535218903e-17 -2.8799598464105598 1.13106552272793  6.1260163319752197e-17 -2.8927626706153 1.1290655593574399  6.1756518650086196e-17 -2.9184484604951901 1.1247456494168999  6.2004972818000802e-17 -2.9313337694440702 1.1224148619912799  6.2252366286437097e-17 -2.9441922937989999 1.11992488013017 
 0 4 0.066048051492657606 2 0.13294538993663299 2 0.20067008734027 2 0.26921958169319898 2 0.33859302358765903 2 0.40879002626192301 2 0.47981038096392098 2 0.55165396217056395 2 0.62432068851032296 2 0.69781050422033297 2 0.77212336941647497 2 0.84725925458497797 2 0.92321813727260305 2 1 4
6 -1 0 0 
7 0 0  3 30 15  0 -3.0112535051228799 0.92458224506268405  0 -3.0026357011768101 0.91471943038319403  0 -2.99389898117655 0.90496579104350905  0 -2.9762826274696401 0.88578023643278303  0 -2.9674078031820601 0.87633832693493197  0 -2.94951376492447 0.85779984572242596  0 -2.9405018186509699 0.84868473462472704  0 -2.9223360253207802 0.83081065728124803  0 -2.9131898378356702 0.82203134611340201  0 -2.8947576396305799 0.80484136296081699  0 -2.8854797827179501 0.796408112454279  0 -2.8667857828974999 0.77992496880186202  0 -2.8573784305268601 0.77184966791030896  0 -2.8384262486553999 0.756100150239292  0 -2.82889105252266 0.74839683567735105  0 -2.8096829767335501 0.73341322524098596  0 -2.8000208861801901 0.72609883631714101  0 -2.7805573366469201 0.711921157843597  0 -2.77076832876145 0.70501667238632104  0 -2.7510469750348201 0.69169640042860803  0 -2.7411296365873801 0.68522860386129703  0 -2.7211438119679401 0.67283532923161304  0 -2.7110946909429599 0.66683959215655297  0 -2.6908301467737599 0.65547467770017298  0 -2.68064299976208 0.649998417155215  0 -2.6600695969467698 0.63982996206735498  0 -2.6497421670963202 0.63490994298200298  0 -2.6287750008873498 0.62633619250143102  0 -2.6181796171272498 0.62251355542896003  0 -2.6074054610749799 0.61912777093985305 
 0 4 0.076781862727403893 2 0.15274074541503399 2 0.22787663058354099 2 0.30218949577968501 2 0.37567931148969602 2 0.44834603782945398 2 0.52018961903609595 2 0.59120997373809103 2 0.66140697641235002 2 0.73078041830680496 2 0.79932991265973197 2 0.86705461006336504 2 0.93395194850733998 2 1 4
6 -1 5.1261662397883394e-17 2.7741424400159099e-17 
7 0 0  3 30 15  -1.4396469145199801e-16 -1.67733312606518 -2.0900803858696499  -1.44551634825355e-16 -1.68375585718494 -2.0993698691818898  -1.45124109234474e-16 -1.6897691914367301 -2.1088942863497802  -1.4624729530552499e-16 -1.70104912511887 -2.1285384802060801  -1.4679383662967401e-16 -1.7061769801029201 -2.1387643052768999  -1.4787908544804399e-16 -1.71616669129723 -2.1594250906571499  -1.4841222525649699e-16 -1.72084219283461 -2.1700037048938001  -1.4946823878664499e-16 -1.72985329060524 -2.1914189599227401  -1.49988459540947e-16 -1.7341008011564301 -2.2023227368172602  -1.5101858322385001e-16 -1.7422603181479199 -2.2243783194264601  -1.5152669877279401e-16 -1.7461138887874501 -2.2355736750547299  -1.5253272423224099e-16 -1.75349532754036 -2.2581983474230798  -1.53029272372726e-16 -1.7569794074671501 -2.2696594896818301  -1.5401225052139e-16 -1.76363077250561 -2.2928024296518998  -1.5449756947338899e-16 -1.76676292890414 -2.3045090891022202  -1.55458128123506e-16 -1.7727176756048799 -2.32813110741054  -1.5593242045887601e-16 -1.77551081140448 -2.3400667436707199  -1.5687091943847301e-16 -1.7807931918884301 -2.3641359971070299  -1.5733429308822799e-16 -1.7832569622638801 -2.3762866595849199  -1.5825091054452999e-16 -1.78788499842843 -2.4007762683039702  -1.5870340521350501e-16 -1.79002672148817 -2.4131298655668298  -1.5959819003228699e-16 -1.7940140095857899 -2.4380164680887502  -1.6003979479393599e-16 -1.7958392721088701 -2.4505622828018998  -1.60912700536853e-16 -1.7991961499790901 -2.4758251025012199  -1.6134336597291e-16 -1.8007092247382199 -2.4885534578833202  -1.62194273950225e-16 -1.8034435643693001 -2.51417367016996  -1.6261392079763999e-16 -1.80464770688275 -2.5270756933410898  -1.6344265637608599e-16 -1.8067654736788199 -2.5530359800776701  -1.6385137272356401e-16 -1.8076691640728599 -2.5660991764860199  -1.64252204980644e-16 -1.8084119561096901 -2.57917548782543 
 0 4 0.066048051492657606 2 0.13294538993663299 2 0.20067008734027 2 0.26921958169319898 2 0.33859302358765903 2 0.40879002626192301 2 0.47981038096392098 2 0.55165396217056395 2 0.62432068851032296 2 0.69781050422033297 2 0.77212336941647497 2 0.84725925458497797 2 0.92321813727260305 2 1 4
6 -1 5.9358646638759703e-17 4.6200689154162201e-17 
7 0 0  3 30 15  -2.21460269651914e-16 -1.6355093078560801 -2.6921384258459198  -2.2049305963748501e-16 -1.62383274688308 -2.6862055022749498  -2.1952383490295299e-16 -1.61223282834804 -2.6801305004879601  -2.1759176614338099e-16 -1.5893097874348301 -2.66776297773928  -2.16628745858782e-16 -1.57797815729311 -2.6614775724673598  -2.14710089357019e-16 -1.5556142219770099 -2.6486820151130201  -2.13754028008213e-16 -1.5445657288337999 -2.6421834594870299  -2.1184993640975e-16 -1.52277915487865 -2.6289613611856  -2.10901420872476e-16 -1.51202323200751 -2.6222502380839998  -2.09013121464247e-16 -1.49083442061245 -2.6086019516302899  -2.08072778448993e-16 -1.48038164610486 -2.60167823528062  -2.0620159532321701e-16 -1.4598137766121599 -2.5876026394323302  -2.0527010315172499e-16 -1.4496762093009401 -2.58046551871562  -2.03417488714737e-16 -1.42975613708314 -2.565959546587  -2.0249559393532901e-16 -1.4199477896305499 -2.5586071768479699  -2.0066317542377599e-16 -1.4007073698466801 -2.54366512197692  -1.9975171699580399e-16 -1.39124489627243 -2.5360942651530798  -1.9794136852063901e-16 -1.3727230320511099 -2.52070670936601  -1.9704131427424001e-16 -1.3636267626432601 -2.51291219349448  -1.9525527566297599e-16 -1.3458727813384199 -2.4970642413975899  -1.94367779215758e-16 -1.3371683349661101 -2.4890381210602901  -1.9260886988562101e-16 -1.3202480613516201 -2.4727062264189201  -1.9173536047681399e-16 -1.3119688788663999 -2.46443647226149  -1.90007417680116e-16 -1.2959770762729499 -2.4475819393163598  -1.8914971540922801e-16 -1.2881675910975801 -2.4390508587816702  -1.8745871642866499e-16 -1.2732598162189499 -2.4216032047719498  -1.8661838589708999e-16 -1.26595511426144 -2.4127995848103598  -1.8497769010623799e-16 -1.2524965832546999 -2.3945787396247402  -1.84172153998485e-16 -1.2461899049162699 -2.38524597371386  -1.83376189099824e-16 -1.24026282558509 -2.3756326649261799 
 0 4 0.076781862727403893 2 0.15274074541503399 2 0.22787663058354099 2 0.30218949577968501 2 0.37567931148969602 2 0.44834603782945398 2 0.52018961903609595 2 0.59120997373809103 2 0.66140697641235002 2 0.73078041830680496 2 0.79932991265973197 2 0.86705461006336504 2 0.93395194850733998 2 1 4
6 -1 -3.7609681629550698e-17 1.29114200118775e-17 
7 0 0  3 30 15  9.69406038581527e-17 -1.94442863000556 1.84420165329263  9.7361385412753106e-17 -1.9531560000905801 1.8513695669810399  9.7787226723440297e-17 -1.9621513093384 1.8581488827833701  9.8654569651077295e-17 -1.9807969187727701 1.87101249444413  9.9098804802713903e-17 -1.9905643625582801 1.87696727714487  9.99927401773336e-17 -2.0103296370697001 1.88862902254439  1.00446158783525e-16 -2.02048602011872 1.8941621299132301  1.0135962426105801e-16 -2.0410840006384601 1.9049109079598201  1.01821399205675e-16 -2.05159977896554 1.91004433786815  1.0275123493534199e-16 -2.0729062230055799 1.9199973215481601  1.03220404034872e-16 -2.0837451154772499 1.92476223543035  1.04164581478737e-16 -2.1056829587380501 1.93398679346327  1.04640389175359e-16 -2.11681724234534 1.9384054271168001  1.0559741786724e-16 -2.13933187207072 1.9469452032065  1.06079254308671e-16 -2.1507398959185098 1.9510333899780199  1.0704795017863599e-16 -2.1737894939731102 1.9589184890103899  1.07535303727907e-16 -2.1854537086580201 1.9626877218652901  1.08514676039653e-16 -2.2090045378680001 1.9699396835365399  1.09007103186476e-16 -2.2209102431282202 1.9733984326415199  1.09996291712163e-16 -2.2449340272201401 1.9800329975750799  1.10493397798727e-16 -2.25706856859669 1.9831875575409199  1.11491634733399e-16 -2.2815409031123499 1.98921634637545  1.1199306116942401e-16 -2.29389313852313 1.99207139986905  1.1299964654052601e-16 -2.3187924641077502 1.99750299941498  1.13505062019676e-16 -2.3313523969797698 2.0000620055130902  1.1451934703012499e-16 -2.3566593032751402 2.0049027063495202  1.15028441304442e-16 -2.3694178221952802 2.0071681767345502  1.1604981661585901e-16 -2.3951145575950799 2.01142249377029  1.16562190831405e-16 -2.4080585104034999 2.0134018478126499  1.1707349997855601e-16 -2.42102882022985 2.0152219360696901 
 0 4 0.066048051492657606 2 0.13294538993663299 2 0.20067008734027 2 0.26921958169319898 2 0.33859302358765903 2 0.40879002626192301 2 0.47981038096392098 2 0.55165396217056395 2 0.62432068851032296 2 0.69781050422033297 2 0.77212336941647497 2 0.84725925458497797 2 0.92321813727260305 2 1 4
6 -1 -1.9882108282317999e-17 3.3177370760147097e-18 
7 0 0  3 30 15  5.6802547460093404e-17 -2.5478841200687601 1.85223824350471  5.6663929574817802e-17 -2.5429357032022701 1.84011162696215  5.6522585172603698e-17 -2.53783936430652 1.8280496583586701  5.6235987546519199e-17 -2.52740705263313 1.8041836093183099  5.6090863102256494e-17 -2.5220788738071001 1.7923716377851999  5.5796597702462801e-17 -2.5111738189089801 1.7690274378952999  5.5647662752859494e-17 -2.5056098364774 1.7574800344875701  5.5345789971936497e-17 -2.4942320193624798 1.73467600050462  5.51930719281505e-17 -2.4884320352194198 1.72340261441016  5.4883632811997203e-17 -2.47658012275989 1.70115910698643  5.4727148764109202e-17 -2.4705432376890299 1.6901702780388801  5.4410159372274401e-17 -2.4582141983372701 1.6685103047559799  5.4249913098959403e-17 -2.4519386081795198 1.65781798361946  5.3925356525511199e-17 -2.4391271678256499 1.6367680548638099  5.3761334295837202e-17 -2.4326098770696798 1.6263860540098201  5.3429148932980502e-17 -2.41930771816391 1.60597744490301  5.3261313421686099e-17 -2.4125441245288002 1.5959220940722501  5.2921374831830901e-17 -2.3987386484704598 1.5761927971223999  5.2749655984467799e-17 -2.3917219187963399 1.5664839300673801  5.24017470543378e-17 -2.3773942076463501 1.5474818740986001  5.2226027905924902e-17 -2.37011430806331 1.5381443660596199  5.1869785203461902e-17 -2.3552354602426 1.5199332065881801  5.1689879770293101e-17 -2.3476776409590001 1.5109993908231001  5.13246837068868e-17 -2.33220126738011 1.49367037204439  5.1140310539560802e-17 -2.3243442269849099 1.4851830691735199  5.0765004177501902e-17 -2.3081872398513901 1.4688853960560999  5.0575996428671202e-17 -2.3000169062218698 1.4608786461849901  5.0187570409581101e-17 -2.2829696911419601 1.4459614174156501  4.9989594347113501e-17 -2.2741896027276098 1.43890558588081  4.9786614552562603e-17 -2.2650985825950598 1.43220488978303 
 0 4 0.076781862727403893 2 0.15274074541503399 2 0.22787663058354099 2 0.30218949577968501 2 0.37567931148969602 2 0.44834603782945398 2 0.52018961903609595 2 0.59120997373809103 2 0.66140697641235002 2 0.73078041830680496 2 0.79932991265973197 2 0.86705461006336504 2 0.93395194850733998 2 1 4
6 -1 5.9358646638759703e-17 4.6200689154162201e-17 
7 0 0  3 30 15  -1.70379273101894e-16 -0.90780259882107295 -2.52146324120862  -1.7106309384764e-16 -0.91086103835228005 -2.5323348520772702  -1.71723526507526e-16 -0.91345598036883502 -2.5432957364915101  -1.7300580717117799e-16 -0.91774627681255305 -2.5655381422193702  -1.7362037446440499e-16 -0.91927597049673004 -2.5768749156734398  -1.7483569274877299e-16 -0.92201586553759896 -2.59965989663546  -1.7542669432440101e-16 -0.92300316507768598 -2.61118346524123  -1.7659081729056601e-16 -0.92457249477502002 -2.6343642813460901  -1.77159311644705e-16 -0.92504941291866505 -2.6460564259539998  -1.78278489103808e-16 -0.92560538880695398 -2.6695663670976399  -1.78826078515035e-16 -0.92561503632988495 -2.6814063798190202  -1.7990379982469699e-16 -0.92525030926200502 -2.7052019342778699  -1.80431593762945e-16 -0.92482418532032995 -2.71717335913868  -1.8147003288154299e-16 -0.923600660730439 -2.7412220454834899  -1.8197878608811901e-16 -0.92276196214619399 -2.7533114153543901  -1.8297936601098299e-16 -0.92072400743945204 -2.7775870306471502  -1.83469592471821e-16 -0.91949030867882398 -2.7897828909242302  -1.84433260857671e-16 -0.91667120140284397 -2.8142631919584402  -1.8490530675341199e-16 -0.91505616424648095 -2.8265554829612598  -1.8583268924304799e-16 -0.91148167769402499 -2.85122089801634  -1.8628677989414599e-16 -0.90949614981685001 -2.8636005596452501  -1.8717827320275499e-16 -0.90518672901802799 -2.8884334077267  -1.87614544316909e-16 -0.90283947440489598 -2.9008921173659798  -1.8847037647557099e-16 -0.89781164322584395 -2.9258761042742099  -1.8888889569126e-16 -0.89510984518459902 -2.93840609682425  -1.8970916697700199e-16 -0.889377161421952 -2.9635259739678199  -1.90109949195626e-16 -0.88632678009731403 -2.9761199143708601  -1.90894661037019e-16 -0.87990050912316498 -3.0013612389203899  -1.9127800440370999e-16 -0.87651362213909301 -3.0140100631064102  -1.91650221169548e-16 -0.872970296303473 -3.0266190480091502 
 0 4 0.066048051492657606 2 0.13294538993663299 2 0.20067008734027 2 0.26921958169319898 2 0.33859302358765903 2 0.40879002626192301 2 0.47981038096392098 2 0.55165396217056395 2 0.62432068851032296 2 0.69781050422033297 2 0.77212336941647497 2 0.84725925458497797 2 0.92321813727260305 2 1 4
6 -1 6.1023200472025295e-17 6.62888665127864e-17 
7 0 0  3 30 15  -2.45045835338255e-16 -0.67275698443444998 -3.0773199443500601  -2.4386615455469601e-16 -0.66363950887674605 -3.0679171097928899  -2.4268645424245002e-16 -0.65464065577963404 -3.0584047809682402  -2.4033965929004302e-16 -0.63697537652357805 -3.0392642654983399  -2.3917219563006e-16 -0.62829859311449698 -3.02964004652884  -2.36851349239767e-16 -0.61130110818138705 -3.0102762298394699  -2.3569718105287099e-16 -0.60296133043408395 -3.00054234402314  -2.3340379387768898e-16 -0.58664842144996399 -2.9809625664791599  -2.3226369365915002e-16 -0.57865438225689603 -2.9711226280914298  -2.2999939743438299e-16 -0.56304523047537602 -2.95133384763079  -2.2887420229495498e-16 -0.55540694314615102 -2.9413912669962898  -2.2664078568700198e-16 -0.54052383605558296 -2.9213999494488201  -2.2553141639452699e-16 -0.53325296941209299 -2.9113578748938802  -2.2333087592626698e-16 -0.51912230310304097 -2.8911698394713601  -2.2223836375041601e-16 -0.51223270952145095 -2.8810310761931999  -2.2007297893875999e-16 -0.49888646603776399 -2.8606512689786299  -2.1899850469894801e-16 -0.492394948574231 -2.85041816191326  -2.1687095437808801e-16 -0.47987298124168798 -2.8298503068608798  -2.1581590727265401e-16 -0.473800447966783 -2.81952456551041  -2.1372946142089599e-16 -0.462154247973667 -2.79877059086557  -2.12695530785386e-16 -0.45652750952858101 -2.7883530187497798  -2.10654395675452e-16 -0.445826980530863 -2.7674120273469098  -2.09643715533963e-16 -0.44068157177452899 -2.7569021051217901  -2.0765374089532301e-16 -0.43102890705674102 -2.7357682674477499  -2.06669073476738e-16 -0.42641259865042602 -2.7251636886965001  -2.0473956323038699e-16 -0.41797781213065599 -2.7038208501167702  -2.03783207919872e-16 -0.41392742980236003 -2.69312240171941  -2.0193538013185199e-16 -0.40711441788845998 -2.67151883431033  -2.01035417625957e-16 -0.40417979691558098 -2.6606439682901302  -2.0015350432522299e-16 -0.40169529935188603 -2.6496270155761898 
 0 4 0.076781862727403893 2 0.15274074541503399 2 0.22787663058354099 2 0.30218949577968501 2 0.37567931148969602 2 0.44834603782945398 2 0.52018961903609595 2 0.59120997373809103 2 0.66140697641235002 2 0.73078041830680496 2 0.79932991265973197 2 0.86705461006336504 2 0.93395194850733998 2 1 4
6 -1 -3.7609681629550698e-17 1.29114200118775e-17 
7 0 0  3 30 15  1.01314615932011e-16 -1.8084119561096901 2.57917548782543  1.0111784601208e-16 -1.8076691640728599 2.5660991764860199  1.00915194088543e-16 -1.8067654736788199 2.5530359800776701  1.00500361387892e-16 -1.80464770688275 2.5270756933410898  1.00288490531159e-16 -1.8034435643693001 2.51417367016996  9.9854859566540899e-17 -1.8007092247382199 2.4885534578833202  9.9633612164169396e-17 -1.7991961499790901 2.4758251025012199  9.91811821803792e-17 -1.7958392721088701 2.4505622828018998  9.8950550354842896e-17 -1.7940140095857799 2.4380164680887502  9.8479268341096904e-17 -1.79002672148817 2.4131298655668298  9.8239216335763504e-17 -1.78788499842843 2.4007762683039702  9.7748961744946197e-17 -1.7832569622638801 2.3762866595849199  9.7499417818842602e-17 -1.7807931918884301 2.3641359971070299  9.6989980930106502e-17 -1.77551081140448 2.3400667436707199  9.6730825969071503e-17 -1.7727176756048799 2.32813110741054  9.6201876041565099e-17 -1.76676292890414 2.3045090891022202  9.5932927039503399e-17 -1.76363077250561 2.2928024296518998  9.5383963099741497e-17 -1.7569794074671501 2.2696594896818301  9.5104948341404395e-17 -1.75349532754036 2.2581983474230798  9.4535218132360703e-17 -1.7461138887874501 2.2355736750547299  9.4245738628771905e-17 -1.7422603181479199 2.2243783194264601  9.3654092901797002e-17 -1.7341008011564301 2.2023227368172602  9.3353562139047698e-17 -1.72985329060524 2.1914189599227401  9.2738156268421298e-17 -1.72084219283461 2.1700037048938001  9.24257272125893e-17 -1.71616669129723 2.1594250906571602  9.1783257277180298e-17 -1.7061769801029201 2.1387643052768999  9.1458370361330597e-17 -1.70104912511887 2.1285384802060801  9.0780501209069201e-17 -1.6897691914367301 2.1088942863497802  9.0431367871904305e-17 -1.68375585718494 2.0993698691818898  9.0069870578560203e-17 -1.67733312606518 2.0900803858696499 
 0 4 0.076781862727403893 2 0.15274074541503399 2 0.22787663058354099 2 0.30218949577968501 2 0.37567931148969602 2 0.44834603782945398 2 0.52018961903609595 2 0.59120997373809103 2 0.66140697641235002 2 0.73078041830680496 2 0.79932991265973197 2 0.86705461006336504 2 0.93395194850733998 2 1 4
6 -1 -5.1261662397883308e-17 2.7741424400159197e-17 
7 0 0  3 30 15  1.2948136822638599e-16 -1.24026282558509 2.3756326649261799  1.3005188704503499e-16 -1.2461899049162699 2.38524597371386  1.3063408208083301e-16 -1.2524965832546999 2.3945787396247402  1.31829460952895e-16 -1.26595511426143 2.4127995848103598  1.32448137076171e-16 -1.2732598162189499 2.4216032047719498  1.3369635717377399e-16 -1.2881675910975801 2.4390508587816702  1.3433334869203999e-16 -1.2959770762729499 2.4475819393163598  1.35620683829216e-16 -1.3119688788663999 2.46443647226149  1.3627450324647001e-16 -1.3202480613516201 2.4727062264189201  1.37594934620681e-16 -1.3371683349661101 2.4890381210602901  1.3826379502254201e-16 -1.3458727813384099 2.4970642413975899  1.3961353838340299e-16 -1.3636267626432601 2.51291219349448  1.4029605924765399e-16 -1.3727230320511099 2.52070670936601  1.4167239351391701e-16 -1.39124489627243 2.53609426515307  1.42367481991952e-16 -1.4007073698466801 2.54366512197692  1.43768291780894e-16 -1.4199477896305499 2.5586071768479699  1.4447504918596801e-16 -1.42975613708314 2.565959546587  1.45898601532095e-16 -1.4496762093009401 2.58046551871562  1.46616263979936e-16 -1.4598137766121599 2.5876026394323302  1.48061084240227e-16 -1.48038164610486 2.60167823528062  1.4878898459183899e-16 -1.49083442061245 2.6086019516302899  1.5025378119503201e-16 -1.51202323200751 2.6222502380839998  1.5099132379619301e-16 -1.52277915487865 2.6289613611856  1.5247493963552899e-16 -1.5445657288337999 2.6421834594870299  1.5322158295065101e-16 -1.5556142219770099 2.6486820151130201  1.54722962439716e-16 -1.57797815729311 2.6614775724673598  1.55478206733634e-16 -1.5893097874348201 2.6677629777392902  1.5699637261540899e-16 -1.61223282834804 2.6801305004879601  1.5775953292600001e-16 -1.62383274688308 2.68620550227496  1.5852268060328199e-16 -1.6355093078560801 2.6921384258459198 
 0 4 0.066048051492657606 2 0.13294538993663299 2 0.20067008734027 2 0.26921958169319898 2 0.33859302358765903 2 0.40879002626192301 2 0.47981038096392098 2 0.55165396217056395 2 0.62432068851032296 2 0.69781050422033297 2 0.77212336941647497 2 0.84725925458497797 2 0.92321813727260305 2 1 4
6 -1 6.1023200472025295e-17 6.62888665127864e-17 
7 0 0  3 30 15  -1.80062750589458e-16 -0.0398975739860538 -2.6796064298293198  -1.80771310414684e-16 -0.039260292548921001 -2.6908820605263202  -1.8144697066012201e-16 -0.038155640098071597 -2.7020916302849902  -1.8274075700808801e-16 -0.034991379112877898 -2.7245219380973  -1.83348125403172e-16 -0.0327571454508628 -2.73574114462272  -1.8454232400131101e-16 -0.0279503141967587 -2.75818121493386  -1.8511472300249099e-16 -0.025142422514859299 -2.7694009804437298  -1.86233139698585e-16 -0.0190999229155299 -2.7918353565121401  -1.8677232472923501e-16 -0.015754567170618301 -2.8030488435428502  -1.8782455635776299e-16 -0.0086467533413578899 -2.8254654763036902  -1.88333055532899e-16 -0.0048114322888753698 -2.8366670970231  -1.8932457790623201e-16 0.00325993676265948 -2.8590549160207601  -1.89804181562017e-16 0.0075500874317255802 -2.8702393338441601  -1.90738507213917e-16 0.016515913775718798 -2.8925877182444402  -1.9119047597377801e-16 0.0212345813373877 -2.9037497277245001  -1.92069996951588e-16 0.0310443934370048 -2.92604830040974  -1.9249523222226499e-16 0.036171236354335098 -2.9371827740044401  -1.9332163160962101e-16 0.046786337373937802 -2.9594213021684799  -1.9372078457213001e-16 0.052305167726338302 -2.9705231612315299  -1.94495265371053e-16 0.063694825913975406 -2.9926915021780598  -1.94868807079525e-16 0.069592441973925404 -3.0037556997452999  -1.9559223115639399e-16 0.081731579058082704 -3.0258437689753102  -1.95940499177274e-16 0.087996989348692795 -3.0368652790345099  -1.9661347715233701e-16 0.10086468605392 -3.0588630305036499  -1.9693670770596801e-16 0.10748857515506 -3.0698368411059702  -1.9755966000464899e-16 0.121067057073994 -3.0917342546429101  -1.97858010828466e-16 0.12804140608866099 -3.10265536342007  -1.9843121077619299e-16 0.14231532865910701 -3.1244424366081098  -1.9870525021615701e-16 0.149625771263597 -3.1353061922044998  -1.9896518489734899e-16 0.15707124063701899 -3.1460814715078098 
 0 4 0.066048051492657606 2 0.13294538993663299 2 0.20067008734027 2 0.26921958169319898 2 0.33859302358765903 2 0.40879002626192301 2 0.47981038096392098 2 0.55165396217056395 2 0.62432068851032296 2 0.69781050422033297 2 0.77212336941647497 2 0.84725925458497797 2 0.92321813727260305 2 1 4
6 -1 5.6074943661632e-17 8.5829090759037486e-17 
7 0 0  3 30 15  -2.4821192407633701e-16 0.36289899715082302 -3.12902609734514  -2.4688216478930899e-16 0.36846936734434799 -3.1171722948260299  -2.4555510771139001e-16 0.373891989638866 -3.1052534473908699  -2.4292059296180499e-16 0.38438520012531902 -3.0814141110466  -2.4161254718264301e-16 0.38946687268522301 -3.06949401184001  -2.3901799900894601e-16 0.39925596599969199 -3.04566030581449  -2.3773031293169502e-16 0.40398328402717998 -3.0337459073728201  -2.3517755128758799e-16 0.413054771230979 -3.00993022329473  -2.3391115904461502e-16 0.41742064855910899 -2.9980277796275501  -2.3140217394455502e-16 0.42575864693061599 -2.9742429265774599  -2.3015810041775902e-16 0.42975472012911298 -2.9623589145449198  -2.2769510219847998e-16 0.43734024922908399 -2.9386182447517899  -2.2647448971116301e-16 0.440956503984899 -2.9267594309554799  -2.2405998039885901e-16 0.44776648743074099 -2.9030770191267399  -2.2286412632823102e-16 0.45099073277370799 -2.89125055462975  -2.20501004900467e-16 0.456996527387449 -2.86764146340865  -2.19331416366242e-16 0.45981363209682102 -2.8558550220353198  -2.17023141670251e-16 0.46497875308176401 -2.8323357139556999  -2.15881617895613e-16 0.46736949701832797 -2.8205977014219901  -2.13632477265667e-16 0.47164586922104501 -2.79718671941307  -2.12521237972367e-16 0.47358515532054701 -2.7855066011028198  -2.1033683048980801e-16 0.476906371348776 -2.76222579428992  -2.092587179329e-16 0.47836042149823499 -2.75061461714844  -2.0714694448593801e-16 0.48062793234165702 -2.7274916539827601  -2.0610567832785299e-16 0.48155081533368599 -2.7159627476696402  -2.04079276669441e-16 0.482598573495987 -2.6930375522482701  -2.0307788585779401e-16 0.48295571442163299 -2.68160361830253  -2.0116627598574001e-16 0.48238491168705699 -2.6589584104126498  -2.0024404697408701e-16 0.481629463576632 -2.6477199047573499  -1.99349287976248e-16 0.48040214551086702 -2.63649316588933 
 0 4 0.076781862727403893 2 0.15274074541503399 2 0.22787663058354099 2 0.30218949577968501 2 0.37567931148969602 2 0.44834603782945398 2 0.52018961903609595 2 0.59120997373809103 2 0.66140697641235002 2 0.73078041830680496 2 0.79932991265973197 2 0.86705461006336504 2 0.93395194850733998 2 1 4
6 -1 -5.9358646638759605e-17 4.62006891541623e-17 
7 0 0  3 30 15  1.46258683451786e-16 -0.40169529935188503 2.6496270155761898  1.4691515067250699e-16 -0.40417979691557998 2.6606439682901302  1.4759177210644701e-16 -0.40711441788845898 2.67151883431033  1.48994282975678e-16 -0.41392742980235903 2.69312240171941  1.4972898387789299e-16 -0.41797781213065499 2.7038208501167702  1.51215715241283e-16 -0.42641259865042502 2.7251636886965001  1.51979671907247e-16 -0.43102890705673902 2.7357682674477601  1.5352903888636499e-16 -0.44068157177452699 2.7569021051217901  1.54320029036301e-16 -0.445826980530862 2.7674120273469098  1.5592268619030799e-16 -0.45652750952858001 2.7883530187497798  1.56737980780462e-16 -0.462154247973666 2.79877059086557  1.5838813138181699e-16 -0.473800447966782 2.81952456551041  1.59225645105104e-16 -0.47987298124168698 2.8298503068608798  1.60919181217061e-16 -0.49239494857423 2.85041816191326  1.6177728550693699e-16 -0.49888646603776299 2.8606512689786299  1.6351106159598199e-16 -0.51223270952144895 2.8810310761931999  1.6438843639749799e-16 -0.51912230310303997 2.8911698394713601  1.6615991477489599e-16 -0.53325296941209199 2.9113578748938802  1.67055454343721e-16 -0.54052383605558196 2.9213999494488201  1.6886250808618899e-16 -0.55540694314614902 2.9413912669962898  1.69775260561975e-16 -0.56304523047537502 2.95133384763079  1.7161605398170601e-16 -0.57865438225689503 2.9711226280914298  1.7254518126413199e-16 -0.58664842144996199 2.9809625664791599  1.7441809268018799e-16 -0.60296133043408195 3.00054234402314  1.7536284283339799e-16 -0.61130110818138494 3.0102762298394699  1.77266412210994e-16 -0.62829859311449499 3.02964004652884  1.78226099880296e-16 -0.63697537652357605 3.0392642654983399  1.80158991954906e-16 -0.65464065577963304 3.0584047809682402  1.81132627843212e-16 -0.66363950887674505 3.0679171097928899  1.8210824628962299e-16 -0.67275698443444898 3.0773199443500601 
 0 4 0.066048051492657606 2 0.13294538993663299 2 0.20067008734027 2 0.26921958169319898 2 0.33859302358765903 2 0.40879002626192301 2 0.47981038096392098 2 0.55165396217056395 2 0.62432068851032296 2 0.69781050422033297 2 0.77212336941647497 2 0.84725925458497797 2 0.92321813727260305 2 1 4
6 -1 -5.1261662397883308e-17 2.7741424400159197e-17 
7 0 0  3 30 15  1.2871263212091599e-16 -0.872970296303472 3.0266190480091502  1.2854447769222501e-16 -0.87651362213909301 3.0140100631064102  1.28367198749475e-16 -0.87990050912316398 3.0013612389204001  1.2799638978587901e-16 -0.88632678009731303 2.9761199143708601  1.2780338355793599e-16 -0.889377161421951 2.9635259739678199  1.27400389284891e-16 -0.89510984518459902 2.93840609682425  1.2719128810288699e-16 -0.89781164322584395 2.9258761042742099  1.2675593170335201e-16 -0.90283947440489598 2.9008921173659798  1.2653063352531101e-16 -0.90518672901802699 2.8884334077267  1.26062643021738e-16 -0.90949614981684901 2.8636005596452501  1.25820995034281e-16 -0.911481677694024 2.85122089801634  1.2531997541013001e-16 -0.91505616424647995 2.8265554829612598  1.2506175923804e-16 -0.91667120140284297 2.8142631919584402  1.24527152943051e-16 -0.91949030867882298 2.7897828909242302  1.2425206385654801e-16 -0.92072400743945104 2.7775870306471502  1.23683092656295e-16 -0.92276196214619299 2.7533114153543901  1.2339070939965601e-16 -0.92360066073043801 2.7412220454834899  1.2278628448996001e-16 -0.92482418532032895 2.71717335913868  1.2247602393386e-16 -0.92525030926200402 2.7052019342778699  1.2183459787460099e-16 -0.92561503632988396 2.6814063798190202  1.2150564450872999e-16 -0.92560538880695298 2.6695663670976399  1.2082494500555499e-16 -0.92504941291866405 2.6460564259539998  1.20476140642968e-16 -0.92457249477501902 2.6343642813460901  1.19752625336325e-16 -0.92300316507768498 2.61118346524123  1.19382334513319e-16 -0.92201586553759796 2.59965989663546  1.1860979511191099e-16 -0.91927597049672904 2.5768749156734398  1.18216882226983e-16 -0.91774627681255205 2.5655381422193702  1.1737991848212099e-16 -0.91345598036883402 2.5432957364915101  1.1694282689418999e-16 -0.91086103835227905 2.5323348520772702  1.1648445222845599e-16 -0.90780259882107195 2.52146324120862 
 0 4 0.076781862727403893 2 0.15274074541503399 2 0.22787663058354099 2 0.30218949577968501 2 0.37567931148969602 2 0.44834603782945398 2 0.52018961903609595 2 0.59120997373809103 2 0.66140697641235002 2 0.73078041830680496 2 0.79932991265973197 2 0.86705461006336504 2 0.93395194850733998 2 1 4
6 -1 5.6074943661632e-17 8.5829090759037486e-17 
7 0 0  3 30 15  -1.7196576887427901e-16 0.83233097206499995 -2.5473726834002801  -1.72624248622946e-16 0.83659491513831996 -2.5578304443801798  -1.7324075564354801e-16 0.84127945582307395 -2.5680739686655301  -1.74397211948117e-16 0.85155537746086596 -2.5882615066687502  -1.74922936690152e-16 0.85731142458408705 -2.5981473711545502  -1.7594711509554299e-16 0.86914408738111004 -2.6178108010030399  -1.7642646305824199e-16 0.87544289165233302 -2.6275109277314201  -1.77350310761747e-16 0.88844242195769696 -2.64676775101114  -1.7778577966556e-16 0.89524753038766203 -2.6562874251497002  -1.7862232047625501e-16 0.90924889201697601 -2.6751815595382098  -1.7901740135055499e-16 0.91651356509769799 -2.6845309188396498  -1.7977417099328001e-16 0.93141691805595905 -2.7030849348049202  -1.80131370451228e-16 0.93910619105887605 -2.7122703403756199  -1.80813290509402e-16 0.95484273275347098 -2.73049662861068  -1.8113440959716001e-16 0.96293002844458497 -2.73952170077632  -1.8174491002723599e-16 0.97944865258116698 -2.7574268345055999  -1.8203127159601699e-16 0.98791306667394196 -2.7662933284347702  -1.82572838806068e-16 1.00517385053143 -2.7838801941357398  -1.8282543273649201e-16 1.0139984231777099 -2.7925885625664502  -1.8329991439135699e-16 1.0319690068071401 -2.8098575456856301  -1.8351949096023299e-16 1.0411396128388299 -2.8184073017060598  -1.8392828099291901e-16 1.05979300234713 -2.8353570070518601  -1.84115412975411e-16 1.06929761389238 -2.8437469658997201  -1.8445957125559901e-16 1.0886107615228799 -2.8603746842277999  -1.8461469671057e-16 1.09843894051958 -2.8686031302274202  -1.84895030300669e-16 1.1183917813870301 -2.8849051556276302  -1.8501848299467601e-16 1.1285343191578101 -2.8929699611844399  -1.8523560348775099e-16 1.1491090923313201 -2.9089418155697899  -1.85328252831534e-16 1.1595508906668199 -2.91684324608915  -1.85404406340782e-16 1.17009167144308 -2.92461715108483 
 0 4 0.066048051492657606 2 0.13294538993663299 2 0.20067008734027 2 0.26921958169319898 2 0.33859302358765903 2 0.40879002626192301 2 0.47981038096392098 2 0.55165396217056395 2 0.62432068851032296 2 0.69781050422033297 2 0.77212336941647497 2 0.84725925458497797 2 0.92321813727260305 2 1 4
6 -1 4.50500966131012e-17 1.02703875398015e-16 
7 0 0  3 30 15  -2.3061544102446099e-16 1.35922924143669 -2.84165372085049  -2.2921425883418098e-16 1.36064887022237 -2.8286334938031001  -2.27818932194668e-16 1.36190763644802 -2.8155997198169902  -2.2505488294801899e-16 1.3640916759897299 -2.7896449245966801  -2.23685350559853e-16 1.3650275596283199 -2.77672067286144  -2.20975248543032e-16 1.3665474611700901 -2.7509998293656701  -2.19633102258322e-16 1.3671500412175901 -2.7381960282407598  -2.16978994501404e-16 1.3679970702439099 -2.7127252365368402  -2.1566528859129499e-16 1.3682616751550301 -2.70005010204699  -2.1306943839356701e-16 1.3684249686156 -2.6748466342954398  -2.1178534253406699e-16 1.36834579114684 -2.6623090079680298  -2.09250293304225e-16 1.3678117324766199 -2.6373916558757702  -2.0799712647448699e-16 1.3673814980300001 -2.62500118932138  -2.05525792349685e-16 1.3661328312384899 -2.6003907578785399  -2.04305070583759e-16 1.3653423313305999 -2.5881581730974901  -2.01900870054439e-16 1.3633568560385001 -2.5638782092364498  -2.0071437585287799e-16 1.36219427098656 -2.5518156773634302  -1.9838143854259101e-16 1.35944282462008 -2.5278935982266701  -1.9723132537751201e-16 1.3578927050165599 -2.5160153103017899  -1.9497483293537399e-16 1.35433583814596 -2.4924842640882598  -1.9386378810742299e-16 1.35237752015987 -2.4808073216381801  -1.9169058744408399e-16 1.34795951792798 -2.45770953607235  -1.90622088137556e-16 1.3455646405749599 -2.44625535522378  -1.8854194770667601e-16 1.34020127756007 -2.4236489984151901  -1.87520582568932e-16 1.33733072644562 -2.41244510042864  -1.85549409040108e-16 1.33087791539593 -2.3904218488105999  -1.8457885230048201e-16 1.3275031131580199 -2.3794914734752601  -1.82753722036015e-16 1.31961035110817 -2.3582585847560602  -1.81883799332386e-16 1.31524669843919 -2.3478743059367999  -1.8105068937301301e-16 1.3104405637001999 -2.3376543722718499 
 0 4 0.076781862727403893 2 0.15274074541503399 2 0.22787663058354099 2 0.30218949577968501 2 0.37567931148969602 2 0.44834603782945398 2 0.52018961903609595 2 0.59120997373809103 2 0.66140697641235002 2 0.73078041830680496 2 0.79932991265973197 2 0.86705461006336504 2 0.93395194850733998 2 1 4
6 -1 -6.1023200472025197e-17 6.62888665127864e-17 
7 0 0  3 30 15  1.4545446710281101e-16 0.48040214551086802 2.63649316588933  1.46123780020637e-16 0.481629463576633 2.6477199047573499  1.46822667960335e-16 0.48238491168705799 2.6589584104126498  1.4828896091360001e-16 0.48295571442163399 2.68160361830253  1.4906869731694701e-16 0.482598573495988 2.6930375522482701  1.5065232009239799e-16 0.48155081533368799 2.7159627476696402  1.51472875497862e-16 0.48062793234165802 2.7274916539827601  1.53144041285303e-16 0.47836042149823599 2.75061461714844  1.5400246385065699e-16 0.476906371348777 2.76222579428992  1.5574839337728899e-16 0.47358515532054801 2.7855066011028198  1.56640996625234e-16 0.47164586922104601 2.79718671941307  1.5845384200477599e-16 0.46736949701832903 2.8205977014219901  1.5937783239726599e-16 0.46497875308176601 2.8323357139556999  1.61252092884355e-16 0.45981363209682202 2.8558550220353198  1.62205311468644e-16 0.456996527387451 2.86764146340865  1.6413682417379599e-16 0.45099073277370899 2.89125055462975  1.6511754087008999e-16 0.44776648743074199 2.9030770191267399  1.6710298809153299e-16 0.44095650398489999 2.9267594309554799  1.6810977085519799e-16 0.43734024922908599 2.9386182447517899  1.7014640620899301e-16 0.42975472012911498 2.9623589145449198  1.71178037072147e-16 0.42575864693061799 2.9742429265774599  1.7326351936717101e-16 0.41742064855910999 2.9980277796275501  1.7431893867403199e-16 0.41305477123098 3.00993022329473  1.7645122455901099e-16 0.40398328402718198 3.0337459073728201  1.77529492602577e-16 0.39925596599969299 3.04566030581449  1.7970676376357699e-16 0.38946687268522501 3.06949401184001  1.80807033552058e-16 0.38438520012532001 3.0814141110466  1.8302764542384601e-16 0.373891989638867 3.1052534473908699  1.8414863807782399e-16 0.36846936734434999 3.1171722948260299  1.85274335027705e-16 0.36289899715082402 3.12902609734514 
 0 4 0.066048051492657606 2 0.13294538993663299 2 0.20067008734027 2 0.26921958169319898 2 0.33859302358765903 2 0.40879002626192301 2 0.47981038096392098 2 0.55165396217056395 2 0.62432068851032296 2 0.69781050422033297 2 0.77212336941647497 2 0.84725925458497797 2 0.92321813727260305 2 1 4
6 -1 -5.9358646638759605e-17 4.62006891541623e-17 
7 0 0  3 30 15  1.3602759584871701e-16 0.15707124063702099 3.1460814715078098  1.35971723504672e-16 0.149625771263598 3.1353061922044998  1.3590374848865e-16 0.14231532865910801 3.1244424366081098  1.35744451418718e-16 0.12804140608866199 3.10265536342007  1.3565387658558299e-16 0.121067057073995 3.0917342546429101  1.35448201299599e-16 0.10748857515506199 3.0698368411059702  1.3533438877965399e-16 0.100864686053922 3.0588630305036499  1.35081886563718e-16 0.087996989348694002 3.0368652790345099  1.3494459147895001e-16 0.081731579058083897 3.0258437689753102  1.3464467020711701e-16 0.069592441973926694 3.0037556997452999  1.34483571162286e-16 0.063694825913976599 2.9926915021780598  1.3413545322884799e-16 0.052305167726339502 2.9705231612315299  1.3395012998999001e-16 0.046786337373939002 2.9594213021684799  1.3355279269349499e-16 0.036171236354336403 2.9371827740044498  1.3334269479715299e-16 0.0310443934370059 2.92604830040974  1.32894782541955e-16 0.0212345813373889 2.9037497277245001  1.32659183732029e-16 0.016515913775719999 2.8925877182444402  1.3215887228903201e-16 0.0075500874317267997 2.8702393338441601  1.31896802015395e-16 0.00325993676266068 2.8590549160207601  1.31341574892466e-16 -0.0048114322888742596 2.8366670970231  1.3105171176268599e-16 -0.0086467533413567797 2.8254654763036902  1.3043795809008401e-16 -0.015754567170617201 2.8030488435428502  1.3011846305098701e-16 -0.0190999229155288 2.7918353565121401  1.29440654014415e-16 -0.025142422514858102 2.7694009804437298  1.2908896576585699e-16 -0.0279503141967576 2.75818121493386  1.28337546050678e-16 -0.032757145450861697 2.7357411446227098  1.2795183206389299e-16 -0.034991379112876801 2.7245219380973  1.27103362634717e-16 -0.038155640098070501 2.7020916302849902  1.26651043461234e-16 -0.039260292548919898 2.6908820605263202  1.2616792971602101e-16 -0.039897573986052801 2.6796064298293198 
 0 4 0.076781862727403893 2 0.15274074541503399 2 0.22787663058354099 2 0.30218949577968501 2 0.37567931148969602 2 0.44834603782945398 2 0.52018961903609595 2 0.59120997373809103 2 0.66140697641235002 2 0.73078041830680496 2 0.79932991265973197 2 0.86705461006336504 2 0.93395194850733998 2 1 4
6 -1 4.50500966131012e-17 1.02703875398015e-16 
7 0 0  3 30 15  -1.4696576156281199e-16 1.6143635423471101 -2.1390915801650698  -1.4750476903225e-16 1.6217920826627199 -2.1475982107568199  -1.47994152187394e-16 1.6295488689100499 -2.1557656447678801  -1.4887932456195401e-16 1.64582289564364 -2.1715227799774302  -1.4925780825267399e-16 1.65447699920799 -2.1790040156115902  -1.4998149028481599e-16 1.6720532409311899 -2.19375996726379  -1.5030342226885601e-16 1.6811603846129299 -2.2008892959666801  -1.5090492282664999e-16 1.69970824480725 -2.2148817908549598  -1.5117350805194399e-16 1.7092356668317501 -2.2216760476954902  -1.5166898650444501e-16 1.7286133114750699 -2.2350002110779701  -1.51888611645928e-16 1.7385200965327099 -2.2414841608108702  -1.52287513864689e-16 1.7586404238553299 -2.2541937582187002  -1.52461359603561e-16 1.7688955671508699 -2.2603847703168598  -1.5276993400353901e-16 1.7896975257258501 -2.2725138612464302  -1.5290031778611701e-16 1.8002770655709499 -2.27842398949009  -1.5312298861641e-16 1.8217144525064399 -2.28999538519705  -1.5321164309200799e-16 1.8325991871687899 -2.2956330772656401  -1.5335168093198001e-16 1.85463518010455 -2.30666247071651  -1.53399931676692e-16 1.8658092156711299 -2.3120336616711499  -1.5345982629638099e-16 1.88841333316377 -2.32253192468613  -1.5346870604058e-16 1.8998631517070499 -2.32764074043182  -1.53450392697377e-16 1.9230094094491199 -2.3376153183174  -1.5342071728640899e-16 1.9347232501088301 -2.3424645437291298  -1.5332572307654799e-16 1.95838896944448 -2.3519203576296701  -1.5325814379211801e-16 1.97035640264253 -2.35651175922504  -1.5308768700546599e-16 1.99452140255028 -2.3654518190844098  -1.5298272776085e-16 2.0067330277320301 -2.3697863746004502  -1.5273778797233801e-16 2.03137905558475 -2.3782122119315998  -1.5259661748196501e-16 2.0438206787804201 -2.3822950747738298  -1.5243740627361001e-16 2.0563145138053298 -2.3862251822310299 
 0 4 0.066048051492657606 2 0.13294538993663299 2 0.20067008734027 2 0.26921958169319898 2 0.33859302358765903 2 0.40879002626192301 2 0.47981038096392098 2 0.55165396217056395 2 0.62432068851032296 2 0.69781050422033297 2 0.77212336941647497 2 0.84725925458497797 2 0.92321813727260305 2 1 4
6 -1 2.9143372572269002e-17 1.15084575674825e-16 
7 0 0  3 30 15  -1.9416323815886301e-16 2.20826590679816 -2.2463440709011802  -1.9277702844535899e-16 2.20538095536926 -2.2335683629557201  -1.9139991751463899e-16 2.2023394586737299 -2.2208320740699099  -1.8867855614373201e-16 2.1959776526974801 -2.19557442476582  -1.8733329568488601e-16 2.19266632990078 -2.18304656371786  -1.8467830981712499e-16 2.1857523347541101 -2.15822583524462  -1.83366662616368e-16 2.1821648779234701 -2.1459201219597999  -1.8078021952662201e-16 2.1746956600342999 -2.1215543781312198  -1.79503305476659e-16 2.17083031848053 -2.1094801003156598  -1.7698782714006899e-16 2.1628012116499402 -2.0855892046656201  -1.75746902043288e-16 2.15865536362125 -2.07375661039723  -1.73305140248629e-16 2.1500595907245299 -2.0503627577375898  -1.7210163569702199e-16 2.1456294896535302 -2.03878333773419  -1.6973677864143199e-16 2.1364574850465998 -2.01591180879428  -1.6857235818033501e-16 2.13173790281874 -2.0045986940982901  -1.6628818762207099e-16 2.1219763146765098 -1.98227896842412  -1.65164828371626e-16 2.11696002399301 -1.97124750854932  -1.6296596278481801e-16 2.106590172182 -1.9495149868191901  -1.6188607830179499e-16 2.1012671685500202 -1.9387836203104201  -1.59778373696383e-16 2.0902625043220202 -1.9176824638713199  -1.5874500538358399e-16 2.0846187963905698 -1.9072740751823001  -1.5673627629855699e-16 2.0729403349927402 -1.88686231432869  -1.5575339416336099e-16 2.06695605225879 -1.8768063679978799  -1.5385489064483801e-16 2.0545430189894098 -1.85716636708037  -1.52927769702927e-16 2.0481901025229301 -1.8475015936136201  -1.5115795902054601e-16 2.0349359844641501 -1.8287668468376801  -1.5029076457595101e-16 2.0281949512506099 -1.81952450588258  -1.4869300420334e-16 2.0138355331224198 -1.80200484928899  -1.4794429242142801e-16 2.0063365453706199 -1.7936000950445099  -1.4724064560618999e-16 1.99847241323222 -1.7854944549738501 
 0 4 0.076781862727403893 2 0.15274074541503399 2 0.22787663058354099 2 0.30218949577968501 2 0.37567931148969602 2 0.44834603782945398 2 0.52018961903609595 2 0.59120997373809103 2 0.66140697641235002 2 0.73078041830680496 2 0.79932991265973197 2 0.86705461006336504 2 0.93395194850733998 2 1 4
6 -1 -5.6074943661631902e-17 8.58290907590374e-17 
7 0 0  3 30 15  1.2715586849957599e-16 1.3104405637001999 2.3376543722718499  1.2776353237893599e-16 1.31524669843919 2.3478743059367999  1.2841011401060999e-16 1.31961035110817 2.3582585847560602  1.2978992735628699e-16 1.3275031131580199 2.3794914734752601  1.30538829687614e-16 1.33087791539593 2.3904218488105999  1.32067224333477e-16 1.33733072644562 2.41244510042864  1.328678787186e-16 1.34020127756007 2.4236489984151901  1.3450741148995799e-16 1.3455646405749599 2.44625535522378  1.3535622080493401e-16 1.34795951792798 2.45770953607235  1.3709094351234501e-16 1.35237752015987 2.4808073216381801  1.3798335229494001e-16 1.35433583814596 2.4924842640882598  1.39803549486675e-16 1.3578927050165599 2.5160153103017899  1.4073612926960599e-16 1.35944282462008 2.5278935982266701  1.4263505237099101e-16 1.36219427098656 2.5518156773634302  1.4360517662261501e-16 1.3633568560385001 2.5638782092364498  1.45577768429324e-16 1.3653423313305999 2.5881581730974901  1.4658335282091601e-16 1.3661328312384899 2.6003907578785399  1.4862562485485599e-16 1.3673814980300001 2.62500118932138  1.4966496196094299e-16 1.3678117324766299 2.6373916558757702  1.517736483253e-16 1.36834579114684 2.6623090079680298  1.52845301521159e-16 1.3684249686156 2.6748466342954398  1.55017648913851e-16 1.3682616751550301 2.70005010204699  1.5612038188784701e-16 1.3679970702439099 2.7127252365368402  1.5835401388563799e-16 1.3671500412175901 2.7381960282407598  1.5948674213666299e-16 1.3665474611700901 2.7509998293656701  1.61779567140787e-16 1.3650275596283199 2.77672067286144  1.62941323538272e-16 1.3640916759897299 2.7896449245966801  1.6529146990712401e-16 1.36190763644802 2.8155997198169902  1.6648073212269701e-16 1.36064887022237 2.8286334938030899  1.67677851975828e-16 1.35922924143669 2.84165372085049 
 0 4 0.066048051492657606 2 0.13294538993663299 2 0.20067008734027 2 0.26921958169319898 2 0.33859302358765903 2 0.40879002626192301 2 0.47981038096392098 2 0.55165396217056395 2 0.62432068851032296 2 0.69781050422033297 2 0.77212336941647497 2 0.84725925458497797 2 0.92321813727260305 2 1 4
6 -1 -6.1023200472025197e-17 6.62888665127864e-17 
7 0 0  3 30 15  1.2246681729214999e-16 1.17009167144308 2.92461715108483  1.2259472612004899e-16 1.1595508906668199 2.91684324608915  1.2270814120020699e-16 1.1491090923313201 2.9089418155697899  1.2290492358492899e-16 1.1285343191578101 2.8929699611844399  1.22989246881603e-16 1.1183917813870301 2.8849051556276302  1.23126190304201e-16 1.09843894051958 2.8686031302274202  1.2318048288291501e-16 1.0886107615228799 2.8603746842277999  1.23256800361855e-16 1.06929761389238 2.8437469658997201  1.23280641315475e-16 1.05979300234714 2.8353570070518601  1.23295354087825e-16 1.0411396128388299 2.8184073017060598  1.2328822018259101e-16 1.0319690068071401 2.8098575456856301  1.2324010139321101e-16 1.0139984231777099 2.7925885625664502  1.23201337186437e-16 1.00517385053143 2.7838801941357398  1.2308883206724699e-16 0.98791306667394296 2.7662933284347702  1.2301760787280101e-16 0.97944865258116798 2.7574268345055999  1.22838716165336e-16 0.96293002844458597 2.73952170077632  1.2273396702751499e-16 0.95484273275347198 2.73049662861068  1.2248606117824301e-16 0.93910619105887805 2.7122703403756199  1.22346395102443e-16 0.93141691805596105 2.7030849348049202  1.2202592071012199e-16 0.91651356509769899 2.6845309188396498  1.21849475881177e-16 0.90924889201697701 2.6751815595382098  1.2145141302641001e-16 0.89524753038766303 2.6562874251497002  1.2123563411414901e-16 0.88844242195769896 2.64676775101114  1.2075239407016601e-16 0.87544289165233502 2.6275109277314201  1.2049375686008799e-16 0.86914408738111104 2.6178108010030501  1.19912357337658e-16 0.85731142458408804 2.5981473711545502  1.1960828700392299e-16 0.85155537746086796 2.5882615066687502  1.18897147618143e-16 0.84127945582307595 2.5680739686655301  1.1850398166949599e-16 0.83659491513832096 2.5578304443801798  1.18070948000841e-16 0.83233097206500095 2.5473726834002801 
 0 4 0.076781862727403893 2 0.15274074541503399 2 0.22787663058354099 2 0.30218949577968501 2 0.37567931148969602 2 0.44834603782945398 2 0.52018961903609595 2 0.59120997373809103 2 0.66140697641235002 2 0.73078041830680496 2 0.79932991265973197 2 0.86705461006336504 2 0.93395194850733998 2 1 4
6 -1 2.9143372572269002e-17 1.15084575674825e-16 
7 0 0  3 30 15  -1.07771867362336e-16 2.2214547733846102 -1.49900671279328  -1.08134957025134e-16 2.23124291333365 -1.5046403875782901  -1.0844302151755101e-16 2.2412313769947199 -1.50984666310916  -1.0895235389870699e-16 2.2617399655099701 -1.51946586542794  -1.0913395499243699e-16 2.2723543191119999 -1.5237317642461701  -1.09459227915553e-16 2.2937694812471898 -1.53198120137839  -1.09576437444606e-16 2.3046980640096302 -1.5357671586679  -1.09762744018534e-16 2.3267843056411501 -1.54297902122766  -1.09819362449662e-16 2.3380015972506301 -1.54631159761774  -1.09885366402248e-16 2.36065565643572 -1.5526219101459999  -1.09886511730057e-16 2.37213099958969 -1.5555378137479501  -1.0984321231977299e-16 2.3952879516121999 -1.56102571050947  -1.09792624038817e-16 2.40699766129935 -1.5635514369108101  -1.09647370511246e-16 2.43061082176748 -1.5682689553304401  -1.0954780248544901e-16 2.4425361484658801 -1.5704236855518099  -1.09305862018842e-16 2.4665692246904798 -1.57440740296291  -1.09159400641261e-16 2.4786947500276799 -1.57620536175749  -1.0882472385599801e-16 2.50311801028346 -1.57948207703918  -1.08632991016252e-16 2.5154306286336801 -1.5809340386352  -1.08208637647887e-16 2.5402187731201802 -1.5835239318509799  -1.07972921152582e-16 2.5527070386736499 -1.58463818786443  -1.07461318379752e-16 2.5778379084719298 -1.5865567380043799  -1.07182658665448e-16 2.5904916018516602 -1.58733974116312  -1.06585768156814e-16 2.61594534499097 -1.5885989664779401  -1.06265018006375e-16 2.62875517530951 -1.58905577406326  -1.05584449306858e-16 2.6545136815589498 -1.58966507417671  -1.05222316292532e-16 2.6674710750803299 -1.5897996633042499  -1.04459406796613e-16 2.6935175780718899 -1.5897664133660301  -1.0405732474122799e-16 2.7066107832028101 -1.5895882669900301  -1.03636670688822e-16 2.71970377158961 -1.5892486887838699 
 0 4 0.066048051492657606 2 0.13294538993663299 2 0.20067008734027 2 0.26921958169319898 2 0.33859302358765903 2 0.40879002626192301 2 0.47981038096392098 2 0.55165396217056395 2 0.62432068851032296 2 0.69781050422033297 2 0.77212336941647497 2 0.84725925458497797 2 0.92321813727260305 2 1 4
6 -1 1.00785119072135e-17 1.21629550608115e-16 
7 0 0  3 30 15  -1.4280547727423599e-16 2.8180026963820901 -1.4076081852501701  -1.41519012917354e-16 2.8111257939905601 -1.3964614425980599  -1.40244629011122e-16 2.8041136277345 -1.38540281333721  -1.3773355199505499e-16 2.7898953766314101 -1.3635793681642401  -1.3649569176369201e-16 2.7826956806049101 -1.3528054859379099  -1.34060519347211e-16 2.7680970274256098 -1.3315745835505499  -1.3286102547283e-16 2.7607082903295801 -1.32110047308305  -1.3050392531362601e-16 2.7457322311800598 -1.30048018354711  -1.29343921682158e-16 2.7381558128957 -1.29031519775887  -1.27067342627262e-16 2.7228043840834899 -1.2703258234594801  -1.2594810316661801e-16 2.71504113245821 -1.2604805064407101  -1.23754858111782e-16 2.6993151307055201 -1.2411452401423799  -1.2267785078043399e-16 2.6913652332012901 -1.2316316765205499  -1.20571234233155e-16 2.6752638197963998 -1.21297753513254  -1.19538182957031e-16 2.66712659521483 -1.2038098420399901  -1.17522144332614e-16 2.6506467137643299 -1.18586904315571  -1.1653511900014299e-16 2.6423203103806001 -1.1770640851273  -1.14614530723012e-16 2.62545578747361 -1.1598761767480701  -1.1367608262713001e-16 2.6169367298516102 -1.1514546417309499  -1.1185718203657501e-16 2.5996767943902599 -1.13507001278464  -1.10970554833038e-16 2.59095927983897 -1.1270580882739301  -1.09261739037864e-16 2.5732859017776701 -1.1115442831421101  -1.08431200045953e-16 2.5643607035527198 -1.10397628914811  -1.0684465415822e-16 2.54624314479164 -1.0894309429671001  -1.06075907766666e-16 2.5370963000479199 -1.08235262218968  -1.04631773858705e-16 2.5184771643305601 -1.06893658076856  -1.0392926902365099e-16 2.50910039568799 -1.0623838252458799  -1.0267512977137599e-16 2.4898303872449699 -1.0504759274152999  -1.02103398440725e-16 2.4800086960920402 -1.0449614832812  -1.01582999534796e-16 2.4699387672960298 -1.0398485086784399 
 0 4 0.076781862727403893 2 0.15274074541503399 2 0.22787663058354099 2 0.30218949577968501 2 0.37567931148969602 2 0.44834603782945398 2 0.52018961903609595 2 0.59120997373809103 2 0.66140697641235002 2 0.73078041830680496 2 0.79932991265973197 2 0.86705461006336504 2 0.93395194850733998 2 1 4
6 -1 -4.5050096613101102e-17 1.02703875398015e-16 
7 0 0  3 30 15  9.3345824732752405e-17 1.99847241323222 1.7854944549738501  9.3824025467978104e-17 2.0063365453706199 1.7936000950445099  9.4349396177934603e-17 2.0138355331224198 1.80200484928899  9.5501839631755601e-17 2.0281949512506099 1.81952450588258  9.6147379668052198e-17 2.0349359844641501 1.8287668468376801  9.74744114674725e-17 2.0481901025229301 1.8475015936136201  9.8180821656761495e-17 2.0545430189894098 1.85716636708037  9.96387175157634e-17 2.06695605225879 1.8768063679978799  1.00401909659407e-16 2.0729403349927402 1.88686231432868  1.0197216078850601e-16 2.0846187963905698 1.9072740751823001  1.0278689305595e-16 2.0902625043220202 1.9176824638713199  1.04458302410958e-16 2.1012671685500202 1.9387836203104101  1.05320653511833e-16 2.106590172182 1.9495149868191901  1.07085504889739e-16 2.11696002399301 1.97124750854932  1.07992494190248e-16 2.1219763146765098 1.98227896842412  1.098450560259e-16 2.13173790281874 2.0045986940982901  1.10794339112663e-16 2.1364574850465998 2.01591180879428  1.1273013407739099e-16 2.1456294896535302 2.03878333773419  1.1371980890534699e-16 2.1500595907245299 2.0503627577375898  1.15735207834522e-16 2.15865536362125 2.07375661039723  1.16763690267661e-16 2.16280121164995 2.0855892046656201  1.1885566579921499e-16 2.17083031848053 2.10948010031565  1.1992160691306499e-16 2.1746956600342999 2.1215543781312198  1.2208757424368399e-16 2.1821648779234799 2.1459201219597999  1.2318980341075601e-16 2.1857523347541101 2.1582258352446102  1.2542751226582001e-16 2.19266632990078 2.18304656371786  1.2656499673398499e-16 2.1959776526974899 2.19557442476582  1.28872455227095e-16 2.2023394586737299 2.2208320740699099  1.30043501733875e-16 2.20538095536926 2.2335683629557201  1.31225649110231e-16 2.20826590679816 2.2463440709011802 
 0 4 0.066048051492657606 2 0.13294538993663299 2 0.20067008734027 2 0.26921958169319898 2 0.33859302358765903 2 0.40879002626192301 2 0.47981038096392098 2 0.55165396217056395 2 0.62432068851032296 2 0.69781050422033297 2 0.77212336941647497 2 0.84725925458497797 2 0.92321813727260305 2 1 4
6 -1 -5.6074943661631902e-17 8.58290907590374e-17 
7 0 0  3 30 15  8.9499817224977594e-17 2.05631451380534 2.3862251822310299  8.9863090770480205e-17 2.0438206787804201 2.3822950747738298  9.0210325684794701e-17 2.03137905558475 2.3782122119315998  9.0869168351103004e-17 2.0067330277320301 2.3697863746004502  9.11819035863998e-17 1.99452140255028 2.3654518190844098  9.1769637385749104e-17 1.97035640264254 2.35651175922504  9.2046634703864304e-17 1.95838896944448 2.3519203576296701  9.2562104672852502e-17 1.9347232501088301 2.3424645437291298  9.2802753019932895e-17 1.9230094094491199 2.3376153183174  9.3244569168172199e-17 1.8998631517070499 2.32764074043182  9.34481320876148e-17 1.88841333316377 2.32253192468613  9.3814600333410398e-17 1.8658092156711299 2.3120336616711499  9.3980179312349399e-17 1.85463518010455 2.30666247071651  9.4269203563238903e-17 1.8325991871687899 2.2956330772656401  9.4395686461974903e-17 1.8217144525064399 2.28999538519705  9.4604624354293195e-17 1.8002770655709599 2.2784239894900802  9.4690610521651498e-17 1.7896975257258501 2.2725138612464302  9.4816050330576503e-17 1.7688955671508699 2.2603847703168598  9.4859737973852106e-17 1.7586404238553299 2.2541937582187002  9.4897131005494199e-17 1.7385200965327201 2.2414841608108702  9.4896141909367296e-17 1.7286133114750699 2.2350002110779701  9.4839141412793599e-17 1.7092356668317501 2.2216760476954902  9.47902461790517e-17 1.69970824480725 2.2148817908549598  9.4629353280780297e-17 1.6811603846129399 2.2008892959666801  9.4528132049361195e-17 1.6720532409311899 2.19375996726379  9.4247228900179897e-17 1.65447699920799 2.1790040156115902  9.4090399617758995e-17 1.64582289564364 2.1715227799774302  9.3650544161989502e-17 1.6295488689100499 2.1557656447678801  9.3384502078800197e-17 1.6217920826627299 2.1475982107568199  9.3070940689373902e-17 1.6143635423471101 2.1390915801650698 
 0 4 0.076781862727403893 2 0.15274074541503399 2 0.22787663058354099 2 0.30218949577968501 2 0.37567931148969602 2 0.44834603782945398 2 0.52018961903609595 2 0.59120997373809103 2 0.66140697641235002 2 0.73078041830680496 2 0.79932991265973197 2 0.86705461006336504 2 0.93395194850733998 2 1 4
6 -1 1.00785119072135e-17 1.21629550608115e-16 
7 0 0  3 30 15  -5.8631352865401499e-17 2.5878169103035802 -0.69648120860468299  -5.8781142618141702e-17 2.5989039530439202 -0.69863143150452001  -5.8873342341119097e-17 2.6100416890940701 -0.70031236781774397  -5.8943006760523097e-17 2.6325624156018099 -0.70275124741721895  -5.8899418995918204e-17 2.6439867893300799 -0.70333953309031505  -5.8771543883149598e-17 2.66692020676942 -0.70418850118606702  -5.8658909335480004e-17 2.6784859470958402 -0.70422081984469997  -5.8382167797938703e-17 2.7017171831804201 -0.70387053286402401  -5.8204706210405104e-17 2.7134087767747999 -0.703380292441526  -5.7799363747402097e-17 2.7368843316749998 -0.701992933838545  -5.7562680858557004e-17 2.7486847014362601 -0.70102480790937804  -5.7040765022118202e-17 2.7723688630899099 -0.69869630525698601  -5.67489833290818e-17 2.7842642104291899 -0.69728304431523702  -5.6118598902428801e-17 2.8081297204578002 -0.69407777390431602  -5.5774781411567496e-17 2.8201085398212302 -0.69224360764983806  -5.5041795794151198e-17 2.8441329486144 -0.68820794916983596  -5.46482882542815e-17 2.8561852758092598 -0.68597133795679799  -5.3817154284227901e-17 2.88034916417041 -0.681140292125064  -5.3375803406383901e-17 2.89246610205607 -0.67851568179403499  -5.2450016880476097e-17 2.91675209345363 -0.67291655009434503  -5.19623105286905e-17 2.9289255086691601 -0.66991549944703499  -5.0944687836370699e-17 2.9533176708353901 -0.66357011716430903  -5.0411848221509202e-17 2.96553999291516 -0.66020204752828204  -4.9304705857075598e-17 2.9900234518334701 -0.65312822765561196  -4.8727753705702702e-17 3.0022875353924898 -0.649400939040916  -4.7533030098166303e-17 3.02684821414709 -0.64161345228688904  -4.6912830251453903e-17 3.0391472413653799 -0.63753349020559602  -4.5632171677233901e-17 3.0637716767435101 -0.62904475614474598  -4.49703601425091e-17 3.07609761187173 -0.62462490547457805  -4.4290516508463299e-17 3.08837092517006 -0.62005244017279004 
 0 4 0.066048051492657606 2 0.13294538993663299 2 0.20067008734027 2 0.26921958169319898 2 0.33859302358765903 2 0.40879002626192301 2 0.47981038096392098 2 0.55165396217056395 2 0.62432068851032296 2 0.69781050422033297 2 0.77212336941647497 2 0.84725925458497797 2 0.92321813727260305 2 1 4
6 -1 -1.00785119072135e-17 1.21629550608115e-16 
7 0 0  3 30 15  -8.2107568660197404e-17 3.1223651679959601 -0.41633611143592097  -8.0994813582684297e-17 3.1122415337220501 -0.40802625660306202  -7.9896535949557501e-17 3.1020185749242701 -0.399843661039892  -7.7740552194684199e-17 3.0814846468202601 -0.38381932890818099  -7.6681582007834803e-17 3.0711767763432301 -0.37596694281669701  -7.4607100146647995e-17 3.05047545572473 -0.36062656422029898  -7.3589260287916396e-17 3.0400861226757199 -0.35311908896182997  -7.1598328457476695e-17 3.0192261106522098 -0.338478782046503  -7.0622684744957102e-17 3.0087596381186099 -0.33132462222175102  -6.8717643948233205e-17 2.9877494528385302 -0.31740292814543603  -6.7785418470324699e-17 2.97721006638954 -0.310611781241103  -6.5968988815056003e-17 2.9560579920848302 -0.29743037742508599  -6.5081605709473995e-17 2.9454497928973198 -0.29101361242139601  -6.3357008743512794e-17 2.9241638086760799 -0.278598324253507  -6.2516158642912396e-17 2.9134907362862599 -0.27256951456238498  -6.0887297659605502e-17 2.8920784123943601 -0.26095180640728299  -6.0095031316515901e-17 2.8813441913144802 -0.25532750405065002  -5.8566770270839995e-17 2.8598125300485102 -0.244546785593097  -5.7825639440024896e-17 2.8490205905166399 -0.23934768606029799  -5.6404262646190506e-17 2.8273757656446699 -0.229455113386825  -5.57175394699141e-17 2.81652912244135 -0.22470786939297999  -5.4411578417545201e-17 2.7947760124602299 -0.215773181490477  -5.3783599797448599e-17 2.78387708246068 -0.21151324941204899  -5.2605526809122901e-17 2.76201831682256 -0.20363877192054899  -5.2042122982484497e-17 2.7510687463574999 -0.19991394972016799  -5.1012687645015202e-17 2.7291022652421901 -0.19327044991317999  -5.0518353059399202e-17 2.71810587954857 -0.190117372560275  -4.9686849475718802e-17 2.6960134852105102 -0.18511163899272101  -4.9328689547843899e-17 2.6849334232921001 -0.18308508055634501  -4.9025465562040797e-17 2.6737489308745701 -0.181518841555671 
 0 4 0.076781862727403893 2 0.15274074541503399 2 0.22787663058354099 2 0.30218949577968501 2 0.37567931148969602 2 0.44834603782945398 2 0.52018961903609595 2 0.59120997373809103 2 0.66140697641235002 2 0.73078041830680496 2 0.79932991265973197 2 0.86705461006336504 2 0.93395194850733998 2 1 4
6 -1 -2.9143372572268898e-17 1.15084575674825e-16 
7 0 0  3 30 15  4.7688178661358799e-17 2.4699387672960298 1.0398485086784399  4.7983131487275101e-17 2.4800086960920402 1.0449614832812  4.8331521745970802e-17 2.4898303872449801 1.0504759274152999  4.9140344079456499e-17 2.50910039568799 1.0623838252458799  4.9621194506211e-17 2.5184771643305601 1.06893658076856  5.0622549531211698e-17 2.5370963000479199 1.08235262218968  5.1170585170143598e-17 2.54624314479164 1.0894309429670901  5.2316523398354801e-17 2.5643607035527198 1.10397628914811  5.2927372398713301e-17 2.5732859017776701 1.1115442831421101  5.4197710237960001e-17 2.59095927983897 1.1270580882739301  5.4865701396141199e-17 2.5996767943902599 1.13507001278464  5.6248306736292601e-17 2.6169367298516102 1.1514546417309499  5.6969221450026994e-17 2.62545578747361 1.1598761767480701  5.8455795518255999e-17 2.6423203103806001 1.1770640851273  5.9226450900790396e-17 2.6506467137643299 1.1858690431557  6.0810880802596401e-17 2.6671265952148402 1.2038098420399801  6.1628794704384998e-17 2.6752638197963998 1.21297753513254  6.3306349160803499e-17 2.6913652332012901 1.2316316765205499  6.4169526768500402e-17 2.6993151307055201 1.2411452401423799  6.5936408957852003e-17 2.71504113245821 1.2604805064407101  6.6843205754853599e-17 2.7228043840834899 1.2703258234594701  6.8696282004713598e-17 2.7381558128957 1.29031519775887  6.9645312700069104e-17 2.7457322311800598 1.30048018354711  7.1581937100146294e-17 2.7607082903295801 1.32110047308305  7.2572012940842205e-17 2.7680970274256098 1.3315745835505499  7.4589908344626394e-17 2.7826956806049101 1.3528054859379  7.5619992585307798e-17 2.7898953766314101 1.3635793681642401  7.7717166723578298e-17 2.8041136277345 1.38540281333721  7.8785486205869598e-17 2.8111257939905601 1.3964614425980599  7.9867888225604099e-17 2.8180026963820901 1.4076081852501701 
 0 4 0.066048051492657606 2 0.13294538993663299 2 0.20067008734027 2 0.26921958169319898 2 0.33859302358765903 2 0.40879002626192301 2 0.47981038096392098 2 0.55165396217056395 2 0.62432068851032296 2 0.69781050422033297 2 0.77212336941647497 2 0.84725925458497797 2 0.92321813727260305 2 1 4
6 -1 -4.5050096613101102e-17 1.02703875398015e-16 
7 0 0  3 30 15  4.0699081640190202e-17 2.71970377158961 1.5892486887838699  4.1323798029742999e-17 2.7066107832028101 1.5895882669900301  4.1931944509069702e-17 2.6935175780718899 1.5897664133660301  4.3108756882784703e-17 2.6674710750803299 1.5897996633042499  4.36786658877917e-17 2.6545136815589498 1.58966507417671  4.4776511600006302e-17 2.62875517530951 1.58905577406326  4.5306679784130299e-17 2.61594534499097 1.5885989664779401  4.6324046051890802e-17 2.5904916018516602 1.58733974116312  4.6813678702307799e-17 2.5778379084719298 1.5865567380043799  4.7748784280173899e-17 2.5527070386736499 1.58463818786443  4.8196943439120802e-17 2.5402187731201802 1.5835239318509799  4.9047659672969903e-17 2.5154306286336801 1.5809340386352  4.9453222236366803e-17 2.50311801028346 1.57948207703918  5.0216961112491201e-17 2.4786947500276799 1.57620536175749  5.0578559864407501e-17 2.4665692246904798 1.57440740296291  5.1252109053625299e-17 2.4425361484658801 1.5704236855518099  5.15680470293591e-17 2.43061082176748 1.5682689553304401  5.2147314765831599e-17 2.40699766129935 1.5635514369108101  5.24154364289359e-17 2.3952879516121999 1.56102571050947  5.2895031089623002e-17 2.37213099958969 1.5555378137479501  5.31125218071697e-17 2.36065565643572 1.5526219101459999  5.3484995810511799e-17 2.3380015972506301 1.54631159761773  5.3648067370935999e-17 2.3267843056411501 1.54297902122766  5.3902368456530102e-17 2.3046980640096399 1.53576715866789  5.4005869680098802e-17 2.2937694812471898 1.53198120137839  5.4123375639942801e-17 2.2723543191119999 1.5237317642461701  5.4163428954512603e-17 2.2617399655099701 1.51946586542794  5.4099413492145998e-17 2.2412313769947199 1.50984666310916  5.40146900716832e-17 2.23124291333365 1.5046403875782901  5.3877046488897899e-17 2.2214547733846102 1.49900671279328 
 0 4 0.076781862727403893 2 0.15274074541503399 2 0.22787663058354099 2 0.30218949577968501 2 0.37567931148969602 2 0.44834603782945398 2 0.52018961903609595 2 0.59120997373809103 2 0.66140697641235002 2 0.73078041830680496 2 0.79932991265973197 2 0.86705461006336504 2 0.93395194850733998 2 1 4
6 -1 -1.00785119072135e-17 1.21629550608115e-16 
7 0 0  3 30 15  -4.8693553113968898e-18 2.6737489308745701 0.18151884155567  -4.7915774056063703e-18 2.6849334232921098 0.18308508055634401  -4.6567585496861899e-18 2.6960134852105102 0.18511163899272001  -4.2705718847956101e-18 2.71810587954857 0.190117372560274  -3.9978917074786199e-18 2.7291022652421901 0.19327044991317899  -3.41123525296985e-18 2.7510687463574999 0.19991394972016699  -3.0685421789532799e-18 2.76201831682256 0.203638771920548  -2.33107685014927e-18 2.78387708246068 0.21151324941204699  -1.9227882216053002e-18 2.7947760124602299 0.215773181490476  -1.0553051251637199e-18 2.81652912244135 0.22470786939297899  -5.8721799424327504e-19 2.8273757656446699 0.22945511338682301  3.9786354918774698e-19 2.8490205905166399 0.23934768606029699  9.2146099785497804e-19 2.8598125300485102 0.24454678559309601  2.0157078346287099e-18 2.8813441913144802 0.25532750405064902  2.59160422778183e-18 2.8920784123943601 0.260951806407281  3.7888564884774897e-18 2.9134907362862599 0.27256951456238399  4.4145692147431503e-18 2.9241638086760799 0.278598324253505  5.7101040898431903e-18 2.9454497928973198 0.29101361242139501  6.3836574717744599e-18 2.9560579920848302 0.29743037742508399  7.7737242615585007e-18 2.97721006638954 0.310611781241102  8.4935070758252301e-18 2.9877494528385302 0.31740292814543403  9.9750450675130899e-18 3.0087596381186099 0.33132462222175002  1.0739715843919899e-17 3.0192261106522098 0.338478782046501  1.2310171915232501e-17 3.0400861226757199 0.35311908896182898  1.31185937402792e-17 3.05047545572473 0.36062656422029798  1.4775798588768899e-17 3.0711767763432301 0.37596694281669601  1.5626992784936701e-17 3.0814846468202601 0.38381932890817999  1.7369073662013699e-17 3.1020185749242701 0.39984366103989  1.8261286871199699e-17 3.1122415337220501 0.40802625660306102  1.9169979611565099e-17 3.1223651679959601 0.41633611143591898 
 0 4 0.066048051492657606 2 0.13294538993663299 2 0.20067008734027 2 0.26921958169319898 2 0.33859302358765903 2 0.40879002626192301 2 0.47981038096392098 2 0.55165396217056395 2 0.62432068851032296 2 0.69781050422033297 2 0.77212336941647497 2 0.84725925458497797 2 0.92321813727260305 2 1 4
6 -1 -2.9143372572268898e-17 1.15084575674825e-16 
7 0 0  3 30 15  -1.8647072540168999e-17 3.08837092517006 0.62005244017278904  -1.7763166568975501e-17 3.07609761187173 0.62462490547457705  -1.6895290610309901e-17 3.0637716767435199 0.62904475614474498  -1.5200729158293599e-17 3.0391472413653799 0.63753349020559502  -1.4372753320899601e-17 3.02684821414709 0.64161345228688804  -1.27607527006661e-17 3.0022875353924898 0.649400939040915  -1.19743825156083e-17 2.9900234518334701 0.65312822765561096  -1.0446764392047599e-17 2.96553999291516 0.66020204752828104  -9.7029518410732596e-18 2.9533176708353901 0.66357011716430803  -8.2618263437173505e-18 2.9289255086691601 0.66991549944703399  -7.5616773282900502e-18 2.91675209345363 0.67291655009434403  -6.2095279368976397e-18 2.89246610205607 0.67851568179403399  -5.5543473354028298e-18 2.8803491641704202 0.681140292125063  -4.2941512744881701e-18 2.8561852758092598 0.68597133795679699  -3.6855063602836803e-18 2.8441329486144 0.68820794916983496  -2.52091202025609e-18 2.8201085398212302 0.69224360764983695  -1.96072457945833e-18 2.80812972045781 0.69407777390431502  -8.9632594390316697e-19 2.7842642104291899 0.69728304431523602  -3.87010868718923e-19 2.7723688630899099 0.69869630525698501  5.7120021812326603e-19 2.7486847014362601 0.70102480790937705  1.0265191523242599e-18 2.7368843316749998 0.701992933838544  1.87033957125459e-18 2.7134087767747999 0.703380292441525  2.2674911503408901e-18 2.7017171831804201 0.70387053286402301  2.9848403474037699e-18 2.6784859470958402 0.70422081984469898  3.31818564769535e-18 2.66692020676942 0.70418850118606602  3.8888396434243601e-18 2.6439867893300799 0.70333953309031405  4.1540818163283102e-18 2.6325624156018099 0.70275124741721795  4.52973431571416e-18 2.6100416890940701 0.70031236781774298  4.6608756646913902e-18 2.5989039530439202 0.69863143150451901  4.7365319919638e-18 2.5878169103035802 0.69648120860468199 
 0 4 0.076781862727403893 2 0.15274074541503399 2 0.22787663058354099 2 0.30218949577968501 2 0.37567931148969602 2 0.44834603782945398 2 0.52018961903609595 2 0.59120997373809103 2 0.66140697641235002 2 0.73078041830680496 2 0.79932991265973197 2 0.86705461006336504 2 0.93395194850733998 2 1 4
1 5 21.4750000000002 -0.050000000000768499 3.2684832529175399e-17 -1 -7.41205588291754e-17 -0.79176607673144805 -7.1153389442451627e-17 0.61082442627754396 -0.61082442627754396 3.8721449991707526e-17 -0.79176607673144805 
10 0 6.2831853071795862 3 17.16
2 17.16 0 0 -1 0 0 -0 -1 -6.1232339957367697e-17 0 -6.1232339957367697e-17 1 2
1 14.16 0 0 1 0 0 -0 1 6.1232339957367697e-17 0 -6.1232339957367697e-17 1 
10 0 6.2831853071795862 0.78539816339744828 7.0685834705770345
5 14.359999999999999 0 0 1 0 0 -0 1 6.1232339957367599e-17 0 -6.1232339957367599e-17 1 1.7 0.20000000000000001
10 0 6.2831853071795862 0.19999999999999929 2.8000000000000007
2 14.16 0 0 1 0 0 -0 1 6.1232339957367599e-17 0 -6.1232339957367599e-17 1 1.5
10 3.1415926535897931 9.4247779607693793 -0.14142135623731042 0.14142135623730803
3 17.059999999999999 0 0 -1 0 0 -0 -1 -1.18090941346352e-16 0 -1.18090941346352e-16 1 1.3999999999999999
0.78539816339745006
1 17.16 0 0 -1 0 0 -0 -1 -6.1232339957367697e-17 0 -6.1232339957367697e-17 1 
Triangulations 0

TShapes 369
Ve
1e-05
-8.14999999999999 -2 -3.67394039744206e-16
0 0

0101101
*
Ed
 1e-07 1 1 0
1  1 0 0 6.28318530717959
2  1 1 0 0 6.28318530717959
4 C0 1 0 2 0
0

0101000
+369 0 -369 0 *
Ve
1e-05
-16.475 -2 -3.67394039744206e-16
0 0

0101101
*
Ed
 1e-05 1 1 0
1  2 0 25.31 33.635
3  2 3CN 1 0 25.31 33.635
0

0101000
+369 0 -367 0 *
Ed
 1e-07 1 1 0
1  3 0 0 6.28318530717959
2  4 1 0 0 6.28318530717959
4 C0 1 0 3 0
0

0101000
-367 0 +367 0 *
Wi

0101100
+368 0 +366 0 -365 0 -366 0 *
Ve
1e-05
-9.65 4.60314670399263e-16 2.000000000001
0 0

0101101
*
Ed
 1.49268261648458e-06 1 1 0
1  4 0 0 1
2  5 1 0 0 1
2  6 4 0 0 1
4 C0 1 0 4 0
0

0101000
-363 0 +363 0 *
Wi

0101100
-362 0 *
Ve
1e-05
-9.65 5.57214293612046e-16 -2.00000000000106
0 0

0101101
*
Ed
 1.80751557088594e-06 1 1 0
1  5 0 0 1
2  7 1 0 0 1
2  8 4 0 0 1
4 C0 1 0 4 0
0

0101000
-360 0 +360 0 *
Wi

0101100
-359 0 *
Fa
0  1e-07 1 0

0101000
+364 0 +361 0 +358 0 *
Ve
1e-05
-8.15 4.89858719658941e-16 4
0 0

0101101
*
Ed
 1e-07 1 1 0
1  6 0 0 6.28318530717959
2  9 5 0 0 6.28318530717959
4 C0 2 0 5 0
0

0101000
+356 0 -356 0 *
Wi

0101100
-355 0 *
Wi

0101100
-368 0 *
Fa
0  1e-07 2 0

0101000
-354 0 -353 0 *
Wi

0101100
+365 0 *
Ve
1e-05
-16.475 -1.7 -3.12284933782575e-16
0 0

0101101
*
Ed
 1e-07 1 1 0
1  7 0 0 6.28318530717959
2  10 6 0 0 6.28318530717959
4 G1 3 0 6 0
0

0101000
-350 0 +350 0 *
Wi

0101100
-349 0 *
Fa
0  1e-07 3 0

0101000
+351 0 +348 0 *
Ed
 1e-05 1 1 0
1  8 0 0.9999999999992 5.00000000000068
3  11 12CN 4 0 0.9999999999992 5.00000000000068
0

0101000
-363 0 +360 0 *
Wi

0101100
-362 0 -346 0 -359 0 +346 0 *
Fa
0  1e-07 4 0

0111000
+345 0 *
Ve
1e-05
-6.65 4.89858719658941e-16 4
0 0

0101101
*
Ed
 1e-07 1 1 0
1  9 0 0 6.28318530717959
2  13 5 0 0 6.28318530717959
4 C0 5 0 7 0
0

0101000
-343 0 +343 0 *
Ed
 1e-05 1 1 0
1  10 0 0 1.5
3  14 15CN 5 0 0 1.5
0

0101000
-343 0 +356 0 *
Wi

0101100
-342 0 -341 0 +355 0 +341 0 *
Fa
0  1e-07 5 0

0111000
+340 0 *
Ve
1e-05
-16.675 -1.5 -2.75545529808154e-16
0 0

0101101
*
Ed
 1e-05 1 1 0
1  11 0 3.14159265358979 4.71238898038469
3  16 17CN 6 0 3.14159265358979 4.71238898038469
0

0101000
-350 0 +338 0 *
Ed
 1e-07 1 1 0
1  12 0 0 6.28318530717959
2  18 6 0 0 6.28318530717959
2  19 8 0 0 6.28318530717959
4 G1 6 0 8 0
0

0101000
+338 0 -338 0 *
Wi

0101100
-349 0 -337 0 +336 0 +337 0 *
Fa
0  1e-07 6 0

0101000
+335 0 *
Wi

0101100
+342 0 *
Ve
1e-05
-6.65 -2 -3.67394039744206e-16
0 0

0101101
*
Ed
 1e-07 1 1 0
1  13 0 0 6.28318530717959
2  20 9 0 0 6.28318530717959
4 C0 7 0 9 0
0

0101000
-332 0 +332 0 *
Wi

0101100
+331 0 *
Fa
0  1e-07 7 0

0101000
+333 0 +330 0 *
Ve
1e-05
-19.275 -1.5 -2.75545529808154e-16
0 0

0101101
*
Ed
 1e-05 1 1 0
1  14 0 0.199999999999999 2.8
3  21 22CN 8 0 0.199999999999999 2.8
0

0101000
+338 0 -328 0 *
Ed
 1e-07 1 1 0
1  15 0 0 6.28318530717959
2  23 8 0 0 6.28318530717959
2  24 10 0 0 6.28318530717959
4 C0 8 0 10 0
0

0101000
+328 0 -328 0 *
Wi

0101100
+336 0 +327 0 -326 0 -327 0 *
Fa
0  1e-07 8 0

0101000
+325 0 *
Ve
1e-05
-2.7 -2 -3.67394039744206e-16
0 0

0101101
*
Ed
 1e-07 1 1 0
1  16 0 0 6.28318530717959
2  25 9 0 0 6.28318530717959
4 C0 9 0 11 0
2  26 11 0 0 6.28318530717959
0

0101000
+323 0 -323 0 *
Ed
 1e-05 1 1 0
1  17 0 19.86 23.81
3  27 28CN 9 0 19.86 23.81
0

0101000
+323 0 -332 0 *
Wi

0101100
+322 0 +321 0 -331 0 -321 0 *
Fa
0  1e-07 9 0

0111000
+320 0 *
Ve
1e-05
-19.475 -1.3 -2.38806125833734e-16
0 0

0101101
*
Ed
 1e-05 1 1 0
1  18 0 -0.14142135623731 0.141421356237311
3  29 30CN 10 0 -0.14142135623731 0.141421356237311
0

0101000
-328 0 +318 0 *
Ed
 1e-07 1 1 0
1  19 0 0 6.28318530717959
2  31 10 0 0 6.28318530717959
4 C0 10 0 12 0
0

0101000
-318 0 +318 0 *
Wi

0101100
+326 0 -317 0 -316 0 +317 0 *
Fa
0  1e-07 10 0

0111000
+315 0 *
Wi

0101100
-322 1 *
Ve
1.00000206057393e-07
-2.7 -2.944192293799 -1.11992488013017
0 0

0101101
*
Ve
1.00000206057393e-07
-2.7 -3.01125350512168 -0.924582245066606
0 0

0101101
*
Ed
 1.00000202524643e-07 1 1 0
1  20 0 0 0.0655778363176021
2  32 14 0 0 0.0655778363176021
4 C0 11 0 14 0
2  33 11 0 0 0.0655778363176021
2  34 15 2 0 0.0655778363176021
2  35 16 2 0 0.0655778363176021
2  36 17 2 0 0.0655778363176021
0

0101000
+312 0 -311 0 *
Ve
1.00000206057393e-07
-2.7 -3.14830684848462 -0.103266586003574
0 0

0101101
*
Ed
 1e-07 1 1 0
1  21 0 3.83148299479355 4.09659912201171
2  37 15 0 3.83148299479355 4.09659912201171
2  38 16 0 3.83148299479355 4.09659912201171
2  39 17 0 3.83148299479355 4.09659912201171
0

0101000
+309 1 -311 1 *
Ve
1.00000206057393e-07
-2.7 -3.14830684856436 0.103266583572469
0 0

0101101
*
Ed
 1.00000202508575e-07 1 1 0
1  22 0 0 0.0655778355467098
2  40 18 0 0 0.0655778355467098
4 C0 11 0 18 0
2  41 11 0 0 0.0655778355467098
2  42 15 2 0 0.0655778355467098
2  43 16 2 0 0.0655778355467098
2  44 17 2 0 0.0655778355467098
0

0101000
+309 0 -307 0 *
Ve
1.00000206057393e-07
-2.7 -3.01125350512275 0.9245822450631
0 0

0101101
*
Ed
 1e-07 1 1 0
1  21 0 3.50078903125764 3.76590515924684
2  37 15 0 3.50078903125764 3.76590515924684
2  38 16 0 3.50078903125764 3.76590515924684
2  45 17 0 3.50078903125764 3.76590515924684
0

0101000
+305 1 -307 1 *
Ve
1.00000206057393e-07
-2.7 -2.94419229379902 1.11992488013013
0 0

0101101
*
Ed
 1.00000202507114e-07 1 1 0
1  23 0 0 0.0655778363187526
2  46 19 0 0 0.0655778363187526
4 C0 11 0 19 0
2  47 11 0 0 0.0655778363187526
2  48 15 2 0 0.0655778363187526
2  49 16 2 0 0.0655778363187526
2  50 17 2 0 0.0655778363187526
0

0101000
+305 0 -303 0 *
Ve
1.00000206057393e-07
-2.7 -2.54788412006876 1.85223824350471
0 0

0101101
*
Ed
 1e-07 1 1 0
1  21 0 3.17009506772201 3.43521119493889
2  37 15 0 3.17009506772201 3.43521119493889
2  38 16 0 3.17009506772201 3.43521119493889
2  51 17 0 3.17009506772201 3.43521119493889
0

0101000
+301 1 -303 1 *
Ve
1.00000206057393e-07
-2.7 -2.42102882023069 2.01522193606868
0 0

0101101
*
Ed
 1.00000202507114e-07 1 1 0
1  24 0 0 0.065577836318488
2  52 20 0 0 0.065577836318488
4 C0 11 0 20 0
2  53 11 0 0 0.065577836318488
2  54 15 2 0 0.065577836318488
2  55 16 2 0 0.065577836318488
2  56 17 2 0 0.065577836318488
0

0101000
+301 0 -299 0 *
Ve
1.00000206057393e-07
-2.7 -1.80841195610969 2.57917548782542
0 0

0101101
*
Ed
 1e-07 1 1 0
1  21 0 2.83940110418625 3.10451723140352
2  37 15 0 2.83940110418625 3.10451723140352
2  38 16 0 2.83940110418625 3.10451723140352
2  57 17 0 2.83940110418625 3.10451723140352
0

0101000
+297 1 -299 1 *
Ve
1.00000206057393e-07
-2.7 -1.63550930902247 2.69213842513732
0 0

0101101
*
Ed
 1.00000202508575e-07 1 1 0
1  25 0 0 0.0655778358856455
2  58 21 0 0 0.0655778358856455
4 C0 11 0 21 0
2  59 11 0 0 0.0655778358856455
2  60 15 2 0 0.0655778358856455
2  61 16 2 0 0.0655778358856455
2  62 17 2 0 0.0655778358856455
0

0101000
+297 0 -295 0 *
Ve
1.00000206057393e-07
-2.7 -0.872970296303471 3.02661904800915
0 0

0101101
*
Ed
 1e-07 1 1 0
1  21 0 2.50870714065048 2.7738232683006
2  37 15 0 2.50870714065048 2.7738232683006
2  38 16 0 2.50870714065048 2.7738232683006
2  63 17 0 2.50870714065048 2.7738232683006
0

0101000
+293 1 -295 1 *
Ve
1.00000206057393e-07
-2.7 -0.672756984449355 3.0773199443468
0 0

0101101
*
Ed
 1.00000202509062e-07 1 1 0
1  26 0 0 0.0655778363140606
2  64 22 0 0 0.0655778363140606
4 C0 11 0 22 0
2  65 11 0 0 0.0655778363140606
2  66 15 2 0 0.0655778363140606
2  67 16 2 0 0.0655778363140606
2  68 17 2 0 0.0655778363140606
0

0101000
+293 0 -291 0 *
Ve
1.00000206057393e-07
-2.7 0.157071240637021 3.14608147150781
0 0

0101101
*
Ed
 1e-07 1 1 0
1  21 0 2.17801317711471 2.44312930433642
2  37 15 0 2.17801317711471 2.44312930433642
2  38 16 0 2.17801317711471 2.44312930433642
2  69 17 0 2.17801317711471 2.44312930433642
0

0101000
+289 1 -291 1 *
Ve
1.00000206057393e-07
-2.7 0.362898997150541 3.12902609734517
0 0

0101101
*
Ed
 1.00000202507114e-07 1 1 0
1  27 0 0 0.0655778363188139
2  70 23 0 0 0.0655778363188139
4 C0 11 0 23 0
2  71 11 0 0 0.0655778363188139
2  72 15 2 0 0.0655778363188139
2  73 16 2 0 0.0655778363188139
2  74 17 2 0 0.0655778363188139
0

0101000
+289 0 -287 0 *
Ve
1.00000206057393e-07
-2.7 1.17009167144308 2.92461715108483
0 0

0101101
*
Ed
 1e-07 1 1 0
1  21 0 1.84731921357894 2.1124353407959
2  37 15 0 1.84731921357894 2.1124353407959
2  38 16 0 1.84731921357894 2.1124353407959
2  75 17 0 1.84731921357894 2.1124353407959
0

0101000
+285 1 -287 1 *
Ve
1.00000206057393e-07
-2.7 1.35922924143668 2.84165372085049
0 0

0101101
*
Ed
 1.00000202512958e-07 1 1 0
1  28 0 0 0.0655778363189031
2  76 24 0 0 0.0655778363189031
4 C0 11 0 24 0
2  77 11 0 0 0.0655778363189031
2  78 15 2 0 0.0655778363189031
2  79 16 2 0 0.0655778363189031
2  80 17 2 0 0.0655778363189031
0

0101000
+285 0 -283 0 *
Ve
1.00000206057393e-07
-2.7 2.05631451380534 2.38622518223103
0 0

0101101
*
Ed
 1e-07 1 1 0
1  21 0 1.51662525004317 1.78174137726004
2  37 15 0 1.51662525004317 1.78174137726004
2  38 16 0 1.51662525004317 1.78174137726004
2  81 17 0 1.51662525004317 1.78174137726004
0

0101000
+281 1 -283 1 *
Ve
1.00000206057393e-07
-2.7 2.20826590679343 2.24634407090583
0 0

0101101
*
Ed
 1.0000020251302e-07 1 1 0
1  29 0 0 0.065577836316799
2  82 25 0 0 0.065577836316799
4 C0 11 0 25 0
2  83 11 0 0 0.065577836316799
2  84 15 2 0 0.065577836316799
2  85 16 2 0 0.065577836316799
2  86 17 2 0 0.065577836316799
0

0101000
+281 0 -279 0 *
Ve
1.00000206057393e-07
-2.7 2.71970377158961 1.58924868878387
0 0

0101101
*
Ed
 1e-07 1 1 0
1  21 0 1.18593128650741 1.45104741372637
2  37 15 0 1.18593128650741 1.45104741372637
2  38 16 0 1.18593128650741 1.45104741372637
2  87 17 0 1.18593128650741 1.45104741372637
0

0101000
+277 1 -279 1 *
Ve
1.00000206057393e-07
-2.7 2.81800269591749 1.40760818618028
0 0

0101101
*
Ed
 1.00000202506749e-07 1 1 0
1  30 0 0 0.0655778359888436
2  88 26 0 0 0.0655778359888436
4 C0 11 0 26 0
2  89 11 0 0 0.0655778359888436
2  90 15 2 0 0.0655778359888436
2  91 16 2 0 0.0655778359888436
2  92 17 2 0 0.0655778359888436
0

0101000
+277 0 -275 0 *
Ve
1.00000206057393e-07
-2.7 3.08837092517006 0.620052440172789
0 0

0101101
*
Ed
 1e-07 1 1 0
1  21 0 0.855237322971638 1.12035345051856
2  37 15 0 0.855237322971638 1.12035345051856
2  38 16 0 0.855237322971638 1.12035345051856
2  93 17 0 0.855237322971638 1.12035345051856
0

0101000
+273 1 -275 1 *
Ve
1.00000206057393e-07
-2.7 3.12236516799595 0.416336111435937
0 0

0101101
*
Ed
 1.00000202507114e-07 1 1 0
1  31 0 0 0.0655778363188985
2  94 27 0 0 0.0655778363188985
4 C0 11 0 27 0
2  95 11 0 0 0.0655778363188985
2  96 15 2 0 0.0655778363188985
2  97 16 2 0 0.0655778363188985
2  98 17 2 0 0.0655778363188985
0

0101000
+273 0 -271 0 *
Ve
1.00000206057393e-07
-2.7 3.12236516799596 -0.41633611143592
0 0

0101101
*
Ed
 1e-07 1 1 0
1  21 0 0.524543359435871 0.78965948665274
2  37 15 0 0.524543359435871 0.78965948665274
2  38 16 0 0.524543359435871 0.78965948665274
2  99 17 0 0.524543359435871 0.78965948665274
0

0101000
+269 1 -271 1 *
Ve
1.00000206057393e-07
-2.7 3.08837092517053 -0.620052440170439
0 0

0101101
*
Ed
 1.00000202506627e-07 1 1 0
1  32 0 0 0.0655778363181436
2  100 28 0 0 0.0655778363181436
4 C0 11 0 28 0
2  101 11 0 0 0.0655778363181436
2  102 15 2 0 0.0655778363181436
2  103 16 2 0 0.0655778363181436
2  104 17 2 0 0.0655778363181436
0

0101000
+269 0 -267 0 *
Ve
1.00000206057393e-07
-2.7 2.81800269638209 -1.40760818525017
0 0

0101101
*
Ed
 1e-07 1 1 0
1  21 0 0.193849395900103 0.458965523117727
2  37 15 0 0.193849395900103 0.458965523117727
2  38 16 0 0.193849395900103 0.458965523117727
2  105 17 0 0.193849395900103 0.458965523117727
0

0101000
+265 1 -267 1 *
Ve
1.00000206057393e-07
-2.7 2.71970377158961 -1.58924868878387
0 0

0101101
*
Ed
 1.00000202506627e-07 1 1 0
1  33 0 0 0.0655778363189041
2  106 29 0 0 0.0655778363189041
4 C0 11 0 29 0
2  107 11 0 0 0.0655778363189041
2  108 15 2 0 0.0655778363189041
2  109 16 2 0 0.0655778363189041
2  110 17 2 0 0.0655778363189041
0

0101000
+265 0 -263 0 *
Ve
1e-07
5 18.775 3.09999999999923
0 0

0101101
*
Ed
 1e-07 1 1 0
1  21 0 0 0.128271559581199
2  37 15 0 0 0.128271559581199
2  38 16 0 0 0.128271559581199
2  111 17 0 0 0.128271559581199
0

0101000
+261 0 -263 1 *
Ve
1.00000206057393e-07
-2.7 2.20826590679816 -2.24634407090118
0 0

0101101
*
Ed
 1e-07 1 1 0
1  21 0 6.14634073954392 6.28318530717959
2  37 15 0 6.14634073954392 6.28318530717959
2  38 16 0 6.14634073954392 6.28318530717959
2  112 17 0 6.14634073954392 6.28318530717959
0

0101000
+259 1 -261 0 *
Ve
1.00000206057393e-07
-2.7 2.05631451380539 -2.38622518223098
0 0

0101101
*
Ed
 1.00000202512958e-07 1 1 0
1  34 0 0 0.0655778363188803
2  113 30 0 0 0.0655778363188803
4 C0 11 0 30 0
2  114 11 0 0 0.0655778363188803
2  115 15 2 0 0.0655778363188803
2  116 16 2 0 0.0655778363188803
2  117 17 2 0 0.0655778363188803
0

0101000
+259 0 -257 0 *
Ve
1.00000206057393e-07
-2.7 1.35922924143669 -2.84165372085049
0 0

0101101
*
Ed
 1e-07 1 1 0
1  21 0 5.81564677600816 6.08076290322504
2  37 15 0 5.81564677600816 6.08076290322504
2  38 16 0 5.81564677600816 6.08076290322504
2  118 17 0 5.81564677600816 6.08076290322504
0

0101000
+255 1 -257 1 *
Ve
1.00000206057393e-07
-2.7 1.17009167260776 -2.92461715061886
0 0

0101101
*
Ed
 1.00000202516853e-07 1 1 0
1  35 0 0 0.0655778359206707
2  119 31 0 0 0.0655778359206707
4 C0 11 0 31 0
2  120 11 0 0 0.0655778359206707
2  121 15 2 0 0.0655778359206707
2  122 16 2 0 0.0655778359206707
2  123 17 2 0 0.0655778359206707
0

0101000
+255 0 -253 0 *
Ve
1.00000206057393e-07
-2.7 0.362898997150822 -3.12902609734514
0 0

0101101
*
Ed
 1e-07 1 1 0
1  21 0 5.48495281247239 5.75006894008748
2  37 15 0 5.48495281247239 5.75006894008748
2  38 16 0 5.48495281247239 5.75006894008748
2  124 17 0 5.48495281247239 5.75006894008748
0

0101000
+251 1 -253 1 *
Ve
1.00000206057393e-07
-2.7 0.15707124063702 -3.14608147150781
0 0

0101101
*
Ed
 1.00000202520261e-07 1 1 0
1  36 0 0 0.0655778363189041
2  125 32 0 0 0.0655778363189041
4 C0 11 0 32 0
2  126 11 0 0 0.0655778363189041
2  127 15 2 0 0.0655778363189041
2  128 16 2 0 0.0655778363189041
2  129 17 2 0 0.0655778363189041
0

0101000
+251 0 -249 0 *
Ve
1.00000206057393e-07
-2.7 -0.672756984434451 -3.07731994435006
0 0

0101101
*
Ed
 1e-07 1 1 0
1  21 0 5.15425884893662 5.41937497615348
2  37 15 0 5.15425884893662 5.41937497615348
2  38 16 0 5.15425884893662 5.41937497615348
2  130 17 0 5.15425884893662 5.41937497615348
0

0101000
+247 1 -249 1 *
Ve
1.00000206057393e-07
-2.7 -0.872970296293619 -3.02661904801199
0 0

0101101
*
Ed
 1.00000202514418e-07 1 1 0
1  37 0 0 0.0655778363156482
2  131 33 0 0 0.0655778363156482
4 C0 11 0 33 0
2  132 11 0 0 0.0655778363156482
2  133 15 2 0 0.0655778363156482
2  134 16 2 0 0.0655778363156482
2  135 17 2 0 0.0655778363156482
0

0101000
+247 0 -245 0 *
Ve
1.00000206057393e-07
-2.7 -1.63550930785608 -2.69213842584592
0 0

0101101
*
Ed
 1e-07 1 1 0
1  21 0 4.82356488540085 5.08868101262097
2  37 15 0 4.82356488540085 5.08868101262097
2  38 16 0 4.82356488540085 5.08868101262097
2  136 17 0 4.82356488540085 5.08868101262097
0

0101000
+243 1 -245 1 *
Ve
1.00000206057393e-07
-2.7 -1.80841195610961 -2.57917548782548
0 0

0101101
*
Ed
 1.0000020251284e-07 1 1 0
1  38 0 0 0.0655778363188727
2  137 34 0 0 0.0655778363188727
4 C0 11 0 34 0
2  138 11 0 0 0.0655778363188727
2  139 15 2 0 0.0655778363188727
2  140 16 2 0 0.0655778363188727
2  141 17 2 0 0.0655778363188727
0

0101000
+243 0 -241 0 *
Ve
1.00000206057393e-07
-2.7 -2.42102882022985 -2.01522193606969
0 0

0101101
*
Ed
 1e-07 1 1 0
1  21 0 4.49287092186508 4.75798704908198
2  37 15 0 4.49287092186508 4.75798704908198
2  38 16 0 4.49287092186508 4.75798704908198
2  142 17 0 4.49287092186508 4.75798704908198
0

0101000
+239 1 -241 1 *
Ve
1.00000206057393e-07
-2.7 -2.54788412006874 -1.85223824350475
0 0

0101101
*
Ed
 1.000002025188e-07 1 1 0
1  39 0 0 0.0655778363188903
2  143 35 0 0 0.0655778363188903
4 C0 11 0 35 0
2  144 11 0 0 0.0655778363188903
2  145 15 2 0 0.0655778363188903
2  146 16 2 0 0.0655778363188903
2  147 17 2 0 0.0655778363188903
0

0101000
+239 0 -237 0 *
Ed
 1e-07 1 1 0
1  21 0 4.16217695832932 4.42729308554619
2  37 15 0 4.16217695832932 4.42729308554619
2  38 16 0 4.16217695832932 4.42729308554619
2  148 17 0 4.16217695832932 4.42729308554619
0

0101000
+312 1 -237 1 *
Wi

0101100
+310 1 -308 0 +306 1 -304 0 +302 1 -300 0 +298 1 -296 0 +294 1 -292 0 
+290 1 -288 0 +286 1 -284 0 +282 1 -280 0 +278 1 -276 0 +274 1 -272 0 
+270 1 -268 0 +266 1 -264 0 +262 1 -260 0 -258 0 +256 1 -254 0 +252 1 
-250 0 +248 1 -246 0 +244 1 -242 0 +240 1 -238 0 +236 1 -235 0 *
Fa
0  0 13 0

0101000
+313 0 +234 0 *
Wi

0101100
+316 0 *
Fa
0  1e-07 12 0

0111000
+232 0 *
Ve
1.00000198974392e-07
0 -3.01125350512168 -0.924582245066606
0 0

0101101
*
Ed
 1.00000002808667e-07 1 1 0
1  40 0 0 2.7
2  149 36 0 0 2.7
2  150 14 0 0 2.7
4 C0 36 0 14 0
2  151 15 2 0 2.7
2  152 17 2 0 2.7
0

0101000
+230 0 -311 0 *
Ve
1.00000198974392e-07
0 -2.944192293799 -1.11992488013017
0 0

0101101
*
Ed
 1.00000003020133e-07 1 1 0
1  41 0 0 2.7
2  153 37 0 0 2.7
2  154 14 0 0 2.7
4 C0 37 0 14 0
2  155 15 2 0 2.7
2  156 17 2 0 2.7
0

0101000
+228 0 -312 0 *
Ed
 1.00000198974392e-07 1 1 0
1  42 0 0 0.0655778363176021
2  157 14 0 0 0.0655778363176021
4 C0 14 0 38 0
2  158 38 0 0 0.0655778363176021
2  159 15 2 0 0.0655778363176021
2  160 39 2 0 0.0655778363176021
2  161 17 2 0 0.0655778363176021
0

0101000
+228 0 -230 0 *
Wi

0101100
+229 0 -310 0 -227 0 +226 0 *
Fa
0  1e-07 14 0

0111000
+225 0 *
Ve
1.00000198955931e-07
0 -3.14830684848462 -0.103266586003574
0 0

0101101
*
Ed
 1.00000001884111e-07 1 1 0
1  43 0 0 2.7
2  162 40 0 0 2.7
2  163 18 0 0 2.7
4 C0 40 0 18 0
2  164 15 2 0 2.7
2  165 17 2 0 2.7
0

0101000
+223 0 -309 0 *
Ve
1.00000198972286e-07
0 -3.14830684856436 0.103266583572469
0 0

0101101
*
Ed
 1.00000198955931e-07 1 1 0
1  44 0 0 0.0655778355467098
2  166 18 0 0 0.0655778355467098
4 C0 18 0 38 0
2  167 38 0 0 0.0655778355467098
2  168 15 2 0 0.0655778355467098
2  169 39 2 0 0.0655778355467098
2  170 17 2 0 0.0655778355467098
0

0101000
+223 0 -221 0 *
Ed
 1.00000002843558e-07 1 1 0
1  45 0 0 2.7
2  171 18 0 0 2.7
2  172 41 0 0 2.7
4 C0 18 0 41 0
2  173 15 2 0 2.7
2  174 17 2 0 2.7
0

0101000
+221 0 -307 0 *
Wi

0101100
-222 0 +220 0 +219 0 -306 0 *
Fa
0  1e-07 18 0

0111000
+218 0 *
Ve
1.0000019901518e-07
0 -2.42102882022985 -2.01522193606968
0 0

0101101
*
Ed
 1.0000000137327e-07 1 1 0
1  46 0 0 2.7
2  175 42 0 0 2.7
2  176 35 0 0 2.7
4 C0 42 0 35 0
2  177 15 2 0 2.7
2  178 17 2 0 2.7
0

0101000
+216 0 -239 0 *
Ve
1.00000198992883e-07
0 -2.54788412006874 -1.85223824350475
0 0

0101101
*
Ed
 1.00000198963148e-07 1 1 0
1  47 0 0 0.0655778363188897
2  179 35 0 0 0.0655778363188897
4 C0 35 0 38 0
2  180 38 0 0 0.0655778363188897
2  181 15 2 0 0.0655778363188897
2  182 39 2 0 0.0655778363188897
2  183 17 2 0 0.0655778363188897
0

0101000
+216 0 -214 0 *
Ed
 1.00000001047382e-07 1 1 0
1  48 0 0 2.7
2  184 35 0 0 2.7
2  185 43 0 0 2.7
4 C0 35 0 43 0
2  186 15 2 0 2.7
2  187 17 2 0 2.7
0

0101000
+214 0 -237 0 *
Wi

0101100
-215 0 +213 0 +212 0 -236 0 *
Fa
0  1e-07 35 0

0111000
+211 0 *
Ve
1.00000198977737e-07
0 -2.94419229379902 1.11992488013013
0 0

0101101
*
Ed
 1.00000001256074e-07 1 1 0
1  49 0 0 2.7
2  188 19 0 0 2.7
2  189 44 0 0 2.7
4 C0 19 0 44 0
2  190 15 2 0 2.7
2  191 17 2 0 2.7
0

0101000
+209 0 -303 0 *
Ve
1.00000198996568e-07
0 -3.01125350512275 0.9245822450631
0 0

0101101
*
Ed
 1.00000004528839e-07 1 1 0
1  50 0 0 2.7
2  192 45 0 0 2.7
2  193 19 0 0 2.7
4 C0 45 0 19 0
2  194 15 2 0 2.7
2  195 17 2 0 2.7
0

0101000
+207 0 -305 0 *
Ed
 1.00000198954444e-07 1 1 0
1  51 0 0 0.0655778363187526
2  196 19 0 0 0.0655778363187526
4 C0 19 0 38 0
2  197 38 0 0 0.0655778363187526
2  198 15 2 0 0.0655778363187526
2  199 39 2 0 0.0655778363187526
2  200 17 2 0 0.0655778363187526
0

0101000
+207 0 -209 0 *
Wi

0101100
+208 0 -302 0 -206 0 +205 0 *
Fa
0  1e-07 19 0

0111000
+204 0 *
Ve
1.00000198962283e-07
0 -1.80841195610961 -2.57917548782548
0 0

0101101
*
Ed
 1.0000000219642e-07 1 1 0
1  52 0 0 2.7
2  201 34 0 0 2.7
2  202 46 0 0 2.7
4 C0 34 0 46 0
2  203 15 2 0 2.7
2  204 17 2 0 2.7
0

0101000
+202 0 -241 0 *
Ve
1.00000198991241e-07
0 -1.63550930785608 -2.69213842584592
0 0

0101101
*
Ed
 1.00000001694682e-07 1 1 0
1  53 0 0 2.7
2  205 47 0 0 2.7
2  206 34 0 0 2.7
4 C0 47 0 34 0
2  207 15 2 0 2.7
2  208 17 2 0 2.7
0

0101000
+200 0 -243 0 *
Ed
 1.00000198962283e-07 1 1 0
1  54 0 0 0.0655778363188727
2  209 34 0 0 0.0655778363188727
4 C0 34 0 38 0
2  210 38 0 0 0.0655778363188727
2  211 15 2 0 0.0655778363188727
2  212 39 2 0 0.0655778363188727
2  213 17 2 0 0.0655778363188727
0

0101000
+200 0 -202 0 *
Wi

0101100
+201 0 -240 0 -199 0 +198 0 *
Fa
0  1e-07 34 0

0111000
+197 0 *
Ve
1.00000198955931e-07
0 -2.42102882023069 2.01522193606868
0 0

0101101
*
Ed
 1.00000001986027e-07 1 1 0
1  55 0 -0 2.7
2  214 20 0 -0 2.7
2  215 48 0 -0 2.7
4 C0 20 0 48 0
2  216 15 2 -0 2.7
2  217 17 2 -0 2.7
0

0101000
+195 0 -299 0 *
Ve
1.00000199001523e-07
0 -2.54788412006876 1.85223824350471
0 0

0101101
*
Ed
 1.00000001776357e-07 1 1 0
1  56 0 -0 2.7
2  218 49 0 -0 2.7
2  219 20 0 -0 2.7
4 C0 49 0 20 0
2  220 15 2 -0 2.7
2  221 17 2 -0 2.7
0

0101000
+193 0 -301 0 *
Ed
 1.00000198954444e-07 1 1 0
1  57 0 0 0.065577836318488
2  222 20 0 0 0.065577836318488
4 C0 20 0 38 0
2  223 38 0 0 0.065577836318488
2  224 15 2 0 0.065577836318488
2  225 39 2 0 0.065577836318488
2  226 17 2 0 0.065577836318488
0

0101000
+193 0 -195 0 *
Wi

0101100
+194 0 -298 0 -192 0 +191 0 *
Fa
0  1e-07 20 0

0111000
+190 0 *
Ve
1.00000199002019e-07
0 -0.872970296293619 -3.02661904801199
0 0

0101101
*
Ed
 1.00000000888178e-07 1 1 0
1  58 0 0 2.7
2  227 33 0 0 2.7
2  228 50 0 0 2.7
4 C0 33 0 50 0
2  229 15 2 0 2.7
2  230 17 2 0 2.7
0

0101000
+188 0 -245 0 *
Ve
1.00000198970428e-07
0 -0.672756984434451 -3.07731994435006
0 0

0101101
*
Ed
 1.00000001404333e-07 1 1 0
1  59 0 0 2.7
2  231 51 0 0 2.7
2  232 33 0 0 2.7
4 C0 51 0 33 0
2  233 15 2 0 2.7
2  234 17 2 0 2.7
0

0101000
+186 0 -247 0 *
Ed
 1.00000198963985e-07 1 1 0
1  60 0 0 0.0655778363156482
2  235 33 0 0 0.0655778363156482
4 C0 33 0 38 0
2  236 38 0 0 0.0655778363156482
2  237 15 2 0 0.0655778363156482
2  238 39 2 0 0.0655778363156482
2  239 17 2 0 0.0655778363156482
0

0101000
+186 0 -188 0 *
Wi

0101100
+187 0 -244 0 -185 0 +184 0 *
Fa
0  1e-07 33 0

0111000
+183 0 *
Ve
1.00000199009451e-07
0 -1.80841195610969 2.57917548782542
0 0

0101101
*
Ed
 1.00000001332268e-07 1 1 0
1  61 0 -0 2.7
2  240 52 0 -0 2.7
2  241 21 0 -0 2.7
4 C0 52 0 21 0
2  242 15 2 -0 2.7
2  243 17 2 -0 2.7
0

0101000
+181 0 -297 0 *
Ve
1.00000198958409e-07
0 -1.63550930902247 2.69213842513732
0 0

0101101
*
Ed
 1.00000198955931e-07 1 1 0
1  62 0 0 0.0655778358856455
2  244 21 0 0 0.0655778358856455
4 C0 21 0 38 0
2  245 38 0 0 0.0655778358856455
2  246 15 2 0 0.0655778358856455
2  247 39 2 0 0.0655778358856455
2  248 17 2 0 0.0655778358856455
0

0101000
+181 0 -179 0 *
Ed
 1.00000003662053e-07 1 1 0
1  63 0 -0 2.7
2  249 21 0 -0 2.7
2  250 53 0 -0 2.7
4 C0 21 0 53 0
2  251 15 2 -0 2.7
2  252 17 2 -0 2.7
0

0101000
+179 0 -295 0 *
Wi

0101100
-180 0 +178 0 +177 0 -294 0 *
Fa
0  1e-07 21 0

0111000
+176 0 *
Ve
1.00000198967826e-07
0 0.15707124063702 -3.14608147150781
0 0

0101101
*
Ed
 1.00000002094765e-07 1 1 0
1  64 0 -0 2.7
2  253 32 0 -0 2.7
2  254 54 0 -0 2.7
4 C0 32 0 54 0
2  255 15 2 -0 2.7
3  256 257C0 17 2 -0 2.7
0

0101000
+174 0 -249 0 *
Ve
1.00000199016388e-07
0 0.362898997150822 -3.12902609734514
0 0

0101101
*
Ed
 1.00000002220446e-07 1 1 0
1  65 0 0 2.7
2  258 55 0 0 2.7
2  259 32 0 0 2.7
4 C0 55 0 32 0
2  260 15 2 0 2.7
3  261 262C0 17 2 0 2.7
0

0101000
+172 0 -251 0 *
Ed
 1.00000198967826e-07 1 1 0
1  66 0 0 0.0655778363189041
2  263 32 0 0 0.0655778363189041
4 C0 32 0 38 0
2  264 38 0 0 0.0655778363189041
2  265 15 2 0 0.0655778363189041
2  266 39 2 0 0.0655778363189041
2  267 17 2 0 0.0655778363189041
0

0101000
+172 0 -174 0 *
Wi

0101100
+173 0 -248 0 -171 0 +170 0 *
Fa
0  1e-07 32 0

0111000
+169 0 *
Ve
1.00000198967826e-07
0 -0.672756984449355 3.0773199443468
0 0

0101101
*
Ed
 1.00000000444089e-07 1 1 0
1  67 0 0 2.7
2  268 22 0 0 2.7
2  269 56 0 0 2.7
4 C0 22 0 56 0
2  270 15 2 0 2.7
2  271 17 2 0 2.7
0

0101000
+167 0 -291 0 *
Ve
1.00000198964356e-07
0 -0.872970296303471 3.02661904800915
0 0

0101101
*
Ed
 1.00000004803559e-07 1 1 0
1  68 0 -0 2.7
2  272 57 0 -0 2.7
2  273 22 0 -0 2.7
4 C0 57 0 22 0
2  274 15 2 -0 2.7
2  275 17 2 -0 2.7
0

0101000
+165 0 -293 0 *
Ed
 1.00000198956427e-07 1 1 0
1  69 0 0 0.0655778363140606
2  276 22 0 0 0.0655778363140606
4 C0 22 0 38 0
2  277 38 0 0 0.0655778363140606
2  278 15 2 0 0.0655778363140606
2  279 39 2 0 0.0655778363140606
2  280 17 2 0 0.0655778363140606
0

0101000
+165 0 -167 0 *
Wi

0101100
+166 0 -290 0 -164 0 +163 0 *
Fa
0  1e-07 22 0

0111000
+162 0 *
Ve
1.00000198964356e-07
0 1.17009167260776 -2.92461715061886
0 0

0101101
*
Ed
 1.00000005564422e-07 1 1 0
1  70 0 0 2.7
2  281 31 0 0 2.7
2  282 58 0 0 2.7
4 C0 31 0 58 0
2  283 15 2 0 2.7
3  284 285C0 17 2 0 2.7
0

0101000
+160 0 -253 0 *
Ve
1.00000198964356e-07
0 1.35922924143669 -2.84165372085049
0 0

0101101
*
Ed
 1.00000004782987e-07 1 1 0
1  71 0 0 2.7
2  286 59 0 0 2.7
2  287 31 0 0 2.7
4 C0 59 0 31 0
2  288 15 2 0 2.7
3  289 290C0 17 2 0 2.7
0

0101000
+158 0 -255 0 *
Ed
 1.00000198964356e-07 1 1 0
1  72 0 0 0.0655778359206707
2  291 31 0 0 0.0655778359206707
4 C0 31 0 38 0
2  292 38 0 0 0.0655778359206707
2  293 15 2 0 0.0655778359206707
2  294 39 2 0 0.0655778359206707
2  295 17 2 0 0.0655778359206707
0

0101000
+158 0 -160 0 *
Wi

0101100
+159 0 -252 0 -157 0 +156 0 *
Fa
0  1e-07 31 0

0111000
+155 0 *
Ve
1.00000198965967e-07
0 0.362898997150542 3.12902609734517
0 0

0101101
*
Ed
 1.00000003202373e-07 1 1 0
1  73 0 0 2.7
2  296 23 0 0 2.7
2  297 60 0 0 2.7
4 C0 23 0 60 0
2  298 15 2 0 2.7
2  299 17 2 0 2.7
0

0101000
+153 0 -287 0 *
Ve
1.00000198955064e-07
0 0.157071240637021 3.14608147150781
0 0

0101101
*
Ed
 1.00000004965068e-07 1 1 0
1  74 0 0 2.7
2  300 61 0 0 2.7
2  301 23 0 0 2.7
4 C0 61 0 23 0
2  302 15 2 0 2.7
2  303 17 2 0 2.7
0

0101000
+151 0 -289 0 *
Ed
 1.00000198954072e-07 1 1 0
1  75 0 0 0.0655778363188142
2  304 23 0 0 0.0655778363188142
4 C0 23 0 38 0
2  305 38 0 0 0.0655778363188142
2  306 15 2 0 0.0655778363188142
2  307 39 2 0 0.0655778363188142
2  308 17 2 0 0.0655778363188142
0

0101000
+151 0 -153 0 *
Wi

0101100
+152 0 -286 0 -150 0 +149 0 *
Fa
0  1e-07 23 0

0111000
+148 0 *
Ve
1.00000199000037e-07
0 2.05631451380539 -2.38622518223098
0 0

0101101
*
Ed
 1.00000003996803e-07 1 1 0
1  76 0 -0 2.7
2  309 30 0 -0 2.7
2  310 62 0 -0 2.7
4 C0 30 0 62 0
2  311 15 2 -0 2.7
3  312 313C0 17 2 -0 2.7
0

0101000
+146 0 -257 0 *
Ve
1.00000198967826e-07
0 2.20826590679816 -2.24634407090118
0 0

0101101
*
Ed
 1.00000001256074e-07 1 1 0
1  77 0 0 2.7
2  314 63 0 0 2.7
2  315 30 0 0 2.7
4 C0 63 0 30 0
2  316 15 2 0 2.7
3  317 318C0 17 2 0 2.7
0

0101000
+144 0 -259 0 *
Ed
 1.00000198960392e-07 1 1 0
1  78 0 0 0.0655778363188803
2  319 30 0 0 0.0655778363188803
4 C0 30 0 38 0
2  320 38 0 0 0.0655778363188803
2  321 15 2 0 0.0655778363188803
2  322 39 2 0 0.0655778363188803
2  323 17 2 0 0.0655778363188803
0

0101000
+144 0 -146 0 *
Wi

0101100
+145 0 -256 0 -143 0 +142 0 *
Fa
0  1e-07 30 0

0111000
+141 0 *
Ve
1.0000019896002e-07
0 1.35922924143669 2.84165372085049
0 0

0101101
*
Ed
 1.00000000333067e-07 1 1 0
1  79 0 0 2.7
2  324 24 0 0 2.7
2  325 64 0 0 2.7
4 C0 24 0 64 0
2  326 15 2 0 2.7
2  327 17 2 0 2.7
0

0101000
+139 0 -283 0 *
Ve
1.00000198961011e-07
0 1.17009167144308 2.92461715108483
0 0

0101101
*
Ed
 1.00000000222045e-07 1 1 0
1  80 0 0 2.7
2  328 65 0 0 2.7
2  329 24 0 0 2.7
4 C0 65 0 24 0
2  330 15 2 0 2.7
2  331 17 2 0 2.7
0

0101000
+137 0 -285 0 *
Ed
 1.0000019896002e-07 1 1 0
1  81 0 0 0.065577836318906
2  332 24 0 0 0.065577836318906
4 C0 24 0 38 0
2  333 38 0 0 0.065577836318906
2  334 15 2 0 0.065577836318906
2  335 39 2 0 0.065577836318906
2  336 17 2 0 0.065577836318906
0

0101000
+137 0 -139 0 *
Wi

0101100
+138 0 -282 0 -136 0 +135 0 *
Fa
0  1e-07 24 0

0111000
+134 0 *
Ve
1.00000198953949e-07
0 2.71970377158961 -1.58924868878387
0 0

0101101
*
Ed
 1.00000000444089e-07 1 1 0
1  82 0 -0 2.7
2  337 29 0 -0 2.7
2  338 66 0 -0 2.7
4 C0 29 0 66 0
2  339 15 2 -0 2.7
2  340 17 2 -0 2.7
0

0101000
+132 0 -263 0 *
Ve
1.00000198953949e-07
0 2.81800269638209 -1.40760818525017
0 0

0101101
*
Ed
 1.00000004965068e-07 1 1 0
1  83 0 0 2.7
2  341 67 0 0 2.7
2  342 29 0 0 2.7
4 C0 67 0 29 0
2  343 15 2 0 2.7
2  344 17 2 0 2.7
0

0101000
+130 0 -265 0 *
Ed
 1.00000198953949e-07 1 1 0
1  84 0 0 0.0655778363189041
2  345 29 0 0 0.0655778363189041
4 C0 29 0 38 0
2  346 38 0 0 0.0655778363189041
2  347 15 2 0 0.0655778363189041
2  348 39 2 0 0.0655778363189041
2  349 17 2 0 0.0655778363189041
0

0101000
+130 0 -132 0 *
Wi

0101100
+131 0 -262 0 -129 0 +128 0 *
Fa
0  1e-07 29 0

0111000
+127 0 *
Ve
1.00000198960275e-07
0 2.20826590679343 2.24634407090583
0 0

0101101
*
Ed
 1.00000000111022e-07 1 1 0
1  85 0 0 2.7
2  350 25 0 0 2.7
2  351 68 0 0 2.7
4 C0 25 0 68 0
2  352 15 2 0 2.7
2  353 17 2 0 2.7
0

0101000
+125 0 -279 0 *
Ve
1.00000198960275e-07
0 2.05631451380534 2.38622518223103
0 0

0101101
*
Ed
 1.00000003593704e-07 1 1 0
1  86 0 0 2.7
2  354 69 0 0 2.7
2  355 25 0 0 2.7
4 C0 69 0 25 0
2  356 15 2 0 2.7
2  357 17 2 0 2.7
0

0101000
+123 0 -281 0 *
Ed
 1.00000198960275e-07 1 1 0
1  87 0 0 0.065577836316799
2  358 25 0 0 0.065577836316799
4 C0 25 0 38 0
2  359 38 0 0 0.065577836316799
2  360 15 2 0 0.065577836316799
2  361 39 2 0 0.065577836316799
2  362 17 2 0 0.065577836316799
0

0101000
+123 0 -125 0 *
Wi

0101100
+124 0 -278 0 -122 0 +121 0 *
Fa
0  1e-07 25 0

0111000
+120 0 *
Ve
1.00000198953949e-07
0 3.08837092517053 -0.62005244017044
0 0

0101101
*
Ed
 1.00000000444089e-07 1 1 0
1  88 0 -0 2.7
2  363 28 0 -0 2.7
2  364 70 0 -0 2.7
4 C0 28 0 70 0
2  365 15 2 -0 2.7
2  366 17 2 -0 2.7
0

0101000
+118 0 -267 0 *
Ve
1.00000198991613e-07
0 3.12236516799596 -0.416336111435921
0 0

0101101
*
Ed
 1.00000003580362e-07 1 1 0
1  89 0 0 2.7
2  367 71 0 0 2.7
2  368 28 0 0 2.7
4 C0 71 0 28 0
2  369 15 2 0 2.7
2  370 17 2 0 2.7
0

0101000
+116 0 -269 0 *
Ed
 1.00000198952462e-07 1 1 0
1  90 0 0 0.0655778363181439
2  371 28 0 0 0.0655778363181439
4 C0 28 0 38 0
2  372 38 0 0 0.0655778363181439
2  373 15 2 0 0.0655778363181439
2  374 39 2 0 0.0655778363181439
2  375 17 2 0 0.0655778363181439
0

0101000
+116 0 -118 0 *
Wi

0101100
+117 0 -266 0 -115 0 +114 0 *
Fa
0  1e-07 28 0

0111000
+113 0 *
Ve
1.00000199047601e-07
0 2.8180026959175 1.40760818618028
0 0

0101101
*
Ed
 1.00000006951096e-07 1 1 0
1  91 0 0 2.7
2  376 26 0 0 2.7
2  377 72 0 0 2.7
4 C0 26 0 72 0
2  378 15 2 0 2.7
2  379 17 2 0 2.7
0

0101000
+111 0 -275 0 *
Ve
1.00000198954072e-07
0 2.71970377158961 1.58924868878387
0 0

0101101
*
Ed
 1.00000004076197e-07 1 1 0
1  92 0 0 2.7
2  380 73 0 0 2.7
2  381 26 0 0 2.7
4 C0 73 0 26 0
2  382 15 2 0 2.7
2  383 17 2 0 2.7
0

0101000
+109 0 -277 0 *
Ed
 1.00000198954072e-07 1 1 0
1  93 0 0 0.0655778359888449
2  384 26 0 0 0.0655778359888449
4 C0 26 0 38 0
2  385 38 0 0 0.0655778359888449
2  386 15 2 0 0.0655778359888449
2  387 39 2 0 0.0655778359888449
2  388 17 2 0 0.0655778359888449
0

0101000
+109 0 -111 0 *
Wi

0101100
+110 0 -274 0 -108 0 +107 0 *
Fa
0  1e-07 26 0

0111000
+106 0 *
Ve
1.00000199007965e-07
0 3.12236516799595 0.416336111435936
0 0

0101101
*
Ed
 1.00000001332268e-07 1 1 0
1  94 0 0 2.7
2  389 27 0 0 2.7
2  390 74 0 0 2.7
4 C0 27 0 74 0
2  391 15 2 0 2.7
2  392 17 2 0 2.7
0

0101000
+104 0 -271 0 *
Ve
1.00000198955931e-07
0 3.08837092517006 0.620052440172788
0 0

0101101
*
Ed
 1.00000001256074e-07 1 1 0
1  95 0 0 2.7
2  393 75 0 0 2.7
2  394 27 0 0 2.7
4 C0 75 0 27 0
2  395 15 2 0 2.7
2  396 17 2 0 2.7
0

0101000
+102 0 -273 0 *
Ed
 1.00000198955931e-07 1 1 0
1  96 0 0 0.0655778363188988
2  397 27 0 0 0.0655778363188988
4 C0 27 0 38 0
2  398 38 0 0 0.0655778363188988
2  399 15 2 0 0.0655778363188988
2  400 39 2 0 0.0655778363188988
2  401 17 2 0 0.0655778363188988
0

0101000
+102 0 -104 0 *
Wi

0101100
+103 0 -270 0 -101 0 +100 0 *
Fa
0  1e-07 27 0

0111000
+99 0 *
Ed
 1e-07 1 1 0
1  97 0 3.83148299479355 4.09659912201171
2  402 15 0 3.83148299479355 4.09659912201171
2  403 39 0 3.83148299479355 4.09659912201171
2  404 17 0 3.83148299479355 4.09659912201171
0

0101000
+223 1 -230 1 *
Wi

0101100
-229 1 +308 0 +222 1 -97 0 *
Fa
0  1e-07 15 0

0101000
+96 0 *
Ed
 1e-07 1 1 0
1  97 0 4.16217695832932 4.42729308554619
2  402 15 0 4.16217695832932 4.42729308554619
2  403 39 0 4.16217695832932 4.42729308554619
2  405 17 0 4.16217695832932 4.42729308554619
0

0101000
+228 1 -214 1 *
Wi

0101100
-212 1 +235 0 +227 1 -94 0 *
Fa
0  1e-07 15 0

0101000
+93 0 *
Ed
 1e-07 1 1 0
1  97 0 3.50078903125764 3.76590515924684
2  402 15 0 3.50078903125764 3.76590515924684
2  403 39 0 3.50078903125764 3.76590515924684
2  406 17 0 3.50078903125764 3.76590515924684
0

0101000
+207 1 -221 1 *
Ed
 1e-07 1 1 0
1  97 0 3.17009506772201 3.43521119493889
2  402 15 0 3.17009506772201 3.43521119493889
2  403 39 0 3.17009506772201 3.43521119493889
2  407 17 0 3.17009506772201 3.43521119493889
0

0101000
+193 1 -209 1 *
Ed
 1e-07 1 1 0
1  97 0 2.83940110418624 3.10451723140352
2  402 15 0 2.83940110418624 3.10451723140352
2  403 39 0 2.83940110418624 3.10451723140352
2  408 17 0 2.83940110418624 3.10451723140352
0

0101000
+181 1 -195 1 *
Ed
 1e-07 1 1 0
1  97 0 2.50870714065048 2.7738232683006
2  402 15 0 2.50870714065048 2.7738232683006
2  403 39 0 2.50870714065048 2.7738232683006
2  409 17 0 2.50870714065048 2.7738232683006
0

0101000
+165 1 -179 1 *
Ed
 1e-07 1 1 0
1  97 0 2.17801317711471 2.44312930433642
2  402 15 0 2.17801317711471 2.44312930433642
2  403 39 0 2.17801317711471 2.44312930433642
2  410 17 0 2.17801317711471 2.44312930433642
0

0101000
+151 1 -167 1 *
Ed
 1e-07 1 1 0
1  97 0 1.84731921357894 2.11243534079589
2  402 15 0 1.84731921357894 2.11243534079589
2  403 39 0 1.84731921357894 2.11243534079589
2  411 17 0 1.84731921357894 2.11243534079589
0

0101000
+137 1 -153 1 *
Ed
 1e-07 1 1 0
1  97 0 1.51662525004317 1.78174137726004
2  402 15 0 1.51662525004317 1.78174137726004
2  403 39 0 1.51662525004317 1.78174137726004
2  412 17 0 1.51662525004317 1.78174137726004
0

0101000
+123 1 -139 1 *
Ed
 1e-07 1 1 0
1  97 0 1.18593128650741 1.45104741372637
2  402 15 0 1.18593128650741 1.45104741372637
2  403 39 0 1.18593128650741 1.45104741372637
2  413 17 0 1.18593128650741 1.45104741372637
0

0101000
+109 1 -125 1 *
Ed
 1e-07 1 1 0
1  97 0 0.855237322971638 1.12035345051856
2  402 15 0 0.855237322971638 1.12035345051856
2  403 39 0 0.855237322971638 1.12035345051856
2  414 17 0 0.855237322971638 1.12035345051856
0

0101000
+102 1 -111 1 *
Ed
 1e-07 1 1 0
1  97 0 0.524543359435871 0.789659486652739
2  402 15 0 0.524543359435871 0.789659486652739
2  403 39 0 0.524543359435871 0.789659486652739
2  415 17 0 0.524543359435871 0.789659486652739
0

0101000
+116 1 -104 1 *
Ed
 1e-07 1 1 0
1  97 0 0.193849395900103 0.458965523117727
2  402 15 0 0.193849395900103 0.458965523117727
2  403 39 0 0.193849395900103 0.458965523117727
2  416 17 0 0.193849395900103 0.458965523117727
0

0101000
+130 1 -118 1 *
Ve
1e-07
5 21.475 3.09999999999923
0 0

0101101
*
Ed
 1e-07 1 1 0
1  97 0 0 0.128271559581199
2  402 15 0 0 0.128271559581199
2  403 39 0 0 0.128271559581199
2  417 17 0 0 0.128271559581199
0

0101000
+80 0 -132 1 *
Ed
 1e-07 1 1 0
1  97 0 6.14634073954392 6.28318530717959
2  402 15 0 6.14634073954392 6.28318530717959
2  403 39 0 6.14634073954392 6.28318530717959
2  418 17 0 6.14634073954392 6.28318530717959
0

0101000
+144 1 -80 0 *
Ed
 1e-07 1 1 0
1  97 0 5.81564677600816 6.08076290322504
2  402 15 0 5.81564677600816 6.08076290322504
2  403 39 0 5.81564677600816 6.08076290322504
2  419 17 0 5.81564677600816 6.08076290322504
0

0101000
+158 1 -146 1 *
Ed
 1e-07 1 1 0
1  97 0 5.48495281247239 5.75006894008748
2  402 15 0 5.48495281247239 5.75006894008748
2  403 39 0 5.48495281247239 5.75006894008748
2  420 17 0 5.48495281247239 5.75006894008748
0

0101000
+172 1 -160 1 *
Ed
 1e-07 1 1 0
1  97 0 5.15425884893662 5.41937497615348
2  402 15 0 5.15425884893662 5.41937497615348
2  403 39 0 5.15425884893662 5.41937497615348
2  421 17 0 5.15425884893662 5.41937497615348
0

0101000
+186 1 -174 1 *
Ed
 1e-07 1 1 0
1  97 0 4.82356488540085 5.08868101262097
2  402 15 0 4.82356488540085 5.08868101262097
2  403 39 0 4.82356488540085 5.08868101262097
2  422 17 0 4.82356488540085 5.08868101262097
0

0101000
+200 1 -188 1 *
Ed
 1e-07 1 1 0
1  97 0 4.49287092186508 4.75798704908198
2  402 15 0 4.49287092186508 4.75798704908198
2  403 39 0 4.49287092186508 4.75798704908198
2  423 17 0 4.49287092186508 4.75798704908198
0

0101000
+216 1 -202 1 *
Wi

0101100
+226 1 -97 0 +220 1 -91 0 +205 1 -90 0 +191 1 -89 0 +178 1 -88 0 
+163 1 -87 0 +149 1 -86 0 +135 1 -85 0 +121 1 -84 0 +107 1 -83 0 
+100 1 -82 0 +114 1 -81 0 +128 1 -79 0 -78 0 +142 1 -77 0 +156 1 
-76 0 +170 1 -75 0 +184 1 -74 0 +198 1 -73 0 +213 1 -94 0 *
Ve
1e-05
0 -2 -3.67394039744206e-16
0 0

0101101
*
Ed
 1e-07 1 1 0
1  98 0 0 6.28318530717959
2  424 77 0 0 6.28318530717959
4 C0 38 0 77 0
2  425 38 0 0 6.28318530717959
0

0101000
-71 0 +71 0 *
Wi

0101100
-70 1 *
Fa
0  0 76 0

0101000
+72 0 +69 0 *
Wi

0101100
-219 1 +304 0 +206 1 -91 0 *
Fa
0  1e-07 15 0

0101000
+67 0 *
Wi

0101100
-201 1 +238 0 +215 1 -73 0 *
Fa
0  1e-07 15 0

0101000
+65 0 *
Wi

0101100
-208 1 +300 0 +192 1 -90 0 *
Fa
0  1e-07 15 0

0101000
+63 0 *
Wi

0101100
-187 1 +242 0 +199 1 -74 0 *
Fa
0  1e-07 15 0

0101000
+61 0 *
Wi

0101100
-89 0 -194 1 +296 0 +180 1 *
Fa
0  1e-07 15 0

0101000
+59 0 *
Wi

0101100
-173 1 +246 0 +185 1 -75 0 *
Fa
0  1e-07 15 0

0101000
+57 0 *
Wi

0101100
-88 0 -177 1 +292 0 +164 1 *
Fa
0  1e-07 15 0

0101000
+55 0 *
Wi

0101100
-159 1 +250 0 +171 1 -76 0 *
Fa
0  1e-07 15 0

0101000
+53 0 *
Wi

0101100
-87 0 -166 1 +288 0 +150 1 *
Fa
0  1e-07 15 0

0101000
+51 0 *
Wi

0101100
-145 1 +254 0 +157 1 -77 0 *
Fa
0  1e-07 15 0

0101000
+49 0 *
Wi

0101100
-86 0 -152 1 +284 0 +136 1 *
Fa
0  1e-07 15 0

0101000
+47 0 *
Ed
 1e-07 1 1 0
1  99 0 0 2.7
3  426 427CN 15 0 0 2.7
3  428 429C0 17 0 0 2.7
0

0101000
-80 0 +261 0 *
Wi

0101100
+45 0 +258 0 +143 1 -78 0 *
Fa
0  1e-07 15 0

0101000
+44 0 *
Wi

0101100
-79 0 -131 1 +260 0 -45 0 *
Fa
0  1e-07 15 0

0101000
+42 0 *
Wi

0101100
-85 0 -138 1 +280 0 +122 1 *
Fa
0  1e-07 15 0

0101000
+40 0 *
Wi

0101100
-81 0 -117 1 +264 0 +129 1 *
Fa
0  1e-07 15 0

0101000
+38 0 *
Wi

0101100
-84 0 -124 1 +276 0 +108 1 *
Fa
0  1e-07 15 0

0101000
+36 0 *
Wi

0101100
-82 0 -103 1 +268 0 +115 1 *
Fa
0  1e-07 15 0

0101000
+34 0 *
Wi

0101100
-83 0 -110 1 +272 0 +101 1 *
Fa
0  1e-07 15 0

0101000
+32 0 *
Ve
1e-05
14.16 -2 -3.67394039744206e-16
0 0

0101101
*
Ed
 1e-07 1 1 0
1  100 0 0 6.28318530717959
2  430 77 0 0 6.28318530717959
4 C0 77 0 78 0
0

0101000
+30 0 -30 0 *
Ed
 1e-05 1 1 0
1  101 0 3 17.16
3  431 432CN 77 0 3 17.16
0

0101000
+30 0 -71 0 *
Wi

0101100
+29 0 +28 0 -70 0 -28 0 *
Fa
0  1e-07 77 0

0111000
+27 0 *
Wi

0101100
-29 0 *
Ve
1e-05
14.16 1.7 -1.04094977927525e-16
0 0

0101101
*
Ed
 1e-07 1 1 0
1  102 0 0 6.28318530717959
2  433 79 0 0 6.28318530717959
4 G1 78 0 79 0
0

0101000
-24 0 +24 0 *
Wi

0101100
-23 0 *
Fa
0  1e-07 78 0

0101000
+25 0 +22 0 *
Ve
1e-05
14.36 1.5 -9.18485099360515e-17
0 0

0101101
*
Ed
 1e-07 1 1 0
1  103 0 0 6.28318530717959
2  434 79 0 0 6.28318530717959
2  435 80 0 0 6.28318530717959
4 G1 79 0 80 0
0

0101000
+20 0 -20 0 *
Ed
 1e-05 1 1 0
1  104 0 3.14159265358979 4.71238898038469
3  436 437CN 79 0 3.14159265358979 4.71238898038469
0

0101000
+20 0 -24 0 *
Wi

0101100
+19 0 +18 0 -23 0 -18 0 *
Fa
0  1e-07 79 0

0101000
+17 0 *
Ve
1e-05
16.96 1.5 -4.92045588943133e-17
0 0

0101101
*
Ed
 1e-07 1 1 0
1  105 0 0 6.28318530717959
2  438 80 0 0 6.28318530717959
2  439 81 0 0 6.28318530717959
4 C0 80 0 81 0
0

0101000
+15 0 -15 0 *
Ed
 1e-05 1 1 0
1  106 0 0.199999999999999 2.8
3  440 441CN 80 0 0.199999999999999 2.8
0

0101000
-15 0 +20 0 *
Wi

0101100
-14 0 -13 0 +19 0 +13 0 *
Fa
0  1e-07 80 0

0101000
+12 0 *
Ve
1e-05
17.16 1.3 2.27434405555937e-17
0 0

0101101
*
Ed
 1e-07 1 1 0
1  107 0 0 6.28318530717959
2  442 81 0 0 6.28318530717959
4 C0 81 0 82 0
0

0101000
-10 0 +10 0 *
Ed
 1e-05 1 1 0
1  108 0 -0.14142135623731 0.141421356237308
3  443 444CN 81 0 -0.14142135623731 0.141421356237308
0

0101000
+10 0 -15 0 *
Wi

0101100
-9 0 +8 0 +14 0 -8 0 *
Fa
0  1e-07 81 0

0111000
+7 0 *
Wi

0101100
+9 0 *
Fa
0  1e-07 82 0

0111000
-5 0 *
Sh

0101100
+357 1 -352 1 +347 1 -344 1 +339 1 -334 1 +329 1 +324 1 +319 1 +314 1 
+233 0 +231 1 +224 1 +217 1 +210 1 +203 1 +196 1 +189 1 +182 1 +175 1 
+168 1 +161 1 +154 1 +147 1 +140 1 +133 1 +126 1 +119 1 +112 1 +105 1 
+98 1 +95 0 +92 0 -68 0 +66 0 +64 0 +62 0 +60 0 +58 0 +56 0 
+54 0 +52 0 +50 0 +48 0 +46 0 +43 0 +41 0 +39 0 +37 0 +35 0 
+33 0 +31 0 +26 1 +21 1 -16 1 +11 1 +6 1 -4 1 *
So

0100000
+3 0 *
Co

1100000
+2 0 *

+1 0 