DBRep_DrawableShape

CASCADE Topology V3, (c) Open Cascade
Locations 2
1
-0.610824426277544 6.6592676335977e-17 -0.791766076731448               5 
6.25807541442042e-17              -1 -1.3238572939982e-16 8.82500000000001 
-0.791766076731448 -1.30413755395631e-16 0.610824426277544 -0.0500000000005846 
2  1 -1 0
Curve2ds 543
1 0 0 1 0 
2 0 0 0 -1 -1 -0 4
1 6.2831853071795862 0 0 1 
1 0 0 0 1 
1 0 4.5 1 0 
7 0 0  3 223 221  1.5707963267902463 2.9999999999999996  1.5690079690193588 2.9999998860789976  1.5654306171645309 2.9997948538187651  1.5600677526069282 2.9988734817739702  1.5547131237215037 2.997338876453008  1.5493718019627065 2.9951916255110094  1.5440481568882973 2.9924343825482205  1.5387465823727295 2.9890696567832684  1.5334713994389253 2.9851005382554678  1.5282267998332748 2.9805311626540334  1.5230170023481666 2.9753655069461389  1.5178462334557579 2.9696074907847811  1.5127185420178422 2.9632629366595835  1.5076379744727222 2.9563377885457425  1.5026085805809355 2.9488380268343692  1.4976344453533355 2.9407693657048348  1.4927195178469297 2.9321388423951573  1.4878676253581649 2.92295472626579  1.483082634581677 2.9132250181997792  1.4783684112264504 2.9029578004452379  1.4737288406043911 2.8921610982674104  1.4691674655192739 2.8808443458574917  1.4646878215977057 2.8690170523770404  1.4602934837673132 2.8566886003168306  1.4559879211462956 2.8438688750208101  1.4517744476408769 2.8305684835414429  1.4476564096941253 2.8167979414276552  1.4436371913988419 2.8025676203527734  1.439719956335568 2.7878890283048987  1.4359077825197424 2.7727741438008287  1.4322037856152923 2.7572348134041578  1.4286110665785303 2.7412829787497324  1.4251328027390509 2.7249303331405876  1.4217717924107778 2.7081899810087253  1.4185306543533365 2.6910757096728615  1.4154120602428162 2.6736011419997268  1.4124186772084533 2.6557799446543116  1.4095531824700125 2.6376257735605284  1.4068182606299515 2.6191522838083445  1.4042165982528405 2.6003731445662055  1.4017502275749285 2.5813039724988478  1.3994211898550197 2.5619603701065574  1.3972315299051856 2.5423579425539766  1.395183295349006 2.5225122985127864  1.3932785446139957 2.5024390299621455  1.391519315005064 2.4821537921442745  1.3899077414223857 2.4616720039416462  1.388445047786268 2.4410113893374121  1.3871323000869038 2.4201900721031437  1.3859706074892588 2.3992260720414005  1.3849610667037702 2.378137435809943  1.384104788372819 2.3569422066147618  1.3834028473224611 2.33565841461371  1.3828564547680584 2.3143041456089635  1.3824661830718656 2.2928972196886748  1.3822319756533654 2.271455195606201  1.3821539102635989 2.2499956876531608  1.3822320270211039 2.2285362957244508  1.3824662735178901 2.2070946217628338  1.382856570112639 2.1856882739131795  1.3834029300587363 2.1643348334632937  1.3841049908473204 2.1430519920820417  1.3849614730368951 2.1218577117233894  1.3859712442346424 2.1007699108550448  1.3871331348368996 2.0798065211924066  1.3884459846176187 2.0589854649463719  1.3899086412810264 2.0383246890981561  1.3915199197403818 2.0178420510521913  1.3932787659912185 1.9975557417497305  1.3951834005094039 1.9774820904146169  1.397231643106619 1.9576363905671517  1.3994214129744367 1.9380341796301552  1.4017506093955829 1.9186909337427029  1.4042171374138319 1.8996221302763332  1.4068189252971945 1.8808433029564791  1.4095538278525732 1.8623697536192851  1.4124191947243787 1.8442152655520565  1.4154124300340023 1.8263937639343668  1.4185309342553742 1.8089191444571655  1.4217721085765984 1.7918052788736216  1.4251333970309636 1.7750661641766696  1.4286118601257494 1.7587144273992841  1.4322045081752568 1.742762490842086  1.435908375294614 1.72722282974763  1.439720501193793 1.7121079078944936  1.4436379336418237 1.697430181974344  1.4476573520462548 1.6832005179789478  1.4517754464743109 1.6694297885294074  1.4559889190836683 1.6561288783504571  1.4602944705090872 1.6433086171229587  1.4646888562779639 1.6309800425996452  1.4691686508081332 1.6191532850313168  1.4737301523895736 1.6078371314447231  1.4783697227174686 1.597040626580013  1.4830837174921498 1.586772741452126  1.4878685106633782 1.5770424842634481  1.4927204716219162 1.5678587880213124  1.4976356063866012 1.5592288717203078  1.5026099391265191 1.5511599969748389  1.5076395063639314 1.5436594699629811  1.5127203281258295 1.5367343716140185  1.5178482289570585 1.5303901771162318  1.5230190651341711 1.5246324475005235  1.528228666706835 1.5194669247618948  1.5334730613065188 1.5148978831678779  1.5387483126313248 1.5109290390023047  1.5440505913564546 1.507564356304365  1.5493751833548692 1.5048069211800299  1.5547171380782228 1.5026597808491733  1.5600715619216807 1.5011253690679991  1.5654333352635716 1.5002044205665241  1.5707977815841241 1.499897702518072  1.576162264987768 1.5002047694974936  1.5815238820163178 1.5011260281918237  1.5868777689065043 1.502660561773473  1.5922190534311917 1.5048077090389176  1.5975430437739599 1.5075650280375688  1.6028451099149548 1.5109295769362132  1.6081205455422838 1.5148986954613244  1.6133651781603431 1.5194682555282557  1.6185749371501055 1.5246338646079922  1.6237457220691747 1.5303911112244288  1.6288734191463039 1.5367359137364252  1.6339539922460833 1.5436624088761983  1.6389834567860686 1.5511634201404303  1.6439578055240138 1.5592320622051574  1.6488730217445375 1.5678613932546765  1.6537250973416391 1.5770444062608837  1.6585099532966106 1.5867744115370188  1.6632238896187781 1.5970427932311531  1.6678633734424997 1.6078400399484416  1.6724248172112937 1.6191568568684684  1.6769046341548897 1.6309838925279228  1.68129922590764 1.6433118054606448  1.6856049811488523 1.6561312708547602  1.6898182976693716 1.6694328871365987  1.6939360667942693 1.6832050099056508  1.6979551532594275 1.6974360624450389  1.7018724150765701 1.7121144510420312  1.7056847003639115 1.7272285822836824  1.7093888434499287 1.7427668785537505  1.7129816866665895 1.7587176987493971  1.7164599998671968 1.7750696399174686  1.7198208135616206 1.7918102964902982  1.7230616491899824 1.8089254031781092  1.7261799323889577 1.8264010239597215  1.7291731050018451 1.8442231351199623  1.7320385961997282 1.8623777344510346  1.7347738274179909 1.8808508214096342  1.7373762229216401 1.8996283672871055  1.739843164075352 1.9186964543717009  1.7421721676714204 1.9380407356900651  1.7443614814026536 1.9576446359910826  1.7464092690809307 1.9774918240178254  1.748313714252171 1.9975659008541076  1.7500729852977082 2.0178504942265878  1.7516852715558722 2.0383291929498144  1.7531486742182836 2.0589857148439283  1.7544616524565937 2.0798032327651343  1.7556232781477203 2.1007639937465488  1.7566325061636858 2.1218504179488495  1.7574883360409777 2.1430448644839584  1.7581896996210602 2.1643297635312666  1.7587357733343627 2.1856872976376858  1.7591262411278235 2.2070991444970769  1.7593606931615322 2.2285470640621967  1.7594387717604887 2.250012806919957  1.7593604974381902 2.2714783081256398  1.7591259416582901 2.2929254901651088  1.7587351894280319 2.3143362807017671  1.7581888514937889 2.3356927317510192  1.7574875327038357 2.3569768948148169  1.7566318338677043 2.3781708180047119  1.7556223756610918 2.3992565635329042  1.754460419647051 2.4202166548891726  1.7531472025371961 2.4410335912177086  1.7516839829710305 2.4616899168005943  1.7500719480559546 2.4821680197139209  1.7483127989914449 2.5024514511348657  1.7464083751034691 2.5225240815057424  1.7443604834396838 2.5423697135624335  1.7421709104022891 2.5619721182301256  1.7398415419141755 2.5813152694655779  1.7373747185152759 2.6003840379797056  1.7347727298417446 2.6191632284860562  1.7320378392046794 2.6376375140881714  1.7291724684273797 2.6557923101802801  1.7261792058230432 2.6736138064019479  1.723060606092951 2.6910880591364954  1.7198191895966264 2.7082010522476341  1.7164578094571989 2.7249398270338738  1.7129793775581708 2.7412916340876037  1.7093867797466518 2.7572436679559611  1.7056828995254796 2.7727831444884838  1.7018706038731632 2.7878972503703543  1.697953148347916 2.8025747977315887  1.6939337870015561 2.8168046295000742  1.6898157596511527 2.8305755675024034  1.6856023077825741 2.8438764871859332  1.6812966204818556 2.8566960706162736  1.6769020543777413 2.8690238262067886  1.6724222507942823 2.8808506201509729  1.6678607877786902 2.8921670672292983  1.663221248766513 2.9029638522197452  1.6585072005503221 2.9132316313232867  1.6537222081836449 2.9229611050861002  1.6488702029797178 2.9321446316449302  1.6439551024160555 2.9407745479691476  1.6389808106289085 2.9488431496396545  1.6339512457187648 2.9563429218553154  1.6288705304439326 2.9632679058096123  1.6237427575844692 2.9696120755017925  1.6185720403949024 2.9753692167065555  1.6133623336482423 2.9805345462923398  1.6081175678141628 2.9851038697023426  1.6028415538320762 2.9890727386500759  1.5975388985089543 2.9924374674375924  1.5922145248358219 2.9951945811242227  1.5868732741438385 2.9973407650048305  1.5815204193505512 2.9988748265426022  1.5761607853325015 2.999795531191972  1.5725846567785728 3.0000001216904741  1.5707963267902463 2.9999999999999996 
 0 4 0.0045454545454545452 1 0.0090909090909090905 1 0.013636363636363636 1 0.018181818181818181 1 0.022727272727272728 1 0.027272727272727271 1 0.031818181818181815 1 0.036363636363636362 1 0.040909090909090909 1 0.045454545454545456 1 0.049999999999999996 1 0.054545454545454543 1 0.05909090909090909 1 0.06363636363636363 1 0.068181818181818177 1 0.072727272727272724 1 0.077272727272727271 1 0.081818181818181818 1 0.086363636363636365 1 0.090909090909090912 1 0.095454545454545445 1 0.099999999999999992 1 0.10454545454545454 1 0.10909090909090909 1 0.11363636363636363 1 0.11818181818181818 1 0.12272727272727273 1 0.12727272727272726 1 0.13181818181818181 1 0.13636363636363635 1 0.1409090909090909 1 0.14545454545454545 1 0.14999999999999999 1 0.15454545454545454 1 0.15909090909090909 1 0.16363636363636364 1 0.16818181818181818 1 0.17272727272727273 1 0.17727272727272728 1 0.18181818181818182 1 0.18636363636363634 1 0.19090909090909089 1 0.19545454545454544 1 0.19999999999999998 1 0.20454545454545453 1 0.20909090909090908 1 0.21363636363636362 1 0.21818181818181817 1 0.22272727272727272 1 0.22727272727272727 1 0.23181818181818181 1 0.23636363636363636 1 0.24090909090909091 1 0.24545454545454545 1 0.25 1 0.25454545454545452 1 0.25909090909090909 1 0.26363636363636361 1 0.26818181818181819 1 0.27272727272727271 1 0.27727272727272728 1 0.2818181818181818 1 0.28636363636363638 1 0.29090909090909089 1 0.29545454545454541 1 0.29999999999999999 1 0.30454545454545451 1 0.30909090909090908 1 0.3136363636363636 1 0.31818181818181818 1 0.3227272727272727 1 0.32727272727272727 1 0.33181818181818179 1 0.33636363636363636 1 0.34090909090909088 1 0.34545454545454546 1 0.34999999999999998 1 0.35454545454545455 1 0.35909090909090907 1 0.36363636363636365 1 0.36818181818181817 1 0.37272727272727268 1 0.37727272727272726 1 0.38181818181818178 1 0.38636363636363635 1 0.39090909090909087 1 0.39545454545454545 1 0.39999999999999997 1 0.40454545454545454 1 0.40909090909090906 1 0.41363636363636364 1 0.41818181818181815 1 0.42272727272727273 1 0.42727272727272725 1 0.43181818181818182 1 0.43636363636363634 1 0.44090909090909086 1 0.44545454545454544 1 0.44999999999999996 1 0.45454545454545453 1 0.45909090909090905 1 0.46363636363636362 1 0.46818181818181814 1 0.47272727272727272 1 0.47727272727272724 1 0.48181818181818181 1 0.48636363636363633 1 0.49090909090909091 1 0.49545454545454543 1 0.5 1 0.50454545454545452 1 0.50909090909090904 1 0.51363636363636356 1 0.51818181818181819 1 0.52272727272727271 1 0.52727272727272723 1 0.53181818181818175 1 0.53636363636363638 1 0.54090909090909089 1 0.54545454545454541 1 0.54999999999999993 1 0.55454545454545456 1 0.55909090909090908 1 0.5636363636363636 1 0.56818181818181812 1 0.57272727272727275 1 0.57727272727272727 1 0.58181818181818179 1 0.58636363636363631 1 0.59090909090909083 1 0.59545454545454546 1 0.59999999999999998 1 0.6045454545454545 1 0.60909090909090902 1 0.61363636363636365 1 0.61818181818181817 1 0.62272727272727268 1 0.6272727272727272 1 0.63181818181818183 1 0.63636363636363635 1 0.64090909090909087 1 0.64545454545454539 1 0.65000000000000002 1 0.65454545454545454 1 0.65909090909090906 1 0.66363636363636358 1 0.6681818181818181 1 0.67272727272727273 1 0.67727272727272725 1 0.68181818181818177 1 0.68636363636363629 1 0.69090909090909092 1 0.69545454545454544 1 0.69999999999999996 1 0.70454545454545447 1 0.70909090909090911 1 0.71363636363636362 1 0.71818181818181814 1 0.72272727272727266 1 0.72727272727272729 1 0.73181818181818181 1 0.73636363636363633 1 0.74090909090909085 1 0.74545454545454537 1 0.75 1 0.75454545454545452 1 0.75909090909090904 1 0.76363636363636356 1 0.76818181818181819 1 0.77272727272727271 1 0.77727272727272723 1 0.78181818181818175 1 0.78636363636363638 1 0.79090909090909089 1 0.79545454545454541 1 0.79999999999999993 1 0.80454545454545445 1 0.80909090909090908 1 0.8136363636363636 1 0.81818181818181812 1 0.82272727272727264 1 0.82727272727272727 1 0.83181818181818179 1 0.83636363636363631 1 0.84090909090909083 1 0.84545454545454546 1 0.84999999999999998 1 0.8545454545454545 1 0.85909090909090902 1 0.86363636363636365 1 0.86818181818181817 1 0.87272727272727268 1 0.8772727272727272 1 0.88181818181818172 1 0.88636363636363635 1 0.89090909090909087 1 0.89545454545454539 1 0.89999999999999991 1 0.90454545454545454 1 0.90909090909090906 1 0.91363636363636358 1 0.9181818181818181 1 0.92272727272727273 1 0.92727272727272725 1 0.93181818181818177 1 0.93636363636363629 1 0.94090909090909092 1 0.94545454545454544 1 0.94999999999999996 1 0.95454545454545447 1 0.95909090909090899 1 0.96363636363636362 1 0.96818181818181814 1 0.97272727272727266 1 0.97727272727272718 1 0.98181818181818181 1 0.98636363636363633 1 0.99090909090909085 1 0.99545454545454537 1 1 4
7 0 0  3 223 221  2.4800606013286597e-11 8  0.0095379083717679336 7.9999999661468264  0.028617128704366834 7.9999614385782518  0.057241711959193253 7.9997887848538332  0.085867556404390477 7.9995017868501854  0.11449028739360578 7.9991009595893594  0.1431090773121575 7.998587982392471  0.17172293371850511 7.9979644322285139  0.20033117961555025 7.9972323019424314  0.2289335721068495 7.9963943343423818  0.25752972723807588 7.99545315680807  0.28611932489171998 7.9944113617943628  0.31470239842309056 7.9932727977476334  0.34327886506949312 7.992041395273211  0.37184859712645402 7.9907211026707277  0.40041148146274175 7.989315715923043  0.42896758917239008 7.987829792126468  0.45751693838958296 7.9862685974301071  0.48605942170117089 7.9846372435594803  0.51459491650652289 7.9829408887444062  0.54312334989032429 7.9811846596211264  0.57164543704185711 7.9793744370461219  0.60016180769426875 7.9775161367805083  0.62867303060153734 7.9756156259212396  0.65717984757360881 7.9736789576747418  0.68568312847167068 7.9717124547070908  0.71418365764527358 7.9697223971358087  0.74268228298084615 7.9677150442546871  0.77117984410089768 7.965696870709734  0.79967705259616206 7.9636744397550485  0.82817459412992367 7.961654295382016  0.85667317873236382 7.9596429772317245  0.8851736542919042 7.9576470616091779  0.91367685855316427 7.9556729008214981  0.94218341793776794 7.953726738204228  0.97069388712030769 7.9518148433093518  0.99920880120050626 7.9499434788236938  1.0277287532412522 7.9481189086782322  1.0562544540576519 7.9463473986925122  1.0847868362812871 7.9446352058867236  1.1133262246136857 7.9429874227720996  1.141872779090539 7.9414091501878277  1.1704266050325565 7.9399054878196216  1.19898781342948 7.9384815316391268  1.2275566158354314 7.9371423936277843  1.2561333304894697 7.9358931254418907  1.2847187069122104 7.9347390040285086  1.3133120113705559 7.9336831090277364  1.341911969156194 7.9327281384437338  1.3705172384814706 7.9318768913328981  1.399126398376362 7.931132133913918  1.4277380513118416 7.9304966627040736  1.4563509473333474 7.9299731858639815  1.4849639067991118 7.9295647346823372  1.5135766547959459 7.9292728136206749  1.5421894007092858 7.9290974260179947  1.5708020759976984 7.9290388960685023  1.599414600144911 7.9290974579653124  1.6280268855546343 7.929272853110942  1.6566388715648976 7.9295647575886017  1.6852507031545372 7.9299730702475246  1.7138624014875958 7.9304967896348408  1.74247297062416 7.9311327145080117  1.7710812854775959 7.9318779935191532  1.7996860412197488 7.9327296830517504  1.8282858805677566 7.9336848586691948  1.8568794524911318 7.9347406114838872  1.8854655689578692 7.9358939512322539  1.9140430374166097 7.9371421976056329  1.9426120712203048 7.9384809373271601  1.9711733069554818 7.9399047928034729  1.9997270298786542 7.9414086138962023  2.0282734499113779 7.9429871919690704  2.0568127296671559 7.9446353249224311  2.0853450394572199 7.9463478430080299  2.1138707551500477 7.9481194373807211  2.1423906986334611 7.9499438848524235  2.1709054824788225 7.951815048508867  2.1994156716595654 7.9537267705448071  2.227921828967478 7.9556728904450376  2.2564245942352823 7.9576472794252142  2.2849248248838343 7.9596434514585539  2.3134232752583319 7.9616548669463318  2.3419206553216263 7.9636750004049111  2.3704176953262923 7.9656973223065313  2.398915242614672 7.9677153051849023  2.4274141419352464 7.9697225620172567  2.4559151099702579 7.971712706439944  2.4844188372232203 7.9736793466966613  2.5129260341225983 7.9756161119426627  2.5414375598477932 7.977516553079572  2.569954245188681 7.979374562066134  2.5984765486859072 7.9811845357441902  2.6270049032737983 7.9829407738312064  2.6555397318232412 7.9846376047627796  2.6840815379111991 7.9862693392263875  2.7126309571324008 7.9878303302820246  2.7411877811324512 7.9893159190705205  2.7697517583381472 7.990721422400096  2.7983226717524943 7.9920421302824218  2.8269003840589946 7.9932734668494749  2.8554843954447122 7.9944118108755724  2.884074251631711 7.9954534912816193  2.9126693456809036 7.9963947249042935  2.9412705669004744 7.9972326334487347  2.9698790988299528 7.9979646926082397  2.9984966613410524 7.9985881906204321  3.0271204985165188 7.9991012268697128  3.0557465790404201 7.9995020195224491  3.0843713113260147 7.9997890613376184  3.112990036833347 7.9999616728637744  3.1416004113519982 8.0000191798574249  3.1702109903291849 7.9999616076858731  3.1988289008593487 7.99978892907777  3.2274507881425798 7.9995018819848402  3.2560733124388843 7.9991010667885982  3.2846939509807029 7.9985880362541835  3.3133103709886882 7.9979646207130424  3.3419199309922298 7.9972324634863909  3.3705225329930659 7.9963943100000883  3.3991184827867098 7.9954531110550073  3.4277079116334903 7.9944118179778494  3.4562910774776796 7.9932731824796042  3.4848681064877383 7.9920410498033698  3.5134387894911328 7.99072007214306  3.5420028174527385 7.9893147224451404  3.5705598127114015 7.9878295096211973  3.5991094566766897 7.9862689779697567  3.6276514184417827 7.9846374942764626  3.6561862581186269 7.9829405045757209  3.6847146909104644 7.9811839567746974  3.7132372034482444 7.9793736773137081  3.7417542357618565 7.9775155247556722  3.7702662268429989 7.9756153506399148  3.798773678866592 7.9736790024775583  3.8272772832029567 7.9717123509612549  3.8557780951702316 7.9697219528659353  3.8842769425985342 7.9677143440889058  3.9127745490951256 7.9656960663143863  3.9412715875350095 7.9636736589565293  3.9697687555361334 7.9616536647228822  3.9982668339022496 7.9596426154174491  4.0267667906964917 7.9576470831650177  4.0552697020460613 7.9556734705158343  4.0837762766207959 7.9537278655363988  4.1122870752241525 7.9518164119017589  4.1408025554086372 7.9499452387362401  4.1693231483545752 7.9481204777585601  4.1978493320131847 7.9463482648605339  4.2263816875434355 7.9446347166472284  4.2549210252098106 7.9429860226975881  4.2834682399742796 7.941408091171585  4.3120231428627207 7.939905369322342  4.340585469836876 7.938482464970293  4.3691548557548394 7.9371439392681298  4.3977309454288687 7.935894379472181  4.4263134454536761 7.9347383150920319  4.4549022758873384 7.9336804805205512  4.4834973476487008 7.9327247399392524  4.5120980677031284 7.9318734769948778  4.5407038117926302 7.9311293559395706  4.5693139173196702 7.9304949287713038  4.5979278383625974 7.9299729158992944  4.6265450027047272 7.9295654143895824  4.6551644131315726 7.9292732315695478  4.6837850730400259 7.92909741240421  4.7124060529125895 7.9290388702589292  4.7410267307746388 7.9290975749704042  4.7696464264699081 7.9292733479877926  4.798264526790156 7.9295659764204851  4.8268804140620869 7.9299738923158998  4.8554933692622662 7.9304955421912195  4.8841026699215675 7.931129381341318  4.9127076990020075 7.9318738153922128  4.9413078899597149 7.9327256639655976  4.9699025281883973 7.9336818043672626  4.998490894971134 7.9347390567323819  5.0270722343357299 7.9358944121945187  5.0556465878289636 7.9371436047726833  5.0842140406021201 7.9384820235664142  5.1127745532294107 7.9399051313889881  5.1413280831653996 7.9414084231533941  5.1698747131385741 7.9429871831908034  5.1984146157076516 7.9446357487091745  5.2269478551705433 7.9463485536706129  5.2554743956026151 7.9481200669990297  5.2839946764732559 7.9499444598615234  5.3125095045795412 7.9518155855085446  5.3410195442760511 7.9537273541813196  5.3695255207464676 7.9556736972275193  5.3980282576454357 7.9576481915088735  5.4265284750613922 7.9596443434948743  5.455026852969441 7.9616556779179026  5.4835240949658086 7.9636757146953752  5.5120210252899682 7.9656979747417118  5.5405185270582802 7.9677160040546546  5.5690173485280976 7.9697233503999181  5.5975182033398951 7.9717135567744748  5.62602182021784 7.9736801834824931  5.6545290578518568 7.9756167263681439  5.6830407881840905 7.9775169573805602  5.7115575583005072 7.9793751022870953  5.7400798761150824 7.9811853026667841  5.7686082403583825 7.9829417241056495  5.7971432217203507 7.9846385203501047  5.8256855342113276 7.9862698685170361  5.8542350869465061 7.9878308569411072  5.8827917331332742 7.9893165627430536  5.9113553605309832 7.990722038467533  5.9399259384824745 7.992042447874141  5.9685030710902893 7.9932738658432951  5.9970864021418127 7.9944123288200437  6.025675442351762 7.9954537595806574  6.0542710276055338 7.9963949436690083  6.0828742521642845 7.997233034699045  6.1114867951901193 7.9979649879004793  6.1401063588500833 7.9985885071870788  6.1687289766916571 7.9991015463401434  6.1973512022776092 7.999502098182699  6.2259675622704336 7.9997891311692353  6.2545748679014643 7.9999616366217934  6.2736475496795308 8.0000000404119316  6.2831853072043877 8 
 0 4 0.0045454545454545452 1 0.0090909090909090905 1 0.013636363636363636 1 0.018181818181818181 1 0.022727272727272728 1 0.027272727272727271 1 0.031818181818181815 1 0.036363636363636362 1 0.040909090909090909 1 0.045454545454545456 1 0.049999999999999996 1 0.054545454545454543 1 0.05909090909090909 1 0.06363636363636363 1 0.068181818181818177 1 0.072727272727272724 1 0.077272727272727271 1 0.081818181818181818 1 0.086363636363636365 1 0.090909090909090912 1 0.095454545454545445 1 0.099999999999999992 1 0.10454545454545454 1 0.10909090909090909 1 0.11363636363636363 1 0.11818181818181818 1 0.12272727272727273 1 0.12727272727272726 1 0.13181818181818181 1 0.13636363636363635 1 0.1409090909090909 1 0.14545454545454545 1 0.14999999999999999 1 0.15454545454545454 1 0.15909090909090909 1 0.16363636363636364 1 0.16818181818181818 1 0.17272727272727273 1 0.17727272727272728 1 0.18181818181818182 1 0.18636363636363634 1 0.19090909090909089 1 0.19545454545454544 1 0.19999999999999998 1 0.20454545454545453 1 0.20909090909090908 1 0.21363636363636362 1 0.21818181818181817 1 0.22272727272727272 1 0.22727272727272727 1 0.23181818181818181 1 0.23636363636363636 1 0.24090909090909091 1 0.24545454545454545 1 0.25 1 0.25454545454545452 1 0.25909090909090909 1 0.26363636363636361 1 0.26818181818181819 1 0.27272727272727271 1 0.27727272727272728 1 0.2818181818181818 1 0.28636363636363638 1 0.29090909090909089 1 0.29545454545454541 1 0.29999999999999999 1 0.30454545454545451 1 0.30909090909090908 1 0.3136363636363636 1 0.31818181818181818 1 0.3227272727272727 1 0.32727272727272727 1 0.33181818181818179 1 0.33636363636363636 1 0.34090909090909088 1 0.34545454545454546 1 0.34999999999999998 1 0.35454545454545455 1 0.35909090909090907 1 0.36363636363636365 1 0.36818181818181817 1 0.37272727272727268 1 0.37727272727272726 1 0.38181818181818178 1 0.38636363636363635 1 0.39090909090909087 1 0.39545454545454545 1 0.39999999999999997 1 0.40454545454545454 1 0.40909090909090906 1 0.41363636363636364 1 0.41818181818181815 1 0.42272727272727273 1 0.42727272727272725 1 0.43181818181818182 1 0.43636363636363634 1 0.44090909090909086 1 0.44545454545454544 1 0.44999999999999996 1 0.45454545454545453 1 0.45909090909090905 1 0.46363636363636362 1 0.46818181818181814 1 0.47272727272727272 1 0.47727272727272724 1 0.48181818181818181 1 0.48636363636363633 1 0.49090909090909091 1 0.49545454545454543 1 0.5 1 0.50454545454545452 1 0.50909090909090904 1 0.51363636363636356 1 0.51818181818181819 1 0.52272727272727271 1 0.52727272727272723 1 0.53181818181818175 1 0.53636363636363638 1 0.54090909090909089 1 0.54545454545454541 1 0.54999999999999993 1 0.55454545454545456 1 0.55909090909090908 1 0.5636363636363636 1 0.56818181818181812 1 0.57272727272727275 1 0.57727272727272727 1 0.58181818181818179 1 0.58636363636363631 1 0.59090909090909083 1 0.59545454545454546 1 0.59999999999999998 1 0.6045454545454545 1 0.60909090909090902 1 0.61363636363636365 1 0.61818181818181817 1 0.62272727272727268 1 0.6272727272727272 1 0.63181818181818183 1 0.63636363636363635 1 0.64090909090909087 1 0.64545454545454539 1 0.65000000000000002 1 0.65454545454545454 1 0.65909090909090906 1 0.66363636363636358 1 0.6681818181818181 1 0.67272727272727273 1 0.67727272727272725 1 0.68181818181818177 1 0.68636363636363629 1 0.69090909090909092 1 0.69545454545454544 1 0.69999999999999996 1 0.70454545454545447 1 0.70909090909090911 1 0.71363636363636362 1 0.71818181818181814 1 0.72272727272727266 1 0.72727272727272729 1 0.73181818181818181 1 0.73636363636363633 1 0.74090909090909085 1 0.74545454545454537 1 0.75 1 0.75454545454545452 1 0.75909090909090904 1 0.76363636363636356 1 0.76818181818181819 1 0.77272727272727271 1 0.77727272727272723 1 0.78181818181818175 1 0.78636363636363638 1 0.79090909090909089 1 0.79545454545454541 1 0.79999999999999993 1 0.80454545454545445 1 0.80909090909090908 1 0.8136363636363636 1 0.81818181818181812 1 0.82272727272727264 1 0.82727272727272727 1 0.83181818181818179 1 0.83636363636363631 1 0.84090909090909083 1 0.84545454545454546 1 0.84999999999999998 1 0.8545454545454545 1 0.85909090909090902 1 0.86363636363636365 1 0.86818181818181817 1 0.87272727272727268 1 0.8772727272727272 1 0.88181818181818172 1 0.88636363636363635 1 0.89090909090909087 1 0.89545454545454539 1 0.89999999999999991 1 0.90454545454545454 1 0.90909090909090906 1 0.91363636363636358 1 0.9181818181818181 1 0.92272727272727273 1 0.92727272727272725 1 0.93181818181818177 1 0.93636363636363629 1 0.94090909090909092 1 0.94545454545454544 1 0.94999999999999996 1 0.95454545454545447 1 0.95909090909090899 1 0.96363636363636362 1 0.96818181818181814 1 0.97272727272727266 1 0.97727272727272718 1 0.98181818181818181 1 0.98636363636363633 1 0.99090909090909085 1 0.99545454545454537 1 1 4
7 0 0  3 223 221  4.7123889816505704 3.0000000000000004  4.7106003490016937 2.9999999163151805  4.7070226934705035 2.9997948574890843  4.7016598311552409 2.998873334483104  4.6963053686179066 2.997338673649474  4.69096412975391 2.9951914712490746  4.6856405306053626 2.992434168970501  4.6803389221417078 2.9890695014779971  4.6750636540011214 2.985100299294198  4.6698189126388909 2.9805306964580365  4.6646089076364934 2.9753646915785747  4.659437845401265 2.9696063610211283  4.6543098362903512 2.9632615123831925  4.6492289985094208 2.9563359332131114  4.6441994664147979 2.9488353579260709  4.6392253431103621 2.9407657573143466  4.6343104374745945 2.9321350650830431  4.6294585940781028 2.9229510545941322  4.6246736602159029 2.9132215424055814  4.6199594938727442 2.9029543326345011  4.6153199593362446 2.8921572359654832  4.6107585723954143 2.8808399256930781  4.6062788631771987 2.8690120627954467  4.6018843645647047 2.8566833409367232  4.5975786470046867 2.8438633353535692  4.5933651764993835 2.8305621050880512  4.5892471665506642 2.8167908300337463  4.585227884963361 2.8025605032608651  4.5813105938764993 2.7878821832279272  4.5774985825372836 2.7727668536635468  4.5737948137611353 2.7572268916579818  4.5702022404396265 2.741274754211779  4.5667238343406495 2.7249228604912124  4.5633625558328346 2.7081837014127776  4.5601214438916386 2.6910695187263567  4.5570031695021562 2.6735938848866843  4.5540101757714266 2.6557712037887873  4.5511449675608349 2.6376156848327303  4.5484100400645362 2.619141593998886  4.5458079046998376 2.6003631654413333  4.5433410556887406 2.5812947040390348  4.5410120764864415 2.5619502635977143  4.5388228802576522 2.5423459334594338  4.5367752228002924 2.5224982865435366  4.5348709043822781 2.5024237715635702  4.533111717318941 2.4821388706822209  4.5314994605226753 2.4616600564714135  4.5300359333808888 2.4410038064169752  4.5287229449652848 2.4201865879399  4.5275614485138149 2.3992261067652141  4.5265523902316991 2.3781400789674163  4.5256967223724462 2.3569462157473065  4.5249953852348019 2.3356622374521372  4.5244493662315248 2.3143058327170474  4.5240590201892266 2.2928951177034134  4.5238246265591959 2.2714482518914059  4.5237465148913758 2.2499833885679785  4.523824879481392 2.2285186613271848  4.5240594591693517 2.2070721483732614  4.5244500223964552 2.1856619266407229  4.5249964063107386 2.1643061094505174  4.5256979325420712 2.1430225660741953  4.5265537082710727 2.1218290628406766  4.5275629018413959 2.1007434008872963  4.5287246381605142 2.0797833368044629  4.5300381590242136 2.0589667705618964  4.5315019759079211 2.0383106830906041  4.5331143264516705 2.0178317075669994  4.5348735192479523 1.9975465628402347  4.5367778479938599 1.9774719464913437  4.5388256118219958 1.9576245555010969  4.5410151201911022 1.93802111051943  4.5433446528806352 1.918678237845759  4.5458117491848258 1.8996104029804035  4.548413981932474 1.8808321525355352  4.5511489211897223 1.8623580081114706  4.5540141487224588 1.8442025102441024  4.5570072377049957 1.8263801487388582  4.560125820565017 1.808905597387457  4.5633673116818931 1.7917927499816886  4.5667287429832326 1.7750541453156601  4.5702072255092121 1.7587025694844056  4.5737998580038548 1.7427507360540062  4.577503759224979 1.7272114014054332  4.5813160321345885 1.7120972225690976  4.5852334487680295 1.6974194899443482  4.5892528116920648 1.6831895805846981  4.5933709167089516 1.6694188036986111  4.5975846140482197 1.6561186532205774  4.6018904923477502 1.6432994847090741  4.6062850411503096 1.6309712009802542  4.6107647854388283 1.6191438110673069  4.6153262574619909 1.6078273151813509  4.6199659876974186 1.5970316423488655  4.6246801881710837 1.5867650102039073  4.6294650930617811 1.5770357091990979  4.6343169380534803 1.5678519908519091  4.6392319858825575 1.5592221896018501  4.6442064485401815 1.551154339710729  4.6492361685026848 1.5436546352754543  4.654317030636629 1.5367294707851376  4.6594449218533169 1.5303851213829152  4.6646157242546886 1.5246281392036274  4.6698254408959752 1.5194631771752434  4.6750700936414322 1.5148942897956894  4.6803457711024405 1.510925750477484  4.6856482903963927 1.5075614988147885  4.6909727189533994 1.5048045640492624  4.6963142280368801 1.5026583676486835  4.7016680298557469 1.5011244812613749  4.7070291874564667 1.5002040789586968  4.7123935166409998 1.499897727050987  4.7177576726036499 1.5002050138942364  4.7231182502841902 1.5011264138284002  4.7284714093390621 1.5026615568215309  4.7338122058278058 1.504808340877348  4.7391358911156782 1.5075648930898971  4.7444376059086535 1.5109294806686846  4.7497130135053123 1.514898547059534  4.7549578879650678 1.5194680577379034  4.7601679483360817 1.5246342968594149  4.7653390247125937 1.5303924759032197  4.7704670239309879 1.5367369729478562  4.7755478280634263 1.5436623399691314  4.7805773136551464 1.5511631220462412  4.7855515469413987 1.5592321214058511  4.7904665869113847 1.567862105155899  4.7953184928435233 1.5770457984583894  4.8001032779676658 1.5867761293243723  4.8048172662075972 1.5970443361610802  4.8094568459822069 1.6078412548141912  4.8140183723113559 1.6191578395638651  4.8184982090671227 1.6309849571120589  4.8228926595984953 1.6433137060390501  4.8271982836823533 1.6561339992842035  4.8314118056964936 1.6694349643920199  4.8355298977277652 1.6832059151998076  4.8395492375993294 1.6974360954864891  4.8434664726169574 1.7121148429717268  4.8472785552083115 1.7272300982369506  4.8509824481682466 1.7427697077156539  4.8545751111662536 1.758721507514279  4.8580534506051567 1.7750734684173788  4.8614145928162946 1.7918128582430961  4.8646558380519807 1.8089263897275181  4.8677744485405912 1.8264008497663344  4.8707676492258507 1.8442231861273564  4.8736328993766147 1.8623791838939308  4.8763677583533296 1.8808541044672338  4.8789697696295722 1.8996333065028126  4.8814364138422413 1.9187022338950221  4.883765489378745 1.9380457324131155  4.885955030901755 1.9576482051845661  4.8880030273135162 1.9774941082213808  4.8899074284421609 1.9975680563469698  4.8916664029163517 2.0178538224843172  4.8932783727906566 2.0383341989799924  4.8947417281964976 2.0589921547582368  4.8960547809792603 2.0798106993804111  4.897216324512879 2.1007723453844402  4.8982254538153898 2.1218592863755825  4.8990811872453461 2.1430537919812731  4.8997825817888083 2.1643381057084627  4.9003286110819149 2.1856944995238559  4.9007189149324342 2.2071050452970113  4.900953276013281 2.2285517725265085  4.9010314402267845 2.250016721582933  4.9009531624616525 2.2714819301577358  4.9007183360221873 2.2929294357711534  4.9003274914330444 2.3143411320681126  4.8997811524547732 2.3356989116706015  4.8990798542540146 2.3569846739432192  4.8982240912551109 2.3781802923030564  4.8972145142608792 2.3992677414204295  4.8960524143830799 2.4202293949800842  4.8947390142685423 2.4410476126518743  4.8932755089288902 2.4617046309614805  4.8916632886728433 2.482183263474611  4.8899040896245412 2.50246732583207  4.8879995929349187 2.5225404683570058  4.8859514505630361 2.5423863259000443  4.8837614835395451 2.561988781437567  4.8814319494048508 2.5813323650454545  4.8789650363882027 2.6004015265134957  4.8763629274523996 2.6191806570654665  4.8736278709269722 2.6376544772483044  4.8707624085631993 2.6558090532392562  4.8677690477117137 2.6736303101521499  4.8646502615993956 2.6911041096583981  4.8614086730251795 2.7082167604628156  4.8580471940621512 2.7249554310976287  4.8545686727825847 2.7413071231434607  4.8509759763327347 2.7572589348054333  4.8472719099838795 2.772797744742292  4.8434595093241555 2.7879114390225332  4.8395420187645417 2.8025888217707893  4.8355226267976761 2.816818500186546  4.8314045231531315 2.830589127830847  4.8271908900513187 2.8438893697436707  4.8228848768055439 2.8567077986876996  4.8184900735846927 2.8690348937546544  4.8140100907558221 2.880861253986108  4.8094485228691175 2.8921774520332417  4.8048089527950593 2.9029740468273229  4.8000949667910762 2.9132416785697175  4.7953100854814092 2.922970676101257  4.7904581048659489 2.9321530207415845  4.785543002019442 2.940781776384521  4.7805687010082885 2.9488497445603077  4.7755391373962928 2.9563498430636561  4.7704582027989169 2.9632747869949991  4.7653299074278754 2.9696180521839239  4.7601585564641224 2.9753748862782947  4.7549483995608153 2.980540231472069  4.7497037009578431 2.9851091771030456  4.7444286847582005 2.989076529387571  4.7391278039312841 2.9924392714175423  4.7338055526767215 2.9951949172103536  4.7284664475891418 2.9973407531069296  4.723114850045758 2.9988744823751898  4.7177544902164605 2.9997953595399953  4.714177614296851 3.0000000836848204  4.7123889816505704 3.0000000000000004 
 0 4 0.0045454545454545452 1 0.0090909090909090905 1 0.013636363636363636 1 0.018181818181818181 1 0.022727272727272728 1 0.027272727272727271 1 0.031818181818181815 1 0.036363636363636362 1 0.040909090909090909 1 0.045454545454545456 1 0.049999999999999996 1 0.054545454545454543 1 0.05909090909090909 1 0.06363636363636363 1 0.068181818181818177 1 0.072727272727272724 1 0.077272727272727271 1 0.081818181818181818 1 0.086363636363636365 1 0.090909090909090912 1 0.095454545454545445 1 0.099999999999999992 1 0.10454545454545454 1 0.10909090909090909 1 0.11363636363636363 1 0.11818181818181818 1 0.12272727272727273 1 0.12727272727272726 1 0.13181818181818181 1 0.13636363636363635 1 0.1409090909090909 1 0.14545454545454545 1 0.14999999999999999 1 0.15454545454545454 1 0.15909090909090909 1 0.16363636363636364 1 0.16818181818181818 1 0.17272727272727273 1 0.17727272727272728 1 0.18181818181818182 1 0.18636363636363634 1 0.19090909090909089 1 0.19545454545454544 1 0.19999999999999998 1 0.20454545454545453 1 0.20909090909090908 1 0.21363636363636362 1 0.21818181818181817 1 0.22272727272727272 1 0.22727272727272727 1 0.23181818181818181 1 0.23636363636363636 1 0.24090909090909091 1 0.24545454545454545 1 0.25 1 0.25454545454545452 1 0.25909090909090909 1 0.26363636363636361 1 0.26818181818181819 1 0.27272727272727271 1 0.27727272727272728 1 0.2818181818181818 1 0.28636363636363638 1 0.29090909090909089 1 0.29545454545454541 1 0.29999999999999999 1 0.30454545454545451 1 0.30909090909090908 1 0.3136363636363636 1 0.31818181818181818 1 0.3227272727272727 1 0.32727272727272727 1 0.33181818181818179 1 0.33636363636363636 1 0.34090909090909088 1 0.34545454545454546 1 0.34999999999999998 1 0.35454545454545455 1 0.35909090909090907 1 0.36363636363636365 1 0.36818181818181817 1 0.37272727272727268 1 0.37727272727272726 1 0.38181818181818178 1 0.38636363636363635 1 0.39090909090909087 1 0.39545454545454545 1 0.39999999999999997 1 0.40454545454545454 1 0.40909090909090906 1 0.41363636363636364 1 0.41818181818181815 1 0.42272727272727273 1 0.42727272727272725 1 0.43181818181818182 1 0.43636363636363634 1 0.44090909090909086 1 0.44545454545454544 1 0.44999999999999996 1 0.45454545454545453 1 0.45909090909090905 1 0.46363636363636362 1 0.46818181818181814 1 0.47272727272727272 1 0.47727272727272724 1 0.48181818181818181 1 0.48636363636363633 1 0.49090909090909091 1 0.49545454545454543 1 0.5 1 0.50454545454545452 1 0.50909090909090904 1 0.51363636363636356 1 0.51818181818181819 1 0.52272727272727271 1 0.52727272727272723 1 0.53181818181818175 1 0.53636363636363638 1 0.54090909090909089 1 0.54545454545454541 1 0.54999999999999993 1 0.55454545454545456 1 0.55909090909090908 1 0.5636363636363636 1 0.56818181818181812 1 0.57272727272727275 1 0.57727272727272727 1 0.58181818181818179 1 0.58636363636363631 1 0.59090909090909083 1 0.59545454545454546 1 0.59999999999999998 1 0.6045454545454545 1 0.60909090909090902 1 0.61363636363636365 1 0.61818181818181817 1 0.62272727272727268 1 0.6272727272727272 1 0.63181818181818183 1 0.63636363636363635 1 0.64090909090909087 1 0.64545454545454539 1 0.65000000000000002 1 0.65454545454545454 1 0.65909090909090906 1 0.66363636363636358 1 0.6681818181818181 1 0.67272727272727273 1 0.67727272727272725 1 0.68181818181818177 1 0.68636363636363629 1 0.69090909090909092 1 0.69545454545454544 1 0.69999999999999996 1 0.70454545454545447 1 0.70909090909090911 1 0.71363636363636362 1 0.71818181818181814 1 0.72272727272727266 1 0.72727272727272729 1 0.73181818181818181 1 0.73636363636363633 1 0.74090909090909085 1 0.74545454545454537 1 0.75 1 0.75454545454545452 1 0.75909090909090904 1 0.76363636363636356 1 0.76818181818181819 1 0.77272727272727271 1 0.77727272727272723 1 0.78181818181818175 1 0.78636363636363638 1 0.79090909090909089 1 0.79545454545454541 1 0.79999999999999993 1 0.80454545454545445 1 0.80909090909090908 1 0.8136363636363636 1 0.81818181818181812 1 0.82272727272727264 1 0.82727272727272727 1 0.83181818181818179 1 0.83636363636363631 1 0.84090909090909083 1 0.84545454545454546 1 0.84999999999999998 1 0.8545454545454545 1 0.85909090909090902 1 0.86363636363636365 1 0.86818181818181817 1 0.87272727272727268 1 0.8772727272727272 1 0.88181818181818172 1 0.88636363636363635 1 0.89090909090909087 1 0.89545454545454539 1 0.89999999999999991 1 0.90454545454545454 1 0.90909090909090906 1 0.91363636363636358 1 0.9181818181818181 1 0.92272727272727273 1 0.92727272727272725 1 0.93181818181818177 1 0.93636363636363629 1 0.94090909090909092 1 0.94545454545454544 1 0.94999999999999996 1 0.95454545454545447 1 0.95909090909090899 1 0.96363636363636362 1 0.96818181818181814 1 0.97272727272727266 1 0.97727272727272718 1 0.98181818181818181 1 0.98636363636363633 1 0.99090909090909085 1 0.99545454545454537 1 1 4
7 0 0  3 223 221  6.2831853139309537 0  6.2736459411240091 1.8444463882142752e-08  6.2545651009252126 3.8551451230271353e-05  6.2259405242879922 0.00021125920596968349  6.1973155565800724 0.00049826132297207005  6.168693270585635 0.00089906212681340305  6.1400747134948848 0.0014120813651731872  6.1114606874478881 0.0020355730521528681  6.0828519783359738 0.0027677113677795125  6.0542487880984641 0.0036057428221213015  6.0256514500065137 0.0045470088808063367  5.9970602294417041 0.0055887992624454102  5.9684754215189919 0.0067273049370139282  5.9398974212636553 0.0079587298407312844  5.9113266570054783 0.0092793101708397042  5.8827633859230204 0.010685137796063136  5.8542072714619469 0.012171105618660354  5.8256581945868398 0.013732204478444207  5.7971160791373979 0.01536339884597984  5.7685808517483537 0.017059660731282459  5.7400523279385958 0.018815958355756071  5.711529797096631 0.020626305704843261  5.6830127075332566 0.022484721394142614  5.6545005536625617 0.024385213490858787  5.6259928508330024 0.026321827625653462  5.5974889130177488 0.028288456180171936  5.5689878671517832 0.030278636984343722  5.5404889622642415 0.03228596597392995  5.5119914376007841 0.034304022253773041  5.4834944482211103 0.036326394146563877  5.4549971313595584 0.038346556857095156  5.4264987373733611 0.040357981154170573  5.3979985312438252 0.042354134234682553  5.3694957496724065 0.044328501993199716  5.3409894578650103 0.046274499105494547  5.3124788410349204 0.048185923282747095  5.2839633864336228 0.050056811845618339  5.2554426318981413 0.051881145587496937  5.2269161416121754 0.053652923490614991  5.1983834096122301 0.055366128309095278  5.1698438424705841 0.057014789520651692  5.1412964989373293 0.058592765936753687  5.1127413106149202 0.060095303092773403  5.0841786455181914 0.061517976031074929  5.0556089042409766 0.062856275116711671  5.0270325266107836 0.06410571368167596  4.9984498866370011 0.065261797867523091  4.9698612327806941 0.066320039610596293  4.9412665600661505 0.067275934858542608  4.912666361182346 0.068127034406552073  4.8840613009529985 0.068870907538118475  4.855452082410638 0.069505110713738549  4.8268393912597798 0.070027233199442845  4.7982237601253406 0.070434745862147555  4.7696058986916796 0.070726740328841672  4.740986644542895 0.070902500744169039  4.7123668354541834 0.07096118499427527  4.6837471859358288 0.07090229063839279  4.6551283587404431 0.070726480627221991  4.6265110848632887 0.07043434549003473  4.5978960453247169 0.070026297462525089  4.5692837809689237 0.069504079808069039  4.5406749389708203 0.068869990403369524  4.5120702324765958 0.068126172532766302  4.4834703377119602 0.067274878369171759  4.4548758574779708 0.066318079123573737  4.4262869568979539 0.06525950819112214  4.3977039106430205 0.064103564835591903  4.3691271790538302 0.062854483750013138  4.3405572919842754 0.061516542483532791  4.3119947718055567 0.06009401173160487  4.2834400789240163 0.0585911467483166  4.2548934280884652 0.057012271608338626  4.2263539766907243 0.055363297944112232  4.197821165739672 0.053650078123249054  4.1692945524505838 0.051878481538037362  4.1407737678857544 0.05005436874689214  4.1122584240167477 0.048183618619033218  4.0837480964324548 0.046272045614364578  4.0552420354997523 0.044325736612682548  4.0267393033768748 0.042351251394086437  3.9982391488878974 0.040355064049231684  3.9697408490265502 0.038343671563038507  3.9412436708002261 0.036323565032800424  3.9127467682523225 0.034301236203947864  3.8842492755275551 0.032283157631350333  3.8557504154646196 0.030275806404515975  3.8272494203461456 0.02828564645339475  3.7987454100179612 0.026319189811511278  3.7702376563243067 0.02438264423522082  3.7417256127251086 0.022482096573004099  3.7132087237379707 0.0206236609530424  3.6846863856708882 0.018813453475134998  3.6561578643071933 0.0170575549518329  3.6276228251952656 0.0153612364863669  3.5990810023924116 0.013729804268366584  3.5705321303166322 0.012168543323183166  3.5419758253663218 0.01068278824688579  3.5134116926686225 0.0092776920209062218  3.4848403426476029 0.0079572933234433388  3.4562623834004533 0.0067257519820946863  3.4276783833900382 0.005587156337410519  3.3990889636708062 0.0045457595287453027  3.3704934403811944 0.0036046839671533583  3.3418909204569438 0.002766688188683595  3.3132802278420534 0.0020346874556028669  3.2846614787309356 0.0014112926668686334  3.2560385944276717 0.00089829866982389032  3.227414998990163 0.00049775094380124748  3.1987936210784937 0.00021076173967299094  3.170178208505952 3.8267604137154845e-05  3.141568462774341 -1.9172597728336122e-05  3.1129596255835281 3.8422933746625233e-05  3.0843472540870494 0.00021111786996506671  3.0557291737985999 0.00049849739810803719  3.0271092538530908 0.00089916914248268625  2.9984903531146863 0.0014118662172826384  2.9698757916323189 0.0020354155666541143  2.94126638135495 0.0027674883350587171  2.9126625280975738 0.0036054509382457268  2.8840648379925486 0.0045468804638331001  2.8554735875136945 0.0055886302010877183  2.8268889573811844 0.0067269895367619813  2.7983112243123589 0.0079583662149334405  2.7697406063507266 0.0092791606315182334  2.7411770579562056 0.010684701715577954  2.7126206573349183 0.012170295591865098  2.6840714969443198 0.013731226267558589  2.655529681836672 0.015362888991575981  2.6269946870619201 0.017059750627660089  2.5984660177295726 0.018816057517394975  2.5699433030164371 0.020626118594679253  2.5414261655816013 0.022484203935090978  2.5129142236723894 0.024384676455172866  2.4844066999835679 0.026321429884282981  2.4559027460717431 0.028288047949142192  2.4274016352758405 0.030278186376355931  2.3989026378818892 0.032285479293442193  2.3704049448500246 0.034303575224393069  2.3419077354303326 0.03632595888229289  2.3134102982831219 0.038346101295557308  2.2849119360220538 0.040357483101004864  2.2564119107564728 0.042353560095371799  2.2279093320876768 0.044327907118883556  2.1994033146879914 0.046274189994475266  2.1708930254229628 0.04818606960427025  2.1423774568183873 0.050057151981675152  2.1138561334589099 0.051881404845673607  2.0853289252479641 0.053652951334184663  2.0567956295072971 0.055365906531752301  2.028255978359784 0.057014277571610886  1.9997095618260374 0.058592670079952246  1.971156008865389 0.060096131534668591  1.9425949980132913 0.061519640768298925  1.9140259841381084 0.062858081056116538  1.8854489764289397 0.064106887202048199  1.8568648174017586 0.065262125708478461  1.8282741911192275 0.066319787703344651  1.799677704272284 0.067275687041417134  1.7710759204783102 0.068126776892194804  1.7424695797149212 0.068870723768459319  1.7138594526111088 0.069505014614939811  1.6852462774761463 0.070027233366000613  1.6566306584475763 0.070434755565531471  1.6280130368999863 0.070726648475431836  1.5993939664472379 0.070902341898647581  1.5707740294800185 0.07096117255141772  1.5421537577141287 0.070902500232330926  1.5135335653022732 0.07072609342847469  1.484914186342678 0.070433321353264355  1.4562965009900752 0.070025537034770546  1.4276814234421673 0.069504122227584397  1.3990698339876726 0.068870359965562344  1.3704624601958102 0.068125915634994552  1.3418600810516299 0.06727402022264875  1.3132635717440255 0.06631774212666218  1.2846739324362 0.065260080963093908  1.2560916216444014 0.064104536344285562  1.2275163710828156 0.062855494200329917  1.1989481533181294 0.061517202677675881  1.1703869016143962 0.060093862346537595  1.1418324931152917 0.058590031578624129  1.113284937538543 0.057011192105150224  1.0847443362028333 0.055362689504989973  1.0562108654054452 0.053649870418741807  1.027684423794887 0.051878219932692531  0.99916412582550329 0.050053821279458739  0.97064927874586182 0.048182692935127135  0.94213916677385789 0.046270832096613243  0.91363299527163555 0.044324405703978796  0.88513002466475399 0.042349906793900896  0.85662961148850147 0.040353770049768652  0.82813111154685082 0.038342447343646252  0.79963383423913559 0.036322380146195321  0.7711368881966445 0.034300041117787998  0.74263940802066841 0.032281930349804144  0.71414062070391093 0.030274541448089352  0.6856397426317038 0.028284371829006619  0.65713593574016027 0.0263179101523934  0.62862817485979949 0.02438167629367808  0.60011585101291676 0.022481573188926494  0.57159854236345531 0.020623465417058322  0.54307587536603741 0.01881322480952884  0.51454746267274309 0.017056732328672098  0.48601285921050508 0.015359825160733713  0.45747136926631349 0.013728506465471996  0.42892257963079672 0.012167899145430648  0.40036649336231722 0.010682548955723143  0.37180309588493987 0.0092771430214953193  0.3432323929604113 0.0079563005525789023  0.31465420121664511 0.006724771050031741  0.28606852791859705 0.0055868075021049575  0.25747629803824346 0.0045455053359028733  0.2288783592111665 0.0036041587392916683  0.20027559311734056 0.0027659689308585918  0.1716686487049115 0.0020343102455336781  0.14305882778231549 0.0014112321125081592  0.11444765989369809 0.000898458446985179  0.085836865685801733 0.00049786052996253917  0.057227234109572755 0.00021102158831856361  0.028616049363318297 3.8440649029196826e-05  0.0095393784879638233 -1.8444463118286525e-08  6.751366576907003e-09 0 
 0 4 0.0045454545454545452 1 0.0090909090909090905 1 0.013636363636363636 1 0.018181818181818181 1 0.022727272727272728 1 0.027272727272727271 1 0.031818181818181815 1 0.036363636363636362 1 0.040909090909090909 1 0.045454545454545456 1 0.049999999999999996 1 0.054545454545454543 1 0.05909090909090909 1 0.06363636363636363 1 0.068181818181818177 1 0.072727272727272724 1 0.077272727272727271 1 0.081818181818181818 1 0.086363636363636365 1 0.090909090909090912 1 0.095454545454545445 1 0.099999999999999992 1 0.10454545454545454 1 0.10909090909090909 1 0.11363636363636363 1 0.11818181818181818 1 0.12272727272727273 1 0.12727272727272726 1 0.13181818181818181 1 0.13636363636363635 1 0.1409090909090909 1 0.14545454545454545 1 0.14999999999999999 1 0.15454545454545454 1 0.15909090909090909 1 0.16363636363636364 1 0.16818181818181818 1 0.17272727272727273 1 0.17727272727272728 1 0.18181818181818182 1 0.18636363636363634 1 0.19090909090909089 1 0.19545454545454544 1 0.19999999999999998 1 0.20454545454545453 1 0.20909090909090908 1 0.21363636363636362 1 0.21818181818181817 1 0.22272727272727272 1 0.22727272727272727 1 0.23181818181818181 1 0.23636363636363636 1 0.24090909090909091 1 0.24545454545454545 1 0.25 1 0.25454545454545452 1 0.25909090909090909 1 0.26363636363636361 1 0.26818181818181819 1 0.27272727272727271 1 0.27727272727272728 1 0.2818181818181818 1 0.28636363636363638 1 0.29090909090909089 1 0.29545454545454541 1 0.29999999999999999 1 0.30454545454545451 1 0.30909090909090908 1 0.3136363636363636 1 0.31818181818181818 1 0.3227272727272727 1 0.32727272727272727 1 0.33181818181818179 1 0.33636363636363636 1 0.34090909090909088 1 0.34545454545454546 1 0.34999999999999998 1 0.35454545454545455 1 0.35909090909090907 1 0.36363636363636365 1 0.36818181818181817 1 0.37272727272727268 1 0.37727272727272726 1 0.38181818181818178 1 0.38636363636363635 1 0.39090909090909087 1 0.39545454545454545 1 0.39999999999999997 1 0.40454545454545454 1 0.40909090909090906 1 0.41363636363636364 1 0.41818181818181815 1 0.42272727272727273 1 0.42727272727272725 1 0.43181818181818182 1 0.43636363636363634 1 0.44090909090909086 1 0.44545454545454544 1 0.44999999999999996 1 0.45454545454545453 1 0.45909090909090905 1 0.46363636363636362 1 0.46818181818181814 1 0.47272727272727272 1 0.47727272727272724 1 0.48181818181818181 1 0.48636363636363633 1 0.49090909090909091 1 0.49545454545454543 1 0.5 1 0.50454545454545452 1 0.50909090909090904 1 0.51363636363636356 1 0.51818181818181819 1 0.52272727272727271 1 0.52727272727272723 1 0.53181818181818175 1 0.53636363636363638 1 0.54090909090909089 1 0.54545454545454541 1 0.54999999999999993 1 0.55454545454545456 1 0.55909090909090908 1 0.5636363636363636 1 0.56818181818181812 1 0.57272727272727275 1 0.57727272727272727 1 0.58181818181818179 1 0.58636363636363631 1 0.59090909090909083 1 0.59545454545454546 1 0.59999999999999998 1 0.6045454545454545 1 0.60909090909090902 1 0.61363636363636365 1 0.61818181818181817 1 0.62272727272727268 1 0.6272727272727272 1 0.63181818181818183 1 0.63636363636363635 1 0.64090909090909087 1 0.64545454545454539 1 0.65000000000000002 1 0.65454545454545454 1 0.65909090909090906 1 0.66363636363636358 1 0.6681818181818181 1 0.67272727272727273 1 0.67727272727272725 1 0.68181818181818177 1 0.68636363636363629 1 0.69090909090909092 1 0.69545454545454544 1 0.69999999999999996 1 0.70454545454545447 1 0.70909090909090911 1 0.71363636363636362 1 0.71818181818181814 1 0.72272727272727266 1 0.72727272727272729 1 0.73181818181818181 1 0.73636363636363633 1 0.74090909090909085 1 0.74545454545454537 1 0.75 1 0.75454545454545452 1 0.75909090909090904 1 0.76363636363636356 1 0.76818181818181819 1 0.77272727272727271 1 0.77727272727272723 1 0.78181818181818175 1 0.78636363636363638 1 0.79090909090909089 1 0.79545454545454541 1 0.79999999999999993 1 0.80454545454545445 1 0.80909090909090908 1 0.8136363636363636 1 0.81818181818181812 1 0.82272727272727264 1 0.82727272727272727 1 0.83181818181818179 1 0.83636363636363631 1 0.84090909090909083 1 0.84545454545454546 1 0.84999999999999998 1 0.8545454545454545 1 0.85909090909090902 1 0.86363636363636365 1 0.86818181818181817 1 0.87272727272727268 1 0.8772727272727272 1 0.88181818181818172 1 0.88636363636363635 1 0.89090909090909087 1 0.89545454545454539 1 0.89999999999999991 1 0.90454545454545454 1 0.90909090909090906 1 0.91363636363636358 1 0.9181818181818181 1 0.92272727272727273 1 0.92727272727272725 1 0.93181818181818177 1 0.93636363636363629 1 0.94090909090909092 1 0.94545454545454544 1 0.94999999999999996 1 0.95454545454545447 1 0.95909090909090899 1 0.96363636363636362 1 0.96818181818181814 1 0.97272727272727266 1 0.97727272727272718 1 0.98181818181818181 1 0.98636363636363633 1 0.99090909090909085 1 0.99545454545454537 1 1 4
7 0 0  3 201 199  3.1415926535994516 6.7999999999999998  3.1375886235214523 6.7999999199525805  3.1295802472444092 6.7997427628398226  3.1175793465097352 6.7985883238324529  3.10560269968241 6.7966675197278805  3.0936629733503627 6.793982511927898  3.0817726552539884 6.790536133998831  3.0699432182023343 6.7863355015616698  3.0581862992390301 6.7813873726396601  3.0465136334865988 6.7756984139857348  3.0349367274621049 6.7692760513901709  3.0234661305303536 6.7621307702994979  3.0121126057117 6.7542727022523321  3.000887071089831 6.745711934594123  2.9898001071393825 6.7364591205479396  2.9788610583064004 6.7265268388610595  2.9680795946398719 6.7159273896050431  2.9574654112619032 6.7046731715482952  2.9470284399398463 6.6927764673475849  2.9367772959772052 6.6802506414333331  2.9267205334576629 6.6671092098194888  2.9168668948528351 6.6533656433434754  2.9072251892303549 6.6390334449576933  2.8978044777588146 6.6241260343311152  2.8886130787702364 6.6086573178663324  2.8796590616789617 6.5926414194229208  2.8709507130650449 6.5760924128951164  2.8624964151359431 6.5590243747941157  2.8543046579339557 6.541451421128607  2.8463840721158711 6.52338750730034  2.8387432393013747 6.5048472343147257  2.8313904019450913 6.4858471093608046  2.8243339647064603 6.4664033592698056  2.8175824068316397 6.4465322886550824  2.8111443029226169 6.4262501713592863  2.8050283014370896 6.4055733265257393  2.7992431650616574 6.3845179228658173  2.793797604795726 6.3631006929928793  2.7886992000756323 6.3413435628670225  2.7839556685417866 6.3192680654460274  2.7795747473974552 6.2968958459038262  2.7755642447018767 6.2742484935520988  2.7719319445946158 6.2513477089353477  2.768685922843098 6.2282148035290597  2.765831280126104 6.2048757785696136  2.7633727531161534 6.1813572181756733  2.7613152004347143 6.1576855469438101  2.7596634346952866 6.1338872541580631  2.7584224151615628 6.1099887298746562  2.757593686966092 6.0860186333245547  2.7571785420027259 6.0620057148670865  2.7571786703030026 6.037978742943932  2.7575940590432153 6.0139662794600977  2.7584230235703466 5.9899966276553576  2.7596644276600228 5.9660982258003701  2.7613162589908486 5.9422991624461021  2.7633737153983602 5.9186263330247595  2.7658323445024764 5.8951067488155813  2.7686877241661931 5.871767541485001  2.7719350199007553 5.8486352272205417  2.7755669581150952 5.8257328994207889  2.7795765504964973 5.8030839873841176  2.7839568067378844 5.780711924370828  2.7887006572974582 5.7586397873758353  2.7937997798113057 5.7368868661802743  2.799246001221869 5.7154727173829398  2.8050311874083826 5.694416845356761  2.8111472491051104 5.6737386964427889  2.8175854530414055 5.6534551433566982  2.8243371663329748 5.633583140928641  2.8313938286544706 5.6141395829586527  2.8387469840454869 5.595141525252795  2.8463880389939975 5.5766038712363155  2.85430847120108 5.5585412987289216  2.8624998729982805 5.5409685534885451  2.870953917086025 5.5239003323579521  2.8796624833712032 5.5073514599023605  2.8886170591742064 5.4913360841576573  2.8978089368112698 5.4758679552491145  2.9072295854072978 5.4609609144146347  2.9168705878351302 5.4466287865629139  2.9267236020236775 5.4328853708068889  2.9367806263409308 5.4197445857716957  2.9470327173482249 5.4072197158551294  2.9574702968589173 5.3953236155463618  2.9680840559000052 5.3840692358992417  2.9788647619554385 5.3734695096429865  2.9898032926316849 5.363537346240693  3.0008907603843347 5.354285766544554  3.0121165066541513 5.3457255569768174  3.0234698227924466 5.3378673682915361  3.0349401111218639 5.3307218628115614  3.04651690286562 5.3242997914610415  3.0581897107887248 5.3186115348066805  3.0699466659174552 5.3136637046185866  3.0817760433166455 5.3094632204742469  3.0936661223116801 5.306016778766808  3.1056053663483461 5.3033316608194268  3.1175815975682815 5.301411042961929  3.1295824225228204 5.3002569139980205  3.1415955160591933 5.299871472115008  3.1536085739249149 5.3002571975185901  3.1656093576143873 5.3014120009064776  3.1775855853004558 5.3033331908315429  3.1895249575863334 5.3060181869912242  3.2014151450211985 5.3094645507481921  3.2132445446228175 5.3136654759093682  3.2250015125680203 5.3186139132218182  3.2366743126210507 5.3243029281160901  3.2482512499463745 5.3307253684464957  3.2597217845870392 5.3378708572808033  3.2710752245034667 5.3457291485425644  3.2823007359956851 5.3542900536530889  3.2933876766608576 5.3635430111077573  3.3043266826942364 5.3734754622126637  3.3151081006779437 5.3840750745478303  3.3257222463366167 5.3953294286437181  3.3361591827950012 5.4072262269551015  3.3464102675453113 5.4197521465550667  3.3564669682023291 5.4328936821483005  3.3663205507073637 5.4466373822215868  3.3759622181890561 5.4609697574313509  3.3853829164744673 5.4758774159733257  3.394574241699813 5.4913464712544622  3.4035281661129875 5.5073627050009391  3.4122364199843251 5.5239119739039628  3.4206906456332029 5.5409801190080694  3.428882369821308 5.5585529689793942  3.4368030000979326 5.5766164176443693  3.4444439046894457 5.5951561058832677  3.4517968021497305 5.6141557965644759  3.4588532742872777 5.6335994122630844  3.4656048175712453 5.653470847730155  3.4720428479631114 5.6737539493061817  3.4781586565909186 5.6944327847979528  3.4839436141553133 5.7154905482144178  3.4893897106016496 5.7369067261280708  3.4944887851482602 5.7586612739524679  3.4992326738064667 5.7807339696806483  3.5036130322886003 5.8031048321466443  3.5076219362650165 5.8257530500969432  3.5112530675000375 5.8486549544945134  3.5144998540875054 5.8717872711721748  3.5173557686072745 5.8951265929156618  3.5198141897684891 5.9186496498291428  3.5218710608129049 5.9423277399526642  3.5235224011742354 5.9661320514828073  3.5247641034341286 5.9900337766353777  3.5255924453223479 6.0140042029892458  3.526006880671285 6.0380154565656348  3.5260065550741007 6.0620395941755305  3.5255909659036089 6.0860486895452226  3.5247615658846985 6.1100148304595594  3.5235204318359075 6.1339101656757373  3.5218691080094358 6.1577066668604097  3.5198110152583451 6.181377095821313  3.5173517342267688 6.2048951547372955  3.5144963731310508 6.2282343281616086  3.5112501983254463 6.2513682547043379  3.507618216913658 6.2742701743738571  3.5036079356990162 6.2969178732678213  3.4992271409611342 6.3192897198065836  3.4944834936157392 6.3413639351426321  3.4893846257136065 6.3631187572980767  3.4839381434361765 6.3845325041696546  3.4781526510003222 6.40558742521974  3.4720366563619662 6.426265666668904  3.465598616237024 6.4465494666878964  3.4588468585936378 6.4664207988885698  3.4517900169095062 6.4858635334577341  3.4444367450165214 6.5048620747776171  3.4367955841288977 6.5234007389037458  3.4288749540987951 6.5414636907389223  3.4206833166598796 6.5590359672524228  3.4122291846848465 6.5761035170602167  3.4035209235887183 6.5926520916943945  3.3945668230392396 6.6086675130679691  3.3853749395485688 6.6241355186541009  3.3759536971838058 6.6390421664486503  3.3663120353148797 6.6533739124366171  3.3564586639328136 6.6671171356833954  3.346402193098196 6.6802582263671066  3.3361511540290429 6.6927836071345519  3.3257137322487584 6.7046795596451076  3.3150993712090178 6.7159333137516244  3.3043179245379704 6.7265324439933272  3.2933790067499498 6.736464423625109  3.2822921916992072 6.7457168103952512  3.2710667629682764 6.7542769253628707  3.2597133811992389 6.7621343921741479  3.2482428699225405 6.76927917963609  3.2366659629544383 6.7757012822778568  3.2249930892588488 6.7813902560991224  3.2132356449424866 6.7863379137917335  3.2014059300944262 6.790537993660017  3.18951598772103 6.7939839524775962  3.1775778605273444 6.7966688082164977  3.165603405385558 6.7985892380039266  3.1536044501023701 6.7997432443549117  3.1455966837709965 6.800000080047421  3.1415926535994516 6.7999999999999998 
 0 4 0.0050505050505050509 1 0.010101010101010102 1 0.015151515151515152 1 0.020202020202020204 1 0.025252525252525256 1 0.030303030303030304 1 0.035353535353535359 1 0.040404040404040407 1 0.045454545454545456 1 0.050505050505050511 1 0.055555555555555559 1 0.060606060606060608 1 0.065656565656565663 1 0.070707070707070718 1 0.07575757575757576 1 0.080808080808080815 1 0.08585858585858587 1 0.090909090909090912 1 0.095959595959595967 1 0.10101010101010102 1 0.10606060606060606 1 0.11111111111111112 1 0.11616161616161617 1 0.12121212121212122 1 0.12626262626262627 1 0.13131313131313133 1 0.13636363636363638 1 0.14141414141414144 1 0.14646464646464646 1 0.15151515151515152 1 0.15656565656565657 1 0.16161616161616163 1 0.16666666666666669 1 0.17171717171717174 1 0.1767676767676768 1 0.18181818181818182 1 0.18686868686868688 1 0.19191919191919193 1 0.19696969696969699 1 0.20202020202020204 1 0.2070707070707071 1 0.21212121212121213 1 0.21717171717171718 1 0.22222222222222224 1 0.22727272727272729 1 0.23232323232323235 1 0.2373737373737374 1 0.24242424242424243 1 0.24747474747474749 1 0.25252525252525254 1 0.25757575757575762 1 0.26262626262626265 1 0.26767676767676768 1 0.27272727272727276 1 0.27777777777777779 1 0.28282828282828287 1 0.2878787878787879 1 0.29292929292929293 1 0.29797979797979801 1 0.30303030303030304 1 0.30808080808080812 1 0.31313131313131315 1 0.31818181818181823 1 0.32323232323232326 1 0.32828282828282829 1 0.33333333333333337 1 0.3383838383838384 1 0.34343434343434348 1 0.34848484848484851 1 0.35353535353535359 1 0.35858585858585862 1 0.36363636363636365 1 0.36868686868686873 1 0.37373737373737376 1 0.37878787878787884 1 0.38383838383838387 1 0.3888888888888889 1 0.39393939393939398 1 0.39898989898989901 1 0.40404040404040409 1 0.40909090909090912 1 0.4141414141414142 1 0.41919191919191923 1 0.42424242424242425 1 0.42929292929292934 1 0.43434343434343436 1 0.43939393939393945 1 0.44444444444444448 1 0.44949494949494956 1 0.45454545454545459 1 0.45959595959595961 1 0.4646464646464647 1 0.46969696969696972 1 0.47474747474747481 1 0.47979797979797983 1 0.48484848484848486 1 0.48989898989898994 1 0.49494949494949497 1 0.5 1 0.50505050505050508 1 0.51010101010101017 1 0.51515151515151525 1 0.52020202020202022 1 0.5252525252525253 1 0.53030303030303039 1 0.53535353535353536 1 0.54040404040404044 1 0.54545454545454553 1 0.5505050505050505 1 0.55555555555555558 1 0.56060606060606066 1 0.56565656565656575 1 0.57070707070707072 1 0.5757575757575758 1 0.58080808080808088 1 0.58585858585858586 1 0.59090909090909094 1 0.59595959595959602 1 0.60101010101010111 1 0.60606060606060608 1 0.61111111111111116 1 0.61616161616161624 1 0.62121212121212122 1 0.6262626262626263 1 0.63131313131313138 1 0.63636363636363646 1 0.64141414141414144 1 0.64646464646464652 1 0.6515151515151516 1 0.65656565656565657 1 0.66161616161616166 1 0.66666666666666674 1 0.67171717171717182 1 0.6767676767676768 1 0.68181818181818188 1 0.68686868686868696 1 0.69191919191919193 1 0.69696969696969702 1 0.7020202020202021 1 0.70707070707070718 1 0.71212121212121215 1 0.71717171717171724 1 0.72222222222222232 1 0.72727272727272729 1 0.73232323232323238 1 0.73737373737373746 1 0.74242424242424254 1 0.74747474747474751 1 0.7525252525252526 1 0.75757575757575768 1 0.76262626262626265 1 0.76767676767676774 1 0.77272727272727282 1 0.77777777777777779 1 0.78282828282828287 1 0.78787878787878796 1 0.79292929292929304 1 0.79797979797979801 1 0.80303030303030309 1 0.80808080808080818 1 0.81313131313131315 1 0.81818181818181823 1 0.82323232323232332 1 0.8282828282828284 1 0.83333333333333337 1 0.83838383838383845 1 0.84343434343434354 1 0.84848484848484851 1 0.85353535353535359 1 0.85858585858585867 1 0.86363636363636376 1 0.86868686868686873 1 0.87373737373737381 1 0.8787878787878789 1 0.88383838383838387 1 0.88888888888888895 1 0.89393939393939403 1 0.89898989898989912 1 0.90404040404040409 1 0.90909090909090917 1 0.91414141414141425 1 0.91919191919191923 1 0.92424242424242431 1 0.92929292929292939 1 0.93434343434343448 1 0.93939393939393945 1 0.94444444444444453 1 0.94949494949494961 1 0.95454545454545459 1 0.95959595959595967 1 0.96464646464646475 1 0.96969696969696972 1 0.97474747474747481 1 0.97979797979797989 1 0.98484848484848497 1 0.98989898989898994 1 0.99494949494949503 1 1 4
7 0 0  3 201 199  6.2831853072053443 1.9999999999992002  6.2725079012798428 2.0000000388746879  6.2511522082796214 2.0000967932482596  6.219121510258975 2.0005296513550372  6.1870990798804062 2.001247881622648  6.1550905489836429 2.0022493083902546  6.1231009458475247 2.003531076675797  6.0911330901645107 2.0050860082594752  6.0591903393228872 2.0069072800171761  6.0272762592538252 2.0089881836883801  5.9953938185197089 2.0113211556835462  5.9635441390544583 2.0138952042811202  5.9317289184735573 2.0166997245970784  5.8999501824367497 2.0197241981856058  5.8682090943731051 2.0229573258643234  5.8365042258945881 2.0263851752150925  5.8048349356132256 2.0299941989082235  5.773200611002685 2.0337706983627903  5.7416010154723107 2.0377011949143733  5.7100329152528264 2.0417700485222903  5.6784929830365032 2.045961314035865  5.6469782493322134 2.0502591401622707  5.6154857786314265 2.0546475992986117  5.5840129556697562 2.0591109752244336  5.5525554516590185 2.0636323073271248  5.5211083732429955 2.0681940764277957  5.489667147149599 2.0727788989296543  5.4582271971706824 2.0773693557575226  5.426783962130445 2.0819480341676746  5.3953326830455035 2.0864975315689707  5.3638687990171823 2.0910003950603664  5.332388917792608 2.0954390212313303  5.3008895308539392 2.0997958283918474  5.2693671176504671 2.1040532304018447  5.2378179938327811 2.1081936372009533  5.2062382850893947 2.1121994788600542  5.1746236597842561 2.1160531088453154  5.1429699161604407 2.1197371707609256  5.1112780003702341 2.1232369838000764  5.0795485277120465 2.1265376632573036  5.0477821082844399 2.1296243876207108  5.0159790542828349 2.1324822865027731  4.9841394272099651 2.135096621824923  4.9522623509800878 2.1374521751483853  4.9203512170208583 2.1395395367875221  4.8884101710903138 2.1413500215831958  4.8564431431489741 2.1428747380127851  4.8244539326292051 2.1441049072267746  4.7924457954905986 2.1450315060467338  4.7604241112651211 2.1456517609188794  4.7283945417438531 2.1459633560368561  4.6963626969326349 2.1459632672560107  4.6643337147825443 2.1456514816241397  4.6323125896631847 2.1450310555235865  4.6003045251176715 2.1441040525233368  4.5683142468549471 2.1428741226701566  4.5363457117770656 2.1413499761410857  4.5044033018999787 2.1395397142458195  4.4724916404832147 2.1374513961799266  4.4406146441266552 2.1350938830100055  4.4087731303133184 2.1324806952606981  4.3769686612529712 2.1296248784619149  4.3452030336497929 2.1265395357024923  4.3134777278604739 2.1232380181830202  4.2817905684788249 2.1197364922161666  4.2501400255291024 2.1160509239827765  4.2185247387085907 2.1121973223207857  4.1869433889863181 2.1081917256380134  4.1553924598051939 2.1040516246556789  4.1238687975913999 2.0997944686393035  4.0923693611159129 2.0954377221485712  4.0608913220482563 2.0909988300222211  4.0294299280952774 2.0864954667963911  3.9979804141643633 2.0819453282690841  3.9665381592774609 2.0773661124384266  3.9350985813113621 2.0727754875338782  3.9036569420601941 2.068191238659455  3.8722089487801146 2.0636305094560794  3.8407507069756268 2.0591100663478272  3.8092782645776779 2.0546467588307782  3.7777875790289541 2.0502574340516815  3.7462745653197751 2.0459588654826164  3.7147344377544451 2.041768123643664  3.6831644853114871 2.0377007163189438  3.6515636079194924 2.0337710920261922  3.6199302745260855 2.0299939391649779  3.5882628485578594 2.0263838932253053  3.5565594397347446 2.0229555614535966  3.5248175142436184 2.0197237169801743  3.4930383868588071 2.01669976628984  3.4612236679734254 2.0138949085634312  3.429374756622293 2.0113203704830545  3.3974927157291561 2.0089874748364269  3.3655784183008333 2.0069071275449861  3.3336356235746329 2.0050859859195533  3.3016679438665251 2.0035310500842045  3.2696789640325852 2.0022490846461944  3.237671711690203 2.0012474534668092  3.2056504174832678 2.0005293286228603  3.1736199409096 2.0000966694330606  3.1415850206361875 1.9999516504547208  3.1095501936957337 2.0000967286457159  3.0775197952062729 2.0005298362556783  3.0454984488022525 2.0012483000747117  3.0134908442997013 2.0022495578942889  2.9815015819773816 2.0035311929680995  2.9495337756233893 2.0050863228908877  2.9175908286514418 2.0069078152658393  2.885676371512746 2.0089886605893019  2.8537938232692128 2.0113216057245973  2.8219442421268042 2.0138957696934678  2.7901291588561907 2.0167004124531918  2.7583504137109629 2.0197248827009413  2.7266093109689504 2.0229580167176038  2.694904463296186 2.026385918409717  2.6632351985645908 2.0299950063708767  2.6316008880177884 2.0337715600447712  2.6000013215092528 2.0377021007876945  2.5684333105197323 2.0417710248338001  2.5368934585216985 2.0459623489147725  2.5053787557387426 2.0502602023545928  2.473886219712778 2.0546486330870004  2.4424131899651691 2.0591119020144011  2.4109555268776606 2.0636331878958765  2.379508314848306 2.0681949431443161  2.3480670130675394 2.0727797868419251  2.3166270850384612 2.0773702938971277  2.2851840099211342 2.0819490492441339  2.2537331418145818 2.0864986418878084  2.222269798343695 2.0910016340097579  2.1907903574259677 2.0954403805033284  2.1592911402331172 2.0997972561932694  2.1277683977702964 2.1040546241853839  2.0962182749185452 2.1081948745298758  2.0646364495588987 2.1122003012182873  2.0330191367684067 2.1160535710515336  2.0013662241418251 2.1197389367219364  1.9696770802684984 2.1232404400141136  1.9379510474702073 2.1265422385383674  1.9061869441405772 2.1296282375099667  1.8743838838232296 2.1324832864424952  1.8425434299264314 2.1350955080998584  1.8106667090030788 2.1374525746161286  1.7787547319242476 2.139542303355551  1.7468079219458161 2.1413523813915027  1.7148326506827587 2.1428755562546624  1.6828355156072927 2.1441047313067729  1.6508229888274624 2.1450326059834155  1.6188009638765051 2.1456525506375681  1.5867736646776054 2.1459633716793389  1.5547455926359905 2.1459633204013024  1.5227210970456273 2.1456513935560806  1.4907045812153141 2.1450302744137217  1.4587006157874276 2.1441037649544188  1.4267138854586641 2.1428747119525751  1.3947483457727854 2.141349358037417  1.3628076491258696 2.1395378760706518  1.3308959435403924 2.1374496114105419  1.2990173822777766 2.1350942341523815  1.2671764300720652 2.1324809429467839  1.2353730866489405 2.1296238393220652  1.2036072810193374 2.1265376491504933  1.1718794098098568 2.1232369376307001  1.1401900678550927 2.119736299202192  1.1085398031404994 2.1160503720663781  1.0769253610013108 2.1121961826639026  1.0453439483021398 2.1081906993349344  1.0137929112883963 2.1040509277858166  0.98226995361628333 2.0997937823586708  0.95077117538097156 2.0954368226342313  0.91929243174213404 2.0909977967947522  0.88782981215515999 2.0864943982902138  0.85637956041543895 2.0819443610355419  0.82493731606446996 2.0773652852003401  0.79349821224491901 2.0727746341222639  0.76205755846818146 2.0681899100446133  0.73061066352563309 2.0636285676381982  0.69915254132122318 2.0591082129581575  0.66767896671254601 2.0546457817511059  0.63618690839273739 2.0502573665230095  0.60467309502187572 2.0459592227845542  0.57313416588970245 2.0417675828649937  0.54156666774391393 2.0376986088145745  0.50996637397043987 2.0337687669810278  0.47833185340565176 2.0299924783087722  0.44666278514780977 2.0263834240851843  0.4149584152867698 2.022955490796122  0.38321790753540164 2.0197224319515104  0.35143968802042558 2.0166983277665231  0.31962504133070535 2.0138941223549485  0.28777574345097179 2.0113202818350624  0.2558933929988827 2.008987267436809  0.22397881069712788 2.0069060249693047  0.19203479476775787 2.0050849749454098  0.16006629708089903 2.0035303754679612  0.12807773794807353 2.0022488174280251  0.096073477417633057 2.0012473188829776  0.064056931172136622 2.0005292273957873  0.03203146030269366 2.0000965587669275  0.010677406878415674 1.9999999611237156  2.5758950528143032e-11 1.9999999999992002 
 0 4 0.0050505050505050509 1 0.010101010101010102 1 0.015151515151515152 1 0.020202020202020204 1 0.025252525252525256 1 0.030303030303030304 1 0.035353535353535359 1 0.040404040404040407 1 0.045454545454545456 1 0.050505050505050511 1 0.055555555555555559 1 0.060606060606060608 1 0.065656565656565663 1 0.070707070707070718 1 0.07575757575757576 1 0.080808080808080815 1 0.08585858585858587 1 0.090909090909090912 1 0.095959595959595967 1 0.10101010101010102 1 0.10606060606060606 1 0.11111111111111112 1 0.11616161616161617 1 0.12121212121212122 1 0.12626262626262627 1 0.13131313131313133 1 0.13636363636363638 1 0.14141414141414144 1 0.14646464646464646 1 0.15151515151515152 1 0.15656565656565657 1 0.16161616161616163 1 0.16666666666666669 1 0.17171717171717174 1 0.1767676767676768 1 0.18181818181818182 1 0.18686868686868688 1 0.19191919191919193 1 0.19696969696969699 1 0.20202020202020204 1 0.2070707070707071 1 0.21212121212121213 1 0.21717171717171718 1 0.22222222222222224 1 0.22727272727272729 1 0.23232323232323235 1 0.2373737373737374 1 0.24242424242424243 1 0.24747474747474749 1 0.25252525252525254 1 0.25757575757575762 1 0.26262626262626265 1 0.26767676767676768 1 0.27272727272727276 1 0.27777777777777779 1 0.28282828282828287 1 0.2878787878787879 1 0.29292929292929293 1 0.29797979797979801 1 0.30303030303030304 1 0.30808080808080812 1 0.31313131313131315 1 0.31818181818181823 1 0.32323232323232326 1 0.32828282828282829 1 0.33333333333333337 1 0.3383838383838384 1 0.34343434343434348 1 0.34848484848484851 1 0.35353535353535359 1 0.35858585858585862 1 0.36363636363636365 1 0.36868686868686873 1 0.37373737373737376 1 0.37878787878787884 1 0.38383838383838387 1 0.3888888888888889 1 0.39393939393939398 1 0.39898989898989901 1 0.40404040404040409 1 0.40909090909090912 1 0.4141414141414142 1 0.41919191919191923 1 0.42424242424242425 1 0.42929292929292934 1 0.43434343434343436 1 0.43939393939393945 1 0.44444444444444448 1 0.44949494949494956 1 0.45454545454545459 1 0.45959595959595961 1 0.4646464646464647 1 0.46969696969696972 1 0.47474747474747481 1 0.47979797979797983 1 0.48484848484848486 1 0.48989898989898994 1 0.49494949494949497 1 0.5 1 0.50505050505050508 1 0.51010101010101017 1 0.51515151515151525 1 0.52020202020202022 1 0.5252525252525253 1 0.53030303030303039 1 0.53535353535353536 1 0.54040404040404044 1 0.54545454545454553 1 0.5505050505050505 1 0.55555555555555558 1 0.56060606060606066 1 0.56565656565656575 1 0.57070707070707072 1 0.5757575757575758 1 0.58080808080808088 1 0.58585858585858586 1 0.59090909090909094 1 0.59595959595959602 1 0.60101010101010111 1 0.60606060606060608 1 0.61111111111111116 1 0.61616161616161624 1 0.62121212121212122 1 0.6262626262626263 1 0.63131313131313138 1 0.63636363636363646 1 0.64141414141414144 1 0.64646464646464652 1 0.6515151515151516 1 0.65656565656565657 1 0.66161616161616166 1 0.66666666666666674 1 0.67171717171717182 1 0.6767676767676768 1 0.68181818181818188 1 0.68686868686868696 1 0.69191919191919193 1 0.69696969696969702 1 0.7020202020202021 1 0.70707070707070718 1 0.71212121212121215 1 0.71717171717171724 1 0.72222222222222232 1 0.72727272727272729 1 0.73232323232323238 1 0.73737373737373746 1 0.74242424242424254 1 0.74747474747474751 1 0.7525252525252526 1 0.75757575757575768 1 0.76262626262626265 1 0.76767676767676774 1 0.77272727272727282 1 0.77777777777777779 1 0.78282828282828287 1 0.78787878787878796 1 0.79292929292929304 1 0.79797979797979801 1 0.80303030303030309 1 0.80808080808080818 1 0.81313131313131315 1 0.81818181818181823 1 0.82323232323232332 1 0.8282828282828284 1 0.83333333333333337 1 0.83838383838383845 1 0.84343434343434354 1 0.84848484848484851 1 0.85353535353535359 1 0.85858585858585867 1 0.86363636363636376 1 0.86868686868686873 1 0.87373737373737381 1 0.8787878787878789 1 0.88383838383838387 1 0.88888888888888895 1 0.89393939393939403 1 0.89898989898989912 1 0.90404040404040409 1 0.90909090909090917 1 0.91414141414141425 1 0.91919191919191923 1 0.92424242424242431 1 0.92929292929292939 1 0.93434343434343448 1 0.93939393939393945 1 0.94444444444444453 1 0.94949494949494961 1 0.95454545454545459 1 0.95959595959595967 1 0.96464646464646475 1 0.96969696969696972 1 0.97474747474747481 1 0.97979797979797989 1 0.98484848484848497 1 0.98989898989898994 1 0.99494949494949503 1 1 4
1 6.2831853072053452 0 0 1 
1 2.5758950528143032e-11 0 0 1 
1 0 1 1 0 
2 0 0 -1 -6.1232339957367697e-17 -6.1232339957367697e-17 1 1.9999999999999998
1 6.2831853071795862 0 0 1 
1 0 0 0 1 
7 0 0  3 113 111  6.2831853071795862 6.8000000000191303  6.2795805220084189 6.8000008705375929  6.2723715961895588 6.7997932945535489  6.2615685564292649 6.7988571466133623  6.2507842746972253 6.7972996768430711  6.2400271822343365 6.7951233147534236  6.2293057178817834 6.7923303570105631  6.2186283151423929 6.7889229584750606  6.2080036015297138 6.7849061806194806  6.1974402524194359 6.7802853922415052  6.1869470600762959 6.7750657379060879  6.1765325216889995 6.7692529942052078  6.1662042225246365 6.7628547705582953  6.1559699636049903 6.7558784024469407  6.145837547601678 6.7483313254612636  6.1358149019754826 6.7402208486950954  6.1259089963777873 6.7315558855879463  6.1161267959084347 6.7223454952228447  6.1064753613472913 6.7125987012827135  6.096961835014314 6.702324524927783  6.0875933550045085 6.6915320330607475  6.0783760589654952 6.6802310826910976  6.0693162279575414 6.6684314927034301  6.0604202160937435 6.6561430897215175  6.0516944419140568 6.6433757075373414  6.0431454600570307 6.6301391435308492  6.0347796302799015 6.6164433463753092  6.0266027650441742 6.6022986289751158  6.0186208637870964 6.5877152454127401  6.0108399782937774 6.5727034669531372  6.0032662449823606 6.5572735549532801  5.9959058654836959 6.541435793219585  5.9887651289648627 6.5252003856686578  5.9818503185682816 6.5085778438728825  5.9751674382964701 6.4915801742667592  5.9687225958716983 6.4742192140837505  5.9625219503937377 6.4565068447098533  5.9565717217364256 6.4384549401219893  5.9508781896270548 6.4200753597808466  5.9454476729880446 6.4013800286211273  5.9402865990413298 6.3823806241976992  5.9354012216826426 6.3630897988567527  5.9307970352801727 6.3435236789893983  5.9264796730706699 6.3236979240069369  5.9224547678173094 6.3036283237355644  5.9187280042994956 6.2833306133217031  5.9153050441544197 6.2628206162159854  5.9121917674545728 6.2421138573319483  5.9093933079469307 6.2212270680962458  5.9069129360000918 6.2001799072982022  5.9047542246071645 6.178991569314336  5.9029206941158776 6.1576813620067163  5.9014158286354013 6.1362686037079959  5.9002433652628534 6.1147724573829532  5.8994046670830942 6.0932136482887751  5.8989006648150033 6.0716131848997268  5.8987324089644524 6.0499920016045055  5.898900895557893 6.0283710539715498  5.8994051244998449 6.0067710239421821  5.9002440537403222 5.9852125648893395  5.9014168688558444 5.9637164295447587  5.90292177518619 5.9423029521660951  5.9047552292277592 5.9209917150703406  5.9069140218591478 5.8998024517966892  5.9093948225976201 5.8787547966407443  5.912194499092875 5.8578686296503228  5.915308099992167 5.837161281698525  5.9187304353843846 5.8166497299386934  5.9224563824083072 5.7963509790010779  5.9264809115159061 5.776282269457492  5.9307986475651484 5.7564597605310048  5.935403479074898 5.7368973662316742  5.9402894668577284 5.7176093971399435  5.945450660424024 5.698610008955856  5.9508812118437193 5.6799135803307212  5.9565748289081544 5.6615327274105924  5.9625251756100912 5.6434797262247445  5.9687259911081698 5.625766918017951  5.9751710732198822 5.6084067118860395  5.9818542407007289 5.5914111646893057  5.9887692160135488 5.5747908688409575  5.9959098045205028 5.5585565987571259  6.0032698767656356 5.5427190843722238  6.0108433622152448 5.5272890515445932  6.018624311527053 5.5122772869186001  6.0266066526287805 5.497694308471532  6.0347840001718174 5.4835501193157707  6.0431501068280697 5.4698548132917839  6.0516987792503265 5.4566184583866724  6.0604239190740401 5.4438511352729675  6.0693194697115977 5.4315628997347964  6.0783796170545621 5.4197638944245163  6.0875977565932482 5.4084637613772344  6.0969669057858233 5.3976718924720819  6.1064802528484599 5.3873977365249726  6.1161310408097123 5.377650738484439  6.1259125645763683 5.3684403018317139  6.1358183373647073 5.3597759997846364  6.1458414032918256 5.351666684204246  6.1559738381652389 5.3441198999670778  6.1662079486823673 5.3371434264028057  6.1765360497407436 5.3307449765681163  6.1869505421222204 5.324932294158506  6.1974438755206229 5.3197130665469761  6.2080072582675552 5.315092523830165  6.2186319489959541 5.3110759509491157  6.2293092404096218 5.3076685933396215  6.2400304773195474 5.304875799614031  6.2507871618769313 5.3026998064366939  6.261570804050872 5.3011427033244951  6.2723729180228087 5.3002067225180403  6.2795810049718845 5.2999991550070416  6.2831853071795862 5.2999999999999199 
 0 4 0.0090909090909090905 1 0.018181818181818181 1 0.027272727272727271 1 0.036363636363636362 1 0.045454545454545456 1 0.054545454545454543 1 0.06363636363636363 1 0.072727272727272724 1 0.081818181818181818 1 0.090909090909090912 1 0.099999999999999992 1 0.10909090909090909 1 0.11818181818181818 1 0.12727272727272726 1 0.13636363636363635 1 0.14545454545454545 1 0.15454545454545454 1 0.16363636363636364 1 0.17272727272727273 1 0.18181818181818182 1 0.19090909090909089 1 0.19999999999999998 1 0.20909090909090908 1 0.21818181818181817 1 0.22727272727272727 1 0.23636363636363636 1 0.24545454545454545 1 0.25454545454545452 1 0.26363636363636361 1 0.27272727272727271 1 0.2818181818181818 1 0.29090909090909089 1 0.29999999999999999 1 0.30909090909090908 1 0.31818181818181818 1 0.32727272727272727 1 0.33636363636363636 1 0.34545454545454546 1 0.35454545454545455 1 0.36363636363636365 1 0.37272727272727268 1 0.38181818181818178 1 0.39090909090909087 1 0.39999999999999997 1 0.40909090909090906 1 0.41818181818181815 1 0.42727272727272725 1 0.43636363636363634 1 0.44545454545454544 1 0.45454545454545453 1 0.46363636363636362 1 0.47272727272727272 1 0.48181818181818181 1 0.49090909090909091 1 0.5 1 0.50909090909090904 1 0.51818181818181819 1 0.52727272727272723 1 0.53636363636363638 1 0.54545454545454541 1 0.55454545454545456 1 0.5636363636363636 1 0.57272727272727275 1 0.58181818181818179 1 0.59090909090909083 1 0.59999999999999998 1 0.60909090909090902 1 0.61818181818181817 1 0.6272727272727272 1 0.63636363636363635 1 0.64545454545454539 1 0.65454545454545454 1 0.66363636363636358 1 0.67272727272727273 1 0.68181818181818177 1 0.69090909090909092 1 0.69999999999999996 1 0.70909090909090911 1 0.71818181818181814 1 0.72727272727272729 1 0.73636363636363633 1 0.74545454545454537 1 0.75454545454545452 1 0.76363636363636356 1 0.77272727272727271 1 0.78181818181818175 1 0.79090909090909089 1 0.79999999999999993 1 0.80909090909090908 1 0.81818181818181812 1 0.82727272727272727 1 0.83636363636363631 1 0.84545454545454546 1 0.8545454545454545 1 0.86363636363636365 1 0.87272727272727268 1 0.88181818181818172 1 0.89090909090909087 1 0.89999999999999991 1 0.90909090909090906 1 0.9181818181818181 1 0.92727272727272725 1 0.93636363636363629 1 0.94545454545454544 1 0.95454545454545447 1 0.96363636363636362 1 0.97272727272727266 1 0.98181818181818181 1 0.99090909090909085 1 1 4
7 0 0  3 113 111  0 6  0.0096127432352464126 6.00000093818824  0.028836537684385988 5.9999233311838243  0.057665256289084255 5.9995716732792559  0.086485165271518838 5.9989882668131376  0.11529421649750482 5.9981755743010758  0.1440903723195639 5.9971359248217784  0.17287171434934834 5.9958715055569654  0.20163548718971569 5.9943874192240862  0.23037868607634948 5.9926890828322827  0.25909805405649777 5.9907816664894318  0.2877910743740042 5.9886710618708996  0.31645720312596026 5.9863652624504322  0.34509533677990945 5.9838719459319076  0.37370436412136065 5.9811989108161665  0.4022829860651882 5.97835378818605  0.43083193979052403 5.9753463813629066  0.45935188050088271 5.9721866906112311  0.48784324819626335 5.9688846704844014  0.51630634139363885 5.9654502634965239  0.54474158349645663 5.961893506538706  0.57315164221904347 5.9582260335262962  0.60153884634442534 5.954459401794522  0.62990540070514811 5.9506051828871565  0.65825344059206969 5.9466749680939364  0.68658493325388115 5.9426802555121672  0.71490239882476381 5.9386329289112521  0.74320952656798056 5.9345457998167381  0.77150968055869029 5.9304315308975113  0.79980621561626286 5.9263028248198699  0.82810245415231876 5.9221723731171876  0.85640173637163386 5.9180528718570935  0.88470751674596571 5.9139570101031147  0.9130231951597807 5.9098975012279098  0.94135127167570332 5.9058871758230378  0.96969429949740871 5.9019388510237327  0.99805482819146363 5.8980653481809169  1.0264354795992112 5.8942794852390508  1.0548390141039619 5.8905940895527795  1.0832683005679193 5.8870219542424493  1.1117266777756001 5.883575999955438  1.1402167899220128 5.8802686453292807  1.1687377944264998 5.877110519459281  1.1972892821883772 5.8741124930546729  1.2258707807619995 5.8712853655314383  1.254482011315174 5.8686399798646214  1.2831228293271089 5.8661870760862547  1.3117936731675837 5.8639377624413731  1.3404941930076006 5.8619016525478118  1.3692211739857338 5.8600847345094911  1.3979717741322411 5.8584935669512879  1.4267431006840141 5.8571345860715596  1.4555323898702923 5.8560141472537968  1.4843373212175965 5.8551390515674804  1.5131541601299983 5.8545117537307583  1.5419787449579587 5.8541339211957917  1.5708069900524038 5.8540074307043763  1.5996349285494187 5.8541340867154483  1.6284589592491354 5.854512099359491  1.6572753700087297 5.855139572205176  1.6860803740721551 5.8560150269110558  1.7148706532005722 5.8571352090980335  1.743643323257535 5.8584936903118994  1.7723951596543017 5.8600846341907262  1.801122939323788 5.8619019662236003  1.8298232435434887 5.8639399724032879  1.858495107569512 5.8661894744201435  1.887137602459271 5.8686408042925358  1.9157495852546109 5.8712843739691802  1.9443295538880765 5.8741107546667566  1.9728771004187031 5.877109718852263  2.0013939125698705 5.8802693715737959  2.029881043731578 5.8835781100932847  2.0583395519933099 5.8870242260245567  2.0867702148103575 5.8905961413600885  2.1151753580657644 5.8942812841782857  2.1435574202949468 5.898066888196885  2.171918646529166 5.9019402350481647  2.2002611339339015 5.9058886026394095  2.2285872915450771 5.9098992341911352  2.2569007973946036 5.9139592149677105  2.2852050415590774 5.918055651240314  2.3135034047564638 5.9221756395853093  2.3417992258574305 5.9263062943515461  2.3700959260946171 5.9304346684926976  2.3983967947423395 5.9345480708581002  2.4267046854252854 5.9386342987857024  2.4550224894347927 5.9426810629008084  2.4833530980509337 5.946676100916263  2.5116995039748282 5.9506071289074303  2.5400647288117231 5.9544619224119888  2.5684523051384645 5.9582280407559258  2.596864017168409 5.9618942933756438  2.6253006653294229 5.9654501155424748  2.6537633168216885 5.9688847969526906  2.6822531045370077 5.9721876494061092  2.7107712735762917 5.975348041863394  2.7393195867944549 5.9783550925383064  2.7678989001271841 5.9811989899588474  2.7965078998042188 5.983871862417911  2.8251456760281748 5.9863654905476462  2.8538113278948884 5.9886717521262796  2.8825041848824799 5.9907824840084531  2.9112238183289207 5.9926895896435335  2.939967053710113 5.9943878090434328  2.9687307282700051 5.9958718201460677  2.997511762616373 5.9971363422013697  3.0263072845691337 5.9981759912851444  3.0551152109572062 5.9989884792140655  3.0839333931030453 5.9995716641403423  3.112759639867777 5.9999232622527812  3.1319811984165398 6.0000009017130989  3.1415926535796999 6 
 0 4 0.0090909090909090905 1 0.018181818181818181 1 0.027272727272727271 1 0.036363636363636362 1 0.045454545454545456 1 0.054545454545454543 1 0.06363636363636363 1 0.072727272727272724 1 0.081818181818181818 1 0.090909090909090912 1 0.099999999999999992 1 0.10909090909090909 1 0.11818181818181818 1 0.12727272727272726 1 0.13636363636363635 1 0.14545454545454545 1 0.15454545454545454 1 0.16363636363636364 1 0.17272727272727273 1 0.18181818181818182 1 0.19090909090909089 1 0.19999999999999998 1 0.20909090909090908 1 0.21818181818181817 1 0.22727272727272727 1 0.23636363636363636 1 0.24545454545454545 1 0.25454545454545452 1 0.26363636363636361 1 0.27272727272727271 1 0.2818181818181818 1 0.29090909090909089 1 0.29999999999999999 1 0.30909090909090908 1 0.31818181818181818 1 0.32727272727272727 1 0.33636363636363636 1 0.34545454545454546 1 0.35454545454545455 1 0.36363636363636365 1 0.37272727272727268 1 0.38181818181818178 1 0.39090909090909087 1 0.39999999999999997 1 0.40909090909090906 1 0.41818181818181815 1 0.42727272727272725 1 0.43636363636363634 1 0.44545454545454544 1 0.45454545454545453 1 0.46363636363636362 1 0.47272727272727272 1 0.48181818181818181 1 0.49090909090909091 1 0.5 1 0.50909090909090904 1 0.51818181818181819 1 0.52727272727272723 1 0.53636363636363638 1 0.54545454545454541 1 0.55454545454545456 1 0.5636363636363636 1 0.57272727272727275 1 0.58181818181818179 1 0.59090909090909083 1 0.59999999999999998 1 0.60909090909090902 1 0.61818181818181817 1 0.6272727272727272 1 0.63636363636363635 1 0.64545454545454539 1 0.65454545454545454 1 0.66363636363636358 1 0.67272727272727273 1 0.68181818181818177 1 0.69090909090909092 1 0.69999999999999996 1 0.70909090909090911 1 0.71818181818181814 1 0.72727272727272729 1 0.73636363636363633 1 0.74545454545454537 1 0.75454545454545452 1 0.76363636363636356 1 0.77272727272727271 1 0.78181818181818175 1 0.79090909090909089 1 0.79999999999999993 1 0.80909090909090908 1 0.81818181818181812 1 0.82727272727272727 1 0.83636363636363631 1 0.84545454545454546 1 0.8545454545454545 1 0.86363636363636365 1 0.87272727272727268 1 0.88181818181818172 1 0.89090909090909087 1 0.89999999999999991 1 0.90909090909090906 1 0.9181818181818181 1 0.92727272727272725 1 0.93636363636363629 1 0.94545454545454544 1 0.95454545454545447 1 0.96363636363636362 1 0.97272727272727266 1 0.98181818181818181 1 0.99090909090909085 1 1 4
1 6.2831853071795862 0 0 1 
1 0 0 0 1 
1 0 8.3000000000000007 1 0 
7 0 0  3 113 111  0 6.8000000000191303  0.0036047851711670472 6.8000008705375929  0.010813710990028346 6.7997932945535489  0.021616750750321191 6.7988571466133623  0.032401032482360884 6.7972996768430711  0.043158124945250093 6.7951233147534236  0.053879589297802462 6.7923303570105631  0.064556992037193797 6.7889229584750606  0.075181705649872935 6.7849061806194788  0.08574505476014764 6.7802853922415052  0.096238247103292082 6.7750657379060888  0.10665278549058521 6.7692529942052051  0.11698108465495081 6.7628547705582953  0.12721534357459729 6.7558784024469425  0.13734775957790957 6.7483313254612609  0.14737040520410499 6.7402208486950954  0.15727631080179935 6.7315558855879463  0.16705851127115123 6.7223454952228483  0.17670994583229663 6.7125987012827126  0.18622347216527205 6.702324524927783  0.19559195217507785 6.6915320330607475  0.20480924821409185 6.6802310826910993  0.21386907922204482 6.6684314927034318  0.22276509108584192 6.6561430897215166  0.23149086526552881 6.6433757075373432  0.24003984712255508 6.6301391435308492  0.24840567689968604 6.6164433463753092  0.25658254213541265 6.6022986289751158  0.26456444339249124 6.587715245412741  0.2723453288858102 6.572703466953139  0.27991906219722651 6.5572735549532792  0.28727944169589131 6.5414357932195877  0.29442017821472471 6.5252003856686578  0.3013349886113057 6.5085778438728861  0.30801786888311705 6.4915801742667592  0.31446271130788811 6.4742192140837531  0.32066335678584867 6.4565068447098586  0.32661358544316188 6.4384549401219964  0.33230711755253273 6.4200753597808484  0.33773763419154029 6.4013800286211309  0.34289870813825835 6.3823806241977019  0.34778408549694506 6.3630897988567545  0.35238827189941607 6.3435236789893992  0.35670563410891964 6.3236979240069342  0.36073053936227845 6.3036283237355644  0.36445730288009265 6.2833306133216977  0.36788026302516863 6.2628206162159836  0.3709935397250127 6.2421138573319457  0.37379199923265494 6.2212270680962494  0.37627237117949075 6.2001799072982067  0.37843108257241892 6.1789915693143422  0.3802646130637044 6.1576813620067226  0.38176947854418547 6.1362686037079994  0.38294194191673808 6.1147724573829505  0.38378064009650159 6.0932136482887671  0.38428464236459425 6.0716131848997152  0.3844528982151354 6.0499920016045055  0.38428441162168281 6.0283710539715605  0.38378018267973379 6.0067710239421919  0.38294125343926005 5.9852125648893431  0.38176843832374491 5.963716429544756  0.38026353199339835 5.9423029521660951  0.37843007795183181 5.9209917150703371  0.3762712853204393 5.8998024517966892  0.3737904845819679 5.8787547966407452  0.37099080808671164 5.8578686296503255  0.36787720718741812 5.8371612816985268  0.36445487179520319 5.8166497299386943  0.36072892477127849 5.7963509790010743  0.35670439566368167 5.7762822694574902  0.35238665961443633 5.7564597605310013  0.34778182810468944 5.7368973662316707  0.34289584032185738 5.7176093971399418  0.33773464675556253 5.6986100089558507  0.33230409533586575 5.6799135803307195  0.3266104782714333 5.661532727410588  0.32066013156949313 5.6434797262247391  0.31445931607141681 5.6257669180179475  0.30801423395970251 5.6084067118860386  0.30133106647885821 5.5914111646893065  0.29441609116603656 5.5747908688409566  0.28727550265908319 5.5585565987571277  0.2799154304139515 5.5427190843722265  0.27234194496434039 5.5272890515445958  0.26456099565253333 5.5122772869186063  0.25657865455080475 5.4976943084715382  0.24840130700776947 5.4835501193157743  0.24003520035151471 5.4698548132917857  0.23148652792925953 5.4566184583866741  0.22276138810554474 5.4438511352729693  0.21386583746798943 5.4315628997347973  0.20480569012502242 5.4197638944245172  0.19558755058633792 5.4084637613772326  0.18621840139376139 5.397671892472081  0.17670505433112682 5.3873977365249699  0.16705426636987233 5.3776507384844363  0.15727274260321814 5.3684403018317148  0.14736696981487898 5.3597759997846346  0.13734390388775919 5.3516666842042442  0.12721146901434779 5.3441198999670787  0.11697735849721677 5.3371434264028048  0.10664925743884195 5.3307449765681154  0.096234765057363725 5.3249322941585042  0.085741431658963738 5.3197130665469761  0.07517804891202863 5.315092523830165  0.064553358183632614 5.3110759509491157  0.0538760667699624 5.3076685933396206  0.043154829860038969 5.304875799614031  0.032398145302652198 5.3026998064366939  0.02161450312871465 5.3011427033244951  0.01081238915677534 5.3002067225180403  0.0036043022077019886 5.2999991550070416  0 5.2999999999999199 
 0 4 0.0090909090909090905 1 0.018181818181818181 1 0.027272727272727271 1 0.036363636363636362 1 0.045454545454545456 1 0.054545454545454543 1 0.06363636363636363 1 0.072727272727272724 1 0.081818181818181818 1 0.090909090909090912 1 0.099999999999999992 1 0.10909090909090909 1 0.11818181818181818 1 0.12727272727272726 1 0.13636363636363635 1 0.14545454545454545 1 0.15454545454545454 1 0.16363636363636364 1 0.17272727272727273 1 0.18181818181818182 1 0.19090909090909089 1 0.19999999999999998 1 0.20909090909090908 1 0.21818181818181817 1 0.22727272727272727 1 0.23636363636363636 1 0.24545454545454545 1 0.25454545454545452 1 0.26363636363636361 1 0.27272727272727271 1 0.2818181818181818 1 0.29090909090909089 1 0.29999999999999999 1 0.30909090909090908 1 0.31818181818181818 1 0.32727272727272727 1 0.33636363636363636 1 0.34545454545454546 1 0.35454545454545455 1 0.36363636363636365 1 0.37272727272727268 1 0.38181818181818178 1 0.39090909090909087 1 0.39999999999999997 1 0.40909090909090906 1 0.41818181818181815 1 0.42727272727272725 1 0.43636363636363634 1 0.44545454545454544 1 0.45454545454545453 1 0.46363636363636362 1 0.47272727272727272 1 0.48181818181818181 1 0.49090909090909091 1 0.5 1 0.50909090909090904 1 0.51818181818181819 1 0.52727272727272723 1 0.53636363636363638 1 0.54545454545454541 1 0.55454545454545456 1 0.5636363636363636 1 0.57272727272727275 1 0.58181818181818179 1 0.59090909090909083 1 0.59999999999999998 1 0.60909090909090902 1 0.61818181818181817 1 0.6272727272727272 1 0.63636363636363635 1 0.64545454545454539 1 0.65454545454545454 1 0.66363636363636358 1 0.67272727272727273 1 0.68181818181818177 1 0.69090909090909092 1 0.69999999999999996 1 0.70909090909090911 1 0.71818181818181814 1 0.72727272727272729 1 0.73636363636363633 1 0.74545454545454537 1 0.75454545454545452 1 0.76363636363636356 1 0.77272727272727271 1 0.78181818181818175 1 0.79090909090909089 1 0.79999999999999993 1 0.80909090909090908 1 0.81818181818181812 1 0.82727272727272727 1 0.83636363636363631 1 0.84545454545454546 1 0.8545454545454545 1 0.86363636363636365 1 0.87272727272727268 1 0.88181818181818172 1 0.89090909090909087 1 0.89999999999999991 1 0.90909090909090906 1 0.9181818181818181 1 0.92727272727272725 1 0.93636363636363629 1 0.94545454545454544 1 0.95454545454545447 1 0.96363636363636362 1 0.97272727272727266 1 0.98181818181818181 1 0.99090909090909085 1 1 4
7 0 0  3 113 111  6.2831853071795862 6  6.273572563944338 6.00000093818824  6.254348769495202 5.9999233311838243  6.225520050890502 5.9995716732792559  6.1967001419080709 5.9989882668131376  6.1678910906820814 5.9981755743010758  6.1390949348600241 5.9971359248217784  6.1103135928302414 5.9958715055569654  6.0815498199898705 5.9943874192240862  6.0528066211032385 5.9926890828322827  6.0240872531230885 5.9907816664894318  5.9953942328055838 5.9886710618708996  5.9667281040536277 5.9863652624504322  5.9380899703996786 5.9838719459319076  5.9094809430582274 5.9811989108161665  5.880902321114398 5.97835378818605  5.8523533673890622 5.9753463813629066  5.8238334266787053 5.9721866906112311  5.7953420589833229 5.9688846704844014  5.7668789657859456 5.9654502634965239  5.7384437236831296 5.9618935065387042  5.7100336649605463 5.9582260335262962  5.6816464608351591 5.954459401794522  5.6532799064744399 5.9506051828871565  5.6249318665875165 5.9466749680939364  5.5966003739257069 5.9426802555121663  5.5682829083548242 5.9386329289112529  5.5399757806116057 5.9345457998167355  5.5116756266208995 5.9304315308975122  5.4833790915633251 5.9263028248198699  5.4550828530272657 5.922172373117184  5.4267835708079524 5.9180528718570944  5.3984777904336205 5.9139570101031129  5.3701621120198091 5.9098975012279045  5.3418340355038847 5.9058871758230351  5.3134910076821811 5.9019388510237265  5.2851304789881297 5.8980653481809115  5.2567498275803821 5.8942794852390445  5.2283462930756279 5.8905940895527733  5.1999170066116704 5.8870219542424431  5.1714586294039879 5.8835759999554327  5.1429685172575752 5.8802686453292772  5.1144475127530846 5.8771105194592783  5.0858960249912037 5.8741124930546738  5.0573145264175814 5.8712853655314401  5.0287032958644051 5.8686399798646232  5.0000624778524703 5.8661870760862582  4.971391634011999 5.8639377624413758  4.9426911141719891 5.8619016525478127  4.9139641331938613 5.8600847345094884  4.8852135330473541 5.8584935669512861  4.8564422064955828 5.857134586071556  4.8276529173092975 5.8560141472537932  4.7988479859619844 5.8551390515674822  4.7700311470495755 5.8545117537307627  4.7412065622216133 5.854133921195797  4.7123783171271842 5.8540074307043746  4.6835503786301835 5.854134086715443  4.6547263479304615 5.8545120993594875  4.6259099371708583 5.8551395722051742  4.5971049331074276 5.8560150269110594  4.5683146539790123 5.8571352090980335  4.5395419839220494 5.8584936903118994  4.5107901475252827 5.8600846341907236  4.4820623678558 5.8619019662235958  4.4533620636360993 5.8639399724032808  4.424690199610076 5.866189474420139  4.3960477047203153 5.8686408042925304  4.3674357219249735 5.8712843739691785  4.3388557532915062 5.874110754666753  4.3103082067608796 5.8771097188522656  4.2817913946097121 5.8802693715737959  4.2533042634480029 5.8835781100932847  4.2248457551862728 5.8870242260245558  4.1964150923692252 5.8905961413600902  4.1680099491138183 5.8942812841782866  4.1396278868846323 5.8980668881968841  4.1112666606504185 5.9019402350481664  4.0829241732456829 5.9058886026394095  4.0545980156345074 5.9098992341911369  4.0262845097849826 5.9139592149677087  3.9979802656205106 5.9180556512403175  3.9696819024231225 5.9221756395853076  3.9413860813221593 5.9263062943515452  3.9130893810849727 5.9304346684927003  3.8847885124372503 5.9345480708581002  3.8564806217543026 5.9386342987857024  3.8281628177447935 5.9426810629008084  3.7998322091286525 5.946676100916263  3.7714858032047562 5.9506071289074329  3.7431205783678614 5.9544619224119861  3.7147330020411182 5.9582280407559294  3.6863212900111755 5.9618942933756438  3.657884641850158 5.9654501155424748  3.6294219903578959 5.9688847969526924  3.600932202642575 5.9721876494061084  3.5724140336032928 5.975348041863394  3.5438657203851278 5.9783550925383064  3.5152864070523986 5.9811989899588482  3.4866774073753639 5.9838718624179119  3.4580396311514061 5.9863654905476427  3.4293739792846942 5.9886717521262813  3.4006811222971027 5.9907824840084531  3.3719614888506619 5.9926895896435335  3.3432182534694697 5.9943878090434328  3.3144545789095776 5.9958718201460677  3.2856735445632079 5.9971363422013697  3.2568780226104508 5.9981759912851462  3.2280700962223747 5.998988479214062  3.1992519140765392 5.9995716641403423  3.1704256673118056 5.9999232622527812  3.1512041087630429 6.0000009017130989  3.1415926535998828 6 
 0 4 0.0090909090909090905 1 0.018181818181818181 1 0.027272727272727271 1 0.036363636363636362 1 0.045454545454545456 1 0.054545454545454543 1 0.06363636363636363 1 0.072727272727272724 1 0.081818181818181818 1 0.090909090909090912 1 0.099999999999999992 1 0.10909090909090909 1 0.11818181818181818 1 0.12727272727272726 1 0.13636363636363635 1 0.14545454545454545 1 0.15454545454545454 1 0.16363636363636364 1 0.17272727272727273 1 0.18181818181818182 1 0.19090909090909089 1 0.19999999999999998 1 0.20909090909090908 1 0.21818181818181817 1 0.22727272727272727 1 0.23636363636363636 1 0.24545454545454545 1 0.25454545454545452 1 0.26363636363636361 1 0.27272727272727271 1 0.2818181818181818 1 0.29090909090909089 1 0.29999999999999999 1 0.30909090909090908 1 0.31818181818181818 1 0.32727272727272727 1 0.33636363636363636 1 0.34545454545454546 1 0.35454545454545455 1 0.36363636363636365 1 0.37272727272727268 1 0.38181818181818178 1 0.39090909090909087 1 0.39999999999999997 1 0.40909090909090906 1 0.41818181818181815 1 0.42727272727272725 1 0.43636363636363634 1 0.44545454545454544 1 0.45454545454545453 1 0.46363636363636362 1 0.47272727272727272 1 0.48181818181818181 1 0.49090909090909091 1 0.5 1 0.50909090909090904 1 0.51818181818181819 1 0.52727272727272723 1 0.53636363636363638 1 0.54545454545454541 1 0.55454545454545456 1 0.5636363636363636 1 0.57272727272727275 1 0.58181818181818179 1 0.59090909090909083 1 0.59999999999999998 1 0.60909090909090902 1 0.61818181818181817 1 0.6272727272727272 1 0.63636363636363635 1 0.64545454545454539 1 0.65454545454545454 1 0.66363636363636358 1 0.67272727272727273 1 0.68181818181818177 1 0.69090909090909092 1 0.69999999999999996 1 0.70909090909090911 1 0.71818181818181814 1 0.72727272727272729 1 0.73636363636363633 1 0.74545454545454537 1 0.75454545454545452 1 0.76363636363636356 1 0.77272727272727271 1 0.78181818181818175 1 0.79090909090909089 1 0.79999999999999993 1 0.80909090909090908 1 0.81818181818181812 1 0.82727272727272727 1 0.83636363636363631 1 0.84545454545454546 1 0.8545454545454545 1 0.86363636363636365 1 0.87272727272727268 1 0.88181818181818172 1 0.89090909090909087 1 0.89999999999999991 1 0.90909090909090906 1 0.9181818181818181 1 0.92727272727272725 1 0.93636363636363629 1 0.94545454545454544 1 0.95454545454545447 1 0.96363636363636362 1 0.97272727272727266 1 0.98181818181818181 1 0.99090909090909085 1 1 4
1 1.4655516089807208 2.7999999999999998 1 0 
2 0 0 0.10505053573434001 0.99446688478899503 -0.99446688478899503 0.10505053573434001 12.075000000000001
8 0 0.022931665263100899
1 0.76234614085847796 0 -1 -0 
2 -2.6367796834847468e-16 0 0.7232177105886507 0.6906201148901695 0.6906201148901695 -0.7232177105886507 12.075000000000001
1 1.4655516089807208 2.7999999999999998 1 0 
1 0 0 1 0 
2 0 0 1 0 -0 1 12.074999999999999
1 8.5110830570187854 2.8000000000000096 -1 -0 
1 1.5593304941625057 2.7999999999999998 1 0 
2 0 0 0.011465581407486903 0.99993426806115027 -0.99993426806115027 0.011465581407486903 12.074999999999999
8 0 0.022931665252468699
1 0.66856725567669328 0 -1 -0 
2 -2.6367796834847468e-16 0 0.78471057522694232 0.61986233401215896 0.61986233401215896 -0.78471057522694232 12.074999999999999
1 1.5593304941625057 2.7999999999999998 1 0 
1 8.5110830570187854 2.8000000000000096 -1 -0 
1 1.6531093800028778 2.7999999999999998 1 0 
2 0 0 -0.082220133517391283 0.99661419297759479 -0.99661419297759479 -0.082220133517391283 12.075000000000001
8 0 0.022931664606163901
1 0.57478836983632131 0 -1 -0 
2 -2.6367796834847468e-16 0 0.83930737547297207 0.5436571801021961 0.5436571801021961 -0.83930737547297207 12.075000000000001
1 1.6531093800028778 2.7999999999999998 1 0 
1 8.5110830570187854 2.8000000000000096 -1 -0 
1 1.7468882645260742 2.7999999999999998 1 0 
2 0 0 -0.17518329364564691 0.98453583663951161 -0.98453583663951161 -0.17518329364564691 12.075000000000001
8 0 0.022931665264213499
1 0.48100948531312449 0 -1 -0 
2 -2.6367796834847468e-16 0 0.88652831161209278 0.4626743484463044 0.4626743484463044 -0.88652831161209278 12.074999999999999
1 1.7468882645260742 2.7999999999999998 1 0 
1 8.5110830570187854 2.8000000000000096 -1 -0 
1 1.8406671497078593 2.7999999999999998 1 0 
2 0 0 -0.26660693734677704 0.96380534391472006 -0.96380534391472006 -0.26660693734677704 12.074999999999999
8 0 0.022931665263066101
1 0.3872306001313382 0 -1 -0 
2 -2.6367796834847468e-16 0 0.92595840543062014 0.37762551742749517 0.37762551742749517 -0.92595840543062014 12.075000000000001
1 1.8406671497078593 2.7999999999999998 1 0 
1 8.5110830570187854 2.8000000000000096 -1 -0 
1 1.9344460348896442 2.7999999999999998 1 0 
2 0 0 -0.35568762969633022 0.93460489517282452 -0.93460489517282452 -0.35568762969633022 12.074999999999999
8 0 0.0229316652624055
1 0.29345171494955602 0 -1 -0 
2 -2.6367796834847468e-16 0 0.957251143488274 0.28925809978355321 0.28925809978355321 -0.957251143488274 12.075000000000001
1 1.9344460348896442 2.7999999999999998 1 0 
1 8.5110830570187854 2.8000000000000096 -1 -0 
1 2.0282249200714291 2.7999999999999998 1 0 
2 0 0 -0.44164252636693513 0.89719110500730626 -0.89719110500730626 -0.44164252636693513 12.075000000000001
8 0 0.022931665263626201
1 0.19967282976776865 0 -1 -0 
2 -2.6367796834847468e-16 0 0.98013152407783577 0.19834867155809022 0.19834867155809022 -0.98013152407783577 12.075000000000001
1 2.0282249200714291 2.7999999999999998 1 0 
1 8.5110830570187854 2.8000000000000096 -1 -0 
1 2.1220038052532142 2.7999999999999998 1 0 
2 0 0 -0.52371625263603916 0.85189276715139706 -0.85189276715139706 -0.52371625263603916 12.074999999999999
8 0 0.022931665264201501
1 0.10589394458598402 0 -1 -0 
2 -2.6367796834847468e-16 0 0.99439847359199263 0.10569614807510885 0.10569614807510885 -0.99439847359199263 12.074999999999999
1 2.1220038052532142 2.7999999999999998 1 0 
1 8.5110830570187854 2.8000000000000096 -1 -0 
1 6.3420536384335344 2.8000000000000096 -1 -0 
1 0.058868331253947262 2.7999999999999998 1 0 
2 0 0 0.99826776012799456 0.058834335970049674 -0.058834335970049674 0.99826776012799456 12.074999999999999
8 0 0.0229316652625976
1 2.169029418585251 0 -1 -0 
2 -2.6367796834847468e-16 0 -0.563183300483445 0.82633199747835839 0.82633199747835839 0.563183300483445 12.074999999999999
1 0.058868331253947262 2.7999999999999998 1 0 
1 8.5110830570187854 2.8000000000000096 -1 -0 
1 0.15264721643573217 2.7999999999999998 1 0 
2 0 0 0.98837201878703274 0.15205509685257299 -0.15205509685257299 0.98837201878703274 12.074999999999999
8 0 0.022931665263144101
1 2.0752505334034663 0 -1 -0 
2 -2.6367796834847468e-16 0 -0.48332970384238516 0.87543840296369924 0.87543840296369924 0.48332970384238516 12.074999999999999
1 0.15264721643573217 2.7999999999999998 1 0 
1 8.5110830570187854 2.8000000000000096 -1 -0 
1 0.24642610161751713 2.7999999999999998 1 0 
2 0 0 0.96979042860686482 0.24393959207663193 -0.24393959207663193 0.96979042860686482 12.075000000000001
8 0 0.022931665264207601
1 1.9814716482216821 0 -1 -0 
2 -2.6367796834847468e-16 0 -0.39922858838525699 0.91685142428635369 0.91685142428635369 0.39922858838525699 12.075000000000001
1 0.24642610161751713 2.7999999999999998 1 0 
1 8.5110830570187854 2.8000000000000096 -1 -0 
1 0.34020498679930244 2.7999999999999998 1 0 
2 0 0 0.94268628527011722 0.33368033739438008 -0.33368033739438008 0.94268628527011722 12.074999999999999
8 0 0.022931665263212699
1 1.8876927630398974 0 -1 -0 
2 -2.6367796834847468e-16 0 -0.31161903773865424 0.95020712232588278 0.95020712232588278 0.31161903773865424 12.074999999999999
1 0.34020498679930244 2.7999999999999998 1 0 
1 8.5110830570187854 2.8000000000000096 -1 -0 
1 0.43398387198108651 2.7999999999999998 1 0 
2 0 0 0.90729778096299607 0.42048868790922705 -0.42048868790922705 0.90729778096299607 12.075000000000001
8 0 0.0229316652625592
1 1.793913877858113 0 -1 -0 
2 -2.6367796834847468e-16 0 -0.22127096778376787 0.97521236600857097 0.97521236600857097 0.22127096778376787 12.074999999999999
1 0.43398387198108651 2.7999999999999998 1 0 
1 8.5110830570187854 2.8000000000000096 -1 -0 
1 0.5277627571628718 2.7999999999999998 1 0 
2 0 0 0.86393591113378776 0.50360176871555185 -0.50360176871555185 0.86393591113378776 12.075000000000001
8 0 0.022931665263247799
1 1.7001349926763276 0 -1 -0 
2 -2.6367796834847468e-16 0 -0.12897836060793255 0.99164740835384135 0.99164740835384135 0.12897836060793255 12.074999999999998
1 0.5277627571628718 2.7999999999999998 1 0 
1 8.5110830570187854 2.8000000000000096 -1 -0 
1 0.6215416423446567 2.7999999999999998 1 0 
2 0 0 0.81298174145368018 0.58228917907079614 -0.58228917907079614 0.81298174145368018 12.075000000000001
8 0 0.0229316652642177
1 1.6063561074945414 0 -1 -0 
2 -2.6367796834847468e-16 0 -0.035552286961502914 0.99936781761862181 0.99936781761862181 0.035552286961502914 12.074999999999998
1 0.6215416423446567 2.7999999999999998 1 0 
1 8.5110830570187854 2.8000000000000096 -1 -0 
1 0.71532052752644193 2.7999999999999998 1 0 
2 0 0 0.75488305899794017 0.65585941118345814 -0.65585941118345814 0.75488305899794017 12.074999999999999
8 0 0.0229316652631762
1 1.5125772223127565 0 -1 -0 
2 -2.6367796834847468e-16 0 0.05818622146107006 0.99830574656869697 0.99830574656869697 -0.05818622146107006 12.075000000000003
1 0.71532052752644193 2.7999999999999998 1 0 
1 8.5110830570187854 2.8000000000000096 -1 -0 
1 0.80909941270822638 2.7999999999999998 1 0 
2 0 0 0.69015043707699764 0.72366592720842471 -0.72366592720842471 0.69015043707699764 12.074999999999999
8 0 0.022931665263277501
1 1.418798337130972 0 -1 -0 
2 -2.6367796834847468e-16 0 0.15141338727728684 0.98847052872264152 0.98847052872264152 -0.15141338727728684 12.074999999999999
1 0.80909941270822638 2.7999999999999998 1 0 
1 8.5110830570187854 2.8000000000000096 -1 -0 
1 0.90287829789001151 2.7999999999999998 1 0 
2 0 0 0.61935274829983233 0.7851128410448045 -0.7851128410448045 0.61935274829983233 12.074999999999999
8 0 0.022931665264213998
1 1.3250194519491869 0 -1 -0 
2 -2.6367796834847468e-16 0 0.24330992680186073 0.96994859632852359 0.96994859632852359 -0.24330992680186073 12.075000000000003
1 0.90287829789001151 2.7999999999999998 1 0 
1 8.5110830570187854 2.8000000000000096 -1 -0 
1 0.99665718307179596 2.7999999999999998 1 0 
2 0 0 0.54311216530103501 0.83966015500440505 -0.83966015500440505 0.54311216530103501 12.075000000000003
8 0 0.0229316652642234
1 1.2312405667674022 0 -1 -0 
2 -2.6367796834847468e-16 0 0.33306824994119799 0.94290272079420145 0.94290272079420145 -0.33306824994119799 12.074999999999999
1 0.99665718307179596 2.7999999999999998 1 0 
1 8.5110830570187854 2.8000000000000096 -1 -0 
1 1.0904360682535807 2.7999999999999998 1 0 
2 0 0 0.46209869306532009 0.88682850533083524 -0.88682850533083524 0.46209869306532009 12.075000000000001
8 0 0.022931665263141301
1 1.1374616815856189 0 -1 -0 
2 -2.6367796834847468e-16 0 0.41989955732418249 0.90757058224633735 0.90757058224633735 -0.41989955732418249 12.075000000000001
1 1.0904360682535807 2.7999999999999998 1 0 
1 8.5110830570187854 2.8000000000000096 -1 -0 
1 1.1842149534353661 2.7999999999999998 1 0 
2 0 0 0.37702428089963191 0.92620337486543181 -0.92620337486543181 0.37702428089963191 12.074999999999999
8 0 0.0229316652624817
1 1.0436827964038322 0 -1 -0 
2 -2.6367796834847468e-16 0 0.50304077229940836 0.86426268078889934 0.86426268078889934 -0.50304077229940836 12.075000000000001
1 1.1842149534353661 2.7999999999999998 1 0 
1 8.5110830570187854 2.8000000000000096 -1 -0 
1 1.2779938386171512 2.7999999999999998 1 0 
2 0 0 0.28863656579703612 0.95743873583895345 -0.95743873583895345 0.28863656579703612 12.074999999999999
8 0 0.022931665263444399
1 0.94990391122204698 0 -1 -0 
2 -2.6367796834847468e-16 0 0.58176124688023034 0.8133596078170835 0.8133596078170835 -0.58176124688023034 12.075000000000001
1 1.2779938386171512 2.7999999999999998 1 0 
1 8.5110830570187854 2.8000000000000096 -1 -0 
1 1.3717727237989359 2.7999999999999998 1 0 
2 0 0 0.19771230217594099 0.98026009077606002 -0.98026009077606002 0.19771230217594099 12.074999999999999
8 0 0.022931665264219799
1 0.85612502604026364 0 -1 -0 
2 -2.6367796834847468e-16 0 0.65536918270554256 0.75530870136644734 0.75530870136644734 -0.65536918270554256 12.074999999999999
1 1.3717727237989359 2.7999999999999998 1 0 
1 8.5110830570187854 2.8000000000000096 -1 -0 
1 0 2.7999999999999989 1 0 
2 0 0 1 0 -0 1 12.074999999999999
1 8.5110830570187854 1.0658141036401503e-14 -1 -0 
1 1.4655516093860144 1.5671567083768458e-31 0 1 
1 -2.8490934613463438e-09 -1.1600551726901287e-32 -1.4440208822141893e-16 1 
1 0.76234614045318472 2.8000000000000096 0 -1 
1 7.7487369165656004 0 0 1 
1 1.4655516093860144 1.5671567083768458e-31 0 1 
1 1.0000000005517802 -6.7362497151053988e-31 0 1 
1 1.3947043889852315 -4.9303806576313238e-31 0 1 
1 0.83319336085396745 2.8000000000000096 0 -1 
1 1.3947043889852315 -4.9303806576313238e-31 0 1 
1 7.6778896961648178 0 0 1 
1 1.3717727237989359 0 1 0 
2 0 0 0.19771230217594099 0.98026009077606002 -0.98026009077606002 0.19771230217594099 12.074999999999999
8 0 0.022931665264219799
1 0.85612502604026364 2.7999999999999989 -1 -0 
2 0 0 0.65536918270554256 0.75530870136644734 0.75530870136644734 -0.65536918270554256 12.074999999999999
1 1.3717727237989359 0 1 0 
1 1.3717727237991115 1.4791141972893971e-31 0 1 
1 -1.2122592167764897e-12 -2.646292839123977e-32 -8.2526680892253402e-16 1 
1 0.85612502604008733 2.8000000000000096 0 -1 
1 7.6549580309786984 0 0 1 
1 1.3717727237991115 1.4791141972893971e-31 0 1 
1 8.5110830570187854 1.0658141036401503e-14 -1 -0 
1 1.0000000006962377 2.2373365190149561e-31 0 1 
1 1.300925503782896 1.9721522630525295e-31 0 1 
1 0.92697224605630302 2.8000000000000096 0 -1 
1 1.300925503782896 1.9721522630525295e-31 0 1 
1 7.584110810962482 0 0 1 
1 1.2779938386171512 0 1 0 
2 0 0 0.28863656579703612 0.95743873583895345 -0.95743873583895345 0.28863656579703612 12.074999999999999
8 0 0.022931665263444399
1 0.94990391122204698 2.7999999999999989 -1 -0 
2 0 0 0.58176124688023034 0.8133596078170835 0.8133596078170835 -0.58176124688023034 12.075000000000001
1 1.2779938386171512 0 1 0 
1 1.2779938389218974 -5.6699377562760224e-31 0 1 
1 -2.1422458733930818e-09 -8.4411655386477064e-31 -1.856916421768921e-16 1 
1 0.94990391091730164 2.8000000000000096 0 -1 
1 7.5611791461014839 0 0 1 
1 1.2779938389218974 -5.6699377562760224e-31 0 1 
1 8.5110830570187854 1.0658141036401503e-14 -1 -0 
1 1.0000000000286593 3.5617554845760742e-31 0 1 
1 1.2071466186960713 3.944304526105059e-31 0 1 
1 1.0207511311431277 2.8000000000000096 0 -1 
1 1.2071466186960713 3.944304526105059e-31 0 1 
1 7.4903319258756582 0 0 1 
1 1.1842149534353661 -4.9303806576313238e-32 1 -2.1500316707037855e-30 
2 0 0 0.37702428089963191 0.92620337486543181 -0.92620337486543181 0.37702428089963191 12.074999999999999
8 0 0.0229316652624817
1 1.0436827964038322 2.7999999999999989 -1 -0 
2 0 0 0.50304077229940836 0.86426268078889934 0.86426268078889934 -0.50304077229940836 12.075000000000001
1 1.1842149534353661 -4.9303806576313238e-32 1 -2.1500316707037855e-30 
1 1.1842149534596615 3.944304526105059e-31 0 1 
1 -1.7078012460461172e-10 4.1471728324636326e-31 1.484301714948163e-16 1 
1 1.0436827963795376 2.8000000000000096 0 -1 
1 7.4674002606392476 0 0 1 
1 1.1842149534596615 3.944304526105059e-31 0 1 
1 8.5110830570187854 1.0658141036401503e-14 -1 -0 
1 1.0000000053407616 -3.6059153594714157e-31 0 1 
1 1.1133677327586302 -4.4373425918681914e-31 0 1 
1 1.1145300170805688 2.8000000000000096 0 -1 
1 1.1133677327586302 -4.4373425918681914e-31 0 1 
1 7.3965530399382171 0 0 1 
1 1.0904360682535807 4.9303806576313238e-32 1 0 
2 0 0 0.46209869306532009 0.88682850533083524 -0.88682850533083524 0.46209869306532009 12.075000000000001
8 0 0.022931665263141301
1 1.1374616815856189 2.7999999999999989 -1 -0 
2 0 0 0.41989955732418249 0.90757058224633735 0.90757058224633735 -0.41989955732418249 12.075000000000001
1 1.0904360682535807 4.9303806576313238e-32 1 0 
1 1.0904360682715706 2.4651903288156619e-31 0 1 
1 -1.2649233785878348e-10 8.1762839036039945e-31 5.6840122232683724e-16 1 
1 1.1374616815676284 2.8000000000000096 0 -1 
1 7.3736213754511573 0 0 1 
1 1.0904360682715706 2.4651903288156619e-31 0 1 
1 8.5110830570187854 1.0658141036401503e-14 -1 -0 
1 1.0000000000000699 3.4979705584291343e-31 0 1 
1 1.019588848336574 4.9303806576313238e-31 0 1 
1 1.2083089015026252 2.8000000000000096 0 -1 
1 1.019588848336574 4.9303806576313238e-31 0 1 
1 7.3027741555161603 0 0 1 
1 0.99665718307179596 0 1 -2.1500316705404747e-30 
2 0 0 0.54311216530103501 0.83966015500440505 -0.83966015500440505 0.54311216530103501 12.075000000000003
8 0 0.0229316652642234
1 1.2312405667674022 2.7999999999999989 -1 -0 
2 0 0 0.33306824994119799 0.94290272079420145 0.94290272079420145 -0.33306824994119799 12.074999999999999
1 0.99665718307179596 0 1 -2.1500316705404747e-30 
1 0.99665718327566799 -2.4651903288156619e-31 0 1 
1 -1.4331563934630962e-09 1.0275770153721095e-31 4.0563344259608155e-16 1 
1 1.2312405665635311 2.8000000000000096 0 -1 
1 7.2798424904552546 0 0 1 
1 0.99665718327566799 -2.4651903288156619e-31 0 1 
1 8.5110830570187854 1.0658141036401503e-14 -1 -0 
1 1.00000000129069 -9.8640856660921833e-32 0 1 
1 0.925809962971191 -3.944304526105059e-31 0 1 
1 1.3020877868680081 2.8000000000000096 0 -1 
1 0.925809962971191 -3.944304526105059e-31 0 1 
1 7.2089952701507771 0 0 1 
1 0.90287829789001151 0 1 0 
2 0 0 0.61935274829983233 0.7851128410448045 -0.7851128410448045 0.61935274829983233 12.074999999999999
8 0 0.022931665264213998
1 1.3250194519491869 2.7999999999999989 -1 -0 
2 0 0 0.24330992680186073 0.96994859632852359 0.96994859632852359 -0.24330992680186073 12.075000000000003
1 0.90287829789001151 0 1 0 
1 0.90287829789001328 -7.8886090522101181e-31 0 1 
1 -2.2644246599489605e-14 -3.4341612980673302e-31 -2.2433527897903651e-17 1 
1 1.3250194519491858 2.8000000000000096 0 -1 
1 7.1860636050695996 0 0 1 
1 0.90287829789001328 -7.8886090522101181e-31 0 1 
1 8.5110830570187854 1.0658141036401503e-14 -1 -0 
1 1.0000000001627662 -1.0732926004345842e-31 0 1 
1 0.83203107794985609 -3.944304526105059e-31 0 1 
1 1.3958666718893429 2.8000000000000096 0 -1 
1 0.83203107794985609 -3.944304526105059e-31 0 1 
1 7.1152163851294423 0 0 1 
1 0.80909941270822638 0 1 -4.300063341258344e-30 
2 0 0 0.69015043707699764 0.72366592720842471 -0.72366592720842471 0.69015043707699764 12.074999999999999
8 0 0.022931665263277501
1 1.418798337130972 2.7999999999999989 -1 -0 
2 0 0 0.15141338727728684 0.98847052872264152 0.98847052872264152 -0.15141338727728684 12.074999999999999
1 0.80909941270822638 0 1 -4.300063341258344e-30 
1 0.80909941339561409 -5.9164567891575885e-31 0 1 
1 -4.8321731343005202e-09 -8.0465178428343895e-31 -2.1123248377045289e-17 1 
1 1.418798336443585 2.8000000000000096 0 -1 
1 7.0922847205752007 0 0 1 
1 0.80909941339561409 -5.9164567891575885e-31 0 1 
1 8.5110830570187854 1.0658141036401503e-14 -1 -0 
1 1.0000000001428542 1.6529413861357778e-31 0 1 
1 0.7382521927709027 -1.9721522630525295e-31 0 1 
1 1.4896455570682963 2.8000000000000096 0 -1 
1 0.7382521927709027 -1.9721522630525295e-31 0 1 
1 7.0214374999504887 0 0 1 
1 0.71532052752644193 -9.8607613152626476e-32 1 8.6001266825546603e-30 
2 0 0 0.75488305899794017 0.65585941118345814 -0.65585941118345814 0.75488305899794017 12.074999999999999
8 0 0.0229316652631762
1 1.5125772223127565 2.7999999999999989 -1 -0 
2 0 0 0.05818622146107006 0.99830574656869697 0.99830574656869697 -0.05818622146107006 12.075000000000003
1 0.71532052752644193 -9.8607613152626476e-32 1 8.6001266825546603e-30 
1 0.71532052753175457 -2.9582283945787943e-31 0 1 
1 -3.7354066478671804e-11 -4.481153655375808e-33 1.914131311605036e-16 1 
1 1.5125772223074445 2.8000000000000096 0 -1 
1 6.9985058347113407 0 0 1 
1 0.71532052753175457 -2.9582283945787943e-31 0 1 
1 8.5110830570187854 1.0658141036401503e-14 -1 -0 
1 1.0000000024231404 2.5027342456698469e-31 0 1 
1 0.64447330726474217 -9.8607613152626476e-32 0 1 
1 1.5834244425744568 2.8000000000000096 0 -1 
1 0.64447330726474217 -9.8607613152626476e-32 0 1 
1 6.9276586144443284 0 0 1 
1 0.6215416423446567 0 1 0 
2 0 0 0.81298174145368018 0.58228917907079614 -0.58228917907079614 0.81298174145368018 12.075000000000001
8 0 0.0229316652642177
1 1.6063561074945414 2.7999999999999989 -1 -0 
2 0 0 -0.035552286961502914 0.99936781761862181 0.99936781761862181 0.035552286961502914 12.074999999999998
1 0.6215416423446567 0 1 0 
1 0.62154164242811594 -2.9582283945787943e-31 0 1 
1 -5.8670093001380084e-10 -3.0974259901911837e-31 6.1938296304126607e-17 1 
1 1.606356107411083 2.8000000000000096 0 -1 
1 6.9047269496077028 0 0 1 
1 0.62154164242811594 -2.9582283945787943e-31 0 1 
1 8.5110830570187854 1.0658141036401503e-14 -1 -0 
1 1.0000000000006841 -2.7447976884294944e-30 0 1 
1 0.5506944224275655 -2.6624055551209148e-30 0 1 
1 1.6772033274116336 2.8000000000000096 0 -1 
1 0.5506944224275655 -2.6624055551209148e-30 0 1 
1 6.8338797296071521 0 0 1 
1 0.5277627571628718 0 1 4.3000633412638819e-30 
2 0 0 0.86393591113378776 0.50360176871555185 -0.50360176871555185 0.86393591113378776 12.075000000000001
8 0 0.022931665263247799
1 1.7001349926763276 2.7999999999999989 -1 -0 
2 0 0 -0.12897836060793255 0.99164740835384135 0.99164740835384135 0.12897836060793255 12.074999999999998
1 0.5277627571628718 0 1 4.3000633412638819e-30 
1 0.52776275725212884 3.944304526105059e-31 0 1 
1 -6.2742824325725237e-10 1.8808349526649744e-30 3.6892349119930844e-16 1 
1 1.7001349925870701 2.8000000000000096 0 -1 
1 6.8109480644317149 0 0 1 
1 0.52776275725212884 3.944304526105059e-31 0 1 
1 8.5110830570187854 1.0658141036401503e-14 -1 -0 
1 1.0000000026078664 5.6125711915653376e-30 0 1 
1 0.4569155368748779 2.8596207814261678e-30 0 1 
1 1.7709822129643211 2.8000000000000096 0 -1 
1 0.4569155368748779 2.8596207814261678e-30 0 1 
1 6.7401008440544645 0 0 1 
1 0.43398387198108651 0 1 -4.3000633413930087e-30 
2 0 0 0.90729778096299607 0.42048868790922705 -0.42048868790922705 0.90729778096299607 12.075000000000001
8 0 0.0229316652625592
1 1.793913877858113 2.7999999999999989 -1 -0 
2 0 0 -0.22127096778376787 0.97521236600857097 0.97521236600857097 0.22127096778376787 12.074999999999999
1 0.43398387198108651 0 1 -4.3000633413930087e-30 
1 0.4339838719815966 -1.1832913578315177e-30 0 1 
1 -3.5778810262271187e-12 1.3190061856617292e-30 -2.2640849657070774e-16 1 
1 1.7939138778576025 2.8000000000000096 0 -1 
1 6.7171691791611829 0 0 1 
1 0.4339838719815966 -1.1832913578315177e-30 0 1 
1 8.5110830570187854 1.0658141036401503e-14 -1 -0 
1 1.0000000000150755 -3.7148286012961792e-31 0 1 
1 0.36313665206194062 -2.9582283945787943e-30 0 1 
1 1.8647610977772584 2.8000000000000096 0 -1 
1 0.36313665206194062 -2.9582283945787943e-30 0 1 
1 6.6463219592415275 0 0 1 
1 0.34020498679930244 0 1 4.3000633412704708e-30 
2 0 0 0.94268628527011722 0.33368033739438008 -0.33368033739438008 0.94268628527011722 12.074999999999999
8 0 0.022931665263212699
1 1.8876927630398974 2.7999999999999989 -1 -0 
2 0 0 -0.31161903773865424 0.95020712232588278 0.95020712232588278 0.31161903773865424 12.074999999999999
1 0.34020498679930244 0 1 4.3000633412704708e-30 
1 0.34020498679930078 -2.7610131682735413e-30 0 1 
1 8.6463578912100282e-16 5.2132531823433616e-32 0 1 
1 1.8876927630398983 2.8000000000000096 0 -1 
1 6.6233902939788871 0 0 1 
1 0.34020498679930078 -2.7610131682735413e-30 0 1 
1 8.5110830570187854 1.0658141036401503e-14 -1 -0 
1 1.000000000447792 -1.2480786653723974e-30 0 1 
1 0.26935776681860774 8.8746851837363828e-31 0 1 
1 1.9585399830205912 2.8000000000000096 0 -1 
1 0.26935776681860774 8.8746851837363828e-31 0 1 
1 6.5525430739981942 0 0 1 
1 0.24642610161751713 0 1 0 
2 0 0 0.96979042860686482 0.24393959207663193 -0.24393959207663193 0.96979042860686482 12.075000000000001
8 0 0.022931665264207601
1 1.9814716482216821 2.7999999999999989 -1 -0 
2 0 0 -0.39922858838525699 0.91685142428635369 0.91685142428635369 0.39922858838525699 12.075000000000001
1 0.24642610161751713 0 1 0 
1 0.24642610161794073 2.4651903288156619e-30 0 1 
1 -2.9106432335759098e-12 3.5259964104588764e-30 2.8716711402003282e-16 1 
1 1.9814716482212582 2.8000000000000096 0 -1 
1 6.5296114087975274 0 0 1 
1 0.24642610161794073 2.4651903288156619e-30 0 1 
1 8.5110830570187854 1.0658141036401503e-14 -1 -0 
1 1.0000000008961649 -3.4363425791856176e-31 0 1 
1 0.17557888157303558 -4.9303806576313238e-31 0 1 
1 2.0523188682661635 2.8000000000000096 0 -1 
1 0.17557888157303558 -4.9303806576313238e-31 0 1 
1 6.4587641887526219 0 0 1 
1 0.15264721643573217 0 1 -4.3000633412833522e-30 
2 0 0 0.98837201878703274 0.15205509685257299 -0.15205509685257299 0.98837201878703274 12.074999999999999
8 0 0.022931665263144101
1 2.0752505334034663 2.7999999999999989 -1 -0 
2 0 0 -0.48332970384238516 0.87543840296369924 0.87543840296369924 0.48332970384238516 12.074999999999999
1 0.15264721643573217 0 1 -4.3000633412833522e-30 
1 0.15264721668519601 -8.8746851837363828e-31 0 1 
1 -1.7537049754061359e-09 -1.5894047243572576e-30 6.5212388911849611e-17 1 
1 2.0752505331540032 2.8000000000000096 0 -1 
1 6.4358325238647822 0 0 1 
1 0.15264721668519601 -8.8746851837363828e-31 0 1 
1 8.5110830570187854 1.0658141036401503e-14 -1 -0 
1 1.0000000000181406 3.9432465107071339e-30 0 1 
1 0.081799996516138215 2.070759876205156e-30 0 1 
1 2.146097753323061 2.8000000000000096 0 -1 
1 0.081799996516138215 2.070759876205156e-30 0 1 
1 6.3649853036957245 0 0 1 
1 0.058868331253947262 0 1 0 
2 0 0 0.99826776012799456 0.058834335970049674 -0.058834335970049674 0.99826776012799456 12.074999999999999
8 0 0.0229316652625976
1 2.169029418585251 2.7999999999999989 -1 -0 
2 0 0 -0.563183300483445 0.82633199747835839 0.82633199747835839 0.563183300483445 12.074999999999999
1 0.058868331253947262 0 1 0 
1 0.058868331285563583 -2.2679751025104089e-30 0 1 
1 -2.2233132449354286e-10 -3.3296807855163762e-30 3.5831276907775677e-18 1 
1 2.1690294185536354 2.8000000000000096 0 -1 
1 6.34205363846515 0 0 1 
1 0.058868331285563583 -2.2679751025104089e-30 0 1 
1 6.3420536384335344 1.0658141036401503e-14 -1 -0 
1 2.2157826904350046 0 0 1 
1 -4.5972527045304128e-14 -2.9742640406783288e-31 -1.8092088128635981e-16 1 
1 0.012115059404194233 2.8000000000000078 0 -1 
1 8.4989679976145922 1.7763568394002505e-15 0 1 
1 2.2157826904350046 0 0 1 
1 8.5110830570187854 1.0658141036401503e-14 -1 -0 
1 1.000000000126495 8.1572593875753573e-31 0 1 
1 2.1449354705000054 5.4234187233944562e-31 0 1 
1 0.082962279339193673 2.8000000000000078 0 -1 
1 2.1449354705000054 5.4234187233944562e-31 0 1 
1 8.4281207776795917 1.7763568394002505e-15 0 1 
1 2.122003806012946 4.4373425918681914e-31 0 1 
1 -5.3407877923600596e-09 1.9174525243298803e-31 1.1637391009458649e-16 1 
1 0.10589394382625299 2.8000000000000078 0 -1 
1 8.4051891131925327 1.7763568394002505e-15 0 1 
1 2.122003806012946 4.4373425918681914e-31 0 1 
1 2.1220038052532142 -4.9303806576313238e-32 1 0 
2 0 0 -0.52371625263603916 0.85189276715139706 -0.85189276715139706 -0.52371625263603916 12.074999999999999
8 0 0.022931665264201501
1 0.10589394458598402 2.7999999999999989 -1 -0 
2 0 0 0.99439847359199263 0.10569614807510885 0.10569614807510885 -0.99439847359199263 12.074999999999999
1 2.1220038052532142 -4.9303806576313238e-32 1 0 
1 8.5110830570187854 1.0658141036401503e-14 -1 -0 
1 1.0000000001708413 -1.8844890115855422e-31 0 1 
1 2.051156585311916 -2.4651903288156619e-31 0 1 
1 0.17674116452728303 2.8000000000000078 0 -1 
1 2.051156585311916 -2.4651903288156619e-31 0 1 
1 8.3343418924915014 1.7763568394002505e-15 0 1 
1 2.0282249200755045 5.4234187233944562e-31 0 1 
1 -2.8689485501263115e-11 4.4275727169200504e-32 4.0116868967565331e-17 1 
1 0.19967282976369458 2.8000000000000078 0 -1 
1 8.3114102272550916 1.7763568394002505e-15 0 1 
1 2.0282249200755045 5.4234187233944562e-31 0 1 
1 2.0282249200714291 0 1 0 
2 0 0 -0.44164252636693513 0.89719110500730626 -0.89719110500730626 -0.44164252636693513 12.075000000000001
8 0 0.022931665263626201
1 0.19967282976776865 2.7999999999999989 -1 -0 
2 0 0 0.98013152407783577 0.19834867155809022 0.19834867155809022 -0.98013152407783577 12.075000000000001
1 2.0282249200714291 0 1 0 
1 8.5110830570187854 1.0658141036401503e-14 -1 -0 
1 1.0000000021423174 -6.7081668785246165e-32 0 1 
1 1.957377699849679 3.4512664603419266e-31 0 1 
1 0.27052004998952006 2.8000000000000078 0 -1 
1 1.957377699849679 3.4512664603419266e-31 0 1 
1 8.2405630070292659 1.7763568394002505e-15 0 1 
1 1.9344460349886807 -1.4791141972893971e-31 0 1 
1 -6.9616261111340232e-10 -4.7614356940985247e-31 7.1552371363863139e-17 1 
1 0.2934517148505183 2.8000000000000078 0 -1 
1 8.2176313421682678 1.7763568394002505e-15 0 1 
1 1.9344460349886807 -1.4791141972893971e-31 0 1 
1 1.9344460348896442 0 1 -2.1500316707109262e-30 
2 0 0 -0.35568762969633022 0.93460489517282452 -0.93460489517282452 -0.35568762969633022 12.074999999999999
8 0 0.0229316652624055
1 0.29345171494955602 2.7999999999999989 -1 -0 
2 0 0 0.957251143488274 0.28925809978355321 0.28925809978355321 -0.957251143488274 12.075000000000001
1 1.9344460348896442 0 1 -2.1500316707109262e-30 
1 8.5110830570187854 1.0658141036401503e-14 -1 -0 
1 1.0000000000012155 -2.7374729178046651e-31 0 1 
1 1.8635988149724652 -1.7256332301709633e-31 0 1 
1 0.36429893486673398 2.8000000000000078 0 -1 
1 1.8635988149724652 -1.7256332301709633e-31 0 1 
1 8.1467841221520523 1.7763568394002505e-15 0 1 
1 1.8406671497863456 -1.4791141972893971e-31 0 1 
1 -5.518231811760593e-10 -5.3287135137703779e-31 -4.7927424400913777e-16 1 
1 0.38723060005285348 2.8000000000000078 0 -1 
1 8.1238524569659312 1.7763568394002505e-15 0 1 
1 1.8406671497863456 -1.4791141972893971e-31 0 1 
1 1.8406671497078593 0 1 -1.0750158353244956e-30 
2 0 0 -0.26660693734677704 0.96380534391472006 -0.96380534391472006 -0.26660693734677704 12.074999999999999
8 0 0.022931665263066101
1 0.3872306001313382 2.7999999999999989 -1 -0 
2 0 0 0.92595840543062014 0.37762551742749517 0.37762551742749517 -0.92595840543062014 12.075000000000001
1 1.8406671497078593 0 1 -1.0750158353244956e-30 
1 8.5110830570187854 1.0658141036401503e-14 -1 -0 
1 1.0000000028491276 -1.2909357902522859e-31 0 1 
1 1.7698199293855628 7.3955709864469857e-32 0 1 
1 0.45807782045363621 2.8000000000000078 0 -1 
1 1.7698199293855628 7.3955709864469857e-32 0 1 
1 8.0530052365651486 1.7763568394002505e-15 0 1 
1 1.7468882645270338 -5.17689969051289e-31 0 1 
1 -6.7853247662270936e-12 -3.4143653130630356e-31 1.3107927243283272e-16 1 
1 0.48100948531216503 2.8000000000000078 0 -1 
1 8.0300735717066196 1.7763568394002505e-15 0 1 
1 1.7468882645270338 -5.17689969051289e-31 0 1 
1 1.7468882645260742 0 1 0 
2 0 0 -0.17518329364564691 0.98453583663951161 -0.98453583663951161 -0.17518329364564691 12.075000000000001
8 0 0.022931665264213499
1 0.48100948531312449 2.7999999999999989 -1 -0 
2 0 0 0.88652831161209278 0.4626743484463044 0.4626743484463044 -0.88652831161209278 12.074999999999999
1 1.7468882645260742 0 1 0 
1 8.5110830570187854 1.0658141036401503e-14 -1 -0 
1 0.99999999475938361 2.7869409487219766e-31 0 1 
1 1.6760410453545747 1.056510133049384e-32 0 1 
1 0.55185670448462432 2.8000000000000096 0 -1 
1 1.6760410453545747 1.056510133049384e-32 0 1 
1 7.9592263525341611 0 0 1 
1 1.6531093800028778 5.2825507046049819e-33 0 1 
1 -4.6297610517761634e-09 -1.6195233844125492e-32 2.0083622908685935e-16 1 
1 0.57478836983632142 2.8000000000000096 0 -1 
1 7.936294687182464 0 0 1 
1 1.6531093800028778 5.2825507046049819e-33 0 1 
1 1.6531093800028778 0 1 0 
2 0 0 -0.082220133517391283 0.99661419297759479 -0.99661419297759479 -0.082220133517391283 12.075000000000001
8 0 0.022931664606163901
1 0.57478836983632131 2.7999999999999989 -1 -0 
2 0 0 0.83930737547297207 0.5436571801021961 0.5436571801021961 -0.83930737547297207 12.075000000000001
1 1.6531093800028778 0 1 0 
1 8.5110830570187854 1.0658141036401503e-14 -1 -0 
1 1.0000000000865568 8.0797662946784217e-33 -7.9301644616082614e-16 1 
1 1.5822621594149744 -9.2444637330587321e-33 0 1 
1 0.64563559042422458 2.8000000000000096 0 -1 
1 1.5822621594149744 -9.2444637330587321e-33 0 1 
1 7.8654474665945608 0 0 1 
1 1.5593304934170016 2.7999999999999998 0 -1 
1 5.2406825434844829e-09 2.7999999999999998 1.7377957429404881e-16 -1 
1 0.66856725642219739 8.8817841970012523e-15 0 1 
1 1.5593304934170016 2.7999999999999998 0 -1 
1 7.8425158005965878 2.8000000000000007 -0 -1 
1 1.5593304941625057 0 1 0 
2 0 0 0.011465581407486903 0.99993426806115027 -0.99993426806115027 0.011465581407486903 12.074999999999999
8 0 0.022931665252468699
1 0.66856725567669328 2.7999999999999989 -1 -0 
2 0 0 0.78471057522694232 0.61986233401215896 0.61986233401215896 -0.78471057522694232 12.074999999999999
1 1.5593304941625057 0 1 0 
1 8.5110830570187854 1.0658141036401503e-14 -1 -0 
1 1.000000000006821 -4.258231840095951e-32 0 1 
1 1.4884832742445424 -8.4520811273795143e-32 0 1 
1 0.73941447559465656 2.8000000000000096 0 -1 
1 1.4884832742445424 -8.4520811273795143e-32 0 1 
1 7.7716685814241284 0 0 1 
1 1.4655516089807208 -1.2325951644078309e-32 1 5.3750791766143068e-31 
2 0 0 0.10505053573434001 0.99446688478899503 -0.99446688478899503 0.10505053573434001 12.075000000000001
8 0 0.022931665263101
1 0.76234614085847796 2.7999999999999989 -1 -0 
2 0 0 0.7232177105886507 0.6906201148901695 0.6906201148901695 -0.7232177105886507 12.075000000000001
1 1.4655516089807208 -1.2325951644078309e-32 1 5.3750791766143068e-31 
1 6.2831853071795862 0 0 1 
1 0 0 0 1 
Curves 111
2 0 0 0 0 -1 -6.1232339957367697e-17 1 0 0 0 -6.1232339957367697e-17 1 4
7 0 0  1 2 2  4 0 0  4 -4.5 -2.7554552980815463e-16 
 0 2 4.5 2
2 0 -4.5 -2.7554552980815398e-16 0 -1 -6.1232339957367697e-17 1 0 0 0 -6.1232339957367697e-17 1 4
7 0 1  3 54 53  1.8600751147679301e-11 -3 4  0.0214291678127622 -2.99999965873269 3.99999989858778  0.0617663251166286 -2.99827015630893 3.9996750479682701  0.12627470388787199 -2.99025981510434 3.9981810749348501  0.19969981755755001 -2.9745664866069399 3.9952915359736698  0.28389573642187399 -2.9464064303089201 3.9902465508598599  0.36444124200211497 -2.9074257971427202 3.9836044091517602  0.43564073769656603 -2.86215280358399 3.9763771313805498  0.50444552845662205 -2.8076535925238302 3.9682786218066002  0.58150927176359601 -2.7291707286773699 3.9577941105121601  0.658839987573693 -2.6184702752326099 3.9455993860305001  0.71972156246253605 -2.47939418482376 3.93481024942963  0.74611685140796302 -2.3525729547264902 3.92979940075824  0.75132449611879004 -2.2486244676990199 3.9288056743342801  0.74570279987231303 -2.1422462502794701 3.92987837338972  0.71822299729226702 -2.0167582213190198 3.93509202373974  0.66162928775416796 -1.8893352363593701 3.94506926006741  0.59592160321534404 -1.7903167406139699 3.9555529105618401  0.52094413861080202 -1.7065935638720999 3.9662055660245299  0.43392523741290001 -1.6345269793436801 3.9767874628840798  0.34245121804362399 -1.5802627381741201 3.9856540435528598  0.258999907496962 -1.54467897882687 3.9918357098421802  0.18874219260891301 -1.5230653888593499 3.9957284019195001  0.126749543453161 -1.5100176883349199 3.9981302958870502  0.073242844999548307 -1.50304274561802 3.9994298437874298  0.032002056054190403 -1.5003995580318601 3.99992507604065  0.0014966489391101899 -1.499880865303 4.00002233824251  -0.030045203266411701 -1.50032278401474 3.99993948032572  -0.074276431009229496 -1.5029837408339499 3.9994407334837501  -0.14134530142330601 -1.5120706361867899 3.9977476003835299  -0.23259383180909901 -1.5341874447616599 3.9936927719181301  -0.34408856558836398 -1.57907659265519 3.9857855357034402  -0.46659218444353001 -1.6561522458867901 3.9733296685765298  -0.58280622631061196 -1.7678189333322101 3.9578280779648698  -0.67184323149872405 -1.9038970583817301 3.9433891645031101  -0.72320906607534596 -2.0380888608448999 3.93412233360917  -0.74431497259822299 -2.1442432609926398 3.9301433500329299  -0.749519376038563 -2.21122485629953 3.92915013456525  -0.75021973227560301 -2.2564403775595601 3.9290164737867599  -0.74878962866543197 -2.3068475182951902 3.9292894483527299  -0.74046954470039095 -2.3797104833053599 3.9308746633930798  -0.71938382123032496 -2.4690587972137599 3.9348107973773998  -0.68791035764174902 -2.5531693552832699 3.94046197574206  -0.64879259633225095 -2.62901038803161 3.9471016931082699  -0.60087606105130997 -2.7019188604909301 3.9547351757026901  -0.53578436170863897 -2.7787738211842599 3.9642129591059398  -0.45087773195578601 -2.8531563810690699 3.97488511156297  -0.36104821417634098 -2.9098925443116102 3.9840025357909101  -0.27869788437485599 -2.9477703334635299 3.9905038827818502  -0.20874457865239901 -2.9714627340006898 3.9947336278805201  -0.146007143469923 -2.9864709962438498 3.9974803508080101  -0.092678873890298094 -2.9947856047591102 3.9990243935838001  -0.044894739910084101 -2.9990877672237102 3.9998287715368801  -0.015530018215909099 -3.0000002473212 4.00000007349486 
 0 3 0.0136165849606826 1 0.025617514388880599 1 0.041266032769888397 1 0.061285321311865197 1 0.081989301403034606 1 0.098136452500842297 1 0.115007202147036 1 0.137903036764606 1 0.16813923690084101 1 0.200745944330043 1 0.23407291688992701 1 0.24999909088271499 1 0.26679918865434399 1 0.30167139381967101 1 0.33114169159759799 1 0.355207683525951 1 0.37723537912458499 1 0.40267986418657598 1 0.427062684978745 1 0.44482983983972901 1 0.46034447160742298 1 0.47376209925832502 1 0.48506540159508399 1 0.49459502084299201 1 0.49999876208232302 1 0.50445138865842598 1 0.51463968930741899 1 0.52813217169257298 1 0.54740621641491105 1 0.574225785182369 1 0.60436218449852097 1 0.63926865676102695 1 0.67646303769690996 1 0.70736321182792194 1 0.73028527358148199 1 0.74507693493733396 1 0.74999729672247994 1 0.75900895308725203 1 0.777099183055598 1 0.79651813188598097 1 0.81726503026609798 1 0.83413577812483097 1 0.85080828067520098 1 0.87281923010533702 1 0.89824014924079298 1 0.92260219773517305 1 0.94035741113936999 1 0.95587066126610098 1 0.969534993153914 1 0.98133377867974103 1 0.99013187003982595 1 1 3
7 0 1  3 55 54  5.0635224953937702e-09 -3 -4  -0.0227054093304297 -2.99999973442026 -3.9999999414651799  -0.064627822793341699 -2.9980948334629201 -3.9996420164656299  -0.12832157546495301 -2.9898154459353998 -3.9980988104614501  -0.19621965677689099 -2.97518784815118 -3.9954079638641802  -0.27889199473836901 -2.9484728425684201 -3.99061239043627  -0.36762421769849402 -2.9065345512451399 -3.98342440566147  -0.452319514073937 -2.8508707970407898 -3.9745974993083002  -0.53021096529108802 -2.78384042715538 -3.9649433377318699  -0.608226098755422 -2.6952360106641202 -3.9537571904459599  -0.67904261615822503 -2.5794375167930399 -3.9421147843152  -0.72566618921784498 -2.45347020367831 -3.93366625995783  -0.74603151393517697 -2.3442152075943201 -3.9298172050889701  -0.74988364928655005 -2.2799256133727401 -3.9290806149681798  -0.75009883182360004 -2.2284482941224701 -3.9290395459498901  -0.74719361265505302 -2.1670433467907402 -3.9295950081641702  -0.72949082504788398 -2.0613104210778301 -3.9329507692079702  -0.68657316030971605 -1.9370218550407701 -3.9407866669990499  -0.61991012218823405 -1.82137174892821 -3.9519149951367898  -0.54523521980556999 -1.73153846865247 -3.9628903373154998  -0.46970576439940198 -1.6626447877767401 -3.9725671831718601  -0.38825589930952298 -1.6056070092938799 -3.9814360554123098  -0.29951753096830003 -1.5599918634716401 -3.9891256867246199  -0.21340925827471099 -1.52934269230827 -3.9945814813301701  -0.140804310866285 -1.5123871926029 -3.9976909403983201  -0.082083102392591201 -1.50390588972322 -3.9992683606985802  -0.0372195373849099 -1.50056002916644 -3.9998949737465601  0.0015372777124964499 -1.4997486694375 -4.0000471266269404  0.049200381319354398 -1.5008927960248699 -3.99983261900308  0.10946860734652 -1.5068432300797701 -3.9987181248230899  0.182186847574069 -1.5212330236106999 -3.9960612211785298  0.25759911184878698 -1.5439871743135101 -3.9919552355276  0.34280272023396902 -1.5803983745561501 -3.9856277823208099  0.42910240817592199 -1.6318557239118401 -3.9772349548963501  0.50829924511983804 -1.6956931538394999 -3.9677882909495699  0.57205868385333203 -1.76230721313191 -3.9590207622173201  0.62513328170931204 -1.8326960470223801 -3.9509471616579299  0.66893987101219998 -1.9070730613064799 -3.9437378082154799  0.70373181706245902 -1.98601405454087 -3.9376467141961302  0.73084945259580303 -2.07321688663527 -3.93268818345947  0.74664274775075701 -2.1611705346610801 -3.9297007548284202  0.75038722340508701 -2.2298835824993399 -3.92898450316354  0.74941104946703696 -2.2985375134445198 -3.9291707167184899  0.74271917938311305 -2.3672459830894899 -3.9304511055245799  0.72280688129430604 -2.45604340763916 -3.9341745002877002  0.69469316668062497 -2.5371468284157199 -3.9392614518546099  0.65732034205652501 -2.6144722963357401 -3.9456959972090799  0.60858601597818796 -2.6916134707972899 -3.9535561731572302  0.54385189874519602 -2.7704695951299199 -3.9631057984231899  0.454967094435764 -2.8507925807241001 -3.97447686461931  0.350925147304049 -2.9167397175948002 -3.9851001130925301  0.24447596532070001 -2.9616391866116398 -3.9929419383289999  0.151790611109062 -2.98620230322922 -3.9974256076593502  0.071586842667159103 -2.9977639843780799 -3.99957990552068  0.022990380453214099 -3.00000026891286 -4.0000000592694498 
 0 3 0.0144253238684243 1 0.026625174635444102 1 0.040775157880099097 1 0.0585305062383275 1 0.081805804325241802 1 0.10311289496932 1 0.123006022523831 1 0.147240611195183 1 0.17822119545895901 1 0.20913487054951699 1 0.232312947425767 1 0.24866860408286501 1 0.24999648807307301 1 0.26501593534717199 1 0.28767888949161902 1 0.31795381774165599 1 0.34829505163329 1 0.372379273138575 1 0.39227195116857999 1 0.41339542058218698 1 0.435651487258851 1 0.45568057883433299 1 0.47143432137514801 1 0.48299631993009301 1 0.49334271080822101 1 0.49999618054217998 1 0.50762643305284705 1 0.52363440623153001 1 0.53841526011539398 1 0.55468733195780195 1 0.57366872073449604 1 0.59729964600325702 1 0.61855457074189901 1 0.63841667172892802 1 0.65602105932362897 1 0.67470101230869095 1 0.69333999871895002 1 0.71086100451366496 1 0.73269924545256104 1 0.74999644990187497 1 0.754514179324555 1 0.77631352983723001 1 0.79374910790709396 1 0.81227469934869501 1 0.83084051004943504 1 0.84835805328784197 1 0.87036167472525705 1 0.89577391826354902 1 0.92455709378555595 1 0.948575862362387 1 0.969114639100635 1 0.985393633205774 1 1 3
7 0 1  3 48 47  1.9316681934555801e-11 -3 -2.0000000000007998  -0.0308274099526024 -2.9999996918538501 -1.99999985034786  -0.093133414120709204 -2.9961509488607998 -1.9985519564238099  -0.18557020644222499 -2.9787310481807499 -1.9920838692678799  -0.27885713146569002 -2.9486115068182599 -1.98120627854583  -0.375928934917101 -2.90230217626589 -1.9652201460124199  -0.48049632645879597 -2.8313039508300402 -1.9424764374596499  -0.585857393232876 -2.72734571965165 -1.9132748899505601  -0.67174608110242096 -2.59603736670753 -1.8843109073195301  -0.72425058789405405 -2.4596630467333398 -1.86437497662472  -0.746292483945181 -2.3446686354840098 -1.8555534868980501  -0.75000629966532095 -2.2774911143168999 -1.8540470733733101  -0.74999402852503105 -2.22371853519829 -1.8540520373562399  -0.74690511940355198 -2.1650268170587998 -1.8553048984232301  -0.73150643862852005 -2.0751859150232499 -1.8614743100759401  -0.70281313888666497 -1.98225164057849 -1.8725654750563001  -0.662329322557906 -1.8936507364906601 -1.88735565723117  -0.60589578609916295 -1.8032984420112399 -1.9064171273783701  -0.52683234974668203 -1.7106495256038501 -1.9301959034721199  -0.42323907521483101 -1.6256824545597199 -1.9558913015030801  -0.30839232144447098 -1.562529049436 -1.9772222198568601  -0.19668300572642899 -1.52346698505499 -1.99126477276627  -0.094975452040990893 -1.50391030611039 -1.99852947776279  -0.028777112044419 -1.49992220697833 -2.0000291713980598  0.033795042591550202 -1.5000840696420901 -1.9999684823068899  0.097295395586308994 -1.5043855776599 -1.9983506097596599  0.18892907743635501 -1.52220238608415 -1.9917422907057301  0.28072310110917398 -1.5522064150114301 -1.9809196808354299  0.37723468073419197 -1.5984419140482899 -1.9649722982133899  0.48206824692016698 -1.66989961718554 -1.9421018220194299  0.58077422635232001 -1.7679731203765701 -1.9146351985250301  0.65757923226934101 -1.8816503212729001 -1.88917977103722  0.70692441230533698 -1.9915114084313601 -1.87103261478426  0.73532336625918004 -2.09201117149333 -1.8599575617622699  0.74782137570562401 -2.1771606688109801 -1.8549320927139601  0.75027212611057104 -2.2354661831598599 -1.85393951738577  0.74958117621700604 -2.2888170517381301 -1.8542189958137201  0.74421597686487195 -2.3577799998383702 -1.8563903454795201  0.72378351279651398 -2.4571019648874501 -1.86453287131634  0.68602466286568198 -2.5595001254463101 -1.87886772561996  0.63549708943771499 -2.6525486535648501 -1.89663532009209  0.57223254459884698 -2.7389690559827899 -1.9168614178260599  0.48903596473567201 -2.8233695942901398 -1.9401358697033599  0.38856144564789502 -2.8956123243433298 -1.96293893676682  0.28220452231556298 -2.9477643561377 -1.9808866989913001  0.18340785241302399 -2.9793999211024 -1.9923298607794699  0.090112128633011004 -2.9963986792020001 -1.9986453485077  0.029805820261586499 -3.0000002979345002 -2.00000014469438 
 0 3 0.019442146836018699 1 0.0392892355803999 1 0.059329531277230799 1 0.0815087375234229 1 0.107692711174496 1 0.140057935707735 1 0.176202378806012 1 0.207702438925464 1 0.232587809765995 1 0.24999836739992601 1 0.25007032866240803 1 0.26650207879603099 1 0.28701686235951401 1 0.30754904072169498 1 0.32810219891237402 1 0.34902968229554698 1 0.37565969211871397 1 0.40611712202952799 1 0.43469963479150697 1 0.45906831304121398 1 0.481035471607207 1 0.499998799052499 1 0.500814528185618 1 0.520495106040191 1 0.54005930268827596 1 0.55970490074586299 1 0.58165320644674701 1 0.60812840783786304 1 0.64073781510313499 1 0.670667099319463 1 0.69575966420806401 1 0.71730374140875597 1 0.73674167315063999 1 0.749994220661237 1 0.75407903693804501 1 0.77039441716939405 1 0.79358139171919995 1 0.81804098773330702 1 0.83960054037309095 1 0.86114400664720503 1 0.88663459909070497 1 0.91554905187532398 1 0.94019199079153803 1 0.96196080386897198 1 0.98120214658818095 1 1 3
7 0 0  1 2 2  1.931654928931913e-11 -3 -3.9999999999999871  1.9317161612718704e-11 -3 -2.0000000000007998 
 1.3007214345222049e-14 2 1.9999999999992002 2
2 0 2.7999999999999998 1.71450551880629e-16 0 -1 -6.1232339957367697e-17 6.1232339957367697e-17 -6.1232339957367697e-17 1 -1 -3.7493994566546488e-33 6.1232339957367697e-17 2
7 0 0  1 2 2  1.2246467991473539e-16 2.7999999999999998 2.0000000000000004  1.2246467991473539e-16 -1.4999999999999201 2 
 1 2 5.2999999999999199 2
7 0 0  3 27 25  -1.5308084989341801e-17 -3.00000000001913 2  0.0157539382475969 -3.0000019250076302 2.0000020729386701  0.052480024928352 -2.99884098359097 1.9995642237834701  0.11509371257837001 -2.99224672641704 1.99709889484435  0.192107976538272 -2.97669315605875 1.9913454635563801  0.27974154989358102 -2.9482115312547701 1.9810665766351701  0.37619502665868798 -2.9021214711344201 1.9651621913027399  0.480496314626295 -2.8313039705824101 1.9424764683747699  0.58585739262604297 -2.7273457187797998 1.9132748811176701  0.67174608046766004 -2.5960373685591702 1.88431090973875  0.72425058853032998 -2.4596630442516898 1.8643749759485899  0.74629248368396095 -2.34466863726839 1.8555534870763799  0.75000629966545396 -2.27749111445172 1.85404707337317  0.74999402852489405 -2.2237185350443398 1.85405203735638  0.746905119391851 -2.1650268160463502 1.8553048984284299  0.73150643812177896 -2.07518591463722 1.86147431027723  0.70281314184042498 -1.98225164629715 1.8725654738922699  0.66232931478621004 -1.8936507244480001 1.8873556603425401  0.60589580208564997 -1.80329845977854 1.9064171201844999  0.52683231289409804 -1.7106495007061699 1.9301959258816399  0.42323922826222998 -1.6256825541022299 1.95589120833103  0.30851941470119798 -1.5625988825041099 1.97719882542159  0.20214062195065699 -1.5253669597842601 1.9905806950484199  0.11566635335426501 -1.5077046232582501 1.99711689601816  0.050945116359888201 -1.5010892994170399 1.9995904442564501  0.015222632183228 -1.4999981815758201 2.0000019380229799  7.5688095530982895e-12 -1.4999999999999201 2 
 0 4 0.019864906917222799 1 0.046318853785870098 1 0.079399862594957904 1 0.119069814189263 1 0.16301744949084801 1 0.215385382904492 1 0.280115826025089 1 0.35240470030245102 1 0.41540480981625899 1 0.46517554420438301 1 0.49999665344136301 1 0.500140575940768 1 0.53300407055034005 1 0.57403363154882903 1 0.61509798185723896 1 0.65620428877157899 1 0.69805925329959695 1 0.75131925971802505 1 0.81223410453294498 1 0.86939912938988295 1 0.91795109318282997 1 0.954942816726701 1 0.98080247117650199 1 1 4
7 0 0  1 2 2  1.2246467991473539e-16 -3.0000000000191305 2  1.2246467991473539e-16 -4.5000000000000009 2 
 6.8000000000191303 2 8.3000000000000007 2
2 0 -4.5 -2.7554552980815398e-16 0 -1 -6.1232339957367697e-17 6.1232339957367697e-17 -6.1232339957367697e-17 1 -1 -3.7493994566546488e-33 6.1232339957367697e-17 2
7 0 0  3 27 25  -3.5208595475486399e-16 -3.00000000001913 2  -0.015753938247597198 -3.0000019250076302 2.0000020729386701  -0.052480024928352499 -2.99884098359097 1.9995642237834701  -0.11509371257837001 -2.99224672641704 1.99709889484435  -0.192107976538272 -2.97669315605875 1.9913454635563801  -0.27974154989358202 -2.9482115312547701 1.9810665766351701  -0.37619502665868998 -2.9021214711344201 1.9651621913027399  -0.480496314626295 -2.8313039705824101 1.9424764683747699  -0.58585739262604597 -2.7273457187797998 1.9132748811176701  -0.67174608046765505 -2.59603736855918 1.88431090973874  -0.72425058853034496 -2.45966304425168 1.8643749759485999  -0.74629248368393197 -2.34466863726841 1.8555534870763699  -0.75000629966550003 -2.2774911144517 1.85404707337318  -0.74999402852485397 -2.2237185350443598 1.85405203735637  -0.74690511939187698 -2.16502681604634 1.8553048984284399  -0.73150643812177396 -2.0751859146372298 1.86147431027722  -0.70281314184042898 -1.98225164629715 1.8725654738922699  -0.66232931478621204 -1.8936507244480001 1.8873556603425401  -0.60589580208565297 -1.80329845977854 1.9064171201844999  -0.52683231289410104 -1.7106495007061799 1.9301959258816399  -0.42323922826223198 -1.6256825541022299 1.95589120833103  -0.30851941470119998 -1.5625988825041099 1.97719882542159  -0.20214062195065799 -1.5253669597842601 1.9905806950484199  -0.115666353354266 -1.5077046232582501 1.99711689601816  -0.0509451163598885 -1.5010892994170399 1.9995904442564501  -0.0152226321832277 -1.4999981815758201 2.0000019380229799  -7.5679940493959997e-12 -1.4999999999999201 2 
 0 4 0.019864906917222699 1 0.046318853785870397 1 0.079399862594957293 1 0.119069814189263 1 0.16301744949084901 1 0.215385382904492 1 0.280115826025089 1 0.35240470030245002 1 0.41540480981625799 1 0.46517554420438301 1 0.49999665344136301 1 0.500140575940768 1 0.53300407055033905 1 0.57403363154882803 1 0.61509798185723696 1 0.65620428877157699 1 0.69805925329959595 1 0.75131925971802305 1 0.81223410453294398 1 0.86939912938988195 1 0.91795109318282897 1 0.95494281672670001 1 0.98080247117650099 1 1 4
2 0 2.7999999999999998 1.71450551880629e-16 0 1 6.1232339957367697e-17 -0.99446688478899503 6.4324901167887105e-18 -0.10505053573434001 -0.10505053573434001 -6.0893534365744154e-17 0.99446688478899503 12.074999999999999
2 5 6.0250000000000004 -0.050000000000584598 0 1 0 0 -0 1 1 0 -0 12.074999999999999
2 0 2.7999999999999998 1.71450551880629e-16 0 1 6.1232339957367697e-17 -0.99993426806115027 7.0206437855211245e-19 -0.011465581407486903 -0.011465581407486903 -6.1228315036941992e-17 0.99993426806115027 12.074999999999999
2 0 2.7999999999999998 1.71450551880629e-16 0 1 6.1232339957367697e-17 -0.99661419297759479 -5.0345311668770656e-18 0.082220133517391283 0.082220133517391283 -6.1025019070741735e-17 0.99661419297759479 12.074999999999999
2 0 2.7999999999999998 1.71450551880629e-16 0 1 6.1232339957367697e-17 -0.98453583663951161 -1.0726882991361623e-17 0.17518329364564691 0.17518329364564691 -6.0285433049322008e-17 0.98453583663951161 12.074999999999999
2 0 2.7999999999999998 1.71450551880629e-16 0 1 6.1232339957367697e-17 -0.96380534391472006 -1.6324966622610482e-17 0.26660693734677704 0.26660693734677704 -5.9016056471313833e-17 0.96380534391472006 12.074999999999999
2 0 2.7999999999999998 1.71450551880629e-16 0 1 6.1232339957367697e-17 -0.93460489517282452 -2.1779585860196007e-17 0.35568762969633022 0.35568762969633022 -5.7228044667042386e-17 0.93460489517282452 12.074999999999999
2 0 2.7999999999999998 1.71450551880629e-16 0 1 6.1232339957367697e-17 -0.89719110500730626 -2.7042805314130897e-17 0.44164252636693513 0.44164252636693513 -5.4937110748533758e-17 0.89719110500730626 12.074999999999999
2 0 2.7999999999999998 1.71450551880629e-16 0 1 6.1232339957367697e-17 -0.85189276715139706 -3.2068371622608619e-17 0.52371625263603916 0.52371625263603916 -5.2163387525437023e-17 0.85189276715139706 12.074999999999999
8 0 4.1262709479985347
2 5 6.0250000000000004 -0.050000000000584598 -8.3786521657361415e-15 1 -1.0595718024636645e-14 0.82633199747835873 9.5621693218233197e-16 -0.56318330048344467 -0.56318330048344467 -1.3474297820317489e-14 -0.82633199747835873 12.074999999999999
2 0 2.7999999999999998 1.71450551880629e-16 0 1 6.1232339957367697e-17 -0.058834335970049674 6.1126270856637357e-17 -0.99826776012799456 -0.99826776012799456 -3.6025640612840679e-18 0.058834335970049674 12.074999999999999
2 0 2.7999999999999998 1.71450551880629e-16 0 1 6.1232339957367697e-17 -0.15205509685257299 6.0520331458717395e-17 -0.98837201878703274 -0.98837201878703274 -9.3106893827272204e-18 0.15205509685257299 12.074999999999999
2 0 2.7999999999999998 1.71450551880629e-16 0 1 6.1232339957367697e-17 -0.24393959207663193 5.9382537211856872e-17 -0.96979042860686482 -0.96979042860686482 -1.4936992031097927e-17 0.24393959207663193 12.074999999999999
2 0 2.7999999999999998 1.71450551880629e-16 0 1 6.1232339957367697e-17 -0.33368033739438008 5.7722887092807925e-17 -0.94268628527011722 -0.94268628527011722 -2.0432027856421835e-17 0.33368033739438008 12.074999999999999
2 0 2.7999999999999998 1.71450551880629e-16 0 1 6.1232339957367697e-17 -0.42048868790922705 5.5555966166491513e-17 -0.90729778096299607 -0.90729778096299607 -2.574750628628528e-17 0.42048868790922705 12.074999999999999
2 0 2.7999999999999998 1.71450551880629e-16 0 1 6.1232339957367697e-17 -0.50360176871555185 5.2900817411922301e-17 -0.86393591113378776 -0.86393591113378776 -3.0836714705122332e-17 0.50360176871555185 12.074999999999999
2 0 2.7999999999999998 1.71450551880629e-16 0 1 6.1232339957367697e-17 -0.58228917907079614 4.9780774371824558e-17 -0.81298174145368018 -0.81298174145368018 -3.5654928966359547e-17 0.58228917907079614 12.074999999999999
2 0 2.7999999999999998 1.71450551880629e-16 0 1 6.1232339957367697e-17 -0.65585941118345814 4.6223256096619526e-17 -0.75488305899794017 -0.75488305899794017 -4.0159806429824516e-17 0.65585941118345814 12.074999999999999
2 0 2.7999999999999998 1.71450551880629e-16 0 1 6.1232339957367697e-17 -0.72366592720842471 4.2259526184824621e-17 -0.69015043707699764 -0.69015043707699764 -4.4311758070389967e-17 0.72366592720842471 12.074999999999999
2 0 2.7999999999999998 1.71450551880629e-16 0 1 6.1232339957367697e-17 -0.7851128410448045 3.7924418037425323e-17 -0.61935274829983233 -0.61935274829983233 -4.8074296387750257e-17 0.7851128410448045 12.074999999999999
2 0 2.7999999999999998 1.71450551880629e-16 0 1 6.1232339957367697e-17 -0.83966015500440505 3.3256028740695056e-17 -0.54311216530103501 -0.54311216530103501 -5.1414356059885784e-17 0.83966015500440505 12.074999999999999
2 0 2.7999999999999998 1.71450551880629e-16 0 1 6.1232339957367697e-17 -0.88682850533083524 2.8295384267630994e-17 -0.46209869306532009 -0.46209869306532009 -5.4302584522301975e-17 0.88682850533083524 12.074999999999999
2 0 2.7999999999999998 1.71450551880629e-16 0 1 6.1232339957367697e-17 -0.92620337486543181 2.3086078940228353e-17 -0.37702428089963191 -0.37702428089963191 -5.671359991942139e-17 0.92620337486543181 12.074999999999999
2 0 2.7999999999999998 1.71450551880629e-16 0 1 6.1232339957367697e-17 -0.95743873583895345 1.7673892321011246e-17 -0.28863656579703612 -0.28863656579703612 -5.8626214161243168e-17 0.95743873583895345 12.074999999999999
2 0 2.7999999999999998 1.71450551880629e-16 0 1 6.1232339957367697e-17 -0.98026009077606002 1.2106386900591028e-17 -0.19771230217594099 -0.19771230217594099 -6.0023619125039821e-17 0.98026009077606002 12.074999999999999
2 5 8.8249999999999993 -0.050000000000584598 0 1 0 0 -0 1 1 0 -0 12.074999999999999
1 -12.0081876343412 7.7672317862215496e-17 -1.26848521412531 0 1 7.9301644616082599e-17 
1 -11.8882702272561 1.2952711217782601e-16 -2.1153382717042701 0 1 0 
2 0 0 0 0 1 6.1232339957367697e-17 -0.98026009077606002 1.2106386900591028e-17 -0.19771230217594099 -0.19771230217594099 -6.0023619125039821e-17 0.98026009077606002 12.074999999999999
1 -11.836640596121301 1.46184621824509e-16 -2.3873760487724001 0 1 0 
1 -11.637949527451401 1.97123972038598e-16 -3.2192787696149301 0 1 0 
2 0 0 0 0 1 6.1232339957367697e-17 -0.95743873583895345 1.7673892321011246e-17 -0.28863656579703612 -0.28863656579703612 -5.8626214161243168e-17 0.95743873583895345 12.074999999999999
1 -11.561072736317501 2.1341224956047699e-16 -3.4852865284760202 0 1 0 
1 -11.2853541091943 2.62988499264684e-16 -4.2949281286291896 0 1 0 
2 0 0 0 0 1 6.1232339957367697e-17 -0.92620337486543181 2.3086078940228353e-17 -0.37702428089963191 -0.37702428089963191 -5.671359991942139e-17 0.92620337486543181 12.074999999999999
1 -11.1839057516107 2.7876440318662001e-16 -4.5525681915913401 0 1 0 
1 -10.8335825889117 3.2654187467211202e-16 -5.3328335141113898 0 1 0 
2 0 0 0 0 1 6.1232339957367697e-17 -0.88682850533083524 2.8295384267630994e-17 -0.46209869306532009 -0.46209869306532009 -5.4302584522301975e-17 0.88682850533083524 12.074999999999999
1 -10.7084542019702 3.4166676501984802e-16 -5.5798417185710898 0 1 0 
1 -10.2866051633531 3.8722558734300301e-16 -6.3238737505802298 0 1 0 
2 0 0 0 0 1 6.1232339957367697e-17 -0.83966015500440505 3.3256028740695056e-17 -0.54311216530103501 -0.54311216530103501 -5.1414356059885784e-17 0.83966015500440505 12.074999999999999
1 -10.1388963730152 4.0156654691732299e-16 -6.5580793939429602 0 1 0 
1 -9.6492286763673594 4.4450634824161501e-16 -7.25933956714863 0 1 0 
2 0 0 0 0 1 6.1232339957367697e-17 -0.7851128410448045 3.7924418037425323e-17 -0.61935274829983233 -0.61935274829983233 -4.8074296387750257e-17 0.7851128410448045 12.074999999999999
1 -9.4802375556160303 4.5793734780190899e-16 -7.47868443572046 0 1 0 
1 -8.9270544232897606 4.9788077116577103e-16 -8.1310100432616998 0 1 0 
2 0 0 0 0 1 6.1232339957367697e-17 -0.72366592720842471 4.2259526184824621e-17 -0.69015043707699764 -0.69015043707699764 -4.4311758070389967e-17 0.72366592720842471 12.074999999999999
1 -8.7382660767701203 5.1028377831395999e-16 -8.3335665216981702 0 1 0 
1 -8.1264288938178293 5.4687980006441203e-16 -8.9312249122795393 0 1 0 
2 0 0 0 0 1 6.1232339957367697e-17 -0.65585941118345814 4.6223256096619526e-17 -0.75488305899794017 -0.75488305899794017 -4.0159806429824516e-17 0.65585941118345814 12.074999999999999
1 -7.9195023900886801 5.5814581736410399e-16 -9.1152129373580504 0 1 0 
1 -7.2543880118772899 5.9107282976200199e-16 -9.6529518580137506 0 1 0 
2 0 0 0 0 1 6.1232339957367697e-17 -0.58228917907079614 4.9780774371824558e-17 -0.81298174145368018 -0.81298174145368018 -3.5654928966359547e-17 0.58228917907079614 12.074999999999999
1 -7.0311418380991597 6.0110285050384903e-16 -9.8167545274663706 0 1 0 
1 -6.3185953136911701 6.3007148988416803e-16 -10.2898483109228 0 1 0 
2 0 0 0 0 1 6.1232339957367697e-17 -0.50360176871555185 5.2900817411922301e-17 -0.86393591113378776 -0.86393591113378776 -3.0836714705122332e-17 0.50360176871555185 12.074999999999999
1 -6.0809913581714099 6.3877737021572602e-16 -10.4320261263977 0 1 0 
1 -5.3272745653498701 6.6353305937232004e-16 -10.8363172113673 0 1 0 
2 0 0 0 0 1 6.1232339957367697e-17 -0.42048868790922705 5.5555966166491513e-17 -0.90729778096299607 -0.90729778096299607 -2.574750628628528e-17 0.42048868790922705 12.074999999999999
1 -5.07740090650951 6.7083829146022599e-16 -10.9556207051256 0 1 0 
1 -4.2891375445596998 6.9116347623620099e-16 -11.2875561626 0 1 0 
2 0 0 0 0 1 6.1232339957367697e-17 -0.33368033739438008 5.7722887092807925e-17 -0.94268628527011722 -0.94268628527011722 -2.0432027856421835e-17 0.33368033739438008 12.074999999999999
1 -4.02919007403713 6.9700386164565504e-16 -11.3829368946367 0 1 0 
1 -3.2133074240934398 7.12719923751734e-16 -11.6395996665807 0 1 0 
2 0 0 0 0 1 6.1232339957367697e-17 -0.24393959207663193 5.9382537211856872e-17 -0.96979042860686482 -0.96979042860686482 -1.4936992031097927e-17 0.24393959207663193 12.074999999999999
1 -2.9455705743302798 7.1704413683309498e-16 -11.710219425426599 0 1 0 
1 -2.10923864238227 7.2801296294270699e-16 -11.889353950046299 0 1 0 
2 0 0 0 0 1 6.1232339957367697e-17 -0.15205509685257299 6.0520331458717395e-17 -0.98837201878703274 -0.98837201878703274 -9.3106893827272204e-18 0.15205509685257299 12.074999999999999
1 -1.8360652974720699 7.30783002335966e-16 -11.934592126395399 0 1 0 
1 -0.98663379788705297 7.3690819801866096e-16 -12.0346241631746 0 1 0 
2 0 0 0 0 1 6.1232339957367697e-17 -0.058834335970049674 6.1126270856637357e-17 -0.99826776012799456 -0.99826776012799456 -3.6025640612840679e-18 0.058834335970049674 12.074999999999999
1 -0.71042460721945699 7.3809972059251999e-16 -12.054083203523099 0 1 0 
8 0 4.1262709479985347
2 5 8.8249999999999993 -0.050000000000584598 -7.7341404606795151e-15 1 -9.7806627919722889e-15 0.82633199747835873 8.8266178355292125e-16 -0.56318330048344467 -0.56318330048344467 -1.243781337260076e-14 -0.82633199747835873 12.074999999999999
1 -9.6492286777001599 -4.4450634813313795e-16 7.2593395653770596 0 1 0 
1 -10.1388963717962 -4.0156654703272299e-16 6.5580793958275896 0 1 0 
1 -10.286605158548699 -3.8722558782153402e-16 6.3238737583952496 0 1 0 
2 0 0 0 0 1 6.1232339957367697e-17 -0.85189276715139706 -3.2068371622608619e-17 0.52371625263603916 0.52371625263603916 -5.2163387525437023e-17 0.85189276715139706 12.074999999999999
1 -10.708454202005401 -3.41666765015713e-16 5.5798417185035598 0 1 0 
1 -10.8335825929415 -3.2654187417083401e-16 5.3328335059249001 0 1 0 
2 0 0 0 0 1 6.1232339957367697e-17 -0.89719110500730626 -2.7042805314130897e-17 0.44164252636693513 0.44164252636693513 -5.4937110748533758e-17 0.89719110500730626 12.074999999999999
1 -11.183905752887499 -2.7876440299456098e-16 4.5525681884547904 0 1 0 
1 -11.2853541087865 -2.6298849933030401e-16 4.2949281297008497 0 1 0 
2 0 0 0 0 1 6.1232339957367697e-17 -0.93460489517282452 -2.1779585860196007e-17 0.35568762969633022 0.35568762969633022 -5.7228044667042386e-17 0.93460489517282452 12.074999999999999
1 -11.561072735255999 -2.1341224977608599e-16 3.4852865319971702 0 1 0 
1 -11.6379495275176 -1.97123972023953e-16 3.2192787693757601 0 1 0 
2 0 0 0 0 1 6.1232339957367697e-17 -0.96380534391472006 -1.6324966622610482e-17 0.26660693734677704 0.26660693734677704 -5.9016056471313833e-17 0.96380534391472006 12.074999999999999
1 -11.8366405970885 -1.4618462153088499e-16 2.3873760439771599 0 1 0 
1 -11.888270227420101 -1.29527112121391e-16 2.1153382707825998 0 1 0 
2 0 0 0 0 1 6.1232339957367697e-17 -0.98453583663951161 -1.0726882991361623e-17 0.17518329364564691 0.17518329364564691 -6.0285433049322008e-17 0.98453583663951161 12.074999999999999
1 -12.0081876328815 -7.7672318708383805e-17 1.26848522794429 0 1 7.9301644616082599e-17 
1 -12.0341163802045 -6.0791963840040696e-17 0.99280811222250198 0 1 7.9301644616082599e-17 
2 0 0 0 0 1 6.1232339957367697e-17 -0.99661419297759479 -5.0345311668770656e-18 0.082220133517391283 0.082220133517391283 -6.1025019070741735e-17 0.99661419297759479 12.074999999999999
1 -12.0742062868401 -8.4774273619132101e-18 0.13844689534673199 0 1 5.9476233462062005e-17 
1 -12.074206286735199 2.7999999999999998 -0.13844690449677399 0 -1 -5.9476233462062005e-17 
2 0 0 0 0 1 6.1232339957367697e-17 -0.99993426806115027 7.0206437855211245e-19 -0.011465581407486903 -0.011465581407486903 -6.1228315036941992e-17 0.99993426806115027 12.074999999999999
1 -12.0341163808574 6.0791963355450394e-17 -0.99280810430854305 0 1 7.9301644616082599e-17 
2 0 0 0 0 1 6.1232339957367697e-17 -0.99446688478899503 6.4324901167887105e-18 -0.10505053573434001 -0.10505053573434001 -6.0893534365744154e-17 0.99446688478899503 12.074999999999999
7 0 0  1 2 2  -6.4293956955236189e-16 -3.0000000000000004 2  -3.0616169978685759e-17 -3.0000000000000004 4 
 6 2 8 2
Polygon3D 0
PolygonOnTriangulations 0
Surfaces 84
10 0 6.2831853071795862 0 4.5
2 0 0 0 0 -1 -6.1232339957367697e-17 1 0 0 0 -6.1232339957367697e-17 1 4
1 0 0 0 0 1 6.1232339957367697e-17 0 6.1232339957367697e-17 -1 -1 0 0 
1 0 -4.5 -2.7554552980815398e-16 0 -1 -6.1232339957367697e-17 1 0 0 0 -6.1232339957367697e-17 1 
10 0 6.2831853071795862 5.8540074307043746 8.0000191798574249
2 -2.4799097682733899e-15 -2.25 -4 3.0616169978683802e-16 -6.1232339957367697e-17 1 -3.28429327576129e-47 -1 -6.1232339957367697e-17 1 1.8746997283273182e-32 -3.0616169978683802e-16 0.75
10 2.5758950528143032e-11 6.2831853072053452 -1.9172597728336122e-05 2.1459633716793389
2 -2.4799097682733899e-15 -2.25 -4 3.0616169978683802e-16 -6.1232339957367697e-17 1 -3.28429327576129e-47 -1 -6.1232339957367697e-17 1 1.8746997283273182e-32 -3.0616169978683802e-16 0.75
10 0 6.2831853071795862 1 8.3000000000000007
2 0 3.7999999999999998 2.3268289183799699e-16 0 -1 -6.1232339957367697e-17 6.1232339957367697e-17 -6.1232339957367697e-17 1 -1 -3.7493994566546488e-33 6.1232339957367697e-17 2
1 0 2.7999999999999998 1.71450551880629e-16 0 1 6.1232339957367697e-17 0 6.1232339957367697e-17 -1 -1 0 0 
1 5 6.0250000000000101 -0.050000000000584861 1.8110986758845668e-17 -1 -9.3011546471540393e-17 0.79176607673144805 7.1153389442452231e-17 -0.61082442627754396 0.61082442627754396 -6.2580754144204196e-17 0.79176607673144805 
2 0 0 0 0 1 6.1232339957367697e-17 0 6.1232339957367697e-17 -1 -1 0 0 12.074999999999999
2 5 6.0250000000000004 -0.050000000000584598 0 1 0 0 -0 1 1 0 -0 12.074999999999999
1 5 6.0250000000000004 -0.050000000000584598 0 1 0 0 -0 1 1 0 -0 
2 5 8.8250000000000099 -0.050000000000584598 1.8110986758845668e-17 -1 -9.3011546471540393e-17 0.79176607673144805 7.1153389442452231e-17 -0.61082442627754396 0.61082442627754396 -6.2580754144204196e-17 0.79176607673144805 12.074999999999999
2 0 0 0 0 1 6.1232339957367697e-17 0 6.1232339957367697e-17 -1 -1 0 0 12.074999999999999
2 0 0 0 0 1 6.1232339957367697e-17 0 6.1232339957367697e-17 -1 -1 0 0 12.074999999999999
2 0 0 0 0 1 6.1232339957367697e-17 0 6.1232339957367697e-17 -1 -1 0 0 12.074999999999999
2 0 0 0 0 1 6.1232339957367697e-17 0 6.1232339957367697e-17 -1 -1 0 0 12.074999999999999
2 0 0 0 0 1 6.1232339957367697e-17 0 6.1232339957367697e-17 -1 -1 0 0 12.074999999999999
2 0 0 0 0 1 6.1232339957367697e-17 0 6.1232339957367697e-17 -1 -1 0 0 12.074999999999999
2 0 0 0 0 1 6.1232339957367697e-17 0 6.1232339957367697e-17 -1 -1 0 0 12.074999999999999
2 0 0 0 0 1 6.1232339957367697e-17 0 6.1232339957367697e-17 -1 -1 0 0 12.074999999999999
2 0 0 0 0 1 6.1232339957367697e-17 0 6.1232339957367697e-17 -1 -1 0 0 12.074999999999999
2 0 0 0 0 1 6.1232339957367697e-17 0 6.1232339957367697e-17 -1 -1 0 0 12.074999999999999
2 0 0 0 0 1 6.1232339957367697e-17 0 6.1232339957367697e-17 -1 -1 0 0 12.074999999999999
2 0 0 0 0 1 6.1232339957367697e-17 0 6.1232339957367697e-17 -1 -1 0 0 12.074999999999999
2 0 0 0 0 1 6.1232339957367697e-17 0 6.1232339957367697e-17 -1 -1 0 0 12.074999999999999
2 0 0 0 0 1 6.1232339957367697e-17 0 6.1232339957367697e-17 -1 -1 0 0 12.074999999999999
2 0 0 0 0 1 6.1232339957367697e-17 0 6.1232339957367697e-17 -1 -1 0 0 12.074999999999999
2 0 0 0 0 1 6.1232339957367697e-17 0 6.1232339957367697e-17 -1 -1 0 0 12.074999999999999
2 0 0 0 0 1 6.1232339957367697e-17 0 6.1232339957367697e-17 -1 -1 0 0 12.074999999999999
2 0 0 0 0 1 6.1232339957367697e-17 0 6.1232339957367697e-17 -1 -1 0 0 12.074999999999999
2 0 0 0 0 1 6.1232339957367697e-17 0 6.1232339957367697e-17 -1 -1 0 0 12.074999999999999
2 0 0 0 0 1 6.1232339957367697e-17 0 6.1232339957367697e-17 -1 -1 0 0 12.074999999999999
2 0 0 0 0 1 6.1232339957367697e-17 0 6.1232339957367697e-17 -1 -1 0 0 12.074999999999999
2 0 0 0 0 1 6.1232339957367697e-17 0 6.1232339957367697e-17 -1 -1 0 0 12.074999999999999
1 5 8.8249999999999993 -0.050000000000584598 0 1 0 0 -0 1 1 0 -0 
6 0 1 6.1232339957367697e-17 
7 0 0  3 30 15  -12.008187633827101 7.7672318160223504e-17 -1.2684852189921501  -11.9918662022211 7.7999511175422396e-17 -1.2738286864380599  -11.975517169612401 7.83213493752859e-17 -1.2790847031130299  -11.942827911091101 7.8953079156881605e-17 -1.28940163338281  -11.926487631512501 7.9263164751315805e-17 -1.2944657154454999  -11.8938175998926 7.9870906221752396e-17 -1.3043908868640599  -11.8774875009371 8.0168918894316594e-17 -1.30925780314999  -11.844839089695601 8.0752300937814199e-17 -1.31878515493671  -11.828520382108501 8.1038048486995106e-17 -1.3234517665569701  -11.7958960566576 8.1596666058947299e-17 -1.3325746838314201  -11.779589989034401 8.1869938446774698e-17 -1.3370375606056499  -11.7469922973736 8.2403347644119902e-17 -1.34574879388069  -11.7307001618331 8.2663914371817902e-17 -1.3500041714782001  -11.6981317474267 8.3171626477957303e-17 -1.3582957394060799  -11.681854886480201 8.3419233410352903e-17 -1.3623394674845499  -11.649318503989999 8.3900707624758797e-17 -1.3702025381223999  -11.6330583189484 8.4135073106910406e-17 -1.3740300169075499  -11.600556853681599 8.4589707562900096e-17 -1.38145476102652  -11.5843148150625 8.4810517614940002e-17 -1.3850608628379799  -11.5518513073358 8.5237638132681298e-17 -1.39203627024587  -11.5356289679208 8.5444540424894804e-17 -1.3954152411027301  -11.5032066440496 8.5843386211700901e-17 -1.4019288871120801  -11.487005655509099 8.6035982396430498e-17 -1.40507422150341  -11.4546279679211 8.6405687543307005e-17 -1.4111119647471599  -11.4384501023462 8.6583523328100598e-17 -1.4140162435141901  -11.406120782575099 8.6923092372170995e-17 -1.41956182684984  -11.3899679609125 8.7085644415921798e-17 -1.42221650318368  -11.357691091308901 8.7393919278674202e-17 -1.4272510137538601  -11.341566382111001 8.7540109363327601e-17 -1.4296384790173999  -11.3254222332659 8.7678668861013001e-17 -1.43190132733876 
 0 4 0.073290616360158795 2 0.146294773532094 2 0.21901247021272299 2 0.29144370489247901 2 0.36358847580933301 2 0.43544678088910699 2 0.50701861766712897 2 0.57830398318357901 2 0.649302873841337 2 0.72001528520881097 2 0.79044121174010296 2 0.86058064636708598 2 0.93043357988598296 2 1 4
6 0 1 6.1232339957367697e-17 
7 0 0  3 30 15  -11.277718469061 1.08306773972174e-16 -1.7687838493120001  -11.2925996565116 1.0871434538962001e-16 -1.77543999568383  -11.3074275699328 1.09128916914301e-16 -1.78221046248243  -11.3370376989407 1.0997379644576899e-16 -1.79600839233543  -11.3518184311085 1.10404564589472e-16 -1.80304336999599  -11.381337053972 1.1128039965892399e-16 -1.8173468421491299  -11.396072545835599 1.11726276426465e-16 -1.8246285623618701  -11.4255009916667 1.12631885082835e-16 -1.8394182740893701  -11.440191770736901 1.1309233505102e-16 -1.8469379927299701  -11.4695309683398 1.14026697529757e-16 -1.86219729001287  -11.484177392050199 1.14501254140037e-16 -1.8699473876019901  -11.513427950937601 1.1546347988203401e-16 -1.88566172650636  -11.528030238743 1.1595173236841499e-16 -1.8936354947262399  -11.5571925090319 1.1694103564228199e-16 -1.90979204328466  -11.5717507667334 1.17442619128692e-16 -1.9179835232568201  -11.6008248845063 1.18458300572804e-16 -1.93457086002722  -11.6153391230485 1.1897288842382799e-16 -1.9429747173905401  -11.644325045420601 1.2001432078197601e-16 -1.9599825985016199  -11.658795195666301 1.2054161859283599e-16 -1.96859402526119  -11.687692728375501 1.21608235495207e-16 -1.98601320119198  -11.702118652894899 1.2214797629857701e-16 -1.99482783744049  -11.730927472345501 1.2323926330203401e-16 -2.0126499066969901  -11.7453089749482 1.2379120369442901e-16 -2.0216637773538899  -11.774028646062501 1.2490669103049299e-16 -2.0398810680346  -11.788365479596401 1.25470608004739e-16 -2.0490905311163501  -11.8169954704448 1.26609864639699e-16 -2.0676960039065899  -11.831287343245901 1.2718555296731599e-16 -2.0770977077777499  -11.8598270371658 1.2834818168532201e-16 -2.0960848756504  -11.874074030147201 1.2893530937319e-16 -2.1056733984518599  -11.888270227422099 1.2952711212069199e-16 -2.1153382707711899 
 0 4 0.069566420114001895 2 0.13941935363289501 2 0.20955878825987101 2 0.27998471479116199 2 0.35069712615865201 2 0.42169601681642199 2 0.49298138233288102 2 0.56455321911090905 2 0.63641152419069102 2 0.70855629510753004 2 0.78098752978727803 2 0.85370522646789404 2 0.92670938363983402 2 1 4
6 0 1 6.1232339957367697e-17 
7 0 0  3 30 15  -11.836640596120899 1.46184621824637e-16 -2.3873760487744899  -11.8198905109279 1.4641679189482901e-16 -2.39116767376145  -11.803121135031899 1.46643472417796e-16 -2.3948696476387301  -11.7696094209824 1.47084989835859e-16 -2.4020801742717199  -11.7528667326986 1.47300019583447e-16 -2.4055918765476401  -11.719410845949501 1.47717764340311e-16 -2.4124141661605298  -11.7026967564519 1.47920832589212e-16 -2.4157305223383601  -11.669299647503699 1.4831444892371501e-16 -2.4221587649104599  -11.6526156561479 1.4850537125923001e-16 -2.4252767632696299  -11.619280399007099 1.48874470042936e-16 -2.4313046038513  -11.6026280701094 1.49053044509312e-16 -2.4342209462040598  -11.5693578804323 1.49397198399618e-16 -2.4398414057609799  -11.5527388529314 1.49563202919759e-16 -2.4425524653131099  -11.5195371099521 1.49881940504824e-16 -2.4477578451056599  -11.5029531091048 1.5003512975804e-16 -2.4502596154662801  -11.469823382417299 1.50327928408544e-16 -2.45504138030994  -11.4532762341065 1.5046803001244999e-16 -2.4573294131371002  -11.420222316763599 1.5073430705034901e-16 -2.4616780471772999  -11.403713965209301 1.50861016836493e-16 -2.46374737502321  -11.370739915179399 1.51100118477149e-16 -2.4676522011465001  -11.354272445151301 1.51213094567434e-16 -2.4694972407181202  -11.321382638039401 1.5142428186042599e-16 -2.4729461909483299  -11.304958303136299 1.5152313712803199e-16 -2.4745606199849401  -11.272157500418899 1.5170556776501801e-16 -2.4775399383829102  -11.2557787596865 1.5178986007463499e-16 -2.4789165362669001  -11.223072198843701 1.5194256436301399e-16 -2.4814103865506798  -11.2067417651238 1.52011783687598e-16 -2.4825408239083102  -11.1741352815966 1.5213363204521499e-16 -2.4845307586013501  -11.157857858857399 1.5218672249915401e-16 -2.48539779151201  -11.1415727512051 1.5223210443031101e-16 -2.4861389346920402 
 0 4 0.073290616360158795 2 0.146294773532094 2 0.21901247021272299 2 0.29144370489247901 2 0.36358847580933301 2 0.43544678088910699 2 0.50701861766712897 2 0.57830398318357901 2 0.649302873841337 2 0.72001528520881097 2 0.79044121174010296 2 0.86058064636708598 2 0.93043357988598296 2 1 4
6 0 1 6.1232339957367697e-17 
7 0 0  3 30 15  -11.0625324170421 1.72496041258466e-16 -2.81707413727068  -11.0767249248266 1.7298714885480101e-16 -2.8250945329746  -11.090853687533899 1.7348492033248299e-16 -2.8332237581198099  -11.1190416503986 1.7449586859732101e-16 -2.8497337962065799  -11.133098669976601 1.7500949499378999e-16 -2.8581219518254302  -11.161148189042599 1.7605073809148301e-16 -2.8751267420787201  -11.1751370617629 1.7657914732140801e-16 -2.8837563196890601  -11.2030512678381 1.77649516115382e-16 -2.9012367686596501  -11.2169733377065 1.7819217813291799e-16 -2.9100991119558999  -11.2447547150208 1.7929066266514399e-16 -2.9280387257774798  -11.2586110513999 1.7984711501129201e-16 -2.93712628223106  -11.286261568703701 1.8097283213067499e-16 -2.9555106379517002  -11.3000530182606 1.8154266710268301e-16 -2.9648167492713799  -11.3275742257368 1.8269483653788e-16 -2.9836331040930202  -11.341301451806199 1.83277691469599e-16 -2.9931518474911099  -11.3686945544603 1.84455617712276e-16 -3.0123888429006902  -11.382358067456 1.85051167466289e-16 -3.0221149084802099  -11.409623981843099 1.8625422577051501e-16 -3.0417623416023698  -11.4232241631597 1.8686217683923901e-16 -3.0516909360207398  -11.450363562010001 1.88089802209962e-16 -3.0717395797860698  -11.463900683089699 1.8870988801112399e-16 -3.0818663494243501  -11.490914030957899 1.89961566410219e-16 -3.1023078089532001  -11.504388268704799 1.9059354348491799e-16 -3.1126287778258401  -11.5312758508333 1.9186880471338999e-16 -3.1334553741858802  -11.544687300222099 1.9251244961720801e-16 -3.14396689316859  -11.5714492461905 1.9381086148529301e-16 -3.1651715681653099  -11.5847979306909 1.9446596821915799e-16 -3.1758702730379502  -11.611434234001001 1.95787131720504e-16 -3.19744651040314  -11.6247207418815 1.96453370214028e-16 -3.20832701070719  -11.6379495277702 1.97123971968022e-16 -3.2192787684623401 
 0 4 0.069566420114001895 2 0.13941935363289501 2 0.20955878825987101 2 0.27998471479116199 2 0.35069712615865201 2 0.42169601681642199 2 0.49298138233288102 2 0.56455321911090905 2 0.63641152419069102 2 0.70855629510753004 2 0.78098752978727803 2 0.85370522646789404 2 0.92670938363983402 2 1 4
6 0 1 6.1232339957367697e-17 
7 0 0  3 30 15  -11.561072735255401 2.13412249776211e-16 -3.4852865319992099  -11.5440411968262 2.1354735658247201e-16 -3.4874929935905099  -11.5269988475214 2.1367688735195701e-16 -3.4896083915905698  -11.492959180091599 2.1392431233554101e-16 -3.4936491482194501  -11.4759612184492 2.1404239654712901e-16 -3.4955776097427198  -11.4420134881066 2.1426647343447701e-16 -3.4992370630235299  -11.4250622920864 2.1437281268864199e-16 -3.5009737148359301  -11.391209980425799 2.1457320419965e-16 -3.5042463565665498  -11.374307324817201 2.1466762348915001e-16 -3.5057883405829302  -11.3405540874249 2.14843959831226e-16 -3.5086681315920401  -11.3237018385179 2.1492626705732001e-16 -3.5100123106018799  -11.290051530447499 2.1507814120382499e-16 -3.5124926036400099  -11.2732516595976 2.1514812466271601e-16 -3.5136355202579401  -11.239708366156499 2.1527508664934801e-16 -3.51570896685037  -11.222962966203999 2.15332511990721e-16 -3.5166467938452701  -11.1895310405486 2.1543406195225299e-16 -3.5183052305733602  -11.1728423459029 2.1547866845997999e-16 -3.51903371012776  -11.139526455498199 2.1555424802760701e-16 -3.5202680181368899  -11.1228968669955 2.15585744017698e-16 -3.5207823866897301  -11.0897020517997 2.1563472554745399e-16 -3.52158231577606  -11.0731341678772 2.15652782597865e-16 -3.52187720978834  -11.0400659143322 2.1567445547551899e-16 -3.5222311547407701  -11.023562570712199 2.1567870108235601e-16 -3.52230049076223  -10.990626907499101 2.15672254002454e-16 -3.52219520195723  -10.974191228571501 2.1566226207304701e-16 -3.52203202136648  -10.9413948530899 2.1562675963495699e-16 -3.5214522225524099  -10.925030319751301 2.1560203793846001e-16 -3.5210484866097  -10.892380769250201 2.15536388983194e-16 -3.5199763578079599  -10.8760936795459 2.15495913245601e-16 -3.5193153388493399  -10.8598107271981 2.1544771879218601e-16 -3.5185282636951198 
 0 4 0.073290616360158795 2 0.146294773532094 2 0.21901247021272299 2 0.29144370489247901 2 0.36358847580933301 2 0.43544678088910699 2 0.50701861766712897 2 0.57830398318357901 2 0.649302873841337 2 0.72001528520881097 2 0.79044121174010296 2 0.86058064636708598 2 0.93043357988598296 2 1 4
6 0 1 6.1232339957367697e-17 
7 0 0  3 30 15  -10.7501284323756 2.3516940713187701e-16 -3.84060787641973  -10.763507536225401 2.3573973503588598e-16 -3.8499220379299102  -10.7768129841439 2.3631633203292402e-16 -3.8593385814988599  -10.8033310640343 2.3748446478143199e-16 -3.8784156370110598  -10.816540837429001 2.3807643566342499e-16 -3.8880832551750002  -10.842874752515399 2.3927393630757799e-16 -3.90763992482028  -10.855994071375999 2.3988023432057399e-16 -3.91754152278989  -10.8821487266485 2.4110595681270501e-16 -3.9375590901894801  -10.8951797396646 2.41726061946269e-16 -3.9476861755498498  -10.921159152947601 2.4297901501041901e-16 -3.9681484519387999  -10.934103632013001 2.4361247296920798e-16 -3.9784936054839699  -10.959911113992799 2.4489178862345601e-16 -3.99938641564178  -10.9727705255467 2.4553819835086702e-16 -4.0099430876203597  -10.9984088128494 2.4684310864097002e-16 -4.0312538899024899  -11.0111843719303 2.47502112867901e-16 -4.0420162456672699  -11.036655727894599 2.4883193225096898e-16 -4.0637338443086701  -11.049348439900401 2.4950321019532001e-16 -4.0746966450903797  -11.0746547324663 2.5085732192598801e-16 -4.0968109678748901  -11.087265425971401 2.5154058355672502e-16 -4.1079694771073099  -11.1124081889499 2.52918428979901e-16 -4.1304714005049101  -11.124937541883201 2.5361341044253802e-16 -4.14182130911726  -11.149918023896699 2.5501448044249398e-16 -4.1647025186371298  -11.162366584701999 2.55720940362241e-16 -4.1762398846799504  -11.187185788806101 2.5714476844159301e-16 -4.1994927618416504  -11.199553993750399 2.5786248490042402e-16 -4.21121396111855  -11.2242127098953 2.59308641511451e-16 -4.2348314908754299  -11.236500897375601 2.6003740955003202e-16 -4.2467331761464697  -11.260999729284601 2.6150549740236299e-16 -4.2707088702544098  -11.2732089897554 2.6224499177370699e-16 -4.2827857298331597  -11.2853541092118 2.6298849926186698e-16 -4.29492812858319 
 0 4 0.069566420114001895 2 0.13941935363289501 2 0.20955878825987101 2 0.27998471479116199 2 0.35069712615865201 2 0.42169601681642199 2 0.49298138233288102 2 0.56455321911090905 2 0.63641152419069102 2 0.70855629510753004 2 0.78098752978727803 2 0.85370522646789404 2 0.92670938363983402 2 1 4
6 4.4021255871708201e-33 1 6.1232339957367697e-17 
7 0 0  3 30 15  -11.183905751500101 2.7876440320325699e-16 -4.5525681918630498  -11.166742433607 2.7880125942211598e-16 -4.5531700995948796  -11.149576879671701 2.78832502117058e-16 -4.5536803315240304  -11.115308400683 2.78883660286512e-16 -4.5545158078342602  -11.098204544380099 2.7890376123380298e-16 -4.5548440812156903  -11.0640633043188 2.7893220105589202e-16 -4.5553085387573899  -11.0470239694962 2.7894087680213202e-16 -4.5554502244457904  -11.013013950455299 2.7894628244184099e-16 -4.5555385052417403  -10.996041171739201 2.7894336892521398e-16 -4.5554909239043502  -10.962166578759099 2.7892539317554599e-16 -4.5551973576339702  -10.9452625080121 2.7891070984249598e-16 -4.55495756060742  -10.9115278016658 2.7886896956973798e-16 -4.5542758902223497  -10.894694725335899 2.7884231695022798e-16 -4.55384061991374  -10.8611046611018 2.7877638759192298e-16 -4.5527639117828604  -10.844345021221001 2.78737544365487e-16 -4.5521295537546704  -10.810904697562499 2.7864695321333399e-16 -4.5506500879655896  -10.794221117430499 2.7859567262128901e-16 -4.5498126123427296  -10.760936035206701 2.78479890522685e-16 -4.5479217471776101  -10.744331351177401 2.7841589592883002e-16 -4.5468766361480499  -10.711207488045201 2.7827432689624101e-16 -4.5445646383918401  -10.694684789388001 2.7819730622077098e-16 -4.5433067953055897  -10.661728694411 2.7802927422105802e-16 -4.54056262449929  -10.645291374051199 2.7793887285658001e-16 -4.5390862581781501  -10.6125102901349 2.7774360471696099e-16 -4.5358972874519701  -10.596162110349599 2.77639416357965e-16 -4.5341957624233897  -10.563564135956 2.7741601919010901e-16 -4.5305474098043099  -10.547309315106199 2.7729757372768902e-16 -4.5286130486072196  -10.5149036230549 2.77045004384918e-16 -4.5244882782171603  -10.4987499979155 2.7691131815803099e-16 -4.5223050164476399  -10.482612296042801 2.7676997085463402e-16 -4.5199966398039297 
 0 4 0.073290616360158795 2 0.146294773532094 2 0.21901247021272299 2 0.29144370489247901 2 0.36358847580933301 2 0.43544678088910699 2 0.50701861766712897 2 0.57830398318357901 2 0.649302873841337 2 0.72001528520881097 2 0.79044121174010296 2 0.86058064636708598 2 0.93043357988598296 2 1 4
6 4.4021255871708201e-33 1 6.1232339957367697e-17 
7 0 0  3 30 15  -10.3432519325115 2.9577609579961398e-16 -4.8303902154571299  -10.355700056380901 2.9642063194916898e-16 -4.8409162895873097  -10.368065260756 2.9707098731042098e-16 -4.8515373986565402  -10.392680415832499 2.9838603895000299e-16 -4.8730138217443697  -10.4049268550803 2.9905115205612398e-16 -4.8838759430773901  -10.4293137427945 3.0039438656801999e-16 -4.90581262739863  -10.441448214749499 3.0107324519534901e-16 -4.9168992301285197  -10.4656134711683 3.0244354969230401e-16 -4.9392780008550501  -10.4776389103212 3.03135648435685e-16 -4.9505808310892503  -10.501588051554901 3.04532059035179e-16 -4.97338594682493  -10.5135069167591 3.0523695575529099e-16 -4.9848977838803599  -10.537244566335399 3.0665862727243398e-16 -5.0081154417084504  -10.5490589309151 3.0737593108332199e-16 -5.0198299019330097  -10.572588987853599 3.0882211462978198e-16 -5.0434478715789099  -10.5843006078735 3.0955147679908402e-16 -5.0553592597409498  -10.607626373955901 3.1102150282198901e-16 -5.0793666065764302  -10.6192367409623 3.1176260974196501e-16 -5.0914698010728703  -10.6423610190981 3.1325587491649798e-16 -5.1158566720559602  -10.6538714015637 3.14008442581469e-16 -5.1281470347220797  -10.6767965731653 3.15524399501978e-16 -5.15290449004004  -10.688208049548001 3.1628816910400699e-16 -5.1653777942214703  -10.7109361363327 3.17826318051288e-16 -5.1904976728403804  -10.722249621796401 3.1860105242090599e-16 -5.20315004526576  -10.744782335818201 3.2016093469878001e-16 -5.2286248561085298  -10.7559986040881 3.2094641539457898e-16 -5.2414527293589304  -10.778337388725401 3.22527607872252e-16 -5.2672755621752803  -10.7894570901523 3.2332363277582199e-16 -5.2802756354065998  -10.811603154044599 3.2492574337030598e-16 -5.3064400869954103  -10.8226278716855 3.25731994916345e-16 -5.31960717397265  -10.8335825929632 3.2654187416813102e-16 -5.3328335058807497 
 0 4 0.069566420114001895 2 0.13941935363289501 2 0.20955878825987101 2 0.27998471479116199 2 0.35069712615865201 2 0.42169601681642199 2 0.49298138233288102 2 0.56455321911090905 2 0.63641152419069102 2 0.70855629510753004 2 0.78098752978727803 2 0.85370522646789404 2 0.92670938363983402 2 1 4
6 0 1 6.1232339957367697e-17 
7 0 0  3 30 15  -10.708454201869801 3.4166676503164301e-16 -5.5798417187637304  -10.691309936367601 3.4160504676932301e-16 -5.5788337830493102  -10.674172029307 3.4153772682779598e-16 -5.5777343649709996  -10.6399758913849 3.4139216860328801e-16 -5.5753572187667197  -10.6229164497257 3.41314109638434e-16 -5.5740824191280298  -10.588881734391 3.4114666246508501e-16 -5.5713477992610496  -10.571904003053 3.4105759846062901e-16 -5.5698932736865299  -10.538035157902 3.4086797072408298e-16 -5.5667964177329896  -10.521141413467999 3.4076775000541901e-16 -5.5651596891883397  -10.4874431560413 3.40555620135541e-16 -5.5616953455094098  -10.4706358170358 3.40444075281005e-16 -5.5598736797913499  -10.4371131742259 3.40209087404003e-16 -5.5560360365269403  -10.4203948220961 3.4008603293026998e-16 -5.5540264044629204  -10.387053177761301 3.3982779161659899e-16 -5.5498090037584804  -10.370426582270101 3.3969302117802502e-16 -5.5476080354683797  -10.337271735375101 3.3941108503049e-16 -5.5430036687606803  -10.320739885659 3.3926436799436002e-16 -5.5406075977264404  -10.2877781221154 3.3895824172676999e-16 -5.5356081763781404  -10.271344265119801 3.3879931893576099e-16 -5.5330127702394796  -10.2385824477514 3.3846844345457498e-16 -5.5276091635601396  -10.222250136429301 3.3829702191368898e-16 -5.5248096373456397  -10.189695819368 3.37940761707866e-16 -5.5189914666523103  -10.173468974030801 3.3775650782251501e-16 -5.5159823723488897  -10.141130550755401 3.3737413464660899e-16 -5.5097377444909403  -10.1250135385042 3.3717666546906902e-16 -5.5065128280876499  -10.0929004373697 3.3676733679379099e-16 -5.4998279835175499  -10.0768981769587 3.3655620846842999e-16 -5.49637999630185  -10.045021125744301 3.3611893832662202e-16 -5.4892388329539701  -10.029142923808299 3.35893216449808e-16 -5.4855525149564803  -10.0132922911151 3.3565995846161402e-16 -5.4817431229202302 
 0 4 0.073290616360158795 2 0.146294773532094 2 0.21901247021272299 2 0.29144370489247901 2 0.36358847580933301 2 0.43544678088910699 2 0.50701861766712897 2 0.57830398318357901 2 0.649302873841337 2 0.72001528520881097 2 0.79044121174010296 2 0.86058064636708598 2 0.93043357988598296 2 1 4
6 0 1 6.1232339957367697e-17 
7 0 0  3 30 15  -9.8454785627604799 3.5378349350247799e-16 -5.7777229115986  -9.8568863120892498 3.54496573690722e-16 -5.7893683948308396  -9.8682026070602795 3.5521497206988902e-16 -5.8011007307119602  -9.8906985184550802 3.5666538587945199e-16 -5.8247877857971204  -9.9018740014074709 3.5739779617181102e-16 -5.8367489535863699  -9.9240995489033708 3.5887496015825999e-16 -5.8608728722129904  -9.9351425357769205 3.5962041356589598e-16 -5.8730470502397498  -9.9571060281998296 3.6112325778248398e-16 -5.8975903588514198  -9.9680202134978195 3.6188126794704101e-16 -5.90996960428095  -9.9897286167678399 3.63408864375321e-16 -5.9349171471862796  -10.0005171246949 3.6417900519903401e-16 -5.9474945013140097  -10.0219763345497 3.6573053887866201e-16 -5.9728329692005602  -10.032641827094601 3.66512433081345e-16 -5.9856022705734402  -10.053856870682401 3.6808718077115699e-16 -6.0113198520166602  -10.0644016295035 3.6888049122186099e-16 -6.0242755948684898  -10.0853768180329 3.7047780524305698e-16 -6.0503617124708597  -10.095802807717099 3.7128222826439802e-16 -6.0634989373736001  -10.1165418544352 3.7290152401474998e-16 -6.0899440438562102  -10.1268507722063 3.7371678412225599e-16 -6.1032582518070102  -10.1473568851987 3.7535753025617198e-16 -6.1300536696378201  -10.157550200566 3.7618337596286899e-16 -6.1435407535426902  -10.177826156878 3.77845086549219e-16 -6.1706785468641199  -10.187905143683199 3.78681286975212e-16 -6.1843347361682497  -10.2079533493215 3.8036351515006298e-16 -6.2118076071384403  -10.2179191119483 3.8120985725023102e-16 -6.2256294225509698  -10.2377416510353 3.8291219001820301e-16 -6.2534306264434996  -10.247595146072801 3.8376847629128799e-16 -6.2674148425241096  -10.2671938215426 3.8549053022241498e-16 -6.2955381174524501  -10.276937110738499 3.8635645357557199e-16 -6.3096797189943796  -10.2866051633531 3.8722558734299902e-16 -6.3238737505801703 
 0 4 0.069566420114001895 2 0.13941935363289501 2 0.20955878825987101 2 0.27998471479116199 2 0.35069712615865201 2 0.42169601681642199 2 0.49298138233288102 2 0.56455321911090905 2 0.63641152419069102 2 0.70855629510753004 2 0.78098752978727803 2 0.85370522646789404 2 0.92670938363983402 2 1 4
6 -4.4021255871708201e-33 1 6.1232339957367697e-17 
7 0 0  3 30 15  -10.1388963716782 4.0156654704389198e-16 -6.5580793960099903  -10.1219218229884 4.014067966827e-16 -6.5554704746246104  -10.1049621713461 4.0124150571477199e-16 -6.55277106826445  -10.071138891380199 4.0090051026721098e-16 -6.5472021899919897  -10.054273783351301 4.0072497737520302e-16 -6.5443355203182296  -10.0206446910453 4.0036311473819599e-16 -6.5384258549803  -10.0038777641054 4.00177093680718e-16 -6.5353879005658904  -9.9704477334732804 3.9979409902328398e-16 -6.5291331231443301  -9.9537814861549307 3.9959745184586198e-16 -6.5259216310217303  -9.9205557057796003 3.9919303206069799e-16 -6.5193169547110603  -9.9039928020151002 3.9898560594486801e-16 -6.5159294291653298  -9.8709768209319897 3.98559435545535e-16 -6.5089695383685804  -9.8545201144818702 3.9834106062471802e-16 -6.50540320526797  -9.8217198976156297 3.9789277678963202e-16 -6.4980821746590198  -9.8053724616330395 3.9766326350637899e-16 -6.4943339382954699  -9.7727944574882493 3.9719246002846398e-16 -6.4866451340093301  -9.7565596206776597 3.9695159590283699e-16 -6.4827115243221201  -9.7242108449775397 3.9645781571490898e-16 -6.4746474818852002  -9.7080922363418107 3.9620536134594701e-16 -6.4705245891599201  -9.6759803767661605 3.9568808716179001e-16 -6.4620768606472296  -9.6599819817183903 3.95423771214154e-16 -6.45776025364151  -9.6281155310815691 3.9488241362971802e-16 -6.4489192133544204  -9.6122417628672601 3.9460592645326299e-16 -6.4444038350976403  -9.5806301914593792 3.9403980855028998e-16 -6.4351584281220697  -9.5648859836253006 3.9375079392043798e-16 -6.4304384610253802  -9.5335399668374503 3.9315913093285398e-16 -6.4207758711587104  -9.5179308953051294 3.92857175147867e-16 -6.4158445589600204  -9.4868626215997107 3.9223904695274901e-16 -6.40574975945459  -9.4713993810766599 3.9192327307798001e-16 -6.4005927807242404  -9.4559751134929808 3.9160015428457501e-16 -6.3953158503696299 
 0 4 0.073290616360158795 2 0.146294773532094 2 0.21901247021272299 2 0.29144370489247901 2 0.36358847580933301 2 0.43544678088910699 2 0.50701861766712897 2 0.57830398318357901 2 0.649302873841337 2 0.72001528520881097 2 0.79044121174010296 2 0.86058064636708598 2 0.93043357988598296 2 1 4
6 -4.4021255871708201e-33 1 6.1232339957367697e-17 
7 0 0  3 30 15  -9.2611827733938501 4.0868182914372998e-16 -6.6742807710479504  -9.2714498964707701 4.0945718679633002e-16 -6.6869433224568899  -9.2816178340306301 4.1023731488262502e-16 -6.6996837809603198  -9.3017968068654593 4.1181034457346002e-16 -6.7253733053510301  -9.3118031229764995 4.1260361560407101e-16 -6.7383284044239096  -9.3316720113435192 4.1420172769484701e-16 -6.7644275554916096  -9.3415264669699294 4.1500722481143998e-16 -6.7775823217009901  -9.3610951794357806 4.1662940169864998e-16 -6.8040744807192404  -9.3708021966260198 4.1744666186380199e-16 -6.8174213520901601  -9.3900790877039295 4.1909201954852998e-16 -6.8442920822610702  -9.3996424285582592 4.1992063645059398e-16 -6.8578244232207801  -9.4186346143837394 4.21588397358943e-16 -6.8850610257989402  -9.4280575061617604 4.2242801063905302e-16 -6.8987729512405398  -9.4467710978330803 4.2411748353289699e-16 -6.9263641374506397  -9.4560563277356593 4.2496777062423701e-16 -6.9402503794582504  -9.4744966080011199 4.2667833539067298e-16 -6.9681860220880498  -9.4836465963910399 4.2753900521494401e-16 -6.9822418269922899  -9.5018181562030293 4.2927010111183698e-16 -7.0105127684277804  -9.5108350141396905 4.3014088912674001e-16 -7.0247338159250701  -9.5287418600645299 4.3189200553804301e-16 -7.0533317171733598  -9.53762743519456 4.3277266978764199e-16 -7.0677140558233704  -9.5552730752006099 4.3454333884068099e-16 -7.0966312759438397  -9.5640289888488006 4.3543365676363802e-16 -7.11117127104409  -9.5814165017516704 4.3722344735378e-16 -7.1404007695637901  -9.5900441792550204 4.3812321317350999e-16 -7.1550950605276302  -9.6071762716056099 4.3993172607020501e-16 -7.1846303175169002  -9.6156769673849798 4.4084074863824902e-16 -7.1994757826530797  -9.6325560205675202 4.4266761243415199e-16 -7.2293107325696599  -9.6409322569428202 4.43585597828865e-16 -7.2443025717734502  -9.6492286777001901 4.4450634813313401e-16 -7.2593395653770001 
 0 4 0.069566420114001895 2 0.13941935363289501 2 0.20955878825987101 2 0.27998471479116199 2 0.35069712615865201 2 0.42169601681642199 2 0.49298138233288102 2 0.56455321911090905 2 0.63641152419069102 2 0.70855629510753004 2 0.78098752978727803 2 0.85370522646789404 2 0.92670938363983402 2 1 4
6 -8.8042511743416498e-33 1 6.1232339957367697e-17 
7 0 0  3 30 15  -9.4802375556160108 4.5793734780190997e-16 -7.4786844357204698  -9.4635818966829603 4.5768096923376599e-16 -7.4744974559590798  -9.4469495424872392 4.5741915982240503e-16 -7.4702217837972196  -9.4137963606780808 4.5688572383204597e-16 -7.4615101129590604  -9.3972737974553695 4.56614259602249e-16 -7.4570767656464101  -9.3643458618504507 4.56061161563449e-16 -7.4480439891889896  -9.3479370876654695 4.5577981821269098e-16 -7.4434493035873404  -9.3152396558633708 4.5520682240519e-16 -7.4340915719066496  -9.2989473692413593 4.5491547691147499e-16 -7.4293335389143298  -9.2664860552699508 4.5432232126663997e-16 -7.4196465721048197  -9.2503131421402998 4.5402083675767999e-16 -7.4147229564277204  -9.2180939684128393 4.5340722903680804e-16 -7.4047019818691897  -9.2020435297704406 4.5309545275556297e-16 -7.39961028879552  -9.1700729898579407 4.5246106593352297e-16 -7.3892499657622803  -9.1541483752391706 4.5213882677657797e-16 -7.3839874009612299  -9.1224335105163696 4.5148329340617497e-16 -7.3732817285851704  -9.1066383589409501 4.5115039891364798e-16 -7.3678451489483603  -9.0751868532882902 4.5047330416342701e-16 -7.3567873525177099  -9.0595251439246702 4.5012953679458398e-16 -7.3511732053353098  -9.02834544231842 4.4943040973158605e-16 -7.3397555939311996  -9.0128215580158599 4.4907552219525101e-16 -7.3339598406318398  -8.9819230173175502 4.48353824702119e-16 -7.3221736261309003  -8.9665418254719302 4.4798753401380796e-16 -7.31619164522726  -8.9359349095576803 4.4724264644825599e-16 -7.3040267081029997  -8.9207018668053593 4.4686462623705103e-16 -7.2978531695534601  -8.8903984042866906 4.4609582849276898e-16 -7.2852977495774001  -8.8753196947149604 4.4570569884645204e-16 -7.2789264489446301  -8.8453332276249803 4.44912144730829e-16 -7.2659667267426702  -8.8304208400285997 4.44509093890269e-16 -7.2593844069939699  -8.8155584865725505 4.4409895387122795e-16 -7.2526863121747001 
 0 4 0.073290616360158795 2 0.146294773532094 2 0.21901247021272299 2 0.29144370489247901 2 0.36358847580933301 2 0.43544678088910699 2 0.50701861766712897 2 0.57830398318357901 2 0.649302873841337 2 0.72001528520881097 2 0.79044121174010296 2 0.86058064636708598 2 0.93043357988598296 2 1 4
6 -8.8042511743416498e-33 1 6.1232339957367697e-17 
7 0 0  3 30 15  -8.5954993768176706 4.5998865417582096e-16 -7.5121848110995399  -8.6045356457959592 4.60819475421845e-16 -7.5257531517280896  -8.61346586974377 4.61654477421596e-16 -7.5393897692464096  -8.6311505704798197 4.63336299152219e-16 -7.5668560024786196  -8.6398997838837097 4.64183459626744e-16 -7.5806911829586499  -8.6572374046164899 4.65888475555331e-16 -7.6085362061894299  -8.6658167276853906 4.6674693764325803e-16 -7.6225559560229996  -8.6828186896453996 4.6847419145227698e-16 -7.6507641514018099  -8.6912332331118005 4.69343519506306e-16 -7.6649613559286101  -8.7079092059856702 4.7109217898498799e-16 -7.6935191324221899  -8.7161633367840103 4.71971990050274e-16 -7.70788753751496  -8.7325215945682508 4.73741321844515e-16 -7.7367829185419401  -8.7406190768676506 4.7463127565035798e-16 -7.7513169671584503  -8.7566667609060005 4.7642062659969498e-16 -7.7805392857989402  -8.7646108629558306 4.7732041797814098e-16 -7.79523399416827  -8.7803541811113295 4.7912920098514301e-16 -7.8247736623936097  -8.7881477577799298 4.80038554014982e-16 -7.8396245243804703  -8.8035921383648592 4.8186623712542997e-16 -7.8694728547189898  -8.8112376959952492 4.8278490053134499e-16 -7.8844757666860099  -8.8263879088467299 4.8463099834604796e-16 -7.9146248319673402  -8.8338876569857092 4.8555874182946002e-16 -7.9297760328533  -8.8487479101670701 4.8742280864588202e-16 -7.9602185542026396  -8.8561038033742605 4.8835941991988399e-16 -7.9755145770992701  -8.8706778214531106 4.9024104418125504e-16 -8.0062438332845094  -8.8778915934928992 4.9118632654617198e-16 -8.0216814658423097  -8.8921826816634404 4.9308512629522804e-16 -8.0526912190279401  -8.8992558737645506 4.9403889663521699e-16 -8.0682674707382702  -8.9132669709335808 4.9595451575117197e-16 -8.0995519050304896  -8.9202025438217607 4.9691649589878398e-16 -8.1152622330741693  -8.92705442347801 4.9788077115311504e-16 -8.1310100430550101 
 0 4 0.069566420114001895 2 0.13941935363289501 2 0.20955878825987101 2 0.27998471479116199 2 0.35069712615865201 2 0.42169601681642199 2 0.49298138233288102 2 0.56455321911090905 2 0.63641152419069102 2 0.70855629510753004 2 0.78098752978727803 2 0.85370522646789404 2 0.92670938363983402 2 1 4
6 0 1 6.1232339957367697e-17 
7 0 0  3 30 15  -8.7382660710417195 5.1028377868175701e-16 -8.3335665277047397  -8.7220756723949595 5.0993302497073497e-16 -8.3278382848960302  -8.7059167813726095 5.09576997906462e-16 -8.3220239216931695  -8.6737250490739495 5.0885580922796896e-16 -8.3102460167658805  -8.6576902315370798 5.0849079929779503e-16 -8.3042849522299207  -8.6257528245152901 5.0775132650265497e-16 -8.2922084450173195  -8.6098464039827594 5.0737713331410001e-16 -8.2860974064906792  -8.5781689172170807 5.0661917186429002e-16 -8.2737189566333296  -8.5623937684920399 5.0623568840895798e-16 -8.26745619653631  -8.5309821921189304 5.0545900957758403e-16 -8.2547720686405892  -8.51534139776623 5.0506611613220004e-16 -8.2483556317437294  -8.4842021746516103 5.0427046349650302e-16 -8.2353616381081594  -8.4686990556488304 5.0386802575600002e-16 -8.2287893310432505  -8.4378391509443702 5.0305311096120896e-16 -8.2154807624770498  -8.4224773037752598 5.0264097777986797e-16 -8.2087501168471793  -8.3919042898459892 5.01806475367807e-16 -8.1951216582149904  -8.37668763186573 5.0138447599715002e-16 -8.1882298854858906  -8.3464097932230707 5.0053001701764702e-16 -8.1742755113741499  -8.3313426187965902 5.00097957688921e-16 -8.1672194470619406  -8.3013690834985603 4.9922312170084997e-16 -8.1529322911459605  -8.2864561343946406 4.9878078134024505e-16 -8.1457083248413404  -8.2567970411214908 4.9788508624193704e-16 -8.1310805138033899  -8.2420435961115501 4.9743221101751005e-16 -8.1236845001161395  -8.2127103103684895 4.96515099888086e-16 -8.1087069387480408  -8.1981223012253608 4.9605139615073703e-16 -8.1011340820244104  -8.1691277008940801 4.9511221987197701e-16 -8.0857961694211493  -8.1547118655248205 4.9463734483768997e-16 -8.07804087157335  -8.1260707272012809 4.9367533858366298e-16 -8.0623301171795703  -8.1118402431299508 4.9318855280259097e-16 -8.0543803020751401  -8.0976704146981096 4.9269499588314902e-16 -8.0463199058893107 
 0 4 0.073290616360158795 2 0.146294773532094 2 0.21901247021272299 2 0.29144370489247901 2 0.36358847580933301 2 0.43544678088910699 2 0.50701861766712897 2 0.57830398318357901 2 0.649302873841337 2 0.72001528520881097 2 0.79044121174010296 2 0.86058064636708598 2 0.93043357988598296 2 1 4
6 0 1 6.1232339957367697e-17 
7 0 0  3 30 15  -7.8542784226564804 5.0725308237556799e-16 -8.2840715009215309  -7.8620044264794604 5.0813206592803496e-16 -8.2984263917043908  -7.8696184576860704 5.0901460381364295e-16 -8.3128393291525207  -7.88465347253738 5.10790437674214e-16 -8.3418408969810205  -7.8920686948321599 5.1168404271594103e-16 -8.3564345748046804  -7.9067226842962901 5.1348097874105396e-16 -8.3857807671331805  -7.9139514794080696 5.1438486160461802e-16 -8.4005422945252999  -7.9282372770092202 5.1620201316686802e-16 -8.4302186316294296  -7.9352853994412396 5.1711576942357804e-16 -8.4451414037682397  -7.94921390506184 5.18952363413839e-16 -8.4751352598178293  -7.95608628820594 5.1987563683107097e-16 -8.4902134589830904  -7.9696668609913601 5.2173099055977798e-16 -8.5205136848114496  -7.9763677728465501 5.2266346394530901e-16 -8.5357421308610295  -7.9896085216275798 5.2453696806965903e-16 -8.56633877514499  -7.9961416827702099 5.2547835633622202e-16 -8.5817128122505206  -8.00904968596973 5.2736946193368802e-16 -8.6125969104049105  -8.0154183606850093 5.28319506741971e-16 -8.6281123195652505  -8.0279998362709808 5.30227715321084e-16 -8.6592757306065593  -8.0342069041597401 5.3118618087096797e-16 -8.6749286609134995  -8.0464673433225702 5.33111036515098e-16 -8.7063639391581393  -8.0525153564141991 5.34077706189231e-16 -8.7221508529818799  -8.0644596303315907 5.36018789282829e-16 -8.7538511455878698  -8.0703508592437903 5.3699346293432299e-16 -8.7697687742816797  -8.0819833055037194 5.3895038508525904e-16 -8.8017277383241908  -8.0877197771918805 5.3993287681994999e-16 -8.8177730460059607  -8.0990442705856793 5.4190527670089902e-16 -8.8499847805619503  -8.1046277995420208 5.4289541304479103e-16 -8.8661549341863406  -8.1156478106718293 5.4488295295112801e-16 -8.8986139241207702  -8.1210817700089706 5.4588047393551397e-16 -8.9149046780765993  -8.1264288939993197 5.4687980005430002e-16 -8.9312249121144003 
 0 4 0.069566420114001895 2 0.13941935363289501 2 0.20955878825987101 2 0.27998471479116199 2 0.35069712615865201 2 0.42169601681642199 2 0.49298138233288102 2 0.56455321911090905 2 0.63641152419069102 2 0.70855629510753004 2 0.78098752978727803 2 0.85370522646789404 2 0.92670938363983402 2 1 4
6 0 1 6.1232339957367697e-17 
7 0 0  3 30 15  -7.9195023900402504 5.5814581736668001e-16 -9.1152129374001198  -7.9039195334852401 5.5770377094900596e-16 -9.1079937715478607  -7.8883761105515502 5.5725665501046298e-16 -9.1006918141368907  -7.8574287298643499 5.5635405147587298e-16 -9.0859511797724508  -7.8420225725663597 5.5589870356571396e-16 -9.0785147840626692  -7.8113563612089596 5.5497935452774597e-16 -9.06350067487449  -7.79609208052445 5.5451559992458804e-16 -9.0559269874491708  -7.7657129216878902 5.5357933382494399e-16 -9.0406366016775994  -7.7505935434340403 5.5310708247438801e-16 -9.0329241518368004  -7.72050775072183 5.52153705937973e-16 -9.0173543314268905  -7.7055365270092304 5.5167285631788999e-16 -9.0095014611884192  -7.6757509071198404 5.5070215099133898e-16 -8.9936486401590994  -7.66093134972391 5.5021258842891197e-16 -8.9856534767737397  -7.63145327817963 5.4922430716188701e-16 -8.9695136188536608  -7.6167891989254697 5.4872590179736701e-16 -8.9613740415507799  -7.58762671253543 5.4771976398085097e-16 -8.9449425640469507  -7.5731222726877796 5.4721236827770704e-16 -8.9366561633721204  -7.5442841837897996 5.4618805408515698e-16 -8.9199278431207105  -7.5299439551710803 5.4567149974946397e-16 -8.9114918706255803  -7.5014399946871899 5.4462864292643798e-16 -8.8944607262376305  -7.4872690363148502 5.4410273704455698e-16 -8.8858720314033892  -7.4591100356449802 5.4304091574180296e-16 -8.8685311735577805  -7.4451139912759396 5.4250543586501502e-16 -8.8597861235211397  -7.4173121176738901 5.4142416077730199e-16 -8.8421275612570494  -7.4034973420888397 5.4087884855892501e-16 -8.8332219368965106  -7.3760664095352002 5.3977754726059503e-16 -8.8152363217935008  -7.3624401352479696 5.3922210005721296e-16 -8.8061651805669996  -7.33539602504427 5.3810009581033201e-16 -8.7878414606558994  -7.3219725025036899 5.3753385297969495e-16 -8.7785940134567308  -7.3086197240578104 5.36961216555806e-16 -8.7692421509558507 
 0 4 0.073290616360158795 2 0.146294773532094 2 0.21901247021272299 2 0.29144370489247901 2 0.36358847580933301 2 0.43544678088910699 2 0.50701861766712897 2 0.57830398318357901 2 0.649302873841337 2 0.72001528520881097 2 0.79044121174010296 2 0.86058064636708598 2 0.93043357988598296 2 1 4
6 0 1 6.1232339957367697e-17 
7 0 0  3 30 15  -7.0440337873069501 5.50059752248504e-16 -8.9831574725296708  -7.05038162957523 5.5097917356834898e-16 -8.9981727621704799  -7.0566125556606201 5.5190149156514301e-16 -9.0132353581358906  -7.0688657563760797 5.5375573146384296e-16 -9.0435173937398101  -7.0748818223215899 5.5468792803953503e-16 -9.0587413191416601  -7.0867234007307598 5.5656099262277401e-16 -9.0893307851745195  -7.0925381409740602 5.5750235290687104e-16 -9.1047043652917008  -7.1039822301133704 5.5939343302908396e-16 -9.1355880474036297  -7.1096019923576401 5.6034358736563499e-16 -9.1511052452963302  -7.1206606265167904 5.6225197581345301e-16 -9.1822715938165107  -7.1260908672564698 5.6321059782264197e-16 -9.1979270792978198  -7.13677440848112 5.6513566857053596e-16 -9.2293658704535098  -7.1420198620377704 5.6610246692611396e-16 -9.2451548858047303  -7.1523373153851102 5.6804365980386698e-16 -9.2768569713220401  -7.15740212196551 5.6901837200461302e-16 -9.2927752295729  -7.1673613742128 5.7097518108855601e-16 -9.3247323470912704  -7.1722491788323799 5.7195756864734896e-16 -9.3407759534515193  -7.1818571829595497 5.7392953328952002e-16 -9.3729805800188704  -7.1865712131709003 5.7491937795365803e-16 -9.3891459701513806  -7.1958341334648699 5.7690607572660297e-16 -9.4215912070038197  -7.2003772613526502 5.7790317646360401e-16 -9.4378750977990205  -7.2093005892974 5.7990421752635796e-16 -9.4705545783504199  -7.2136753815831103 5.8090838808824904e-16 -9.4869539281481003  -7.2222640296681302 5.8292341062652397e-16 -9.5198617435227604  -7.2264727886852 5.8393447755829898e-16 -9.5363737195876599  -7.2347311672471299 5.8596314405006601e-16 -9.5695043576325194  -7.2387759648054599 5.8698094504406898e-16 -9.5861263092795106  -7.2467080456420101 5.8902293916862799e-16 -9.6194746040854895  -7.2505926375980696 5.9004723473950896e-16 -9.6362026202219706  -7.2543880152046203 5.9107282960888596e-16 -9.6529518555131801 
 0 4 0.069566420114001895 2 0.13941935363289501 2 0.20955878825987101 2 0.27998471479116199 2 0.35069712615865201 2 0.42169601681642199 2 0.49298138233288102 2 0.56455321911090905 2 0.63641152419069102 2 0.70855629510753004 2 0.78098752978727803 2 0.85370522646789404 2 0.92670938363983402 2 1 4
6 0 1 6.1232339957367697e-17 
7 0 0  3 30 15  -7.0311418372798604 6.0110285053978096e-16 -9.8167545280531794  -7.0163034655203003 6.0057339613526599e-16 -9.8081078814464409  -7.0015121068349 6.0003912059339798e-16 -9.7993824996916405  -6.9720810444533896 5.9896303431502697e-16 -9.7818086771148796  -6.9574389372585701 5.9842135003869e-16 -9.77296230154416  -6.9283134173336096 5.9733020403029603e-16 -9.75514253491178  -6.9138254195446196 5.9678096350466301e-16 -9.7461727564252101  -6.8850115617773504 5.9567462069533299e-16 -9.7281048071993492  -6.8706808236344203 5.9511775161140302e-16 -9.71901044490129  -6.8421852096112401 5.9399605567722802e-16 -9.7006917601187794  -6.8280151241910403 5.93431475606197e-16 -9.6914714678447105  -6.7998448646254399 5.9229424818210498e-16 -9.6728991345828508  -6.78583910363961 5.9172186309115505e-16 -9.6635513766603491  -6.7580019196081604 5.90568900403205e-16 -9.6447220670381402  -6.7441644767247002 5.8998860285977096e-16 -9.6352450889602501  -6.71666879885285 5.8881967161410697e-16 -9.6161549929998795  -6.7030040426767297 5.8823133859015898e-16 -9.6065467855663993  -6.6758591336855702 5.8704617089451703e-16 -9.5871915282551896  -6.6623718733193202 5.8644966104993201e-16 -9.57744978320674  -6.63558798147921 5.8524794805521004e-16 -9.5578243206560796  -6.6222835487301603 5.8464309833185304e-16 -9.5479463750512306  -6.5958721029739502 5.8342448214844e-16 -9.5280448624802307  -6.5827564569869699 5.8281110343570302e-16 -9.5180276279083706  -6.5567303193907902 5.8157516667404898e-16 -9.4978432488283904  -6.5438101821083796 5.8095303819802697e-16 -9.4876831197780298  -6.5181839813539701 5.7969929015553503e-16 -9.4672078604074805  -6.5054670163371604 5.7906815207305299e-16 -9.4569005933175596  -6.4802575988661903 5.7779601004698403e-16 -9.4361249373985707  -6.4677590042551003 5.77155286329137e-16 -9.4256611250031508  -6.4553406204922696 5.7650860275028499e-16 -9.4150999806911297 
 0 4 0.073290616360158795 2 0.146294773532094 2 0.21901247021272299 2 0.29144370489247901 2 0.36358847580933301 2 0.43544678088910699 2 0.50701861766712897 2 0.57830398318357901 2 0.649302873841337 2 0.72001528520881097 2 0.79044121174010296 2 0.86058064636708598 2 0.93043357988598296 2 1 4
6 0 1 6.1232339957367697e-17 
7 0 0  3 30 15  -6.1718859297578597 5.8803247724062003e-16 -9.6032991332689708  -6.1767998254053298 5.8898425642022502e-16 -9.6188428668624795  -6.1815928887670299 5.8993824916448704e-16 -9.6344227507102396  -6.1909565937781696 5.9185459997441399e-16 -9.6657191344718605  -6.1955206339705704 5.9281719590704602e-16 -9.6814395190480695  -6.2044457371079504 5.9474992848950399e-16 -9.7130034374579104  -6.2087953223364298 5.9572049348610902e-16 -9.7288539667253104  -6.21729713194705 5.97668883288175e-16 -9.7606735869361803  -6.2214391473309201 5.9864708571409504e-16 -9.7766488448897597  -6.2295307263539703 6.0061049763317197e-16 -9.8087137948891101  -6.2334711035383599 6.0159604382963302e-16 -9.8248089857171497  -6.2411637258578301 6.0357391400576197e-16 -9.8571100569730596  -6.2449076238814802 6.04566541072677e-16 -9.8733208871913103  -6.2522111116441401 6.06558363431026e-16 -9.9058498148745606  -6.25576305395996 6.0755783376008702e-16 -9.9221724040448702  -6.2626860329881904 6.0956314982191802e-16 -9.9549217006294306  -6.2660500133093198 6.10569246874031e-16 -9.9713525124000295  -6.2726001104919602 6.12587637883081e-16 -10.0043153390772  -6.2757796759589004 6.13600162870973e-16 -10.0208511270055  -6.2819636745074101 6.15631243601271e-16 -10.0540211925577  -6.2849619920200901 6.1665001284401097e-16 -10.070658956906501  -6.29078595546539 6.1869342665511101e-16 -10.104030436953201  -6.2936058652926903 6.1971826944039505e-16 -10.1207673897791  -6.2990752378546198 6.2177368427549e-16 -10.1543348614212  -6.3017192974750298 6.2280444111179697e-16 -10.171168398029801  -6.3068389862773397 6.2487154622031098e-16 -10.204926786325199  -6.3093095066112896 6.2590806739269401e-16 -10.221854461686  -6.3140839497429804 6.2798657061768499e-16 -10.2557989953497  -6.3163850363841698 6.29028639228754e-16 -10.272817267259599  -6.3185953136920601 6.3007148988413401e-16 -10.289848310922199 
 0 4 0.069566420114001895 2 0.13941935363289501 2 0.20955878825987101 2 0.27998471479116199 2 0.35069712615865201 2 0.42169601681642199 2 0.49298138233288102 2 0.56455321911090905 2 0.63641152419069102 2 0.70855629510753004 2 0.78098752978727803 2 0.85370522646789404 2 0.92670938363983402 2 1 4
6 0 1 6.1232339957367697e-17 
7 0 0  3 30 15  -6.0809913572402801 6.3877737024896103e-16 -10.432026126940499  -6.0670278704207403 6.3816516072194998e-16 -10.4220279866206  -6.0531185629755999 6.3754842080942904e-16 -10.411955859490501  -6.0254624601342002 6.3630830847218398e-16 -10.3917032880861  -6.0117130784070598 6.3568504817056597e-16 -10.381524674921  -5.9843842060308798 6.3443169422210103e-16 -10.361055851594401  -5.9707998121829204 6.3380179451948198e-16 -10.3507688087824  -5.9438044727030404 6.3253509758085402e-16 -10.330082077889699  -5.9303883137130997 6.3189850454908104e-16 -10.319685724717299  -5.9037332988595796 6.3061834672134901e-16 -10.298779160822701  -5.8904888789519498 6.2997499774933304e-16 -10.2882724747731  -5.8641815409640996 6.2868124222319301e-16 -10.267143843611199  -5.8511126595195098 6.2803106474448103e-16 -10.2565256395843  -5.8251609971750797 6.2672355291316403e-16 -10.235172350909901  -5.8122717946079199 6.2606646286649302e-16 -10.2244412560811  -5.7866845582600401 6.2474501080149901e-16 -10.2028603061139  -5.7739795721240501 6.24080910748516e-16 -10.1920147291942  -5.7487663934759503 6.2274530484610396e-16 -10.170202629520301  -5.7362506278912297 6.2207408164259095e-16 -10.1592407227243  -5.7114221824994296 6.2072407317317802e-16 -10.137193411281499  -5.6991011952070396 6.2004559504946295e-16 -10.1261130226472  -5.6746694090994501 6.1868089322822705e-16 -10.103825750558901  -5.6625494222630604 6.1799500607372301e-16 -10.092624363269399  -5.6385277393057498 6.1661526909483005e-16 -10.070091548422599  -5.6266157829569803 6.15921791648579e-16 -10.0587662022619  -5.6030195179754596 6.1452661484480204e-16 -10.035981235939399  -5.5913236193748803 6.1382533234738303e-16 -10.024528423619801  -5.5681704359037996 6.12414232171991e-16 -10.0014834089042  -5.5567066073210496 6.1170465827000596e-16 -9.9898951876720492  -5.5453317514442997 6.1098961061473304e-16 -9.9782175732648408 
 0 4 0.073290616360158795 2 0.146294773532094 2 0.21901247021272299 2 0.29144370489247901 2 0.36358847580933301 2 0.43544678088910699 2 0.50701861766712897 2 0.57830398318357901 2 0.649302873841337 2 0.72001528520881097 2 0.79044121174010296 2 0.86058064636708598 2 0.93043357988598296 2 1 4
6 0 1 6.1232339957367697e-17 
7 0 0  3 30 15  -5.2454993167404602 6.2083755167932896e-16 -10.139046655926901  -5.24893608227549 6.2181332444904202e-16 -10.1549822345834  -5.2522491613003304 6.22790608218233e-16 -10.170942489734101  -5.2586410820308398 6.2475222897956596e-16 -10.2029781879076  -5.2617129875208102 6.2573676494146896e-16 -10.2190568803533  -5.2676431812591096 6.2771218059971799e-16 -10.251317866290201  -5.2704893871613896 6.28703420948744e-16 -10.2675060496867  -5.27597420303477 6.3069199791102704e-16 -10.299981976030001  -5.2786020713781099 6.3168965194822303e-16 -10.3162749029031  -5.2836554861776799 6.3369083280401604e-16 -10.3489566664481  -5.2860713716304097 6.3469464217233905e-16 -10.3653501175072  -5.2907054720031503 6.3670793018248002e-16 -10.3982296058877  -5.2929149129833402 6.3771766271837599e-16 -10.4147197896141  -5.2971402518482602 6.3974261035081704e-16 -10.447789694077199  -5.29914811530272 6.4075805542700502e-16 -10.4643731706664  -5.3029739817232597 6.4279425567706804e-16 -10.4976268443212  -5.3047845749659199 6.4381522060543097e-16 -10.5143004669376  -5.3082192027144703 6.4586230028860002e-16 -10.5477318152185  -5.3098363613013504 6.4688860749424496e-16 -10.564492683843801  -5.3128870929028098 6.4894622197140897e-16 -10.5980960783669  -5.3143142507182901 6.4997770673915103e-16 -10.6149415029981  -5.3169876684639696 6.5204553570455202e-16 -10.648711712773499  -5.3182279143639102 6.5308204435798297e-16 -10.6656391836844  -5.3205299463600104 6.5515978843042201e-16 -10.6995713194461  -5.3215860704927396 6.5620117684312201e-16 -10.7165784828735  -5.3235220775261602 6.5828855477436197e-16 -10.7506679514892  -5.3243966096142001 6.5933468713979403e-16 -10.7677525895442  -5.3259714570631198 6.6143143350413998e-16 -10.8019950562832  -5.3266688163572997 6.6248211741897499e-16 -10.819154026781  -5.3272745693700703 6.6353305925130099e-16 -10.836317209391 
 0 4 0.069566420114001895 2 0.13941935363289501 2 0.20955878825987101 2 0.27998471479116199 2 0.35069712615865201 2 0.42169601681642199 2 0.49298138233288102 2 0.56455321911090905 2 0.63641152419069102 2 0.70855629510753004 2 0.78098752978727803 2 0.85370522646789404 2 0.92670938363983402 2 1 4
6 0 1 6.1232339957367697e-17 
7 0 0  3 30 15  -5.0774009065039198 6.7083829146038396e-16 -10.955620705128201  -5.0644350162486198 6.7014870693021296e-16 -10.944358935111699  -5.0515299955376998 6.6945492257956595e-16 -10.933028576821799  -5.0258918950625997 6.6806168233525601e-16 -10.9102752369154  -5.0131560688641201 6.6736232324229803e-16 -10.898853836174499  -4.98786401114981 6.6595777587332699e-16 -10.8759158369089  -4.9753026013844597 6.65252752574956e-16 -10.864401932673699  -4.9503630162059604 6.63836833285273e-16 -10.841278215849  -4.9379793380566204 6.6312611070811103e-16 -10.8296712353277  -4.9133991676016997 6.6169874105983996e-16 -10.8063605199563  -4.9011968056450197 6.6098227696073895e-16 -10.7946597732659  -4.8769835790670601 6.5954336290263298e-16 -10.7711605233743  -4.8649664269637496 6.5882110681921898e-16 -10.7593651864018  -4.8411283504481499 6.5737053630552296e-16 -10.735675572143901  -4.8293006589728904 6.5664242828657095e-16 -10.723784665811401  -4.8058467257020299 6.5518006837050802e-16 -10.6999025160017  -4.7942131614811503 6.5444603742363396e-16 -10.687914880915599  -4.7711532874966602 6.5297173066714699e-16 -10.6638376243954  -4.75971900569143 6.5223169283835096e-16 -10.651751889482901  -4.7370642000187901 6.5074525281721896e-16 -10.6274764817136  -4.7258349354624096 6.4999910878329099e-16 -10.6152910249036  -4.7035975164182204 6.4850031437290797e-16 -10.590813854646401  -4.6925796996125202 6.4774794637761196e-16 -10.578526752833501  -4.67077357470765 6.4623653435966095e-16 -10.553843521407099  -4.6599744819932098 6.4547780224791397e-16 -10.5414524856852  -4.6386155176096597 6.4395345754676901e-16 -10.516558047514  -4.6280434694027699 6.43188193530215e-16 -10.5040603376913  -4.6071499909404299 6.4165053600458003e-16 -10.4789484845969  -4.5968216729237996 6.4087834767941998e-16 -10.466337692232999  -4.5865903075755599 6.4010121981223095e-16 -10.4536462310259 
 0 4 0.073290616360158795 2 0.146294773532094 2 0.21901247021272299 2 0.29144370489247901 2 0.36358847580933301 2 0.43544678088910699 2 0.50701861766712897 2 0.57830398318357901 2 0.649302873841337 2 0.72001528520881097 2 0.79044121174010296 2 0.86058064636708598 2 0.93043357988598296 2 1 4
6 0 1 6.1232339957367697e-17 
7 0 0  3 30 15  -4.2730150671193003 6.4818668339091899e-16 -10.585691872010999  -4.2749445001227997 6.4917787462455301e-16 -10.6018792532922  -4.2767484793531896 6.5016986101377096e-16 -10.6180796204497  -4.2801124433738504 6.5215951293272602e-16 -10.6505731021677  -4.2816652181454904 6.5315733678646805e-16 -10.666868802355401  -4.2845483877289103 6.5515807549667603e-16 -10.699543345115099  -4.2858662017451898 6.5616128014229302e-16 -10.7159269203029  -4.2882858231222203 6.58172568578946e-16 -10.7487737531702  -4.2893764506235401 6.5918090680786797e-16 -10.7652411661357  -4.2913472916086697 6.6120227015106298e-16 -10.7982525347132  -4.2922174544415101 6.6221552117842405e-16 -10.8148001797659  -4.2937523082268099 6.6424653417515296e-16 -10.847969139144899  -4.2944078755167903 6.6526449861419904e-16 -10.864593760051999  -4.2955179330540796 6.6730477620812898e-16 -10.8979140217854  -4.2959640724709596 6.6832727226360201e-16 -10.9146126496051  -4.2966592044321299 6.7037646250088599e-16 -10.948078465850401  -4.2969004990378101 6.7140332302899998e-16 -10.9648483709173  -4.2971894737201204 6.7346110157642601e-16 -10.9984544449112  -4.2972300137791404 6.7449217177519997e-16 -11.0152930991174  -4.2971206684945296 6.7655823760921899e-16 -11.049034514772201  -4.2969641246985999 6.7759337317673697e-16 -11.0659395614883  -4.2964635026533902 6.7966744514113897e-16 -11.0998117271747  -4.2961131853004098 6.8070651078740103e-16 -11.116780956947499  -4.2952276463907202 6.8278832480756804e-16 -11.1507795599997  -4.2946865537789298 6.8383119303784703e-16 -11.167810890682199  -4.2934218653440404 6.8592049983949996e-16 -11.201931860142301  -4.2926927237667396 6.8696704994913596e-16 -11.2190233204779  -4.2910541357168697 6.89063613170398e-16 -11.2532627962634  -4.2901416392454896 6.9011367894097703e-16 -11.2704116716993  -4.2891375445838804 6.9116347623563804e-16 -11.2875561625908 
 0 4 0.069566420114001895 2 0.13941935363289501 2 0.20955878825987101 2 0.27998471479116199 2 0.35069712615865201 2 0.42169601681642199 2 0.49298138233288102 2 0.56455321911090905 2 0.63641152419069102 2 0.70855629510753004 2 0.78098752978727803 2 0.85370522646789404 2 0.92670938363983402 2 1 4
6 -8.8042511743416498e-33 1 6.1232339957367697e-17 
7 0 0  3 30 15  -4.02919007403713 6.9700386164565504e-16 -11.3829368946367  -4.0173357250558599 6.9624296220596897e-16 -11.3705104637634  -4.0055484008651696 6.9547823041901603e-16 -11.358021445909699  -3.9821536113051899 6.9394410611300399e-16 -11.3329672946707  -3.9705432635339499 6.9317479422156104e-16 -11.320403478034301  -3.9475102879941 6.9163139664486403e-16 -11.295197882792101  -3.93608225243204 6.9085744552083902e-16 -11.282558301738  -3.9134175915262102 6.8930474702972896e-16 -11.2572008110363  -3.9021752224263002 6.8852614076274002e-16 -11.2444852057282  -3.8798859077917598 6.8696410306972301e-16 -11.2189751942848  -3.86883283858164 6.8618082015580002e-16 -11.206183213536301  -3.8469265101193599 6.8460939279420903e-16 -11.180519857167999  -3.8360666945221098 6.8382140531852397e-16 -11.1676510450952  -3.8145516937088901 6.82240523788279e-16 -11.1418332904358  -3.8038894555035001 6.8144779643649703e-16 -11.128887070312  -3.7827749393185499 6.7985737994089001e-16 -11.102913597851  -3.7723150331934598 6.7905986879047799e-16 -11.089889252366699  -3.7516111148742799 6.7745981744070202e-16 -11.0637584307962  -3.7413588017281998 6.7665746846567303e-16 -11.050655077640201  -3.7210767270215399 6.7504765978117405e-16 -11.024364906700701  -3.7110378683818501 6.74240406977632e-16 -11.011181467947599  -3.69119023963919 6.7262069143727099e-16 -10.984729505773799  -3.6813714178344301 6.7180845443817804e-16 -10.9714646689301  -3.66197248399172 6.7017864972432597e-16 -10.9448479380493  -3.65238115772669 6.6936133071216198e-16 -10.931500105633701  -3.6334471972881 6.6772121410969297e-16 -10.9047149688316  -3.62409190701467 6.6689869374169802e-16 -10.891282191828999  -3.6056417462010399 6.6524799185544402e-16 -10.864324184223801  -3.59653970438062 6.6441997512587603e-16 -10.8508016448248  -3.5875417431674701 6.6358759647441105e-16 -10.837207869835201 
 0 4 0.073290616360158795 2 0.146294773532094 2 0.21901247021272299 2 0.29144370489247901 2 0.36358847580933301 2 0.43544678088910699 2 0.50701861766712897 2 0.57830398318357901 2 0.649302873841337 2 0.72001528520881097 2 0.79044121174010296 2 0.86058064636708598 2 0.93043357988598296 2 1 4
6 -8.8042511743416498e-33 1 6.1232339957367697e-17 
7 0 0  3 30 15  -3.2629794074469101 6.6983952722253695e-16 -10.939309647302499  -3.2633845519922602 6.7083742629589301e-16 -10.9556065759198  -3.2636635779938499 6.7183539769308004e-16 -10.9719046856749  -3.2639700226679 6.7383559563705303e-16 -11.004570397051699  -3.2639900208806898 6.7483793847072895e-16 -11.0209398977824  -3.2638008289112599 6.7684641766917102e-16 -11.053740852308101  -3.2635786700445699 6.7785277041288305e-16 -11.070175839839401  -3.2629118332056 6.7986909504880604e-16 -11.1031049200824  -3.2624556353912002 6.8087925615684299e-16 -11.119602102923  -3.2613265827404501 6.8290303817369802e-16 -11.152652971439  -3.2606433759311302 6.8391682637363803e-16 -11.1692093891856  -3.2590654947787501 6.8594771574171202e-16 -11.2023763295555  -3.25816142722958 6.8696496617581396e-16 -11.218989289876999  -3.2561464482137099 6.89002643698378e-16 -11.252267089222601  -3.2550269429037502 6.90023205001036e-16 -11.268934120130901  -3.2525852315609001 6.9206737686805398e-16 -11.302317980170301  -3.25125510702392 6.9309110890867502e-16 -11.319036793159199  -3.2483958891200899 6.95141502488493e-16 -11.3525222614794  -3.2468594543837499 6.96168274598416e-16 -11.369290722567801  -3.24359099314337 6.9822463512845297e-16 -11.402873638580299  -3.2418521234485498 6.9925432468716003e-16 -11.419689745223  -3.2381818610969799 7.0131641263156403e-16 -11.4533661970104  -3.2362440590925701 7.0234890392439798e-16 -11.4702280594438  -3.23217873142488 7.0441649283582998e-16 -11.503994348840401  -3.2300451772098899 7.0545167612018096e-16 -11.5209001748315  -3.22559090743411 7.0752455088894998e-16 -11.5547527888295  -3.2232644999138702 7.08562321622799e-16 -11.571700871077701  -3.2184268763359301 7.1064027702800203e-16 -11.605636458165399  -3.2159125431507798 7.1168049663857698e-16 -11.622624533605499  -3.2133074248347899 7.1271992373920097e-16 -11.639599666376 
 0 4 0.069566420114001895 2 0.13941935363289501 2 0.20955878825987101 2 0.27998471479116199 2 0.35069712615865201 2 0.42169601681642199 2 0.49298138233288102 2 0.56455321911090905 2 0.63641152419069102 2 0.70855629510753004 2 0.78098752978727803 2 0.85370522646789404 2 0.92670938363983402 2 1 4
6 -8.8042511743416498e-33 1 6.1232339957367697e-17 
7 0 0  3 30 15  -2.94557057432533 7.17044136833171e-16 -11.7102194254279  -2.9349319430631602 7.1621860929560597e-16 -11.696737537619301  -2.9243659028215201 7.1538965056278702e-16 -11.683199614139699  -2.9034200184285099 7.1372812413463498e-16 -11.6560648283499  -2.8930371812381801 7.1289562018527001e-16 -11.6424690070903  -2.87246570249002 7.1122693583424701e-16 -11.6152173235488  -2.8622714711186599 7.10390858394873e-16 -11.601563142768599  -2.8420809123404802 7.0871502587250601e-16 -11.574194720729899  -2.8320786506339002 7.0787537833556001e-16 -11.560482235831801  -2.81227607111818 7.0619239984120802e-16 -11.5329971112142  -2.8024694294242698 7.0534918163087404e-16 -11.5192263127943  -2.78306251267986 7.0365905072595502e-16 -11.491624380447799  -2.7734554700386198 7.0281225672026795e-16 -11.477795184858101  -2.7544526195285099 7.0111495701720496e-16 -11.450076177153299  -2.7450495347257098 7.0026457684906297e-16 -11.4361884150861  -2.7264599907541101 6.9856008041125897e-16 -11.408351875783699  -2.7172656647559399 6.9770609761397597e-16 -11.3944052783177  -2.69909964888069 6.9599436297970602e-16 -11.3664505302963  -2.6901194020903101 6.95136753930085e-16 -11.352444711635499  -2.67238829795143 6.9341772363881997e-16 -11.324370816493399  -2.6636280670791099 6.9255645623232804e-16 -11.310305252330901  -2.6463446503130301 6.9083005368039596e-16 -11.2821109590353  -2.6378111116682699 6.8996508564546004e-16 -11.267984959024  -2.6209898474158502 6.8823121101813398e-16 -11.239668637476701  -2.6126905765203001 6.8736248773442001e-16 -11.225481309598599  -2.5963480123518101 6.8562101263430101e-16 -11.197040862911001  -2.5882916946391301 6.84748464253433e-16 -11.182791066455801  -2.5724469921508502 6.8299922443408903e-16 -11.1542238122799  -2.5646512155974399 6.8212265594090501e-16 -11.1399083624082  -2.5569657329260398 6.8124234147868099e-16 -11.1255317362196 
 0 4 0.073290616360158795 2 0.146294773532094 2 0.21901247021272299 2 0.29144370489247901 2 0.36358847580933301 2 0.43544678088910699 2 0.50701861766712897 2 0.57830398318357901 2 0.649302873841337 2 0.72001528520881097 2 0.79044121174010296 2 0.86058064636708598 2 0.93043357988598296 2 1 4
6 -8.8042511743416498e-33 1 6.1232339957367697e-17 
7 0 0  3 30 15  -2.2242685674175098 6.8560579720403603e-16 -11.196792376077401  -2.2231458630798899 6.86601634544177e-16 -11.213055634036101  -2.2218974837621501 6.8759682074081203e-16 -11.229308258014401  -2.2191437160427698 6.89589986898351e-16 -11.261859131603799  -2.21763076195169 6.9058804008709902e-16 -11.2781585771165  -2.2143708710552499 6.9258660918636196e-16 -11.310797687440401  -2.2126106916457 6.9358726616407204e-16 -11.3271396560539  -2.2088632567768398 6.9559090746586497e-16 -11.359861601731399  -2.20686424272952 6.9659401412087695e-16 -11.3762435766112  -2.2026452185981702 6.9860242974226199e-16 -11.409043492844701  -2.2004146461927099 6.9960784590762701e-16 -11.4254631848909  -2.19573789657895 7.0162076411825596e-16 -11.4583366339871  -2.1932821391687698 7.0262836091402398e-16 -11.4747919384303  -2.1881598313077602 7.0464553118188495e-16 -11.5077348288909  -2.1854845195239001 7.0565518900230502e-16 -11.524223792420999  -2.1799274227240901 7.0767637824318996e-16 -11.557232317692  -2.1770375682267198 7.0868798520233499e-16 -11.573753113073099  -2.1710552846465001 7.1071297488204205e-16 -11.606823704220201  -2.1679553773584899 7.1172642559289196e-16 -11.6233746103517  -2.16155652351725 7.1375500944867201e-16 -11.6565038988485  -2.1582506091729399 7.1477020404970102e-16 -11.673083284868  -2.1514429609125201 7.1680218627110798e-16 -11.7062680728872  -2.1479347037303702 7.1781902963990696e-16 -11.722874385327801  -2.1407253135503899 7.1985422339690604e-16 -11.756111621703401  -2.1370180474833602 7.20872624507406e-16 -11.772743373996599  -2.12941334064966 7.2291085074529201e-16 -11.8060301345435  -2.12551011173941 7.2393072213682903e-16 -11.8226858983481  -2.1175159658433298 7.2597180857915798e-16 -11.8560193695784  -2.11342189199486 7.2699304054238797e-16 -11.872697353205  -2.10923864389791 7.2801296292624199e-16 -11.8893539497774 
 0 4 0.069566420114001895 2 0.13941935363289501 2 0.20955878825987101 2 0.27998471479116199 2 0.35069712615865201 2 0.42169601681642199 2 0.49298138233288102 2 0.56455321911090905 2 0.63641152419069102 2 0.70855629510753004 2 0.78098752978727803 2 0.85370522646789404 2 0.92670938363983402 2 1 4
6 0 1 6.1232339957367697e-17 
7 0 0  3 30 15  -1.8360652944948199 7.3078300236401198e-16 -11.934592126853399  -1.8267358736258099 7.2990010149425103e-16 -11.9201732614242  -1.81748397207479 7.2901420073471598e-16 -11.9057054040771  -1.79917106603392 7.2723987373841704e-16 -11.8767284452097  -1.79010698417105 7.2635149380577196e-16 -11.862220099893101  -1.77217778510949 7.2457218713849804e-16 -11.833161816827101  -1.76330694520069 7.2368133086237398e-16 -11.818613029752401  -1.7457679239066699 7.2189709158521302e-16 -11.789474191053699  -1.7370936698289301 7.21003781631056e-16 -11.774885332375799  -1.71995185121283 7.1921465241089003e-16 -11.745666634847501  -1.7114778181549499 7.1831890913609801e-16 -11.731038037027799  -1.6947408618105699 7.1652492761901303e-16 -11.701740095477099  -1.68647101916149 7.1562676873949301e-16 -11.6870720478385  -1.6701473166880501 7.1382796679443105e-16 -11.6576953827247  -1.6620860199352001 7.1292740698142405e-16 -11.6429881248666  -1.6461848137577699 7.1112380977740703e-16 -11.613533147230999  -1.63833686795398 7.1022086016478e-16 -11.598786860983299  -1.62286839812336 7.0841248503152796e-16 -11.569253853841801  -1.61523913642038 7.0750715260648e-16 -11.5544686533141  -1.6002148244299801 7.0569400760845901e-16 -11.524857748369399  -1.59281020654893 7.0478629444795301e-16 -11.510033667481199  -1.5782428890474101 7.0296837657215103e-16 -11.480344815526999  -1.5710696266071 7.0205827887156399e-16 -11.465481792143899  -1.5569738578200401 7.0023557168333404e-16 -11.4357147247821  -1.5500395765850301 6.99323078499522e-16 -11.4208125801891  -1.53643202772816 6.9749554904754996e-16 -11.390966759284  -1.5297454817859699 6.9658064064035503e-16 -11.376025171099799  -1.51664548143821 6.9474823527034798e-16 -11.3460997204101  -1.5102244797164699 6.9383081832898397e-16 -11.331117164754  -1.5039190158848801 6.9291030429114901e-16 -11.316084029674199 
 0 4 0.073290616360158795 2 0.146294773532094 2 0.21901247021272299 2 0.29144370489247901 2 0.36358847580933301 2 0.43544678088910699 2 0.50701861766712897 2 0.57830398318357901 2 0.649302873841337 2 0.72001528520881097 2 0.79044121174010296 2 0.86058064636708598 2 0.93043357988598296 2 1 4
6 0 1 6.1232339957367697e-17 
7 0 0  3 30 15  -1.1660107752414 6.9534693878792499e-16 -11.3558772908573  -1.1633700883868801 6.9633196294049801e-16 -11.371963956061601  -1.16060527455215 6.9731561820450195e-16 -11.3880282656191  -1.1548154946490701 6.9928423655974902e-16 -11.420178243173799  -1.15178288414908 7.0026922917625998e-16 -11.436264393355099  -1.14548094236403 7.0224032467923702e-16 -11.468454825802301  -1.14219821093157 7.03226492081447e-16 -11.4845601616901  -1.1354031106251901 7.0519984197730602e-16 -11.5167874111669  -1.1318788477522701 7.0618707884194201e-16 -11.5329102127016  -1.1246069290761 7.0816247803916e-16 -11.565170929809501  -1.1208485934249901 7.0915068653653703e-16 -11.581309599311  -1.1131140747936099 7.1112794399211005e-16 -11.6136006640809  -1.1091282088068399 7.1211703235267398e-16 -11.6297537028387  -1.10094358712637 7.1409596840098796e-16 -11.6620721811084  -1.09673597960475 7.1508584982994004e-16 -11.678238171655901  -1.08811233331447 7.1706629416096903e-16 -11.710581282051599  -1.08368814500193 7.1805688600030802e-16 -11.726758874481099  -1.0746353682685199 7.2003867609778801e-16 -11.7591239629109  -1.0699992305255701 7.2102989916827804e-16 -11.775311864127501  -1.0605262174410901 7.23012879081934e-16 -11.807696383730001  -1.05568231094141 7.2400465715862999e-16 -11.823893348885701  -1.0457971026298301 7.2598867652421498e-16 -11.8562948440265  -1.0407492209602101 7.2698093591289297e-16 -11.8724996696034  -1.0304591246480701 7.2896584915954596e-16 -11.9049157629299  -1.02521072631649 7.2995851835061797e-16 -11.9211272810878  -1.0145224128619501 7.3194418405215399e-16 -11.953555662935001  -1.00907666427771 7.3293719343492003e-16 -11.969772736844901  -0.997996248905062 7.3492347377332897e-16 -12.002211156474001  -0.99235841326146401 7.3591674346600202e-16 -12.0184324815674  -0.98663379791824102 7.3690819801850398e-16 -12.034624163172101 
 0 4 0.069566420114001895 2 0.13941935363289501 2 0.20955878825987101 2 0.27998471479116199 2 0.35069712615865201 2 0.42169601681642199 2 0.49298138233288102 2 0.56455321911090905 2 0.63641152419069102 2 0.70855629510753004 2 0.78098752978727803 2 0.85370522646789404 2 0.92670938363983402 2 1 4
6 0 1 6.1232339957367697e-17 
7 0 0  3 30 15  -0.71042460683834896 7.3809972059389497e-16 -12.054083203545501  -0.70248638364855498 7.3716720535652797e-16 -12.0388540740036  -0.69462992683163205 7.3623214789800502e-16 -12.023583426839499  -0.67911093361965502 7.3436061318300095e-16 -11.993018945450901  -0.671445262561573 7.33424164381865e-16 -11.9777255759375  -0.65631590563263098 7.3154987200931101e-16 -11.9471160585835  -0.64884641444646096 7.3061206577342396e-16 -11.9318005204783  -0.63411306418637303 7.2873509970039002e-16 -11.901147338281801  -0.62684304739420504 7.2779597776901897e-16 -11.8858103132387  -0.61251263259609401 7.2591642075495697e-16 -11.8551148177641  -0.60544567828144602 7.2497602423981204e-16 -11.8397569771883  -0.59152576731124296 7.2309395768463897e-16 -11.809020497797199  -0.58466580032887805 7.2215232698381398e-16 -11.793642501439701  -0.57116469917638901 7.2026783073292402e-16 -11.7628663421062  -0.56451603343918499 7.1932500542706997e-16 -11.747468836368  -0.55144290542757401 7.1743815753391798e-16 -11.7166542718019  -0.54501030784806703 7.1649417625960997e-16 -11.701237887666201  -0.53237532153113898 7.1460505269306897e-16 -11.670386158533301  -0.52616409114171103 7.1365995298649797e-16 -11.6549515090126  -0.51397860549379404 7.1176862726515796e-16 -11.6240638159626  -0.50799467265218801 7.1082244536652996e-16 -11.6086114929044  -0.49627147252521397 7.08928988094516e-16 -11.577688988990101  -0.49052152517761 7.0798175869959396e-16 -11.562219559019301  -0.47927512597883498 7.0608623696676699e-16 -11.531263339901299  -0.47376677311717902 7.05137992905767e-16 -11.5157773391759  -0.463013823200562 7.0324046949647697e-16 -11.4847884302004  -0.45775581063502702 7.0229124131093299e-16 -11.469286357501501  -0.44751563570187403 7.0039177363454301e-16 -11.4382656962347  -0.44252583680580498 6.9944157053806496e-16 -11.422747702032  -0.4376558044569 6.9848894643508198e-16 -11.407190169792599 
 0 4 0.073290616360158795 2 0.146294773532094 2 0.21901247021272299 2 0.29144370489247901 2 0.36358847580933301 2 0.43544678088910699 2 0.50701861766712897 2 0.57830398318357901 2 0.649302873841337 2 0.72001528520881097 2 0.79044121174010296 2 0.86058064636708598 2 0.93043357988598296 2 1 4
2 0 0 0 0 1 6.1232339957367697e-17 0 6.1232339957367697e-17 -1 -1 0 0 12.074999999999999
6 0 1 6.1232339957367697e-17 
7 0 0  3 30 15  -9.6492286777002008 -4.4450634813313401e-16 7.2593395653770001  -9.6409322569428308 -4.43585597828865e-16 7.2443025717734502  -9.6325560205675291 -4.4266761243415199e-16 7.2293107325696599  -9.6156769673849798 -4.4084074863824799e-16 7.19947578265307  -9.6071762716056099 -4.3993172607020501e-16 7.1846303175168904  -9.5900441792550293 -4.38123213173509e-16 7.1550950605276196  -9.5814165017516704 -4.3722344735377901e-16 7.1404007695637803  -9.5640289888488006 -4.3543365676363802e-16 7.1111712710440802  -9.5552730752006205 -4.3454333884068e-16 7.0966312759438299  -9.5376274351945707 -4.3277266978764199e-16 7.0677140558233598  -9.5287418600645406 -4.3189200553804198e-16 7.0533317171733501  -9.5108350141396905 -4.3014088912674001e-16 7.0247338159250603  -9.5018181562030293 -4.29270101111836e-16 7.0105127684277804  -9.4836465963910506 -4.2753900521494401e-16 6.9822418269922899  -9.4744966080011199 -4.2667833539067199e-16 6.9681860220880401  -9.4560563277356593 -4.2496777062423701e-16 6.9402503794582397  -9.4467710978330803 -4.2411748353289699e-16 6.92636413745063  -9.4280575061617604 -4.2242801063905302e-16 6.89877295124053  -9.41863461438375 -4.21588397358943e-16 6.8850610257989304  -9.3996424285582698 -4.1992063645059299e-16 6.8578244232207801  -9.3900790877039295 -4.1909201954852899e-16 6.8442920822610596  -9.3708021966260198 -4.17446661863801e-16 6.8174213520901503  -9.3610951794357895 -4.1662940169864998e-16 6.8040744807192297  -9.3415264669699294 -4.1500722481143998e-16 6.7775823217009803  -9.3316720113435299 -4.1420172769484701e-16 6.7644275554915998  -9.3118031229764995 -4.1260361560407101e-16 6.7383284044238998  -9.3017968068654699 -4.1181034457345898e-16 6.7253733053510301  -9.2816178340306301 -4.1023731488262398e-16 6.69968378096031  -9.2714498964707701 -4.0945718679632899e-16 6.6869433224568802  -9.2611827733938608 -4.0868182914372998e-16 6.6742807710479504 
 0 4 0.073290616360158795 2 0.146294773532094 2 0.21901247021272299 2 0.29144370489247901 2 0.36358847580933301 2 0.43544678088910699 2 0.50701861766712897 2 0.57830398318357901 2 0.649302873841337 2 0.72001528520881097 2 0.79044121174010296 2 0.86058064636708598 2 0.93043357988598296 2 1 4
6 0 1 6.1232339957367697e-17 
7 0 0  3 30 15  -9.4559751134929808 -3.9160015428457402e-16 6.3953158503696201  -9.4713993810766599 -3.9192327307797898e-16 6.4005927807242298  -9.4868626215997107 -3.9223904695274901e-16 6.4057497594545802  -9.51793089530514 -3.92857175147867e-16 6.4158445589600097  -9.5335399668374503 -3.9315913093285299e-16 6.4207758711586997  -9.5648859836253095 -3.9375079392043798e-16 6.4304384610253704  -9.5806301914593792 -3.9403980855028998e-16 6.4351584281220697  -9.6122417628672601 -3.94605926453262e-16 6.4444038350976296  -9.6281155310815691 -3.9488241362971698e-16 6.4489192133544098  -9.6599819817183992 -3.95423771214154e-16 6.45776025364151  -9.6759803767661694 -3.9568808716179001e-16 6.4620768606472199  -9.7080922363418107 -3.9620536134594598e-16 6.4705245891599104  -9.7242108449775397 -3.9645781571490898e-16 6.4746474818851896  -9.7565596206776597 -3.9695159590283699e-16 6.4827115243221103  -9.7727944574882493 -3.9719246002846398e-16 6.4866451340093203  -9.8053724616330395 -3.97663263506378e-16 6.4943339382954699  -9.8217198976156403 -3.9789277678963099e-16 6.4980821746590101  -9.8545201144818808 -3.9834106062471698e-16 6.5054032052679602  -9.8709768209319897 -3.9855943554553401e-16 6.5089695383685697  -9.9039928020151002 -3.9898560594486801e-16 6.5159294291653298  -9.9205557057796003 -3.9919303206069799e-16 6.5193169547110497  -9.9537814861549396 -3.99597451845861e-16 6.5259216310217196  -9.9704477334732804 -3.99794099023283e-16 6.5291331231443301  -10.0038777641054 -4.0017709368071702e-16 6.5353879005658797  -10.0206446910453 -4.00363114738195e-16 6.5384258549802903  -10.054273783351301 -4.0072497737520198e-16 6.5443355203182199  -10.071138891380199 -4.0090051026721098e-16 6.5472021899919799  -10.1049621713461 -4.0124150571477199e-16 6.5527710682644402  -10.1219218229884 -4.014067966827e-16 6.5554704746245998  -10.1388963716782 -4.0156654704389198e-16 6.5580793960099797 
 0 4 0.069566420114001895 2 0.13941935363289501 2 0.20955878825987101 2 0.27998471479116199 2 0.35069712615865201 2 0.42169601681642199 2 0.49298138233288102 2 0.56455321911090905 2 0.63641152419069102 2 0.70855629510753004 2 0.78098752978727803 2 0.85370522646789404 2 0.92670938363983402 2 1 4
6 0 1 6.1232339957367599e-17 
7 0 0  3 30 15  -10.2866051633531 -3.8722558734299798e-16 6.3238737505801597  -10.276937110738601 -3.86356453575571e-16 6.3096797189943699  -10.2671938215426 -3.8549053022241399e-16 6.2955381174524403  -10.247595146072801 -3.8376847629128799e-16 6.2674148425240999  -10.2377416510353 -3.8291219001820202e-16 6.2534306264434898  -10.2179191119483 -3.8120985725023102e-16 6.2256294225509601  -10.2079533493215 -3.8036351515006298e-16 6.2118076071384296  -10.187905143683199 -3.7868128697521101e-16 6.1843347361682399  -10.177826156878 -3.77845086549219e-16 6.1706785468641101  -10.157550200566099 -3.7618337596286801e-16 6.1435407535426796  -10.1473568851987 -3.7535753025617198e-16 6.1300536696378103  -10.1268507722063 -3.7371678412225599e-16 6.1032582518070102  -10.1165418544352 -3.7290152401474899e-16 6.0899440438561996  -10.095802807717099 -3.7128222826439802e-16 6.0634989373735904  -10.0853768180329 -3.7047780524305599e-16 6.05036171247085  -10.0644016295035 -3.6888049122186e-16 6.0242755948684801  -10.053856870682401 -3.6808718077115699e-16 6.0113198520166504  -10.032641827094601 -3.6651243308134401e-16 5.9856022705734304  -10.0219763345497 -3.6573053887866201e-16 5.9728329692005504  -10.0005171246949 -3.6417900519903401e-16 5.9474945013139999  -9.9897286167678505 -3.6340886437532001e-16 5.9349171471862698  -9.9680202134978195 -3.6188126794704002e-16 5.90996960428095  -9.9571060281998403 -3.61123257782483e-16 5.89759035885141  -9.9351425357769205 -3.5962041356589499e-16 5.8730470502397401  -9.9240995489033796 -3.58874960158259e-16 5.8608728722129797  -9.9018740014074798 -3.5739779617180998e-16 5.8367489535863699  -9.8906985184550802 -3.5666538587945199e-16 5.8247877857971204  -9.8682026070602902 -3.5521497206988799e-16 5.8011007307119504  -9.8568863120892605 -3.5449657369072102e-16 5.7893683948308299  -9.8454785627604906 -3.5378349350247701e-16 5.7777229115985902 
 0 4 0.073290616360158795 2 0.146294773532094 2 0.21901247021272299 2 0.29144370489247901 2 0.36358847580933301 2 0.43544678088910699 2 0.50701861766712897 2 0.57830398318357901 2 0.649302873841337 2 0.72001528520881097 2 0.79044121174010296 2 0.86058064636708598 2 0.93043357988598296 2 1 4
6 0 1 6.1232339957367599e-17 
7 0 0  3 30 15  -10.0132922911151 -3.3565995846161299e-16 5.4817431229202196  -10.029142923808299 -3.35893216449808e-16 5.4855525149564803  -10.045021125744301 -3.3611893832662099e-16 5.4892388329539603  -10.0768981769587 -3.36556208468429e-16 5.4963799963018403  -10.0929004373697 -3.3676733679379001e-16 5.4998279835175499  -10.1250135385042 -3.3717666546906798e-16 5.5065128280876401  -10.141130550755401 -3.3737413464660899e-16 5.5097377444909403  -10.173468974030801 -3.3775650782251398e-16 5.5159823723488799  -10.189695819368 -3.3794076170786501e-16 5.5189914666523103  -10.222250136429301 -3.3829702191368898e-16 5.5248096373456397  -10.2385824477514 -3.3846844345457498e-16 5.5276091635601299  -10.271344265119801 -3.3879931893576001e-16 5.5330127702394796  -10.2877781221154 -3.3895824172676999e-16 5.5356081763781297  -10.320739885659 -3.3926436799435898e-16 5.5406075977264404  -10.337271735375101 -3.3941108503049e-16 5.5430036687606696  -10.370426582270101 -3.3969302117802399e-16 5.5476080354683797  -10.387053177761301 -3.3982779161659899e-16 5.5498090037584804  -10.4203948220961 -3.4008603293026899e-16 5.5540264044629097  -10.4371131742259 -3.40209087404003e-16 5.5560360365269403  -10.4706358170358 -3.4044407528100401e-16 5.5598736797913499  -10.4874431560413 -3.40555620135541e-16 5.5616953455094  -10.521141413467999 -3.4076775000541901e-16 5.5651596891883397  -10.538035157902 -3.4086797072408199e-16 5.5667964177329798  -10.571904003053 -3.4105759846062802e-16 5.5698932736865201  -10.588881734391 -3.4114666246508501e-16 5.5713477992610496  -10.6229164497257 -3.41314109638434e-16 5.57408241912802  -10.6399758913849 -3.4139216860328702e-16 5.5753572187667197  -10.674172029307 -3.4153772682779598e-16 5.5777343649709898  -10.691309936367601 -3.4160504676932202e-16 5.5788337830493004  -10.708454201869801 -3.4166676503164301e-16 5.5798417187637197 
 0 4 0.069566420114001895 2 0.13941935363289501 2 0.20955878825987101 2 0.27998471479116199 2 0.35069712615865201 2 0.42169601681642199 2 0.49298138233288102 2 0.56455321911090905 2 0.63641152419069102 2 0.70855629510753004 2 0.78098752978727803 2 0.85370522646789404 2 0.92670938363983402 2 1 4
6 0 1 6.1232339957367697e-17 
7 0 0  3 30 15  -10.8335825929632 -3.2654187416812999e-16 5.3328335058807399  -10.8226278716855 -3.2573199491634402e-16 5.3196071739726403  -10.811603154044599 -3.2492574337030598e-16 5.3064400869953996  -10.7894570901523 -3.2332363277582199e-16 5.2802756354065901  -10.778337388725401 -3.2252760787225101e-16 5.2672755621752696  -10.7559986040881 -3.2094641539457799e-16 5.2414527293589304  -10.744782335818201 -3.2016093469878001e-16 5.2286248561085298  -10.722249621796401 -3.1860105242090501e-16 5.2031500452657502  -10.7109361363327 -3.1782631805128701e-16 5.1904976728403698  -10.688208049548001 -3.1628816910400601e-16 5.1653777942214596  -10.6767965731653 -3.15524399501978e-16 5.1529044900400303  -10.6538714015637 -3.14008442581469e-16 5.1281470347220699  -10.6423610190981 -3.1325587491649699e-16 5.1158566720559504  -10.6192367409623 -3.1176260974196398e-16 5.0914698010728596  -10.607626373955901 -3.1102150282198901e-16 5.0793666065764196  -10.5843006078735 -3.0955147679908402e-16 5.05535925974094  -10.572588987853599 -3.0882211462978198e-16 5.0434478715789002  -10.5490589309151 -3.0737593108332101e-16 5.0198299019329999  -10.537244566335399 -3.0665862727243398e-16 5.0081154417084397  -10.5135069167591 -3.0523695575529e-16 4.9848977838803501  -10.501588051554901 -3.0453205903517801e-16 4.9733859468249202  -10.4776389103212 -3.0313564843568402e-16 4.9505808310892396  -10.4656134711683 -3.0244354969230302e-16 4.9392780008550403  -10.441448214749499 -3.0107324519534798e-16 4.9168992301285099  -10.4293137427945 -3.00394386568019e-16 4.9058126273986202  -10.4049268550803 -2.9905115205612398e-16 4.8838759430773804  -10.392680415832499 -2.98386038950002e-16 4.8730138217443697  -10.368065260756 -2.9707098731041999e-16 4.8515373986565304  -10.355700056380901 -2.9642063194916799e-16 4.8409162895872999  -10.3432519325115 -2.9577609579961299e-16 4.8303902154571201 
 0 4 0.073290616360158795 2 0.146294773532094 2 0.21901247021272299 2 0.29144370489247901 2 0.36358847580933301 2 0.43544678088910699 2 0.50701861766712897 2 0.57830398318357901 2 0.649302873841337 2 0.72001528520881097 2 0.79044121174010296 2 0.86058064636708598 2 0.93043357988598296 2 1 4
6 0 1 6.1232339957367697e-17 
7 0 0  3 30 15  -10.482612296042801 -2.7676997085463299e-16 4.51999663980392  -10.4987499979155 -2.7691131815803099e-16 4.5223050164476302  -10.5149036230549 -2.77045004384918e-16 4.5244882782171496  -10.547309315106199 -2.7729757372768799e-16 4.5286130486072098  -10.563564135956 -2.7741601919010802e-16 4.5305474098043002  -10.596162110349599 -2.7763941635796401e-16 4.53419576242338  -10.6125102901349 -2.7774360471696001e-16 4.5358972874519603  -10.645291374051199 -2.7793887285658001e-16 4.5390862581781404  -10.661728694411 -2.7802927422105802e-16 4.5405626244992803  -10.694684789388001 -2.7819730622077e-16 4.5433067953055897  -10.711207488045201 -2.7827432689624002e-16 4.5445646383918303  -10.744331351177401 -2.7841589592882898e-16 4.5468766361480402  -10.760936035206701 -2.78479890522685e-16 4.5479217471776003  -10.794221117430601 -2.7859567262128901e-16 4.5498126123427198  -10.810904697562499 -2.7864695321333399e-16 4.5506500879655798  -10.844345021221001 -2.7873754436548601e-16 4.5521295537546598  -10.8611046611018 -2.7877638759192199e-16 4.5527639117828498  -10.894694725335899 -2.78842316950227e-16 4.5538406199137302  -10.9115278016658 -2.7886896956973798e-16 4.5542758902223399  -10.9452625080121 -2.78910709842495e-16 4.5549575606074102  -10.962166578759099 -2.7892539317554599e-16 4.5551973576339604  -10.996041171739201 -2.7894336892521398e-16 4.5554909239043502  -11.013013950455299 -2.7894628244184e-16 4.5555385052417297  -11.0470239694962 -2.7894087680213099e-16 4.5554502244457797  -11.0640633043188 -2.7893220105589202e-16 4.5553085387573802  -11.098204544380099 -2.7890376123380298e-16 4.5548440812156796  -11.115308400683 -2.78883660286512e-16 4.5545158078342496  -11.149576879671701 -2.7883250211705702e-16 4.5536803315240197  -11.166742433607 -2.78801259422115e-16 4.5531700995948698  -11.183905751500101 -2.78764403203256e-16 4.5525681918630401 
 0 4 0.069566420114001895 2 0.13941935363289501 2 0.20955878825987101 2 0.27998471479116199 2 0.35069712615865201 2 0.42169601681642199 2 0.49298138233288102 2 0.56455321911090905 2 0.63641152419069102 2 0.70855629510753004 2 0.78098752978727803 2 0.85370522646789404 2 0.92670938363983402 2 1 4
6 0 1 6.1232339957367697e-17 
7 0 0  3 30 15  -11.2853541092119 -2.6298849926186599e-16 4.2949281285831802  -11.2732089897554 -2.6224499177370699e-16 4.28278572983315  -11.260999729284601 -2.6150549740236299e-16 4.2707088702544  -11.236500897375601 -2.6003740955003202e-16 4.24673317614646  -11.2242127098953 -2.5930864151145002e-16 4.2348314908754299  -11.199553993750399 -2.5786248490042298e-16 4.2112139611185402  -11.187185788806101 -2.5714476844159202e-16 4.1994927618416398  -11.162366584701999 -2.5572094036224002e-16 4.1762398846799398  -11.149918023896699 -2.5501448044249398e-16 4.16470251863712  -11.124937541883201 -2.5361341044253699e-16 4.1418213091172502  -11.1124081889499 -2.52918428979901e-16 4.1304714005049004  -11.087265425971401 -2.5154058355672398e-16 4.1079694771073099  -11.0746547324663 -2.5085732192598698e-16 4.0968109678748803  -11.049348439900401 -2.4950321019531898e-16 4.0746966450903699  -11.036655727894599 -2.4883193225096898e-16 4.0637338443086701  -11.0111843719303 -2.47502112867901e-16 4.0420162456672601  -10.9984088128494 -2.4684310864097002e-16 4.0312538899024801  -10.9727705255467 -2.4553819835086599e-16 4.0099430876203499  -10.959911113992799 -2.4489178862345502e-16 3.99938641564178  -10.934103632013001 -2.43612472969207e-16 3.9784936054839601  -10.921159152947601 -2.4297901501041798e-16 3.9681484519387902  -10.8951797396646 -2.4172606194626802e-16 3.94768617554984  -10.8821487266485 -2.4110595681270501e-16 3.9375590901894699  -10.855994071375999 -2.3988023432057399e-16 3.9175415227898802  -10.842874752515399 -2.3927393630757799e-16 3.90763992482028  -10.816540837429001 -2.38076435663424e-16 3.8880832551750002  -10.8033310640343 -2.37484464781431e-16 3.8784156370110501  -10.7768129841439 -2.3631633203292298e-16 3.8593385814988599  -10.763507536225401 -2.35739735035885e-16 3.8499220379299  -10.7501284323756 -2.3516940713187701e-16 3.84060787641973 
 0 4 0.073290616360158795 2 0.146294773532094 2 0.21901247021272299 2 0.29144370489247901 2 0.36358847580933301 2 0.43544678088910699 2 0.50701861766712897 2 0.57830398318357901 2 0.649302873841337 2 0.72001528520881097 2 0.79044121174010296 2 0.86058064636708598 2 0.93043357988598296 2 1 4
6 0 1 6.1232339957367697e-17 
7 0 0  3 30 15  -10.8598107271981 -2.1544771879218601e-16 3.5185282636951101  -10.8760936795459 -2.15495913245601e-16 3.5193153388493301  -10.892380769250201 -2.1553638898319301e-16 3.5199763578079502  -10.925030319751301 -2.1560203793846001e-16 3.5210484866096898  -10.9413948530899 -2.1562675963495699e-16 3.5214522225524099  -10.974191228571501 -2.1566226207304701e-16 3.5220320213664702  -10.990626907499101 -2.15672254002454e-16 3.5221952019572198  -11.023562570712199 -2.15678701082355e-16 3.5223004907622202  -11.0400659143322 -2.1567445547551801e-16 3.5222311547407701  -11.0731341678772 -2.1565278259786399e-16 3.5218772097883302  -11.0897020517997 -2.15634725547453e-16 3.5215823157760502  -11.1228968669955 -2.1558574401769701e-16 3.5207823866897199  -11.139526455498199 -2.15554248027606e-16 3.5202680181368802  -11.1728423459029 -2.1547866845997901e-16 3.51903371012776  -11.1895310405486 -2.15434061952252e-16 3.51830523057335  -11.222962966203999 -2.1533251199072001e-16 3.5166467938452599  -11.239708366156499 -2.15275086649347e-16 3.51570896685037  -11.2732516595976 -2.1514812466271601e-16 3.5136355202579299  -11.290051530447499 -2.15078141203824e-16 3.5124926036400002  -11.3237018385179 -2.14926267057319e-16 3.5100123106018701  -11.3405540874249 -2.1484395983122499e-16 3.5086681315920298  -11.374307324817201 -2.1466762348915001e-16 3.5057883405829302  -11.391209980425799 -2.1457320419965e-16 3.50424635656654  -11.4250622920864 -2.1437281268864101e-16 3.5009737148359199  -11.4420134881066 -2.1426647343447701e-16 3.4992370630235201  -11.4759612184492 -2.1404239654712901e-16 3.49557760974271  -11.492959180091599 -2.1392431233554101e-16 3.4936491482194398  -11.5269988475214 -2.13676887351956e-16 3.48960839159056  -11.5440411968262 -2.13547356582471e-16 3.4874929935905001  -11.561072735255401 -2.1341224977621001e-16 3.4852865319992001 
 0 4 0.069566420114001895 2 0.13941935363289501 2 0.20955878825987101 2 0.27998471479116199 2 0.35069712615865201 2 0.42169601681642199 2 0.49298138233288102 2 0.56455321911090905 2 0.63641152419069102 2 0.70855629510753004 2 0.78098752978727803 2 0.85370522646789404 2 0.92670938363983402 2 1 4
6 0 1 6.1232339957367697e-17 
7 0 0  3 30 15  -11.6379495277702 -1.9712397196802101e-16 3.2192787684623299  -11.6247207418815 -1.9645337021402699e-16 3.2083270107071802  -11.611434234001001 -1.9578713172050299e-16 3.1974465104031302  -11.5847979306909 -1.9446596821915799e-16 3.1758702730379502  -11.5714492461905 -1.9381086148529199e-16 3.1651715681653001  -11.544687300222099 -1.9251244961720801e-16 3.1439668931685798  -11.5312758508333 -1.9186880471338999e-16 3.1334553741858699  -11.504388268704799 -1.9059354348491701e-16 3.1126287778258401  -11.490914030957899 -1.8996156641021799e-16 3.1023078089532001  -11.463900683089699 -1.8870988801112301e-16 3.0818663494243501  -11.450363562010001 -1.88089802209962e-16 3.07173957978606  -11.4232241631597 -1.8686217683923901e-16 3.05169093602073  -11.409623981843099 -1.8625422577051501e-16 3.04176234160236  -11.382358067456 -1.85051167466289e-16 3.0221149084802001  -11.3686945544603 -1.84455617712276e-16 3.01238884290068  -11.341301451806199 -1.8327769146959801e-16 2.9931518474911099  -11.3275742257368 -1.8269483653787899e-16 2.98363310409301  -11.3000530182606 -1.81542667102682e-16 2.9648167492713702  -11.286261568703701 -1.8097283213067499e-16 2.9555106379517002  -11.2586110513999 -1.79847115011291e-16 2.9371262822310502  -11.2447547150208 -1.7929066266514399e-16 2.92803872577747  -11.2169733377065 -1.78192178132917e-16 2.9100991119558901  -11.2030512678381 -1.77649516115382e-16 2.9012367686596399  -11.1751370617629 -1.76579147321407e-16 2.8837563196890499  -11.1611481890427 -1.7605073809148301e-16 2.8751267420787201  -11.133098669976601 -1.75009494993789e-16 2.8581219518254199  -11.1190416503986 -1.7449586859732101e-16 2.8497337962065701  -11.090853687533899 -1.7348492033248201e-16 2.8332237581198001  -11.0767249248266 -1.7298714885480101e-16 2.8250945329745898  -11.0625324170421 -1.72496041258466e-16 2.8170741372706698 
 0 4 0.073290616360158795 2 0.146294773532094 2 0.21901247021272299 2 0.29144370489247901 2 0.36358847580933301 2 0.43544678088910699 2 0.50701861766712897 2 0.57830398318357901 2 0.649302873841337 2 0.72001528520881097 2 0.79044121174010296 2 0.86058064636708598 2 0.93043357988598296 2 1 4
6 0 1 6.1232339957367697e-17 
7 0 0  3 30 15  -11.1415727512051 -1.5223210443031e-16 2.48613893469203  -11.157857858857399 -1.5218672249915401e-16 2.4853977915119998  -11.1741352815966 -1.52133632045214e-16 2.4845307586013501  -11.2067417651238 -1.5201178368759699e-16 2.4825408239083102  -11.223072198843701 -1.5194256436301399e-16 2.48141038655067  -11.2557787596865 -1.5178986007463499e-16 2.4789165362669001  -11.272157500418899 -1.5170556776501801e-16 2.4775399383829  -11.304958303136299 -1.5152313712803199e-16 2.4745606199849299  -11.321382638039401 -1.51424281860425e-16 2.4729461909483201  -11.354272445151301 -1.5121309456743301e-16 2.4694972407181202  -11.370739915179399 -1.51100118477149e-16 2.4676522011465001  -11.403713965209301 -1.50861016836493e-16 2.4637473750232002  -11.4202223167637 -1.5073430705034901e-16 2.4616780471772901  -11.4532762341065 -1.5046803001244901e-16 2.45732941313709  -11.469823382417299 -1.5032792840854301e-16 2.45504138030994  -11.5029531091048 -1.5003512975804e-16 2.4502596154662801  -11.5195371099521 -1.4988194050482301e-16 2.4477578451056501  -11.5527388529314 -1.49563202919759e-16 2.4425524653131099  -11.5693578804323 -1.49397198399618e-16 2.4398414057609701  -11.6026280701094 -1.49053044509312e-16 2.4342209462040501  -11.619280399007099 -1.4887447004293501e-16 2.4313046038512902  -11.6526156561479 -1.4850537125923001e-16 2.4252767632696202  -11.669299647503699 -1.4831444892371501e-16 2.4221587649104501  -11.7026967564519 -1.47920832589212e-16 2.4157305223383601  -11.719410845949501 -1.47717764340311e-16 2.4124141661605201  -11.7528667326986 -1.4730001958344601e-16 2.4055918765476298  -11.7696094209824 -1.47084989835859e-16 2.4020801742717199  -11.803121135031899 -1.46643472417796e-16 2.3948696476387301  -11.8198905109279 -1.46416791894828e-16 2.3911676737614398  -11.836640596120899 -1.4618462182463601e-16 2.3873760487744802 
 0 4 0.069566420114001895 2 0.13941935363289501 2 0.20955878825987101 2 0.27998471479116199 2 0.35069712615865201 2 0.42169601681642199 2 0.49298138233288102 2 0.56455321911090905 2 0.63641152419069102 2 0.70855629510753004 2 0.78098752978727803 2 0.85370522646789404 2 0.92670938363983402 2 1 4
6 0 1 6.1232339957367697e-17 
7 0 0  3 30 15  -11.888270227422099 -1.2952711212069199e-16 2.1153382707711899  -11.874074030147201 -1.2893530937319e-16 2.1056733984518501  -11.8598270371658 -1.2834818168532201e-16 2.0960848756503898  -11.831287343245901 -1.2718555296731599e-16 2.0770977077777402  -11.8169954704448 -1.26609864639699e-16 2.0676960039065899  -11.788365479596401 -1.25470608004739e-16 2.0490905311163399  -11.774028646062501 -1.2490669103049299e-16 2.0398810680346  -11.7453089749482 -1.2379120369442901e-16 2.0216637773538801  -11.730927472345501 -1.2323926330203401e-16 2.0126499066969799  -11.702118652894899 -1.22147976298576e-16 1.99482783744048  -11.687692728375501 -1.21608235495207e-16 1.98601320119197  -11.658795195666301 -1.2054161859283599e-16 1.96859402526118  -11.644325045420601 -1.2001432078197601e-16 1.9599825985016099  -11.6153391230485 -1.1897288842382701e-16 1.9429747173905301  -11.6008248845063 -1.1845830057280299e-16 1.93457086002721  -11.5717507667334 -1.1744261912869099e-16 1.9179835232568201  -11.5571925090319 -1.1694103564228199e-16 1.90979204328465  -11.528030238743 -1.1595173236841499e-16 1.8936354947262299  -11.513427950937601 -1.1546347988203401e-16 1.88566172650635  -11.484177392050199 -1.1450125414003601e-16 1.8699473876019801  -11.4695309683398 -1.1402669752975601e-16 1.8621972900128601  -11.440191770736901 -1.1309233505101899e-16 1.8469379927299601  -11.4255009916667 -1.1263188508283399e-16 1.8394182740893601  -11.396072545835599 -1.11726276426465e-16 1.8246285623618701  -11.381337053972 -1.1128039965892399e-16 1.8173468421491199  -11.3518184311085 -1.10404564589472e-16 1.80304336999598  -11.3370376989407 -1.09973796445768e-16 1.79600839233542  -11.3074275699328 -1.09128916914301e-16 1.78221046248242  -11.2925996565116 -1.0871434538961899e-16 1.77543999568383  -11.277718469061 -1.08306773972173e-16 1.7687838493119901 
 0 4 0.073290616360158795 2 0.146294773532094 2 0.21901247021272299 2 0.29144370489247901 2 0.36358847580933301 2 0.43544678088910699 2 0.50701861766712897 2 0.57830398318357901 2 0.649302873841337 2 0.72001528520881097 2 0.79044121174010296 2 0.86058064636708598 2 0.93043357988598296 2 1 4
6 0 1 6.1232339957367697e-17 
7 0 0  3 30 15  -11.3254222332659 -8.7678668861012495e-17 1.43190132733875  -11.341566382111001 -8.7540109363327096e-17 1.4296384790173899  -11.357691091308901 -8.7393919278673697e-17 1.4272510137538601  -11.3899679609125 -8.7085644415921194e-17 1.42221650318367  -11.406120782575099 -8.6923092372170502e-17 1.41956182684983  -11.4384501023462 -8.6583523328100006e-17 1.4140162435141801  -11.4546279679211 -8.6405687543306401e-17 1.4111119647471499  -11.487005655509099 -8.6035982396430005e-17 1.4050742215034  -11.5032066440496 -8.5843386211700396e-17 1.4019288871120701  -11.5356289679208 -8.5444540424894298e-17 1.3954152411027301  -11.5518513073358 -8.5237638132680805e-17 1.39203627024586  -11.5843148150625 -8.4810517614939496e-17 1.3850608628379699  -11.600556853681599 -8.4589707562899603e-17 1.38145476102651  -11.6330583189484 -8.41350731069099e-17 1.3740300169075399  -11.649318503989999 -8.3900707624758304e-17 1.3702025381223899  -11.681854886480201 -8.3419233410352397e-17 1.3623394674845399  -11.6981317474267 -8.3171626477956797e-17 1.35829573940607  -11.7307001618331 -8.2663914371817396e-17 1.3500041714782001  -11.7469922973736 -8.2403347644119397e-17 1.34574879388068  -11.779589989034401 -8.1869938446774106e-17 1.3370375606056399  -11.7958960566576 -8.1596666058946695e-17 1.3325746838314101  -11.828520382108501 -8.10380484869946e-17 1.3234517665569601  -11.844839089695601 -8.0752300937813706e-17 1.3187851549367  -11.8774875009371 -8.0168918894316101e-17 1.30925780314998  -11.8938175998926 -7.9870906221751903e-17 1.3043908868640499  -11.926487631512501 -7.9263164751315201e-17 1.2944657154454899  -11.942827911091101 -7.89530791568811e-17 1.28940163338281  -11.975517169612401 -7.8321349375285395e-17 1.2790847031130199  -11.9918662022211 -7.7999511175421805e-17 1.2738286864380499  -12.008187633827101 -7.7672318160222999e-17 1.2684852189921401 
 0 4 0.069566420114001895 2 0.13941935363289501 2 0.20955878825987101 2 0.27998471479116199 2 0.35069712615865201 2 0.42169601681642199 2 0.49298138233288102 2 0.56455321911090905 2 0.63641152419069102 2 0.70855629510753004 2 0.78098752978727803 2 0.85370522646789404 2 0.92670938363983402 2 1 4
6 0 1 6.1232339957367697e-17 
7 0 0  3 30 15  -12.0341163808583 -6.0791963354742601e-17 0.99280810429698296  -12.0190775288893 -6.0284160397556899e-17 0.98451505265892303  -12.003995253893599 -5.9781303214576802e-17 0.97630277164320201  -11.9738029772203 -5.8787426502887997e-17 0.96007153317704397  -11.9586935136106 -5.8296215751242196e-17 0.95204945281905395  -11.9284470792711 -5.73261261776782e-17 0.93620668779914196  -11.9133108542007 -5.68468928556497e-17 0.92838021371106705  -11.883011483602999 -5.5900982354812605e-17 0.91293232291519599  -11.867849101306501 -5.5433929116735102e-17 0.90530476469346799  -11.837497983214799 -5.4512623778340801e-17 0.89025870669477303  -11.822310030799001 -5.4057971234349701e-17 0.88283366717631495  -11.791908316787501 -5.3161736268020202e-17 0.86819703942448401  -11.776695361813299 -5.2719725627146198e-17 0.86097845785171201  -11.7462441607841 -5.1849071360084801e-17 0.84675959462245198  -11.731006748345701 -5.1419967628587402e-17 0.83975179887601903  -11.700507119846399 -5.0575456828091001e-17 0.82595989085675303  -11.685245769004901 -5.0159552720704501e-17 0.81916766133104701  -11.6546987149832 -4.9341809640910299e-17 0.80581290336550904  -11.639413914359601 -4.8939430420562103e-17 0.79924155200725  -11.608820368851701 -4.8149152130369e-17 0.78633532809447304  -11.5935125711081 -4.7760661676510698e-17 0.77999079750608102  -11.562873387140201 -4.6998632462322998e-17 0.76754591601505395  -11.5475430019629 -4.6624440994364898e-17 0.76143490558790705  -11.5168589346159 -4.5891550997034398e-17 0.74946590362193999  -11.5015063196414 -4.5532125072942101e-17 0.74359603282584597  -11.4707780036995 -4.4829394901813901e-17 0.73211957820043905  -11.4554034525476 -4.44852706168105e-17 0.72649960213480202  -11.424631372275 -4.38138846504156e-17 0.71553503721922995  -11.409234616376001 -4.34861563481996e-17 0.71018282787292397  -11.3937955256699 -4.3165702861913302e-17 0.70494942528681603 
 0 4 0.073290616360158795 2 0.146294773532094 2 0.21901247021272299 2 0.29144370489247901 2 0.36358847580933301 2 0.43544678088910699 2 0.50701861766712897 2 0.57830398318357901 2 0.649302873841337 2 0.72001528520881097 2 0.79044121174010296 2 0.86058064636708598 2 0.93043357988598296 2 1 4
6 0 1 6.1232339957367697e-17 
7 0 0  3 30 15  -11.4097434975215 -2.2354709997173001e-17 0.36508011963510101  -11.425604812198999 -2.2124190598806299e-17 0.36131545216482103  -11.4414351033312 -2.18861856071595e-17 0.35742853567898097  -11.4730987087207 -2.13941933698499e-17 0.34939369269156501  -11.4889319667484 -2.1139737120136999e-17 0.34523810677258698  -11.5205999342233 -2.0616287465343901e-17 0.33668952517081302  -11.5364347529763 -2.03464710326449e-17 0.33228308842698001  -11.5681047891521 -1.9792740358001999e-17 0.32323998024218098  -11.5839400564602 -1.95080957983457e-17 0.31859138180784802  -11.6156099685429 -1.8925096588841001e-17 0.309070282174703  -11.6314446148427 -1.8626086359481601e-17 0.30418707454998201  -11.6631122897931 -1.80147005151228e-17 0.29420238598860199  -11.678945279857301 -1.7701730683863601e-17 0.28909120076397898  -11.710608669002699 -1.7062734153730301e-17 0.27865559548451102  -11.726438995684299 -1.6736164405616899e-17 0.27332230676255898  -11.758096103078101 -1.60702458400166e-17 0.26244703127800301  -11.7739227824844 -1.5730397207067e-17 0.25689688190944798  -11.805571655921 -1.5038172372096899e-17 0.245591992443324  -11.8213937236284 -1.4685333306613801e-17 0.23982969321176201  -11.853032447586401 -1.3967356421435101e-17 0.22810424084984601  -11.8688489556266 -1.36017876397268e-17 0.22213404957571201  -11.9004756456424 -1.2858560430835801e-17 0.20999622813350699  -11.9162856600718 -1.24804988277257e-17 0.20382201360286301  -11.9478984581947 -1.17124778576081e-17 0.19127927931159999  -11.9637010571114 -1.1322139707462499e-17 0.184904573552888  -11.9952981281895 -1.0529742377347901e-17 0.171963743091953  -12.011092400098301 -1.01273259794208e-17 0.165391784577754  -12.0426719287121 -9.3109354983273706e-18 0.15205911622534801  -12.0584569421471 -8.8967679472401804e-18 0.145295246816216  -12.0742062868384 -8.4774273710169993e-18 0.13844689549540801 
 0 4 0.069566420114001895 2 0.13941935363289501 2 0.20955878825987101 2 0.27998471479116199 2 0.35069712615865201 2 0.42169601681642199 2 0.49298138233288102 2 0.56455321911090905 2 0.63641152419069102 2 0.70855629510753004 2 0.78098752978727803 2 0.85370522646789404 2 0.92670938363983402 2 1 4
6 0 1 6.1232339957367697e-17 
7 0 0  3 30 15  -12.0742062868384 8.4774273710167697e-18 -0.13844689549540401  -12.0584569421471 8.8967679472399293e-18 -0.145295246816212  -12.0426719287121 9.3109354983271194e-18 -0.15205911622534399  -12.011092400098301 1.01273259794205e-17 -0.16539178457775  -11.9952981281895 1.05297423773477e-17 -0.17196374309194901  -11.9637010571114 1.1322139707462301e-17 -0.18490457355288401  -11.9478984581947 1.1712477857607899e-17 -0.191279279311596  -11.9162856600718 1.24804988277255e-17 -0.20382201360285901  -11.9004756456424 1.28585604308356e-17 -0.20999622813350299  -11.8688489556266 1.36017876397265e-17 -0.22213404957570801  -11.853032447586401 1.3967356421434799e-17 -0.22810424084984199  -11.8213937236284 1.4685333306613601e-17 -0.23982969321175801  -11.805571655921 1.5038172372096699e-17 -0.24559199244332  -11.7739227824844 1.5730397207066799e-17 -0.25689688190944399  -11.758096103078101 1.6070245840016301e-17 -0.26244703127799901  -11.726438995684299 1.6736164405616702e-17 -0.27332230676255498  -11.710608669002699 1.7062734153729999e-17 -0.27865559548450702  -11.678945279857301 1.77017306838633e-17 -0.28909120076397499  -11.6631122897931 1.8014700515122501e-17 -0.29420238598859799  -11.6314446148427 1.8626086359481401e-17 -0.30418707454997801  -11.6156099685429 1.8925096588840699e-17 -0.30907028217469901  -11.5839400564602 1.9508095798345401e-17 -0.31859138180784402  -11.5681047891521 1.9792740358001799e-17 -0.32323998024217698  -11.5364347529763 2.03464710326447e-17 -0.33228308842697601  -11.5205999342233 2.06162874653437e-17 -0.33668952517080902  -11.4889319667484 2.1139737120136799e-17 -0.34523810677258299  -11.4730987087207 2.1394193369849699e-17 -0.34939369269156101  -11.4414351033312 2.1886185607159201e-17 -0.35742853567897698  -11.425604812198999 2.2124190598806098e-17 -0.36131545216481697  -11.4097434975215 2.2354709997172699e-17 -0.36508011963509701 
 0 4 0.073290616360158795 2 0.146294773532094 2 0.21901247021272299 2 0.29144370489247901 2 0.36358847580933301 2 0.43544678088910699 2 0.50701861766712897 2 0.57830398318357901 2 0.649302873841337 2 0.72001528520881097 2 0.79044121174010296 2 0.86058064636708598 2 0.93043357988598296 2 1 4
6 0 1 6.1232339957367697e-17 
7 0 0  3 30 15  -11.3937955256699 4.3165702861913e-17 -0.70494942528681204  -11.409234616376001 4.3486156348199403e-17 -0.71018282787291998  -11.424631372275 4.3813884650415403e-17 -0.71553503721922596  -11.4554034525476 4.4485270616810303e-17 -0.72649960213479803  -11.4707780036995 4.4829394901813599e-17 -0.73211957820043505  -11.5015063196414 4.5532125072941897e-17 -0.74359603282584197  -11.5168589346159 4.5891550997034201e-17 -0.74946590362193699  -11.5475430019629 4.6624440994364602e-17 -0.76143490558790305  -11.562873387140201 4.6998632462322702e-17 -0.76754591601504996  -11.5935125711081 4.7760661676510501e-17 -0.77999079750607803  -11.608820368851701 4.8149152130368698e-17 -0.78633532809446904  -11.639413914359601 4.8939430420561899e-17 -0.799241552007247  -11.6546987149832 4.9341809640910102e-17 -0.80581290336550504  -11.685245769004901 5.0159552720704298e-17 -0.81916766133104302  -11.700507119846399 5.0575456828090699e-17 -0.82595989085674903  -11.731006748345701 5.1419967628587198e-17 -0.83975179887601503  -11.7462441607841 5.1849071360084598e-17 -0.84675959462244799  -11.776695361813299 5.2719725627145902e-17 -0.86097845785170801  -11.791908316787501 5.31617362680199e-17 -0.86819703942448101  -11.822310030799001 5.4057971234349498e-17 -0.88283366717631095  -11.837497983214799 5.4512623778340598e-17 -0.89025870669476903  -11.867849101306501 5.5433929116734899e-17 -0.90530476469346399  -11.883011483602999 5.5900982354812395e-17 -0.912932322915193  -11.9133108542007 5.6846892855649404e-17 -0.92838021371106305  -11.9284470792711 5.7326126177678003e-17 -0.93620668779913796  -11.9586935136106 5.82962157512419e-17 -0.95204945281904996  -11.9738029772203 5.8787426502887701e-17 -0.96007153317703997  -12.003995253893599 5.9781303214576605e-17 -0.97630277164319801  -12.0190775288893 6.0284160397556603e-17 -0.98451505265891903  -12.0341163808583 6.0791963354742404e-17 -0.99280810429697997 
 0 4 0.069566420114001895 2 0.13941935363289501 2 0.20955878825987101 2 0.27998471479116199 2 0.35069712615865201 2 0.42169601681642199 2 0.49298138233288102 2 0.56455321911090905 2 0.63641152419069102 2 0.70855629510753004 2 0.78098752978727803 2 0.85370522646789404 2 0.92670938363983402 2 1 4
1 5 8.8250000000000099 -0.050000000000584598 1.8110986758845668e-17 -1 -9.3011546471540393e-17 0.79176607673144805 7.1153389442452231e-17 -0.61082442627754396 0.61082442627754396 -6.2580754144204196e-17 0.79176607673144805 
Triangulations 0

TShapes 375
Ve
1e-05
4 2.99951956532372e-32 -4.89858719658941e-16
0 0

0101101
*
Ed
 1e-07 1 1 0
1  1 0 0 6.28318530717959
2  1 1 0 0 6.28318530717959
4 C0 1 0 2 0
2  2 2 0 0 6.28318530717959
0

0101000
+375 0 -375 0 *
Ve
1e-05
4 -4.5 -7.65404249467096e-16
0 0

0101101
*
Ed
 1e-05 1 1 0
1  2 0 0 4.5
3  3 4CN 1 0 0 4.5
0

0101000
+375 0 -373 0 *
Ed
 1e-07 1 1 0
1  3 0 0 6.28318530717959
2  5 1 0 0 6.28318530717959
4 C0 1 0 3 0
0

0101000
-373 0 +373 0 *
Wi

0101100
+374 0 +372 0 -371 0 -372 0 *
Ve
1e-05
-1.22464679914735e-16 -3 4
0 0

0101101
*
Ed
 3.57830343991787e-06 1 1 0
1  4 0 0 1
2  6 1 0 0 1
2  7 4 0 0 1
4 C0 1 0 4 0
0

0101000
-369 0 +369 0 *
Wi

0101100
-368 0 *
Ve
1e-05
-2.57175827820944e-15 -3 -4
0 0

0101101
*
Ed
 2.4871472664776e-06 1 1 0
1  5 0 0 1
2  8 1 0 0 1
2  9 5 0 0 1
4 C0 1 0 5 0
0

0101000
-366 0 +366 0 *
Wi

0101100
-365 0 *
Fa
0  1e-07 1 0

0101000
+370 0 +367 0 +364 0 *
Ve
1e-05
-1.95943487863625e-15 -3 -2.00000000000159
0 0

0101101
*
Ed
 1.69658104979813e-06 1 1 0
1  6 0 0 1
2  10 6 0 0 1
2  11 5 0 0 1
4 C0 6 0 5 0
0

0101000
+362 0 -362 0 *
Ed
 1e-05 1 1 0
1  7 0 1.3007214345222e-14 1.9999999999992
3  12 13CN 5 0 1.3007214345222e-14 1.9999999999992
0

0101000
-362 0 +366 0 *
Wi

0101100
+361 0 -360 0 -365 0 +360 0 *
Fa
0  1e-07 5 0

0111000
+359 0 *
Ve
1e-05
3.67394039744206e-16 2.8 2
0 0

0101101
*
Ed
 1e-07 1 1 0
1  8 0 0 6.28318530717959
2  14 6 0 0 6.28318530717959
4 C0 6 0 7 0
2  15 7 0 0 6.28318530717959
0

0101000
+357 0 -357 0 *
Ve
1e-05
3.67394039744206e-16 -1.49999999999983 2
0 0

0101101
*
Ed
 1e-05 1 1 0
1  9 0 1 5.29999999999992
3  16 17CN 6 0 1 5.29999999999992
0

0101000
+357 0 -355 0 *
Ve
1e-05
-1.83697019872103e-16 -3.00000000001913 2
0 0

0101101
*
Ed
 2.20836916271679e-06 1 1 0
1  10 0 0 1
2  18 6 0 0 1
2  19 4 0 0 1
4 C0 6 0 4 0
0

0101000
+353 0 -355 0 *
Ve
1e-05
3.67394039744206e-16 -4.5 2
0 0

0101101
*
Ed
 1e-05 1 1 0
1  11 0 6.80000000001913 8.3
3  20 21CN 6 0 6.80000000001913 8.3
0

0101000
+353 0 -351 0 *
Ed
 1e-07 1 1 0
1  12 0 0 6.28318530717959
2  22 6 0 0 6.28318530717959
4 C0 6 0 3 0
0

0101000
-351 0 +351 0 *
Ed
 2.20836916154305e-06 1 1 0
1  13 0 0 1
2  23 6 0 0 1
2  24 4 0 0 1
4 C0 6 0 4 0
0

0101000
-355 0 +353 0 *
Wi

0101100
+356 0 +354 0 -352 0 +350 0 -349 0 -350 0 +348 0 -354 0 *
Wi

0101100
-361 0 *
Fa
0  1e-07 6 0

0101000
+347 0 +346 0 *
Wi

0101100
+356 1 *
Ve
1.00000022748467e-07
-12.0081876338271 2.8 -1.26848521899215
0 0

0101101
*
Ve
1.00000047796874e-07
-12.0341163808566 2.8 -0.992808104317211
0 0

0101101
*
Ed
 1.00000009729507e-07 1 1 0
1  14 0 0 0.0229316652631009
2  25 9 0 0 0.0229316652631009
4 C0 7 0 9 0
2  26 7 0 0 0.0229316652631009
2  27 10 2 0 0.0229316652631009
2  28 11 2 0 0.0229316652631009
2  29 12 2 0 0.0229316652631009
0

0101000
+343 0 -342 0 *
Ve
1.00000024161065e-07
-12.0742062868384 2.8 -0.138446895495405
0 0

0101101
*
Ed
 1e-07 1 1 0
1  15 0 0.668567255676693 0.739414475595377
2  30 10 0 0.668567255676693 0.739414475595377
2  31 11 0 0.668567255676693 0.739414475595377
2  32 12 0 0.668567255676693 0.739414475595377
0

0101000
+340 1 -342 1 *
Ve
1.00000010950199e-07
-12.0742062868401 2.8 0.138446895346732
0 0

0101101
*
Ed
 1.00000009057678e-07 1 1 0
1  16 0 0 0.0229316652524687
2  33 13 0 0 0.0229316652524687
4 C0 7 0 13 0
2  34 7 0 0 0.0229316652524687
2  35 10 2 0 0.0229316652524687
2  36 11 2 0 0.0229316652524687
2  37 12 2 0 0.0229316652524687
0

0101000
+340 0 -338 0 *
Ve
1.00000045704526e-07
-12.0341163802045 2.8 0.992808112222501
0 0

0101101
*
Ed
 1e-07 1 1 0
1  15 0 0.574788369836321 0.645635590424225
2  30 10 0 0.574788369836321 0.645635590424225
2  31 11 0 0.574788369836321 0.645635590424225
2  38 12 0 0.574788369836321 0.645635590424225
0

0101000
+336 1 -338 1 *
Ve
1.00000048647536e-07
-12.0081876338272 2.8 1.26848521899179
0 0

0101101
*
Ed
 1.00000009729507e-07 1 1 0
1  17 0 0 0.0229316646061639
2  39 14 0 0 0.0229316646061639
4 C0 7 0 14 0
2  40 7 0 0 0.0229316646061639
2  41 10 2 0 0.0229316646061639
2  42 11 2 0 0.0229316646061639
2  43 12 2 0 0.0229316646061639
0

0101000
+336 0 -334 0 *
Ve
1.00000030198066e-07
-11.8882702274221 2.8 2.11533827077119
0 0

0101101
*
Ed
 1e-07 1 1 0
1  15 0 0.481009485313124 0.551856705230157
2  30 10 0 0.481009485313124 0.551856705230157
2  31 11 0 0.481009485313124 0.551856705230157
2  44 12 0 0.481009485313124 0.551856705230157
0

0101000
+332 1 -334 1 *
Ve
1.00000018202241e-07
-11.8366405961223 2.8 2.38737604876775
0 0

0101101
*
Ed
 1.00000009729507e-07 1 1 0
1  18 0 0 0.0229316652642135
2  45 15 0 0 0.0229316652642135
4 C0 7 0 15 0
2  46 7 0 0 0.0229316652642135
2  47 10 2 0 0.0229316652642135
2  48 11 2 0 0.0229316652642135
2  49 12 2 0 0.0229316652642135
0

0101000
+332 0 -330 0 *
Ve
1.00000042521397e-07
-11.6379495277702 2.8 3.21927876846234
0 0

0101101
*
Ed
 1e-07 1 1 0
1  15 0 0.387230600131338 0.458077820048911
2  30 10 0 0.387230600131338 0.458077820048911
2  31 11 0 0.387230600131338 0.458077820048911
2  50 12 0 0.387230600131338 0.458077820048911
0

0101000
+328 1 -330 1 *
Ve
1.00000048027381e-07
-11.5610727352613 2.8 3.48528653197935
0 0

0101101
*
Ed
 1.00000009230221e-07 1 1 0
1  19 0 0 0.0229316652630661
2  51 16 0 0 0.0229316652630661
4 C0 7 0 16 0
2  52 7 0 0 0.0229316652630661
2  53 10 2 0 0.0229316652630661
2  54 11 2 0 0.0229316652630661
2  55 12 2 0 0.0229316652630661
0

0101000
+328 0 -326 0 *
Ve
1.00000043620322e-07
-11.2853541092119 2.8 4.29492812858319
0 0

0101101
*
Ed
 1e-07 1 1 0
1  15 0 0.293451714949556 0.364298934868274
2  30 10 0 0.293451714949556 0.364298934868274
2  31 11 0 0.293451714949556 0.364298934868274
2  56 12 0 0.293451714949556 0.364298934868274
0

0101000
+324 1 -326 1 *
Ve
1.00000027576474e-07
-11.1839057515109 2.8 4.55256819183646
0 0

0101101
*
Ed
 1.00000009057678e-07 1 1 0
1  20 0 0 0.0229316652624055
2  57 17 0 0 0.0229316652624055
4 C0 7 0 17 0
2  58 7 0 0 0.0229316652624055
2  59 10 2 0 0.0229316652624055
2  60 11 2 0 0.0229316652624055
2  61 12 2 0 0.0229316652624055
0

0101000
+324 0 -322 0 *
Ve
1.00000016521074e-07
-10.8335825929632 2.8 5.33283350588075
0 0

0101101
*
Ed
 1e-07 1 1 0
1  15 0 0.199672829767769 0.270520049687149
2  30 10 0 0.199672829767769 0.270520049687149
2  31 11 0 0.199672829767769 0.270520049687149
2  62 12 0 0.199672829767769 0.270520049687149
0

0101000
+320 1 -322 1 *
Ve
1.00000012080533e-07
-10.7084542018763 2.8 5.57984171875135
0 0

0101101
*
Ed
 1.00000009565974e-07 1 1 0
1  21 0 0 0.0229316652636262
2  63 18 0 0 0.0229316652636262
4 C0 7 0 18 0
2  64 7 0 0 0.0229316652636262
2  65 10 2 0 0.0229316652636262
2  66 11 2 0 0.0229316652636262
2  67 12 2 0 0.0229316652636262
0

0101000
+320 0 -318 0 *
Ve
1.00000032171191e-07
-10.2866051633531 2.8 6.32387375058017
0 0

0101101
*
Ed
 1e-07 1 1 0
1  15 0 0.105893944585984 0.176741164504144
2  30 10 0 0.105893944585984 0.176741164504144
2  31 11 0 0.105893944585984 0.176741164504144
2  68 12 0 0.105893944585984 0.176741164504144
0

0101000
+316 1 -318 1 *
Ve
1.00000021390169e-07
-10.138896371682 2.8 6.5580793960041
0 0

0101101
*
Ed
 1.00000009057678e-07 1 1 0
1  22 0 0 0.0229316652642015
2  69 19 0 0 0.0229316652642015
4 C0 7 0 19 0
2  70 7 0 0 0.0229316652642015
2  71 10 2 0 0.0229316652642015
2  72 11 2 0 0.0229316652642015
2  73 12 2 0 0.0229316652642015
0

0101000
+316 0 -314 0 *
Ve
1.00000009057678e-07
-9.6492286777002 2.8 7.259339565377
0 0

0101101
*
Ed
 1e-07 1 1 0
1  15 0 0.0121150594042002 0.0829622793217832
2  30 10 0 0.0121150594042002 0.0829622793217832
2  31 11 0 0.0121150594042002 0.0829622793217832
2  74 12 0 0.0121150594042002 0.0829622793217832
0

0101000
+312 1 -314 1 *
Ve
1.00000034191985e-07
-0.710424606838354 2.8 -12.0540832035455
0 0

0101101
*
Ed
 1e-07 1 1 0
1  23 0 0 4.12627094799853
2  75 12 0 0 4.12627094799853
0

0101000
+310 1 -312 1 *
Ve
1.00000042863237e-07
-0.986633797891947 2.8 -12.0346241631742
0 0

0101101
*
Ed
 1.00000011374234e-07 1 1 0
1  24 0 0 0.0229316652625976
2  76 20 0 0 0.0229316652625976
4 C0 7 0 20 0
2  77 7 0 0 0.0229316652625976
2  78 10 2 0 0.0229316652625976
2  79 11 2 0 0.0229316652625976
2  80 12 2 0 0.0229316652625976
0

0101000
+310 0 -308 0 *
Ve
1.00000022079765e-07
-1.83606529449482 2.8 -11.9345921268534
0 0

0101101
*
Ed
 1e-07 1 1 0
1  15 0 2.07525053340347 2.14609775332265
2  30 10 0 2.07525053340347 2.14609775332265
2  31 11 0 2.07525053340347 2.14609775332265
2  81 12 0 2.07525053340347 2.14609775332265
0

0101000
+306 1 -308 1 *
Ve
1.00000039461518e-07
-2.10923864387844 2.8 -11.8893539497809
0 0

0101101
*
Ed
 1.00000011269721e-07 1 1 0
1  25 0 0 0.0229316652631441
2  82 21 0 0 0.0229316652631441
4 C0 7 0 21 0
2  83 7 0 0 0.0229316652631441
2  84 10 2 0 0.0229316652631441
2  85 11 2 0 0.0229316652631441
2  86 12 2 0 0.0229316652631441
0

0101000
+306 0 -304 0 *
Ve
1.00000042927603e-07
-2.94557057432533 2.8 -11.7102194254279
0 0

0101101
*
Ed
 1e-07 1 1 0
1  15 0 1.98147164822168 2.05231886814032
2  30 10 0 1.98147164822168 2.05231886814032
2  31 11 0 1.98147164822168 2.05231886814032
2  87 12 0 1.98147164822168 2.05231886814032
0

0101000
+302 1 -304 1 *
Ve
1.00000015511369e-07
-3.2133074248281 2.8 -11.6395996663779
0 0

0101101
*
Ed
 1.00000011546319e-07 1 1 0
1  26 0 0 0.0229316652642076
2  88 22 0 0 0.0229316652642076
4 C0 7 0 22 0
2  89 7 0 0 0.0229316652642076
2  90 10 2 0 0.0229316652642076
2  91 11 2 0 0.0229316652642076
2  92 12 2 0 0.0229316652642076
0

0101000
+302 0 -300 0 *
Ve
1.00000035924594e-07
-4.02919007403714 2.8 -11.3829368946367
0 0

0101101
*
Ed
 1e-07 1 1 0
1  15 0 1.8876927630399 1.95853998295747
2  30 10 0 1.8876927630399 1.95853998295747
2  31 11 0 1.8876927630399 1.95853998295747
2  93 12 0 1.8876927630399 1.95853998295747
0

0101000
+298 1 -300 1 *
Ve
1.00000033704001e-07
-4.28913754456617 2.8 -11.2875561625975
0 0

0101101
*
Ed
 1.0000001098616e-07 1 1 0
1  27 0 0 0.0229316652632127
2  94 23 0 0 0.0229316652632127
4 C0 7 0 23 0
2  95 7 0 0 0.0229316652632127
2  96 10 2 0 0.0229316652632127
2  97 11 2 0 0.0229316652632127
2  98 12 2 0 0.0229316652632127
0

0101000
+298 0 -296 0 *
Ve
1.00000024629942e-07
-5.07740090650392 2.8 -10.9556207051282
0 0

0101101
*
Ed
 1e-07 1 1 0
1  15 0 1.79391387785811 1.86476109777668
2  30 10 0 1.79391387785811 1.86476109777668
2  31 11 0 1.79391387785811 1.86476109777668
2  99 12 0 1.79391387785811 1.86476109777668
0

0101000
+294 1 -296 1 *
Ve
1.00000050524785e-07
-5.32727456934597 2.8 -10.8363172094028
0 0

0101101
*
Ed
 1.00000011234667e-07 1 1 0
1  28 0 0 0.0229316652625592
2  100 24 0 0 0.0229316652625592
4 C0 7 0 24 0
2  101 7 0 0 0.0229316652625592
2  102 10 2 0 0.0229316652625592
2  103 11 2 0 0.0229316652625592
2  104 12 2 0 0.0229316652625592
0

0101000
+294 0 -292 0 *
Ve
1.00000017901808e-07
-6.08099135724029 2.8 -10.4320261269405
0 0

0101101
*
Ed
 1e-07 1 1 0
1  15 0 1.70013499267633 1.77098221259555
2  30 10 0 1.70013499267633 1.77098221259555
2  31 11 0 1.70013499267633 1.77098221259555
2  105 12 0 1.70013499267633 1.77098221259555
0

0101000
+290 1 -292 1 *
Ve
1.00000036029431e-07
-6.31859531367627 2.8 -10.2898483109319
0 0

0101101
*
Ed
 1.00000012080533e-07 1 1 0
1  29 0 0 0.0229316652632478
2  106 25 0 0 0.0229316652632478
4 C0 7 0 25 0
2  107 7 0 0 0.0229316652632478
2  108 10 2 0 0.0229316652632478
2  109 11 2 0 0.0229316652632478
2  110 12 2 0 0.0229316652632478
0

0101000
+290 0 -288 0 *
Ve
1.00000010715809e-07
-7.03114183727987 2.8 -9.81675452805318
0 0

0101101
*
Ed
 1e-07 1 1 0
1  15 0 1.60635610749454 1.67720332741308
2  30 10 0 1.60635610749454 1.67720332741308
2  31 11 0 1.60635610749454 1.67720332741308
2  111 12 0 1.60635610749454 1.67720332741308
0

0101000
+286 1 -288 1 *
Ve
1.0000001072788e-07
-7.25438801519918 2.8 -9.65295185551728
0 0

0101101
*
Ed
 1.00000010596816e-07 1 1 0
1  30 0 0 0.0229316652642177
2  112 26 0 0 0.0229316652642177
4 C0 7 0 26 0
2  113 7 0 0 0.0229316652642177
2  114 10 2 0 0.0229316652642177
2  115 11 2 0 0.0229316652642177
2  116 12 2 0 0.0229316652642177
0

0101000
+286 0 -284 0 *
Ve
1.00000011248373e-07
-7.91950239004026 2.8 -9.11521293740012
0 0

0101101
*
Ed
 1e-07 1 1 0
1  15 0 1.51257722231276 1.58342444223032
2  30 10 0 1.51257722231276 1.58342444223032
2  31 11 0 1.51257722231276 1.58342444223032
2  117 12 0 1.51257722231276 1.58342444223032
0

0101000
+282 1 -284 1 *
Ve
1.000000113921e-07
-8.12642889398498 2.8 -8.93122491212745
0 0

0101101
*
Ed
 1.00000010528404e-07 1 1 0
1  31 0 0 0.0229316652631762
2  118 27 0 0 0.0229316652631762
4 C0 7 0 27 0
2  119 7 0 0 0.0229316652631762
2  120 10 2 0 0.0229316652631762
2  121 11 2 0 0.0229316652631762
2  122 12 2 0 0.0229316652631762
0

0101000
+282 0 -280 0 *
Ve
1.00000010805157e-07
-8.73826607104173 2.8 -8.33356652770474
0 0

0101101
*
Ed
 1e-07 1 1 0
1  15 0 1.41879833713097 1.48964555704958
2  30 10 0 1.41879833713097 1.48964555704958
2  31 11 0 1.41879833713097 1.48964555704958
2  123 12 0 1.41879833713097 1.48964555704958
0

0101000
+278 1 -280 1 *
Ve
1.00000010695084e-07
-8.92705442346578 2.8 -8.13101004306845
0 0

0101101
*
Ed
 1.00000010398233e-07 1 1 0
1  32 0 0 0.0229316652632775
2  124 28 0 0 0.0229316652632775
4 C0 7 0 28 0
2  125 7 0 0 0.0229316652632775
2  126 10 2 0 0.0229316652632775
2  127 11 2 0 0.0229316652632775
2  128 12 2 0 0.0229316652632775
0

0101000
+278 0 -276 0 *
Ve
1.00000011269721e-07
-9.48023755561602 2.8 -7.47868443572047
0 0

0101101
*
Ed
 1e-07 1 1 0
1  15 0 1.32501945194919 1.3958666718677
2  30 10 0 1.32501945194919 1.3958666718677
2  31 11 0 1.32501945194919 1.3958666718677
2  129 12 0 1.32501945194919 1.3958666718677
0

0101000
+274 1 -276 1 *
Ve
1.00000010658141e-07
-9.64922867769607 2.8 -7.25933956538249
0 0

0101101
*
Ed
 1.00000010433734e-07 1 1 0
1  33 0 0 0.022931665264214
2  130 29 0 0 0.022931665264214
4 C0 7 0 29 0
2  131 7 0 0 0.022931665264214
2  132 10 2 0 0.022931665264214
2  133 11 2 0 0.022931665264214
2  134 12 2 0 0.022931665264214
0

0101000
+274 0 -272 0 *
Ve
1.00000012932073e-07
-10.1388963716782 2.8 -6.55807939600999
0 0

0101101
*
Ed
 1e-07 1 1 0
1  15 0 1.2312405667674 1.30208778668497
2  30 10 0 1.2312405667674 1.30208778668497
2  31 11 0 1.2312405667674 1.30208778668497
2  135 12 0 1.2312405667674 1.30208778668497
0

0101000
+270 1 -272 1 *
Ve
1.00000024868996e-07
-10.2866051633496 2.8 -6.32387375058594
0 0

0101101
*
Ed
 1.00000010546534e-07 1 1 0
1  34 0 0 0.0229316652642234
2  136 30 0 0 0.0229316652642234
4 C0 7 0 30 0
2  137 7 0 0 0.0229316652642234
2  138 10 2 0 0.0229316652642234
2  139 11 2 0 0.0229316652642234
2  140 12 2 0 0.0229316652642234
0

0101000
+270 0 -268 0 *
Ve
1.0000003632856e-07
-10.7084542018698 2.8 -5.57984171876373
0 0

0101101
*
Ed
 1e-07 1 1 0
1  15 0 1.13746168158562 1.20830890150318
2  30 10 0 1.13746168158562 1.20830890150318
2  31 11 0 1.13746168158562 1.20830890150318
2  141 12 0 1.13746168158562 1.20830890150318
0

0101000
+266 1 -268 1 *
Ve
1.00000040904449e-07
-10.8335825929545 2.8 -5.33283350589855
0 0

0101101
*
Ed
 1.00000010546534e-07 1 1 0
1  35 0 0 0.0229316652631413
2  142 31 0 0 0.0229316652631413
4 C0 7 0 31 0
2  143 7 0 0 0.0229316652631413
2  144 10 2 0 0.0229316652631413
2  145 11 2 0 0.0229316652631413
2  146 12 2 0 0.0229316652631413
0

0101000
+266 0 -264 0 *
Ve
1.00000013322676e-07
-11.1839057515001 2.8 -4.55256819186305
0 0

0101101
*
Ed
 1e-07 1 1 0
1  15 0 1.04368279640383 1.11453001632248
2  30 10 0 1.04368279640383 1.11453001632248
2  31 11 0 1.04368279640383 1.11453001632248
2  147 12 0 1.04368279640383 1.11453001632248
0

0101000
+262 1 -264 1 *
Ve
1.00000045392782e-07
-11.285354109202 2.8 -4.29492812860917
0 0

0101101
*
Ed
 1.00000010395862e-07 1 1 0
1  36 0 0 0.0229316652624817
2  148 32 0 0 0.0229316652624817
4 C0 7 0 32 0
2  149 7 0 0 0.0229316652624817
2  150 10 2 0 0.0229316652624817
2  151 11 2 0 0.0229316652624817
2  152 12 2 0 0.0229316652624817
0

0101000
+262 0 -260 0 *
Ve
1.00000039441523e-07
-11.5610727352554 2.8 -3.48528653199921
0 0

0101101
*
Ed
 1e-07 1 1 0
1  15 0 0.949903911222047 1.02075113114135
2  30 10 0 0.949903911222047 1.02075113114135
2  31 11 0 0.949903911222047 1.02075113114135
2  153 12 0 0.949903911222047 1.02075113114135
0

0101000
+258 1 -260 1 *
Ve
1.00000037682219e-07
-11.6379495277659 2.8 -3.2192787684779
0 0

0101101
*
Ed
 1.00000009230221e-07 1 1 0
1  37 0 0 0.0229316652634444
2  154 33 0 0 0.0229316652634444
4 C0 7 0 33 0
2  155 7 0 0 0.0229316652634444
2  156 10 2 0 0.0229316652634444
2  157 11 2 0 0.0229316652634444
2  158 12 2 0 0.0229316652634444
0

0101000
+258 0 -256 0 *
Ve
1.00000042780338e-07
-11.8366405961209 2.8 -2.38737604877449
0 0

0101101
*
Ed
 1e-07 1 1 0
1  15 0 0.856125026040264 0.926972245958604
2  30 10 0 0.856125026040264 0.926972245958604
2  31 11 0 0.856125026040264 0.926972245958604
2  159 12 0 0.856125026040264 0.926972245958604
0

0101000
+254 1 -256 1 *
Ve
1.00000027747581e-07
-11.8882702274209 2.8 -2.11533827077788
0 0

0101101
*
Ed
 1.00000009607119e-07 1 1 0
1  38 0 0 0.0229316652642198
2  160 34 0 0 0.0229316652642198
4 C0 7 0 34 0
2  161 7 0 0 0.0229316652642198
2  162 10 2 0 0.0229316652642198
2  163 11 2 0 0.0229316652642198
2  164 12 2 0 0.0229316652642198
0

0101000
+254 0 -252 0 *
Ed
 1e-07 1 1 0
1  15 0 0.762346140858478 0.833193360776043
2  30 10 0 0.762346140858478 0.833193360776043
2  31 11 0 0.762346140858478 0.833193360776043
2  165 12 0 0.762346140858478 0.833193360776043
0

0101000
+343 1 -252 1 *
Wi

0101100
+341 1 -339 0 +337 1 -335 0 +333 1 -331 0 +329 1 -327 0 +325 1 -323 0 
+321 1 -319 0 +317 1 -315 0 +313 1 -311 0 -309 0 +307 1 -305 0 +303 1 
-301 0 +299 1 -297 0 +295 1 -293 0 +291 1 -289 0 +287 1 -285 0 +283 1 
-281 0 +279 1 -277 0 +275 1 -273 0 +271 1 -269 0 +267 1 -265 0 +263 1 
-261 0 +259 1 -257 0 +255 1 -253 0 +251 1 -250 0 *
Fa
0  0 8 0

0111000
+344 0 +249 0 *
Ve
1.00000022748467e-07
-12.0081876338271 7.76723181602235e-17 -1.26848521899215
0 0

0101101
*
Ve
1.00000027747581e-07
-11.8882702274209 1.29527112121102e-16 -2.11533827077788
0 0

0101101
*
Ed
 1e-07 1 1 0
1  39 0 0.762346140858478 0.833193360776043
2  166 10 0 0.762346140858478 0.833193360776043
2  167 35 0 0.762346140858478 0.833193360776043
2  168 12 0 0.762346140858478 0.833193360776043
0

0101000
+247 1 -246 1 *
Ed
 1.00000022748467e-07 1 1 0
1  40 0 -8.79404106033978e-26 2.8
2  169 9 0 -8.79404106033978e-26 2.8
2  170 36 0 -8.79404106033978e-26 2.8
4 C0 9 0 36 0
2  171 10 2 -8.79404106033978e-26 2.8
3  172 173C0 12 2 -8.79404106033978e-26 2.8
0

0101000
+247 0 -343 0 *
Ed
 1.00000027747581e-07 1 1 0
1  41 0 -5.67240048141451e-26 2.8
2  174 37 0 -5.67240048141451e-26 2.8
2  175 34 0 -5.67240048141451e-26 2.8
4 C0 37 0 34 0
2  176 10 2 -5.67240048141451e-26 2.8
3  177 178C0 12 2 -5.67240048141451e-26 2.8
0

0101000
+246 0 -252 0 *
Wi

0101100
-245 0 +244 1 +250 0 -243 1 *
Fa
0  0 12 0

0101000
+242 0 *
Ve
1.00000042780338e-07
-11.8366405961209 1.46184621824637e-16 -2.38737604877449
0 0

0101101
*
Ed
 1.00000010950199e-07 1 1 0
1  42 0 0 0.0229316652642198
2  179 34 0 0 0.0229316652642198
4 C0 2 0 34 0
2  180 2 0 0 0.0229316652642198
2  181 10 2 0 0.0229316652642198
2  182 35 2 0 0.0229316652642198
2  183 12 2 0 0.0229316652642198
0

0101000
+240 0 -246 0 *
Ed
 1.00000042780338e-07 1 1 0
1  43 0 1.27992681872109e-28 2.8
2  184 34 0 1.27992681872109e-28 2.8
2  185 38 0 1.27992681872109e-28 2.8
4 C0 34 0 38 0
2  186 10 2 1.27992681872109e-28 2.8
3  187 188C0 12 2 1.27992681872109e-28 2.8
0

0101000
+240 0 -254 0 *
Wi

0101100
+239 1 +243 1 -251 1 -238 1 *
Fa
0  0 12 0

0101000
+237 0 *
Ve
1.00000038139999e-07
-11.6379495277659 1.97123971968975e-16 -3.2192787684779
0 0

0101101
*
Ed
 1e-07 1 1 0
1  39 0 0.856125026040264 0.926972245958604
2  166 10 0 0.856125026040264 0.926972245958604
2  167 35 0 0.856125026040264 0.926972245958604
2  189 12 0 0.856125026040264 0.926972245958604
0

0101000
+240 1 -235 1 *
Ed
 1.00000010841599e-07 1 1 0
1  44 0 -6.96230146020599e-26 2.8
2  190 39 0 -6.96230146020599e-26 2.8
2  191 33 0 -6.96230146020599e-26 2.8
4 C0 39 0 33 0
2  192 10 2 -6.96230146020599e-26 2.8
3  193 194C0 12 2 -6.96230146020599e-26 2.8
0

0101000
+235 0 -256 0 *
Wi

0101100
-234 0 +238 1 +253 0 -233 1 *
Fa
0  0 12 0

0101000
+232 0 *
Ve
1.00000039879112e-07
-11.5610727352554 2.13412249776211e-16 -3.48528653199921
0 0

0101101
*
Ed
 1.00000011916164e-07 1 1 0
1  45 0 0 0.0229316652634444
2  195 33 0 0 0.0229316652634444
4 C0 2 0 33 0
2  196 2 0 0 0.0229316652634444
2  197 10 2 0 0.0229316652634444
2  198 35 2 0 0.0229316652634444
2  199 12 2 0 0.0229316652634444
0

0101000
+230 0 -235 0 *
Ed
 1.00000009930137e-07 1 1 0
1  46 0 2.15734007226252e-25 2.8
2  200 33 0 2.15734007226252e-25 2.8
2  201 40 0 2.15734007226252e-25 2.8
4 C0 33 0 40 0
2  202 10 2 2.15734007226252e-25 2.8
3  203 204C0 12 2 2.15734007226252e-25 2.8
0

0101000
+230 0 -258 0 *
Wi

0101100
+229 1 +233 1 -255 1 -228 1 *
Fa
0  0 12 0

0101000
+227 0 *
Ve
1.00000045392782e-07
-11.285354109202 2.62988499263458e-16 -4.29492812860917
0 0

0101101
*
Ed
 1e-07 1 1 0
1  39 0 0.949903911222047 1.02075113114135
2  166 10 0 0.949903911222047 1.02075113114135
2  167 35 0 0.949903911222047 1.02075113114135
2  205 12 0 0.949903911222047 1.02075113114135
0

0101000
+230 1 -225 1 *
Ed
 1.00000045392782e-07 1 1 0
1  47 0 -1.2259884543266e-27 2.8
2  206 41 0 -1.2259884543266e-27 2.8
2  207 32 0 -1.2259884543266e-27 2.8
4 C0 41 0 32 0
2  208 10 2 -1.2259884543266e-27 2.8
3  209 210C0 12 2 -1.2259884543266e-27 2.8
0

0101000
+225 0 -260 0 *
Wi

0101100
-224 0 +228 1 +257 0 -223 1 *
Fa
0  0 12 0

0101000
+222 0 *
Ve
1.00000014567209e-07
-11.1839057515001 2.78764403203257e-16 -4.55256819186305
0 0

0101101
*
Ed
 1.00000011269721e-07 1 1 0
1  48 0 0 0.0229316652624817
2  211 32 0 0 0.0229316652624817
4 C0 2 0 32 0
2  212 2 0 0 0.0229316652624817
2  213 10 2 0 0.0229316652624817
2  214 35 2 0 0.0229316652624817
2  215 12 2 0 0.0229316652624817
0

0101000
+220 0 -225 0 *
Ed
 1.00000006404746e-07 1 1 0
1  49 0 1.6636977883498e-26 2.8
2  216 32 0 1.6636977883498e-26 2.8
2  217 42 0 1.6636977883498e-26 2.8
4 C0 32 0 42 0
2  218 10 2 1.6636977883498e-26 2.8
3  219 220C0 12 2 1.6636977883498e-26 2.8
0

0101000
+220 0 -262 0 *
Wi

0101100
+219 1 +223 1 -259 1 -218 1 *
Fa
0  0 12 0

0101000
+217 0 *
Ve
1.00000041125634e-07
-10.8335825929545 3.26541874169221e-16 -5.33283350589855
0 0

0101101
*
Ed
 1e-07 1 1 0
1  39 0 1.04368279640383 1.11453001632248
2  166 10 0 1.04368279640383 1.11453001632248
2  167 35 0 1.04368279640383 1.11453001632248
2  221 12 0 1.04368279640383 1.11453001632248
0

0101000
+220 1 -215 1 *
Ed
 1.00000015511369e-07 1 1 0
1  50 0 -5.02891037076956e-25 2.8
2  222 43 0 -5.02891037076956e-25 2.8
2  223 31 0 -5.02891037076956e-25 2.8
4 C0 43 0 31 0
2  224 10 2 -5.02891037076956e-25 2.8
3  225 226C0 12 2 -5.02891037076956e-25 2.8
0

0101000
+215 0 -264 0 *
Wi

0101100
-214 0 +218 1 +261 0 -213 1 *
Fa
0  0 12 0

0101000
+212 0 *
Ve
1.00000036577426e-07
-10.7084542018698 3.41666765031644e-16 -5.57984171876373
0 0

0101101
*
Ed
 1.00000011546319e-07 1 1 0
1  51 0 0 0.0229316652631413
2  227 31 0 0 0.0229316652631413
4 C0 2 0 31 0
2  228 2 0 0 0.0229316652631413
2  229 10 2 0 0.0229316652631413
2  230 35 2 0 0.0229316652631413
2  231 12 2 0 0.0229316652631413
0

0101000
+210 0 -215 0 *
Ed
 1.00000014888583e-07 1 1 0
1  52 0 1.17959850271895e-26 2.8
2  232 31 0 1.17959850271895e-26 2.8
2  233 44 0 1.17959850271895e-26 2.8
4 C0 31 0 44 0
2  234 10 2 1.17959850271895e-26 2.8
3  235 236C0 12 2 1.17959850271895e-26 2.8
0

0101000
+210 0 -266 0 *
Wi

0101100
+209 1 +213 1 -263 1 -208 1 *
Fa
0  0 12 0

0101000
+207 0 *
Ve
1.00000024868996e-07
-10.2866051633496 3.87225587343352e-16 -6.32387375058594
0 0

0101101
*
Ed
 1e-07 1 1 0
1  39 0 1.13746168158562 1.20830890150318
2  166 10 0 1.13746168158562 1.20830890150318
2  167 35 0 1.13746168158562 1.20830890150318
2  237 12 0 1.13746168158562 1.20830890150318
0

0101000
+210 1 -205 1 *
Ed
 1.00000015177199e-07 1 1 0
1  53 0 3.48972342947145e-28 2.8
2  238 45 0 3.48972342947145e-28 2.8
2  239 30 0 3.48972342947145e-28 2.8
4 C0 45 0 30 0
2  240 10 2 3.48972342947145e-28 2.8
3  241 242C0 12 2 3.48972342947145e-28 2.8
0

0101000
+205 0 -268 0 *
Wi

0101100
-204 0 +208 1 +265 0 -203 1 *
Fa
0  0 12 0

0101000
+202 0 *
Ve
1.00000012932073e-07
-10.1388963716782 4.01566547043892e-16 -6.55807939600999
0 0

0101101
*
Ed
 1.00000011374234e-07 1 1 0
1  54 0 0 0.0229316652642234
2  243 30 0 0 0.0229316652642234
4 C0 2 0 30 0
2  244 2 0 0 0.0229316652642234
2  245 10 2 0 0.0229316652642234
2  246 35 2 0 0.0229316652642234
2  247 12 2 0 0.0229316652642234
0

0101000
+200 0 -205 0 *
Ed
 1.00000003972055e-07 1 1 0
1  55 0 1.26568985153412e-25 2.8
2  248 30 0 1.26568985153412e-25 2.8
2  249 46 0 1.26568985153412e-25 2.8
4 C0 30 0 46 0
2  250 10 2 1.26568985153412e-25 2.8
3  251 252C0 12 2 1.26568985153412e-25 2.8
0

0101000
+200 0 -270 0 *
Wi

0101100
+199 1 +203 1 -267 1 -198 1 *
Fa
0  0 12 0

0101000
+197 0 *
Ve
1.00000011269721e-07
-9.64922867769607 4.4450634813347e-16 -7.25933956538249
0 0

0101101
*
Ed
 1e-07 1 1 0
1  39 0 1.2312405667674 1.30208778668497
2  166 10 0 1.2312405667674 1.30208778668497
2  167 35 0 1.2312405667674 1.30208778668497
2  253 12 0 1.2312405667674 1.30208778668497
0

0101000
+200 1 -195 1 *
Ed
 1.00000007944109e-07 1 1 0
1  56 0 -1.08145040104362e-25 2.8
2  254 47 0 -1.08145040104362e-25 2.8
2  255 29 0 -1.08145040104362e-25 2.8
4 C0 47 0 29 0
2  256 10 2 -1.08145040104362e-25 2.8
3  257 258C0 12 2 -1.08145040104362e-25 2.8
0

0101000
+195 0 -272 0 *
Wi

0101100
-194 0 +198 1 +269 0 -193 1 *
Fa
0  0 12 0

0101000
+192 0 *
Ve
1.00000011269721e-07
-9.48023755561602 4.5793734780191e-16 -7.47868443572047
0 0

0101101
*
Ed
 1.00000011269721e-07 1 1 0
1  57 0 0 0.022931665264214
2  259 29 0 0 0.022931665264214
4 C0 2 0 29 0
2  260 2 0 0 0.022931665264214
2  261 10 2 0 0.022931665264214
2  262 35 2 0 0.022931665264214
2  263 12 2 0 0.022931665264214
0

0101000
+190 0 -195 0 *
Ed
 1.00000003662053e-07 1 1 0
1  58 0 9.86076131526265e-31 2.8
2  264 29 0 9.86076131526265e-31 2.8
2  265 48 0 9.86076131526265e-31 2.8
4 C0 29 0 48 0
2  266 10 2 9.86076131526265e-31 2.8
3  267 268C0 12 2 9.86076131526265e-31 2.8
0

0101000
+190 0 -274 0 *
Wi

0101100
+189 1 +193 1 -271 1 -188 1 *
Fa
0  0 12 0

0101000
+187 0 *
Ve
1.00000011243441e-07
-8.92705442346578 4.97880771153938e-16 -8.13101004306845
0 0

0101101
*
Ed
 1e-07 1 1 0
1  39 0 1.32501945194919 1.3958666718677
2  166 10 0 1.32501945194919 1.3958666718677
2  167 35 0 1.32501945194919 1.3958666718677
2  269 12 0 1.32501945194919 1.3958666718677
0

0101000
+190 1 -185 1 *
Ed
 1.00000003972055e-07 1 1 0
1  59 0 -1.18330121859283e-26 2.8
2  270 49 0 -1.18330121859283e-26 2.8
2  271 28 0 -1.18330121859283e-26 2.8
4 C0 49 0 28 0
2  272 10 2 -1.18330121859283e-26 2.8
3  273 274C0 12 2 -1.18330121859283e-26 2.8
0

0101000
+185 0 -276 0 *
Wi

0101100
-184 0 +188 1 +273 0 -183 1 *
Fa
0  0 12 0

0101000
+182 0 *
Ve
1.00000011243441e-07
-8.73826607104173 5.10283778681757e-16 -8.33356652770474
0 0

0101101
*
Ed
 1.00000011243441e-07 1 1 0
1  60 0 0 0.0229316652632775
2  275 28 0 0 0.0229316652632775
4 C0 2 0 28 0
2  276 2 0 0 0.0229316652632775
2  277 10 2 0 0.0229316652632775
2  278 35 2 0 0.0229316652632775
2  279 12 2 0 0.0229316652632775
0

0101000
+180 0 -185 0 *
Ed
 1.00000001776357e-07 1 1 0
1  61 0 3.67797029336047e-25 2.8
2  280 28 0 3.67797029336047e-25 2.8
2  281 50 0 3.67797029336047e-25 2.8
4 C0 28 0 50 0
2  282 10 2 3.67797029336047e-25 2.8
3  283 284C0 12 2 3.67797029336047e-25 2.8
0

0101000
+180 0 -278 0 *
Wi

0101100
+179 1 +183 1 -275 1 -178 1 *
Fa
0  0 12 0

0101000
+177 0 *
Ve
1.000000113921e-07
-8.12642889398498 5.46879800055099e-16 -8.93122491212745
0 0

0101101
*
Ed
 1e-07 1 1 0
1  39 0 1.41879833713097 1.48964555704958
2  166 10 0 1.41879833713097 1.48964555704958
2  167 35 0 1.41879833713097 1.48964555704958
2  285 12 0 1.41879833713097 1.48964555704958
0

0101000
+180 1 -175 1 *
Ed
 1.00000003568292e-07 1 1 0
1  62 0 -9.31299602419981e-27 2.8
2  286 51 0 -9.31299602419981e-27 2.8
2  287 27 0 -9.31299602419981e-27 2.8
4 C0 51 0 27 0
2  288 10 2 -9.31299602419981e-27 2.8
3  289 290C0 12 2 -9.31299602419981e-27 2.8
0

0101000
+175 0 -280 0 *
Wi

0101100
-174 0 +178 1 +277 0 -173 1 *
Fa
0  0 12 0

0101000
+172 0 *
Ve
1.00000011313385e-07
-7.91950239004026 5.5814581736668e-16 -9.11521293740012
0 0

0101101
*
Ed
 1.00000011313385e-07 1 1 0
1  63 0 0 0.0229316652631762
2  291 27 0 0 0.0229316652631762
4 C0 2 0 27 0
2  292 2 0 0 0.0229316652631762
2  293 10 2 0 0.0229316652631762
2  294 35 2 0 0.0229316652631762
2  295 12 2 0 0.0229316652631762
0

0101000
+170 0 -175 0 *
Ed
 1.00000001887379e-07 1 1 0
1  64 0 2.57602528599921e-27 2.8
2  296 27 0 2.57602528599921e-27 2.8
2  297 52 0 2.57602528599921e-27 2.8
4 C0 27 0 52 0
2  298 10 2 2.57602528599921e-27 2.8
3  299 300C0 12 2 2.57602528599921e-27 2.8
0

0101000
+170 0 -282 0 *
Wi

0101100
+169 1 +173 1 -279 1 -168 1 *
Fa
0  0 12 0

0101000
+167 0 *
Ve
1.00000011374234e-07
-7.25438801519918 5.91072829609137e-16 -9.65295185551728
0 0

0101101
*
Ed
 1e-07 1 1 0
1  39 0 1.51257722231276 1.58342444223032
2  166 10 0 1.51257722231276 1.58342444223032
2  167 35 0 1.51257722231276 1.58342444223032
2  301 12 0 1.51257722231276 1.58342444223032
0

0101000
+170 1 -165 1 *
Ed
 1.00000001249001e-07 1 1 0
1  65 0 -1.52864973175662e-25 2.8
2  302 53 0 -1.52864973175662e-25 2.8
2  303 26 0 -1.52864973175662e-25 2.8
4 C0 53 0 26 0
2  304 10 2 -1.52864973175662e-25 2.8
3  305 306C0 12 2 -1.52864973175662e-25 2.8
0

0101000
+165 0 -284 0 *
Wi

0101100
-164 0 +168 1 +281 0 -163 1 *
Fa
0  0 12 0

0101000
+162 0 *
Ve
1.00000011374234e-07
-7.03114183727987 6.01102850539781e-16 -9.81675452805318
0 0

0101101
*
Ed
 1.00000011374234e-07 1 1 0
1  66 0 0 0.0229316652642177
2  307 26 0 0 0.0229316652642177
4 C0 2 0 26 0
2  308 2 0 0 0.0229316652642177
2  309 10 2 0 0.0229316652642177
2  310 35 2 0 0.0229316652642177
2  311 12 2 0 0.0229316652642177
0

0101000
+160 0 -165 0 *
Ed
 1.00000003855928e-07 1 1 0
1  67 0 3.5931923979525e-26 2.8
2  312 26 0 3.5931923979525e-26 2.8
2  313 54 0 3.5931923979525e-26 2.8
4 C0 26 0 54 0
2  314 10 2 3.5931923979525e-26 2.8
3  315 316C0 12 2 3.5931923979525e-26 2.8
0

0101000
+160 0 -286 0 *
Wi

0101100
+159 1 +163 1 -283 1 -158 1 *
Fa
0  0 12 0

0101000
+157 0 *
Ve
1.00000036029431e-07
-6.31859531367627 6.30071489884728e-16 -10.2898483109319
0 0

0101101
*
Ed
 1e-07 1 1 0
1  39 0 1.60635610749454 1.67720332741308
2  166 10 0 1.60635610749454 1.67720332741308
2  167 35 0 1.60635610749454 1.67720332741308
2  317 12 0 1.60635610749454 1.67720332741308
0

0101000
+160 1 -155 1 *
Ed
 1.00000036029431e-07 1 1 0
1  68 0 5.59992635093766e-28 2.8
2  318 55 0 5.59992635093766e-28 2.8
2  319 25 0 5.59992635093766e-28 2.8
4 C0 55 0 25 0
2  320 10 2 5.59992635093766e-28 2.8
3  321 322C0 12 2 5.59992635093766e-28 2.8
0

0101000
+155 0 -288 0 *
Wi

0101100
-154 0 +158 1 +285 0 -153 1 *
Fa
0  0 12 0

0101000
+152 0 *
Ve
1.00000017901808e-07
-6.08099135724029 6.38777370248961e-16 -10.4320261269405
0 0

0101101
*
Ed
 1.00000012811416e-07 1 1 0
1  69 0 0 0.0229316652632478
2  323 25 0 0 0.0229316652632478
4 C0 2 0 25 0
2  324 2 0 0 0.0229316652632478
2  325 10 2 0 0.0229316652632478
2  326 35 2 0 0.0229316652632478
2  327 12 2 0 0.0229316652632478
0

0101000
+150 0 -155 0 *
Ed
 1.00000014254157e-07 1 1 0
1  70 0 3.32350057598007e-26 2.8
2  328 25 0 3.32350057598007e-26 2.8
2  329 56 0 3.32350057598007e-26 2.8
4 C0 25 0 56 0
2  330 10 2 3.32350057598007e-26 2.8
3  331 332C0 12 2 3.32350057598007e-26 2.8
0

0101000
+150 0 -290 0 *
Wi

0101100
+149 1 +153 1 -287 1 -148 1 *
Fa
0  0 12 0

0101000
+147 0 *
Ve
1.00000050524785e-07
-5.32727456934597 6.63533059252027e-16 -10.8363172094028
0 0

0101101
*
Ed
 1e-07 1 1 0
1  39 0 1.70013499267633 1.77098221259555
2  166 10 0 1.70013499267633 1.77098221259555
2  167 35 0 1.70013499267633 1.77098221259555
2  333 12 0 1.70013499267633 1.77098221259555
0

0101000
+150 1 -145 1 *
Ed
 1.00000050524785e-07 1 1 0
1  71 0 -1.20293005006699e-25 2.8
2  334 57 0 -1.20293005006699e-25 2.8
2  335 24 0 -1.20293005006699e-25 2.8
4 C0 57 0 24 0
2  336 10 2 -1.20293005006699e-25 2.8
3  337 338C0 12 2 -1.20293005006699e-25 2.8
0

0101000
+145 0 -292 0 *
Wi

0101100
-144 0 +148 1 +289 0 -143 1 *
Fa
0  0 12 0

0101000
+142 0 *
Ve
1.00000024629942e-07
-5.07740090650392 6.70838291460384e-16 -10.9556207051282
0 0

0101101
*
Ed
 1.00000011234667e-07 1 1 0
1  72 0 0 0.0229316652625592
2  339 24 0 0 0.0229316652625592
4 C0 2 0 24 0
2  340 2 0 0 0.0229316652625592
2  341 10 2 0 0.0229316652625592
2  342 35 2 0 0.0229316652625592
2  343 12 2 0 0.0229316652625592
0

0101000
+140 0 -145 0 *
Ed
 1.00000014546888e-07 1 1 0
1  73 0 1.57969396270508e-28 2.8
2  344 24 0 1.57969396270508e-28 2.8
2  345 58 0 1.57969396270508e-28 2.8
4 C0 24 0 58 0
2  346 10 2 1.57969396270508e-28 2.8
3  347 348C0 12 2 1.57969396270508e-28 2.8
0

0101000
+140 0 -294 0 *
Wi

0101100
+139 1 +143 1 -291 1 -138 1 *
Fa
0  0 12 0

0101000
+137 0 *
Ve
1.00000033704001e-07
-4.28913754456617 6.91163476236051e-16 -11.2875561625975
0 0

0101101
*
Ed
 1e-07 1 1 0
1  39 0 1.79391387785811 1.86476109777668
2  166 10 0 1.79391387785811 1.86476109777668
2  167 35 0 1.79391387785811 1.86476109777668
2  349 12 0 1.79391387785811 1.86476109777668
0

0101000
+140 1 -135 1 *
Ed
 1.00000033704001e-07 1 1 0
1  74 0 -1.49982179605145e-28 2.8
2  350 59 0 -1.49982179605145e-28 2.8
2  351 23 0 -1.49982179605145e-28 2.8
4 C0 59 0 23 0
2  352 10 2 -1.49982179605145e-28 2.8
3  353 354C0 12 2 -1.49982179605145e-28 2.8
0

0101000
+135 0 -296 0 *
Wi

0101100
-134 0 +138 1 +293 0 -133 1 *
Fa
0  0 12 0

0101000
+132 0 *
Ve
1.00000035773309e-07
-4.02919007403714 6.97003861645655e-16 -11.3829368946367
0 0

0101101
*
Ed
 1.0000001098616e-07 1 1 0
1  75 0 0 0.0229316652632127
2  355 23 0 0 0.0229316652632127
4 C0 2 0 23 0
2  356 2 0 0 0.0229316652632127
2  357 10 2 0 0.0229316652632127
2  358 35 2 0 0.0229316652632127
2  359 12 2 0 0.0229316652632127
0

0101000
+130 0 -135 0 *
Ed
 1.00000030054047e-07 1 1 0
1  76 0 0 2.8
2  360 23 0 0 2.8
2  361 60 0 0 2.8
4 C0 23 0 60 0
2  362 10 2 0 2.8
3  363 364C0 12 2 0 2.8
0

0101000
+130 0 -298 0 *
Wi

0101100
+129 1 +133 1 -295 1 -128 1 *
Fa
0  0 12 0

0101000
+127 0 *
Ve
1.00000015511369e-07
-3.2133074248281 7.12719923739315e-16 -11.6395996663779
0 0

0101101
*
Ed
 1e-07 1 1 0
1  39 0 1.8876927630399 1.95853998295747
2  166 10 0 1.8876927630399 1.95853998295747
2  167 35 0 1.8876927630399 1.95853998295747
2  365 12 0 1.8876927630399 1.95853998295747
0

0101000
+130 1 -125 1 *
Ed
 1.00000015511369e-07 1 1 0
1  77 0 -1.24190372308944e-26 2.8
2  366 61 0 -1.24190372308944e-26 2.8
2  367 22 0 -1.24190372308944e-26 2.8
4 C0 61 0 22 0
2  368 10 2 -1.24190372308944e-26 2.8
3  369 370C0 12 2 -1.24190372308944e-26 2.8
0

0101000
+125 0 -300 0 *
Wi

0101100
-124 0 +128 1 +297 0 -123 1 *
Fa
0  0 12 0

0101000
+122 0 *
Ve
1.00000042927603e-07
-2.94557057432533 7.17044136833171e-16 -11.7102194254279
0 0

0101101
*
Ed
 1.00000011374234e-07 1 1 0
1  78 0 0 0.0229316652642076
2  371 22 0 0 0.0229316652642076
4 C0 2 0 22 0
2  372 2 0 0 0.0229316652642076
2  373 10 2 0 0.0229316652642076
2  374 35 2 0 0.0229316652642076
2  375 12 2 0 0.0229316652642076
0

0101000
+120 0 -125 0 *
Ed
 1.00000042927603e-07 1 1 0
1  79 0 7.6026469740675e-29 2.8
2  376 22 0 7.6026469740675e-29 2.8
2  377 62 0 7.6026469740675e-29 2.8
4 C0 22 0 62 0
2  378 10 2 7.6026469740675e-29 2.8
3  379 380C0 12 2 7.6026469740675e-29 2.8
0

0101000
+120 0 -302 0 *
Wi

0101100
+119 1 +123 1 -299 1 -118 1 *
Fa
0  0 12 0

0101000
+117 0 *
Ve
1.00000038836865e-07
-2.10923864387844 7.28012962926454e-16 -11.8893539497809
0 0

0101101
*
Ed
 1e-07 1 1 0
1  39 0 1.98147164822168 2.05231886814032
2  166 10 0 1.98147164822168 2.05231886814032
2  167 35 0 1.98147164822168 2.05231886814032
2  381 12 0 1.98147164822168 2.05231886814032
0

0101000
+120 1 -115 1 *
Ed
 1.00000005958082e-07 1 1 0
1  80 0 -1.62529998378817e-26 2.8
2  382 63 0 -1.62529998378817e-26 2.8
2  383 21 0 -1.62529998378817e-26 2.8
4 C0 63 0 21 0
2  384 10 2 -1.62529998378817e-26 2.8
3  385 386C0 12 2 -1.62529998378817e-26 2.8
0

0101000
+115 0 -304 0 *
Wi

0101100
-114 0 +118 1 +301 0 -113 1 *
Fa
0  0 12 0

0101000
+112 0 *
Ve
1.00000021900398e-07
-1.83606529449482 7.30783002364012e-16 -11.9345921268534
0 0

0101101
*
Ed
 1.0000001098616e-07 1 1 0
1  81 0 0 0.0229316652631441
2  387 21 0 0 0.0229316652631441
4 C0 2 0 21 0
2  388 2 0 0 0.0229316652631441
2  389 10 2 0 0.0229316652631441
2  390 35 2 0 0.0229316652631441
2  391 12 2 0 0.0229316652631441
0

0101000
+110 0 -115 0 *
Ed
 1.0000001387379e-07 1 1 0
1  82 0 2.804597733287e-26 2.8
2  392 21 0 2.804597733287e-26 2.8
2  393 64 0 2.804597733287e-26 2.8
4 C0 21 0 64 0
2  394 10 2 2.804597733287e-26 2.8
3  395 396C0 12 2 2.804597733287e-26 2.8
0

0101000
+110 0 -306 0 *
Wi

0101100
+109 1 +113 1 -303 1 -108 1 *
Fa
0  0 12 0

0101000
+107 0 *
Ve
1.00000042863237e-07
-0.986633797891947 7.36908198018636e-16 -12.0346241631742
0 0

0101101
*
Ed
 1e-07 1 1 0
1  39 0 2.07525053340347 2.14609775332265
2  166 10 0 2.07525053340347 2.14609775332265
2  167 35 0 2.07525053340347 2.14609775332265
2  397 12 0 2.07525053340347 2.14609775332265
0

0101000
+110 1 -105 1 *
Ed
 1.00000042863237e-07 1 1 0
1  83 0 -2.49477261276145e-29 2.8
2  398 65 0 -2.49477261276145e-29 2.8
2  399 20 0 -2.49477261276145e-29 2.8
4 C0 65 0 20 0
2  400 10 2 -2.49477261276145e-29 2.8
3  401 402C0 12 2 -2.49477261276145e-29 2.8
0

0101000
+105 0 -308 0 *
Wi

0101100
-104 0 +108 1 +305 0 -103 1 *
Fa
0  0 12 0

0101000
+102 0 *
Ve
1.00000033902365e-07
-0.710424606838354 7.38099720593896e-16 -12.0540832035455
0 0

0101101
*
Ed
 1.00000011374234e-07 1 1 0
1  84 0 0 0.0229316652625976
2  403 20 0 0 0.0229316652625976
4 C0 2 0 20 0
2  404 2 0 0 0.0229316652625976
2  405 10 2 0 0.0229316652625976
2  406 35 2 0 0.0229316652625976
2  407 12 2 0 0.0229316652625976
0

0101000
+100 0 -105 0 *
Ed
 1.00000026645353e-07 1 1 0
1  85 0 1.37597063393175e-27 2.8
2  408 20 0 1.37597063393175e-27 2.8
2  409 66 0 1.37597063393175e-27 2.8
4 C0 20 0 66 0
2  410 10 2 1.37597063393175e-27 2.8
3  411 412C0 12 2 1.37597063393175e-27 2.8
0

0101000
+100 0 -310 0 *
Wi

0101100
+99 1 +103 1 -307 1 -98 1 *
Fa
0  0 12 0

0101000
+97 0 *
Ve
1.00000009057678e-07
-9.6492286777002 -4.44506348133134e-16 7.259339565377
0 0

0101101
*
Ed
 1e-07 1 1 0
1  86 0 0 4.12627094799853
2  413 12 0 0 4.12627094799853
0

0101000
+100 1 -95 1 *
Ed
 1e-07 1 1 0
1  87 0 3.94430452610506e-30 2.8
2  414 67 0 3.94430452610506e-30 2.8
2  415 68 0 3.94430452610506e-30 2.8
4 C0 67 0 68 0
2  416 10 2 3.94430452610506e-30 2.8
3  417 418C0 12 2 3.94430452610506e-30 2.8
0

0101000
+95 0 -312 0 *
Wi

0101100
-94 0 +98 1 +309 0 -93 1 *
Fa
0  0 12 0

0111000
+92 0 *
Ve
1.00000021390169e-07
-10.138896371682 -4.01566547043531e-16 6.5580793960041
0 0

0101101
*
Ed
 1e-07 1 1 0
1  39 0 0.0121150594042002 0.0829622793217832
2  166 10 0 0.0121150594042002 0.0829622793217832
2  167 35 0 0.0121150594042002 0.0829622793217832
2  419 12 0 0.0121150594042002 0.0829622793217832
0

0101000
+95 1 -90 1 *
Ed
 1.00000021390169e-07 1 1 0
1  88 0 -1.08079860472068e-26 2.8
2  420 69 0 -1.08079860472068e-26 2.8
2  421 19 0 -1.08079860472068e-26 2.8
4 C0 69 0 19 0
2  422 10 2 -1.08079860472068e-26 2.8
3  423 424C0 12 2 -1.08079860472068e-26 2.8
0

0101000
+90 0 -314 0 *
Wi

0101100
-89 0 +93 1 +311 0 -88 1 *
Fa
0  0 12 0

0101000
+87 0 *
Ve
1.00000032171191e-07
-10.2866051633531 -3.87225587342999e-16 6.32387375058017
0 0

0101101
*
Ed
 1.00000032171191e-07 1 1 0
1  89 0 4.78535005932064e-25 2.8
2  425 19 0 4.78535005932064e-25 2.8
2  426 70 0 4.78535005932064e-25 2.8
4 C0 19 0 70 0
2  427 10 2 4.78535005932064e-25 2.8
3  428 429C0 12 2 4.78535005932064e-25 2.8
0

0101000
+85 0 -316 0 *
Ed
 1.00000009057678e-07 1 1 0
1  90 0 0 0.0229316652642015
2  430 19 0 0 0.0229316652642015
4 C0 2 0 19 0
2  431 2 0 0 0.0229316652642015
2  432 10 2 0 0.0229316652642015
2  433 35 2 0 0.0229316652642015
2  434 12 2 0 0.0229316652642015
0

0101000
+85 0 -90 0 *
Wi

0101100
-313 1 -84 1 +83 1 +88 1 *
Fa
0  0 12 0

0101000
+82 0 *
Ve
1.00000012685725e-07
-10.7084542018763 -3.41666765030885e-16 5.57984171875135
0 0

0101101
*
Ed
 1e-07 1 1 0
1  39 0 0.105893944585984 0.176741164504144
2  166 10 0 0.105893944585984 0.176741164504144
2  167 35 0 0.105893944585984 0.176741164504144
2  435 12 0 0.105893944585984 0.176741164504144
0

0101000
+85 1 -80 1 *
Ed
 1.00000003552714e-07 1 1 0
1  91 0 -1.5172013878696e-26 2.8
2  436 71 0 -1.5172013878696e-26 2.8
2  437 18 0 -1.5172013878696e-26 2.8
4 C0 71 0 18 0
2  438 10 2 -1.5172013878696e-26 2.8
3  439 440C0 12 2 -1.5172013878696e-26 2.8
0

0101000
+80 0 -318 0 *
Wi

0101100
-79 0 +84 1 +315 0 -78 1 *
Fa
0  0 12 0

0101000
+77 0 *
Ve
1.00000016968625e-07
-10.8335825929632 -3.26541874168131e-16 5.33283350588075
0 0

0101101
*
Ed
 1.00000016207735e-07 1 1 0
1  92 0 2.70298258793322e-27 2.8
2  441 18 0 2.70298258793322e-27 2.8
2  442 72 0 2.70298258793322e-27 2.8
4 C0 18 0 72 0
2  443 10 2 2.70298258793322e-27 2.8
3  444 445C0 12 2 2.70298258793322e-27 2.8
0

0101000
+75 0 -320 0 *
Ed
 1.00000009565974e-07 1 1 0
1  93 0 0 0.0229316652636262
2  446 18 0 0 0.0229316652636262
4 C0 2 0 18 0
2  447 2 0 0 0.0229316652636262
2  448 10 2 0 0.0229316652636262
2  449 35 2 0 0.0229316652636262
2  450 12 2 0 0.0229316652636262
0

0101000
+75 0 -80 0 *
Wi

0101100
-317 1 -74 1 +73 1 +78 1 *
Fa
0  0 12 0

0101000
+72 0 *
Ve
1.00000027576474e-07
-11.1839057515109 -2.78764403201629e-16 4.55256819183646
0 0

0101101
*
Ed
 1e-07 1 1 0
1  39 0 0.199672829767769 0.270520049687149
2  166 10 0 0.199672829767769 0.270520049687149
2  167 35 0 0.199672829767769 0.270520049687149
2  451 12 0 0.199672829767769 0.270520049687149
0

0101000
+75 1 -70 1 *
Ed
 1.00000027576474e-07 1 1 0
1  94 0 -2.0706800040385e-25 2.8
2  452 73 0 -2.0706800040385e-25 2.8
2  453 17 0 -2.0706800040385e-25 2.8
4 C0 73 0 17 0
2  454 10 2 -2.0706800040385e-25 2.8
3  455 456C0 12 2 -2.0706800040385e-25 2.8
0

0101000
+70 0 -322 0 *
Wi

0101100
-69 0 +74 1 +319 0 -68 1 *
Fa
0  0 12 0

0101000
+67 0 *
Ve
1.00000043620322e-07
-11.2853541092119 -2.62988499261867e-16 4.29492812858319
0 0

0101101
*
Ed
 1e-07 1 1 0
1  95 0 6.843703618677e-26 2.8
2  457 17 0 6.843703618677e-26 2.8
2  458 74 0 6.843703618677e-26 2.8
4 C0 17 0 74 0
2  459 10 2 6.843703618677e-26 2.8
3  460 461C0 12 2 6.843703618677e-26 2.8
0

0101000
+65 0 -324 0 *
Ed
 1.00000009057678e-07 1 1 0
1  96 0 0 0.0229316652624055
2  462 17 0 0 0.0229316652624055
4 C0 2 0 17 0
2  463 2 0 0 0.0229316652624055
2  464 10 2 0 0.0229316652624055
2  465 35 2 0 0.0229316652624055
2  466 12 2 0 0.0229316652624055
0

0101000
+65 0 -70 0 *
Wi

0101100
-321 1 -64 1 +63 1 +68 1 *
Fa
0  0 12 0

0101000
+62 0 *
Ve
1.00000048027381e-07
-11.5610727352613 -2.13412249774994e-16 3.48528653197935
0 0

0101101
*
Ed
 1e-07 1 1 0
1  39 0 0.293451714949556 0.364298934868274
2  166 10 0 0.293451714949556 0.364298934868274
2  167 35 0 0.293451714949556 0.364298934868274
2  467 12 0 0.293451714949556 0.364298934868274
0

0101000
+65 1 -60 1 *
Ed
 1.00000020791724e-07 1 1 0
1  97 0 1.09198070805219e-27 2.8
2  468 75 0 1.09198070805219e-27 2.8
2  469 16 0 1.09198070805219e-27 2.8
4 C0 75 0 16 0
2  470 10 2 1.09198070805219e-27 2.8
3  471 472C0 12 2 1.09198070805219e-27 2.8
0

0101000
+60 0 -326 0 *
Wi

0101100
-59 0 +64 1 +323 0 -58 1 *
Fa
0  0 12 0

0101000
+57 0 *
Ve
1.00000042521397e-07
-11.6379495277702 -1.97123971968022e-16 3.21927876846234
0 0

0101101
*
Ed
 1.00000027056661e-07 1 1 0
1  98 0 5.59310023891717e-26 2.8
2  473 16 0 5.59310023891717e-26 2.8
2  474 76 0 5.59310023891717e-26 2.8
4 C0 16 0 76 0
2  475 10 2 5.59310023891717e-26 2.8
3  476 477C0 12 2 5.59310023891717e-26 2.8
0

0101000
+55 0 -328 0 *
Ed
 1.00000009230221e-07 1 1 0
1  99 0 0 0.0229316652630661
2  478 16 0 0 0.0229316652630661
4 C0 2 0 16 0
2  479 2 0 0 0.0229316652630661
2  480 10 2 0 0.0229316652630661
2  481 35 2 0 0.0229316652630661
2  482 12 2 0 0.0229316652630661
0

0101000
+55 0 -60 0 *
Wi

0101100
-325 1 -54 1 +53 1 +58 1 *
Fa
0  0 12 0

0101000
+52 0 *
Ve
1.00000018202241e-07
-11.8366405961223 -1.46184621824224e-16 2.38737604876775
0 0

0101101
*
Ed
 1e-07 1 1 0
1  39 0 0.387230600131338 0.458077820048911
2  166 10 0 0.387230600131338 0.458077820048911
2  167 35 0 0.387230600131338 0.458077820048911
2  483 12 0 0.387230600131338 0.458077820048911
0

0101000
+55 1 -50 1 *
Ed
 1.00000014321447e-07 1 1 0
1  100 0 -2.93339012290178e-25 2.8
2  484 77 0 -2.93339012290178e-25 2.8
2  485 15 0 -2.93339012290178e-25 2.8
4 C0 77 0 15 0
2  486 10 2 -2.93339012290178e-25 2.8
3  487 488C0 12 2 -2.93339012290178e-25 2.8
0

0101000
+50 0 -330 0 *
Wi

0101100
-49 0 +54 1 +327 0 -48 1 *
Fa
0  0 12 0

0101000
+47 0 *
Ve
1.00000030198066e-07
-11.8882702274221 -1.29527112120692e-16 2.11533827077119
0 0

0101101
*
Ed
 1.00000030198066e-07 1 1 0
1  101 0 6.99004717735681e-28 2.8
2  489 15 0 6.99004717735681e-28 2.8
2  490 78 0 6.99004717735681e-28 2.8
4 C0 15 0 78 0
2  491 10 2 6.99004717735681e-28 2.8
3  492 493C0 12 2 6.99004717735681e-28 2.8
0

0101000
+45 0 -332 0 *
Ed
 1.00000009729507e-07 1 1 0
1  102 0 0 0.0229316652642135
2  494 15 0 0 0.0229316652642135
4 C0 2 0 15 0
2  495 2 0 0 0.0229316652642135
2  496 10 2 0 0.0229316652642135
2  497 35 2 0 0.0229316652642135
2  498 12 2 0 0.0229316652642135
0

0101000
+45 0 -50 0 *
Wi

0101100
-329 1 -44 1 +43 1 +48 1 *
Fa
0  0 12 0

0101000
+42 0 *
Ve
1.00000049002986e-07
-12.0081876338272 -7.76723181602014e-17 1.26848521899179
0 0

0101101
*
Ed
 1e-07 1 1 0
1  39 0 0.481009485313124 0.551856705230157
2  166 10 0 0.481009485313124 0.551856705230157
2  167 35 0 0.481009485313124 0.551856705230157
2  499 12 0 0.481009485313124 0.551856705230157
0

0101000
+45 1 -40 1 *
Ed
 1.00000045392782e-07 1 1 0
1  103 0 -1.61765578074855e-25 2.8
2  500 79 0 -1.61765578074855e-25 2.8
2  501 14 0 -1.61765578074855e-25 2.8
4 C0 79 0 14 0
2  502 10 2 -1.61765578074855e-25 2.8
3  503 504C0 12 2 -1.61765578074855e-25 2.8
0

0101000
+40 0 -334 0 *
Wi

0101100
-39 0 +44 1 +331 0 -38 1 *
Fa
0  0 12 0

0101000
+37 0 *
Ve
1.00000046082682e-07
-12.0341163802045 -6.07919638400406e-17 0.992808112222501
0 0

0101101
*
Ed
 1.0000004483322e-07 1 1 0
1  104 0 1.93693525835516e-32 2.8
2  505 14 0 1.93693525835516e-32 2.8
2  506 80 0 1.93693525835516e-32 2.8
4 C0 14 0 80 0
2  507 10 2 1.93693525835516e-32 2.8
3  508 509C0 12 2 1.93693525835516e-32 2.8
0

0101000
+35 0 -336 0 *
Ed
 1.00000011374234e-07 1 1 0
1  105 0 0 0.0229316646061639
2  510 14 0 0 0.0229316646061639
4 C0 2 0 14 0
2  511 2 0 0 0.0229316646061639
2  512 10 2 0 0.0229316646061639
2  513 35 2 0 0.0229316646061639
2  514 12 2 0 0.0229316646061639
0

0101000
+35 0 -40 0 *
Wi

0101100
-333 1 -34 1 +33 1 +38 1 *
Fa
0  0 12 0

0101000
+32 0 *
Ve
1.00000012434498e-07
-12.0742062868401 -8.47742736191321e-18 0.138446895346732
0 0

0101101
*
Ed
 1e-07 1 1 0
1  39 0 0.574788369836321 0.645635590424225
2  166 10 0 0.574788369836321 0.645635590424225
2  167 35 0 0.574788369836321 0.645635590424225
2  515 12 0 0.574788369836321 0.645635590424225
0

0101000
+35 1 -30 1 *
Ed
 1.00000006404746e-07 1 1 0
1  106 0 0 2.8
2  516 81 0 0 2.8
2  517 13 0 0 2.8
4 C0 81 0 13 0
2  518 10 2 0 2.8
3  519 520C0 12 2 0 2.8
0

0101000
+30 0 -338 0 *
Wi

0101100
-29 0 +34 1 +335 0 -28 1 *
Fa
0  0 12 0

0101000
+27 0 *
Ve
1.00000024161065e-07
-12.0742062868384 8.47742737101681e-18 -0.138446895495405
0 0

0101101
*
Ed
 1.00000024161065e-07 1 1 0
1  107 0 -5.35367523141933e-25 2.8
2  521 13 0 -5.35367523141933e-25 2.8
2  522 82 0 -5.35367523141933e-25 2.8
4 C0 13 0 82 0
2  523 10 2 -5.35367523141933e-25 2.8
3  524 525C0 12 2 -5.35367523141933e-25 2.8
0

0101000
+340 0 -25 0 *
Ed
 1.00000010805157e-07 1 1 0
1  108 0 0 0.0229316652524687
2  526 13 0 0 0.0229316652524687
4 C0 2 0 13 0
2  527 2 0 0 0.0229316652524687
2  528 10 2 0 0.0229316652524687
2  529 35 2 0 0.0229316652524687
2  530 12 2 0 0.0229316652524687
0

0101000
+25 0 -30 0 *
Wi

0101100
-337 1 +24 1 +23 1 +28 1 *
Fa
0  0 12 0

0101000
+22 0 *
Ve
1.00000047796874e-07
-12.0341163808566 6.07919633559812e-17 -0.992808104317211
0 0

0101101
*
Ed
 1e-07 1 1 0
1  39 0 0.668567255676693 0.739414475595377
2  166 10 0 0.668567255676693 0.739414475595377
2  167 35 0 0.668567255676693 0.739414475595377
2  531 12 0 0.668567255676693 0.739414475595377
0

0101000
+25 1 -20 1 *
Ed
 1.00000047796874e-07 1 1 0
1  109 0 -1.56578324584962e-28 2.8
2  532 83 0 -1.56578324584962e-28 2.8
2  533 9 0 -1.56578324584962e-28 2.8
4 C0 83 0 9 0
2  534 10 2 -1.56578324584962e-28 2.8
3  535 536C0 12 2 -1.56578324584962e-28 2.8
0

0101000
+20 0 -342 0 *
Wi

0101100
-19 0 -24 1 +339 0 -18 1 *
Fa
0  0 12 0

0101000
+17 0 *
Ed
 1.00000011374234e-07 1 1 0
1  110 0 0 0.022931665263101
2  537 9 0 0 0.022931665263101
4 C0 2 0 9 0
2  538 2 0 0 0.022931665263101
2  539 10 2 0 0.022931665263101
2  540 35 2 0 0.022931665263101
2  541 12 2 0 0.022931665263101
0

0101000
+247 0 -20 0 *
Wi

0101100
-341 1 -244 1 +15 1 +18 1 *
Fa
0  0 12 0

0101000
+14 0 *
Ed
 1e-05 1 1 0
1  111 0 6 8
3  542 543CN 4 0 6 8
0

0101000
+353 0 -369 0 *
Wi

0101100
-348 0 +12 0 -368 0 -12 0 +352 0 *
Fa
0  1e-07 4 0

0111000
+11 0 *
Wi

0101100
+371 0 *
Wi

0101100
-349 0 *
Fa
0  1e-07 3 0

0111000
+9 0 +8 0 *
Wi

0101100
+374 1 *
Wi

0101100
+15 1 -19 0 +23 1 -29 0 +33 1 -39 0 +43 1 -49 0 +53 1 -59 0 
+63 1 -69 0 +73 1 -79 0 +83 1 -89 0 -94 0 +99 1 -104 0 +109 1 
-114 0 +119 1 -124 0 +129 1 -134 0 +139 1 -144 0 +149 1 -154 0 +159 1 
-164 0 +169 1 -174 0 +179 1 -184 0 +189 1 -194 0 +199 1 -204 0 +209 1 
-214 0 +219 1 -224 0 +229 1 -234 0 +239 1 -245 0 *
Fa
0  0 84 0

0111000
+6 0 +5 0 *
Sh

0101100
+363 1 -358 1 -345 1 +248 0 +241 0 +236 0 +231 0 +226 0 +221 0 +216 0 
+211 0 +206 0 +201 0 +196 0 +191 0 +186 0 +181 0 +176 0 +171 0 +166 0 
+161 0 +156 0 +151 0 +146 0 +141 0 +136 0 +131 0 +126 0 +121 0 +116 0 
+111 0 +106 0 +101 0 +96 0 +91 0 +86 0 +81 0 +76 0 +71 0 +66 0 
+61 0 +56 0 +51 0 +46 0 +41 0 +36 0 +31 0 +26 0 +21 0 +16 0 
+13 0 -10 1 +7 1 -4 0 *
So

0100000
+3 0 *
Co

1100000
+2 0 *

+1 0 