DBRep_DrawableShape

CASCADE Topology V3, (c) Open Cascade
Locations 3
1
              1               0               0               0 
              0               1               0               0 
              0               0               1               0 
1
-1.8745972946433e-16 0.9760517094103 -0.217538641526582 -15.3300051584207 
             -1 -1.57530722748671e-12 -7.06722190465403e-12              10 
-7.24066421507395e-12 0.217538641526582 0.9760517094103 3.06733711407633 
2  1 1 2 1 0
Curve2ds 256
1 0 1 1 0 
1 6.2831853071795862 0 0 1 
1 0 0 0 1 
7 0 0  3 25 23  6.2831853071795862 6.7098220455149296  6.2827158107101768 6.7095238802352144  6.2817767024180968 6.7089411904631371  6.2803676916854752 6.7081080520502514  6.2789583304254535 6.7073157837657682  6.2775486163987653 6.7065643594928535  6.2761385473619926 6.7058537531146687  6.27472812106702 6.7051839385143808  6.273317335261182 6.7045548895751663  6.2719061876872733 6.7039665801801762  6.2704946760835689 6.7034189842125951  6.2690827981838355 6.7029120755555658  6.2676705517173774 6.7024458280922836  6.266257934409035 6.7020202157058897  6.2648449439792264 6.7016352122795624  6.2634315781439547 6.701290791696473  6.2620178346148476 6.7009869278397742  6.260603711099165 6.7007235945926436  6.2591892052998359 6.7005007658382452  6.2577743149154639 6.7003184154597415  6.2563590376403964 6.7001765173403038  6.2549433711645976 6.7000750453631008  6.2535273131742093 6.7000139734112878  6.2525830119577979 6.7000001747157922  6.2521107953242216 6.7000000000000002 
 0 4 0.045454545454545456 1 0.090909090909090912 1 0.13636363636363635 1 0.18181818181818182 1 0.22727272727272729 1 0.27272727272727271 1 0.31818181818181818 1 0.36363636363636365 1 0.40909090909090912 1 0.45454545454545459 1 0.5 1 0.54545454545454541 1 0.59090909090909094 1 0.63636363636363635 1 0.68181818181818188 1 0.72727272727272729 1 0.77272727272727271 1 0.81818181818181823 1 0.86363636363636365 1 0.90909090909090917 1 0.95454545454545459 1 1 4
7 0 0  3 25 23  0.14027235490557288 10.5  0.13813868482061853 10.499999998741277  0.13387273597643201 10.49999702111179  0.12747772731643803 10.499983622306077  0.12108637398716127 10.499961284113548  0.11469841637943379 10.499929999508842  0.10831359474892199 10.499889761466624  0.10193164924580689 10.499840562961529  0.095552319989073098 10.49978239696823  0.089175347128287896 10.499715256461355  0.082800470908231283 10.499639134415583  0.076427431732296824 10.499554023805544  0.070055970225825881 10.499459917605906  0.063685827299095443 10.499356808791312  0.057316744210091919 10.499244690336411  0.050948462627095736 10.499123555215867  0.044580724691058116 10.498993396404327  0.038213273078069321 10.498854206876425  0.031845851060953834 10.49870597960685  0.025478202573781417 10.498548707570219  0.01911007226532746 10.498382383741207  0.012741205593796323 10.498207001094457  0.0063713487677405922 10.498022552604619  0.002123949096783484 10.497893538365771  0 10.49782751793072 
 0 4 0.045454545454545456 1 0.090909090909090912 1 0.13636363636363635 1 0.18181818181818182 1 0.22727272727272729 1 0.27272727272727271 1 0.31818181818181818 1 0.36363636363636365 1 0.40909090909090912 1 0.45454545454545459 1 0.5 1 0.54545454545454541 1 0.59090909090909094 1 0.63636363636363635 1 0.68181818181818188 1 0.72727272727272729 1 0.77272727272727271 1 0.81818181818181823 1 0.86363636363636365 1 0.90909090909090917 1 0.95454545454545459 1 1 4
7 0 0  3 135 133  6.2521107953242216 6.7000000000000002  6.2502600611660393 6.699999201123104  6.2465587616981235 6.7002066130885511  6.2410106360617954 6.7011422667419023  6.2354696495735604 6.7026998462005372  6.2299391228477425 6.7048771491302706  6.224422374939202 6.7076723869264274  6.2189227267360021 6.7110837420305804  6.2134435017500005 6.7151091926354294  6.2079880503567164 6.719744790228992  6.2025597282510745 6.7249867484842456  6.1971618927430665 6.73083121577129  6.1917979179545419 6.7372744394868072  6.1864709333737435 6.7443110451232142  6.1811840595364504 6.7519355434373285  6.1759404301713321 6.7601424829713768  6.1707431802945738 6.7689263751251527  6.1655954664313972 6.7782818420827136  6.1605002410177923 6.7882020465380579  6.155460446161702 6.7986800040781761  6.1504790322724832 6.8097087428925871  6.1455589812813161 6.8212813858811963  6.1407031745285954 6.8333905949257581  6.1359143519837058 6.8460283883581603  6.1311952879380662 6.8591868804758667  6.12654877742313 6.872858264971172  6.121977532653478 6.8870342017326758  6.117484189263279 6.9017058465724137  6.113071408867655 6.9168644550138199  6.1087418676152021 6.9325012894652476  6.1044980939422695 6.948607070481577  6.1003426112342503 6.9651724653985942  6.0962779569737808 6.9821881604288096  6.0923066731377604 6.9996448189950966  6.088431113592244 7.0175319594038266  6.0846536444406052 7.0358391178350645  6.0809766394956704 7.0545558246966085  6.0774024819658869 7.0736716156116932  6.0739335601549937 7.0931760111140303  6.0705722810272782 7.1130585868799958  6.0673207775821405 7.1333074929257654  6.0641811771106644 7.1539108147735506  6.061155616351555 7.1748566515432382  6.0582462407669455 7.1961331122523458  6.0554551910481269 7.2177282527301969  6.0527846565410881 7.2396303316612798  6.0502364878595856 7.2618259607117874  6.0478124578262191 7.28430135845288  6.0455143633685005 7.3070428407813068  6.0433440047625471 7.3300367107669109  6.0413031697801491 7.3532692254616263  6.0393937172360248 7.3767268388159293  6.0376171739398243 7.4003950162724772  6.0359747959104579 7.4242584217963543  6.0344679059396578 7.4483019025713597  6.0330977961957251 7.4725102374966568  6.0318658267116767 7.4968682953912626  6.0307730840962677 7.5213605979959564  6.0298202945947521 7.5459712135052852  6.0290082612577427 7.5706843091253377  6.0283377500879398 7.5954839912984395  6.0278096026715122 7.6203545105104133  6.027424205441541 7.6452792183250216  6.0271817796156659 7.6702411320679298  6.0270825731691904 7.6952233479335588  6.0271268800148929 7.7202089558244573  6.0273146003040221 7.7451809835563559  6.0276454064349929 7.7701223362879501  6.0281190143065944 7.79501594959362  6.0287351388796671 7.8198447216921947  6.0294930757013452 7.8445926780221154  6.0303920941002547 7.8692438974171139  6.0314315122201601 7.8937823868047463  6.0326104590716492 7.9181924201179932  6.033927747355091 7.9424587144027212  6.0353822422478611 7.9665659200081462  6.0369728222132064 7.9904986537127511  6.0386982625965038 8.0142417465798168  6.0405569923237161 8.0377807372818566  6.04254749657464 8.0611010521007422  6.0446682353859691 8.0841881904650972  6.0469177304577926 8.1070274716070667  6.0492941028188598 8.1296054784015066  6.051795360120007 8.1519091633235874  6.0544195443190585 8.1739253878694811  6.0571646960598793 8.1956410283390095  6.0600288569441485 8.2170429927964648  6.0630100968751215 8.2381180474445745  6.0661063968539519 8.258853532385384  6.0693154674166578 8.2792384728267638  6.0726350668645424 8.2992616462146813  6.0760629498975609 8.3189118960560986  6.0795968813641927 8.3381780493759123  6.0832346341964927 8.3570489330662543  6.0869739855471616 8.3755133910394761  6.090812445481748 8.3935614994079781  6.0947475361105701 8.4111833170041592  6.0987767871025786 8.4283689072249413  6.1028977373175195 8.4451083324890472  6.1071079350540369 8.4613916545635615  6.1114049378933286 8.4772089388003415  6.1157861201865646 8.4925513887494244  6.1202488644992306 8.5074102088649841  6.124790567483644 8.5217765886782928  6.129408618159526 8.5356417771923976  6.1341002440291357 8.5489975820456454  6.1388626887475048 8.5618358012769438  6.1436932219502713 8.5741481278210543  6.148589035351363 8.5859267825071797  6.1535472302732614 8.5971645773106591  6.1585649296311136 8.6078542377510008  6.1636392894303356 8.6179883836618423  6.1687673412833055 8.627560273340249  6.1739459808020065 8.6365638472186212  6.179172141236088 8.6449928989523173  6.1844427543651772 8.6528412744230145  6.1897547691127386 8.6601027573841431  6.195104965652118 8.6667727740815028  6.2004901229060962 8.6728468032294384  6.2059070236548077 8.6783203304297984  6.2113524687945274 8.6831887613867504  6.2168232192925217 8.6874478254580794  6.2223158073397924 8.6910948082354444  6.2278267927022357 8.6941268659073785  6.2333527350951492 8.6965410225299955  6.2388901859861186 8.6983350864336622  6.2444356777236756 8.6995079557774257  6.2499857471642155 8.7000582749567084  6.2555369352610732 8.6999850659259863  6.2610857848332238 8.6992885340668842  6.2666288354397928 8.697969399215209  6.2721626256789591 8.6960281656204863  6.2776836940397969 8.6934653296019526  6.2813536185562322 8.691342702409651  6.2831853071795862 8.6901779542306095 
 0 4 0.007575757575757576 1 0.015151515151515152 1 0.022727272727272728 1 0.030303030303030304 1 0.03787878787878788 1 0.045454545454545456 1 0.053030303030303032 1 0.060606060606060608 1 0.068181818181818177 1 0.07575757575757576 1 0.083333333333333343 1 0.090909090909090912 1 0.098484848484848481 1 0.10606060606060606 1 0.11363636363636365 1 0.12121212121212122 1 0.12878787878787878 1 0.13636363636363635 1 0.14393939393939395 1 0.15151515151515152 1 0.15909090909090909 1 0.16666666666666669 1 0.17424242424242425 1 0.18181818181818182 1 0.18939393939393939 1 0.19696969696969696 1 0.20454545454545456 1 0.21212121212121213 1 0.2196969696969697 1 0.22727272727272729 1 0.23484848484848486 1 0.24242424242424243 1 0.25 1 0.25757575757575757 1 0.26515151515151514 1 0.27272727272727271 1 0.28030303030303033 1 0.2878787878787879 1 0.29545454545454547 1 0.30303030303030304 1 0.31060606060606061 1 0.31818181818181818 1 0.32575757575757575 1 0.33333333333333337 1 0.34090909090909094 1 0.34848484848484851 1 0.35606060606060608 1 0.36363636363636365 1 0.37121212121212122 1 0.37878787878787878 1 0.38636363636363635 1 0.39393939393939392 1 0.40151515151515155 1 0.40909090909090912 1 0.41666666666666669 1 0.42424242424242425 1 0.43181818181818182 1 0.43939393939393939 1 0.44696969696969696 1 0.45454545454545459 1 0.46212121212121215 1 0.46969696969696972 1 0.47727272727272729 1 0.48484848484848486 1 0.49242424242424243 1 0.5 1 0.50757575757575757 1 0.51515151515151514 1 0.52272727272727271 1 0.53030303030303028 1 0.53787878787878785 1 0.54545454545454541 1 0.55303030303030309 1 0.56060606060606066 1 0.56818181818181823 1 0.5757575757575758 1 0.58333333333333337 1 0.59090909090909094 1 0.59848484848484851 1 0.60606060606060608 1 0.61363636363636365 1 0.62121212121212122 1 0.62878787878787878 1 0.63636363636363635 1 0.64393939393939392 1 0.65151515151515149 1 0.65909090909090906 1 0.66666666666666674 1 0.67424242424242431 1 0.68181818181818188 1 0.68939393939393945 1 0.69696969696969702 1 0.70454545454545459 1 0.71212121212121215 1 0.71969696969696972 1 0.72727272727272729 1 0.73484848484848486 1 0.74242424242424243 1 0.75 1 0.75757575757575757 1 0.76515151515151514 1 0.77272727272727271 1 0.78030303030303028 1 0.78787878787878785 1 0.79545454545454553 1 0.80303030303030309 1 0.81060606060606066 1 0.81818181818181823 1 0.8257575757575758 1 0.83333333333333337 1 0.84090909090909094 1 0.84848484848484851 1 0.85606060606060608 1 0.86363636363636365 1 0.87121212121212122 1 0.87878787878787878 1 0.88636363636363635 1 0.89393939393939392 1 0.90151515151515149 1 0.90909090909090917 1 0.91666666666666674 1 0.92424242424242431 1 0.93181818181818188 1 0.93939393939393945 1 0.94696969696969702 1 0.95454545454545459 1 0.96212121212121215 1 0.96969696969696972 1 0.97727272727272729 1 0.98484848484848486 1 0.99242424242424243 1 1 4
7 0 0  3 135 133  6.2831853071795862 10.49782751793072  6.2748610164697212 10.497569406653449  6.2582146445536075 10.497006077179089  6.2332518224882723 10.496021914915087  6.2082957908793848 10.494900825945525  6.1833467886508622 10.493644741377526  6.1584050554894567 10.492255277385738  6.1334708354469498 10.490734072186843  6.1085443538286732 10.489082919463323  6.0836261684607322 10.487305079542981  6.058716901506628 10.485403689173594  6.0338172012595255 10.483381935276206  6.0089277352785775 10.481242927658846  5.9840484000579526 10.478991042642138  5.9591791458308627 10.476630746123385  5.9343199964983029 10.474166474628056  5.9094709886884917 10.471602693167386  5.8846321679364024 10.468943782181347  5.8598031251249925 10.466195235914345  5.8349835055070827 10.46336266109059  5.8101730024313412 10.460451654019764  5.7853713826663018 10.457467741705898  5.7605781395670856 10.45441679000443  5.7357924646668099 10.451305140119771  5.7110136656156669 10.448139056624994  5.6862410613664309 10.444924767984986  5.6614738715943353 10.441668788547345  5.6367112817756819 10.438377905003398  5.6119525240837085 10.435058849534446  5.5871968326410659 10.431718353026056  5.5624431869156012 10.428363401839313  5.537690572644772 10.42500100709981  5.5129379761265831 10.421638172882409  5.4881843377607886 10.418281906933929  5.4634287387485045 10.414939331322081  5.4386703134904923 10.411617566518927  5.4139082088801729 10.408323733191043  5.3891415525804707 10.405064952822638  5.3643694298468159 10.401848343432819  5.3395908175346136 10.398681036083493  5.3148050555702362 10.39556982440733  5.2900115505674279 10.392521487119117  5.265209706550003 10.389542804863886  5.2403988915969766 10.386640565434966  5.2155784386059718 10.383821526102242  5.1907474743240378 10.381092559081075  5.1659058502365909 10.378459604344126  5.141053665892656 10.375928379886941  5.1161909827902861 10.373504657003737  5.0913178417801639 10.371194206365777  5.0664342430144025 10.369002747837515  5.0415399805691798 10.366936205133571  5.016635225440103 10.364999482656017  4.9917205920869492 10.36319665583749  4.9667966195538646 10.361531997605445  4.9418638484005815 10.360009678673265  4.9169227158534135 10.358634081115916  4.8919736686520086 10.357408700869648  4.8670173367726441 10.356335870877393  4.8420543329463523 10.35541816962  4.817085281686019 10.354658052907077  4.7921106157435176 10.354058221695345  4.7671314308049375 10.353619883932941  4.7421491525362374 10.353343705076785  4.7171651516459683 10.353230441580518  4.6921807533397626 10.35328098691137  4.6671973028520988 10.353495028356583  4.6422163406990151 10.353871569902525  4.6172394067944289 10.354409745408356  4.5922680402518683 10.355108688689949  4.5673028202582966 10.35596616166724  4.542344356569199 10.35697983883923  4.517393310097674 10.358147552908651  4.4924501880307268 10.359466514457063  4.4675153593357706 10.36093289205952  4.4425892915358638 10.362543022020652  4.4176724844156343 10.364293277239579  4.392765320315883 10.36617969545785  4.3678679453633613 10.368197195981805  4.3429806254066179 10.370340867785183  4.3181036210809083 10.37260571562754  4.2932372455238195 10.374986911457738  4.2683812730342492 10.377478487848816  4.2435354552677573 10.380074144452783  4.218699671771839 10.382767664173896  4.1938738514325706 10.385552811374961  4.1690579237618444 10.388423341332333  4.1442518699001187 10.391373064209601  4.1194553261395406 10.394395564675126  4.0946671716824952 10.397483764491401  4.0698865058053091 10.400630682924088  4.0451124500030389 10.403829313140887  4.0203441594575864 10.40707265519824  3.9955807835883981 10.410353707695553  3.9708214204331416 10.41366546817099  3.9460650733585716 10.417000828706586  3.9213108298861279 10.420352682897089  3.8965578136555354 10.42371392391289  3.8718051563636369 10.427077445109129  3.8470519681703887 10.43043613952635  3.8222972941111557 10.433782901278656  3.7975401376877826 10.437110918366386  3.7727795422134331 10.440413380637418  3.7480145363278723 10.443683468065961  3.7232441464078416 10.446914398710508  3.6984677554646304 10.45009974754859  3.673684730699744 10.453233083363227  3.648894377785604 10.456307908035059  3.6240960678643308 10.459318059487561  3.5992893188976769 10.462257750148428  3.5744736238549795 10.465121142678028  3.5496483528790783 10.467902313094159  3.5248131517098269 10.470595834049451  3.4999680516741023 10.473196807131991  3.4751129940168148 10.47570022015883  3.4502478965197376 10.478101101351049  3.4253725598049556 10.480394431084628  3.4004871227140967 10.482576452772662  3.3755917665414934 10.48464345007894  3.3506866576483816 10.486591712301804  3.325771864707761 10.488417466043671  3.3008475184329402 10.490117191647577  3.2759145651853441 10.491688591228014  3.2509738770531857 10.49312926245079  3.2260263059440586 10.494436710219935  3.2010726420198985 10.495609006431186  3.1761137169141342 10.496645013207948  3.1511503518681341 10.497543405962864  3.1261833042253304 10.498303151458696  3.1012133313699408 10.498924103318185  3.0762412546046374 10.499406496240024  3.0512678819279024 10.499750404991282  3.0262939800282815 10.499955898326931  3.0096447748402344 10.500000663459137  3.0013202986486451 10.5 
 0 4 0.007575757575757576 1 0.015151515151515152 1 0.022727272727272728 1 0.030303030303030304 1 0.03787878787878788 1 0.045454545454545456 1 0.053030303030303032 1 0.060606060606060608 1 0.068181818181818177 1 0.07575757575757576 1 0.083333333333333343 1 0.090909090909090912 1 0.098484848484848481 1 0.10606060606060606 1 0.11363636363636365 1 0.12121212121212122 1 0.12878787878787878 1 0.13636363636363635 1 0.14393939393939395 1 0.15151515151515152 1 0.15909090909090909 1 0.16666666666666669 1 0.17424242424242425 1 0.18181818181818182 1 0.18939393939393939 1 0.19696969696969696 1 0.20454545454545456 1 0.21212121212121213 1 0.2196969696969697 1 0.22727272727272729 1 0.23484848484848486 1 0.24242424242424243 1 0.25 1 0.25757575757575757 1 0.26515151515151514 1 0.27272727272727271 1 0.28030303030303033 1 0.2878787878787879 1 0.29545454545454547 1 0.30303030303030304 1 0.31060606060606061 1 0.31818181818181818 1 0.32575757575757575 1 0.33333333333333337 1 0.34090909090909094 1 0.34848484848484851 1 0.35606060606060608 1 0.36363636363636365 1 0.37121212121212122 1 0.37878787878787878 1 0.38636363636363635 1 0.39393939393939392 1 0.40151515151515155 1 0.40909090909090912 1 0.41666666666666669 1 0.42424242424242425 1 0.43181818181818182 1 0.43939393939393939 1 0.44696969696969696 1 0.45454545454545459 1 0.46212121212121215 1 0.46969696969696972 1 0.47727272727272729 1 0.48484848484848486 1 0.49242424242424243 1 0.5 1 0.50757575757575757 1 0.51515151515151514 1 0.52272727272727271 1 0.53030303030303028 1 0.53787878787878785 1 0.54545454545454541 1 0.55303030303030309 1 0.56060606060606066 1 0.56818181818181823 1 0.5757575757575758 1 0.58333333333333337 1 0.59090909090909094 1 0.59848484848484851 1 0.60606060606060608 1 0.61363636363636365 1 0.62121212121212122 1 0.62878787878787878 1 0.63636363636363635 1 0.64393939393939392 1 0.65151515151515149 1 0.65909090909090906 1 0.66666666666666674 1 0.67424242424242431 1 0.68181818181818188 1 0.68939393939393945 1 0.69696969696969702 1 0.70454545454545459 1 0.71212121212121215 1 0.71969696969696972 1 0.72727272727272729 1 0.73484848484848486 1 0.74242424242424243 1 0.75 1 0.75757575757575757 1 0.76515151515151514 1 0.77272727272727271 1 0.78030303030303028 1 0.78787878787878785 1 0.79545454545454553 1 0.80303030303030309 1 0.81060606060606066 1 0.81818181818181823 1 0.8257575757575758 1 0.83333333333333337 1 0.84090909090909094 1 0.84848484848484851 1 0.85606060606060608 1 0.86363636363636365 1 0.87121212121212122 1 0.87878787878787878 1 0.88636363636363635 1 0.89393939393939392 1 0.90151515151515149 1 0.90909090909090917 1 0.91666666666666674 1 0.92424242424242431 1 0.93181818181818188 1 0.93939393939393945 1 0.94696969696969702 1 0.95454545454545459 1 0.96212121212121215 1 0.96969696969696972 1 0.97727272727272729 1 0.98484848484848486 1 0.99242424242424243 1 1 4
1 6.2831853071795862 0 0 1 
1 0 0 0 1 
1 0 10.199999999999999 1 0 
7 0 0  3 135 133  0 6.7098220455099504  0.0015933047062413053 6.7108337242027831  0.0047748842877952669 6.7130136083493799  0.0095300401303033411 6.7167501328241226  0.014265860876673919 6.7209504610498909  0.018980216313046583 6.725611742188379  0.023670961804736379 6.7307315720201482  0.028335950885034045 6.7363074910872802  0.032973032407365821 6.7423371359595858  0.037580060735284526 6.7488177942964374  0.042154911097348702 6.7557456108706804  0.046695448688408803 6.7631168975549114  0.051199541056186959 6.7709278932285839  0.055665030021591733 6.7791749616440349  0.060089848864585349 6.7878539630878576  0.064472056046638748 6.7969600689897476  0.068809679131343948 6.8064885826537829  0.073100745639151476 6.8164347806559533  0.077343282294668469 6.826793914610227  0.081535289447106862 6.8375613627067189  0.085674889324417691 6.8487317728514689  0.089760266233996688 6.8602993993227983  0.093789580956687324 6.8722585953711741  0.09776099836741281 6.8846036679128293  0.10167265682551285 6.8973290102287992  0.10552278459233477 6.9104286377919237  0.10930969806662016 6.9238961928763754  0.11303168799595564 6.9377253967398032  0.11668704474994573 6.9519099505108235  0.12027405301172056 6.9664435568501784  0.12379111663287645 6.9813193675318841  0.12723663211733793 6.9965305428333506  0.13060899402497217 7.0120702275570199  0.13390658065297334 7.0279316199018211  0.1371278818522752 7.0441073630383846  0.1402713992181388 7.0605900182703216  0.14333562953545886 7.0773721559985132  0.14631904897633419 7.0944463901636992  0.14922020233522471 7.1118051257067645  0.15203775763836092 7.1294404011028059  0.15477035485730806 7.147344325723088  0.15741663963685859 7.1655089741111695  0.15997523931448487 7.1839264892252856  0.16244482929235637 7.202588757608841  0.16482422786670359 7.2214869392918315  0.16711222897361733 7.2406123017654309  0.16930762790282916 7.2599560864552961  0.17140922113649992 7.2795095315880438  0.17341578167835525 7.2992639142518998  0.17532631633501516 7.3192100513977847  0.17713986353418587 7.3393386935913094  0.17885544887517391 7.3596406162941719  0.18047210681693127 7.3801065605253653  0.1819888379021517 7.4007273801785916  0.18340481509718831 7.4214933110132373  0.18471931015210075 7.4423942351019461  0.18593156889038553 7.4634201201159325  0.18704084791543441 7.4845609024595463  0.18804638053988043 7.5058065580059523  0.18894765443073158 7.5271466444849935  0.18974418494063805 7.5485706702359661  0.19043548690343037 7.570068157040426  0.19102104737725956 7.5916286215373781  0.19150058874519438 7.6132415948135961  0.19187388971503871 7.6348966116461749  0.19214071871611083 7.6565832037588821  0.19230083078925464 7.6782909115424847  0.19235417609289307 7.7000091795902659  0.19230073680662407 7.7217274380098981  0.19214053108125295 7.7434351248605893  0.19187365009489366 7.7651216580522897  0.19150029707049043 7.7867764333827525  0.19102063656383717 7.8083888350877002  0.19043491114117828 7.829948312256918  0.18974358336935992 7.8514445167241771  0.18894708101780289 7.8728670681443225  0.18804585055865353 7.8942056048207254  0.18704029627342056 7.9154497226416485  0.18593101225262476 7.9365892111617882  0.18471876903520545 7.9576140410360452  0.18340429737820774 7.9785141421013206  0.18198833959486027 7.9992794617968519  0.18047162548943341 8.0198999179705783  0.1788549177970653 8.0403655308621573  0.17713924778405055 8.0606671495960249  0.175325622738006 8.0807955556664446  0.17341505351174291 8.1007415478395473  0.17140854871792666 8.1204959234242153  0.16930711014469768 8.1400494682864473  0.16711175690344326 8.1593930159371038  0.16482374093358487 8.1785179828099874  0.16244429566044616 8.197415745007449  0.15997465868795757 8.2160777042976498  0.1574160509485143 8.2344952001168892  0.15476974144597033 8.2526598169907555  0.1520371150794384 8.2705637113964681  0.14921953203070881 8.288198942221058  0.14631835943059102 8.305557611680582  0.14333493767270511 8.3226317462652375  0.14027070769502448 8.3394137126108898  0.13712719493146519 8.3558961653877457  0.1339059011945487 8.3720716983358336  0.13060832676769252 8.387932913066324  0.127235973187104 8.4034724408179624  0.12379046026496621 8.4186834674889308  0.12027339608652632 8.4335591489739183  0.1166863872153403 8.448092657403441  0.11303102668970499 8.4622771299681858  0.10930902677988641 8.4761062432602383  0.10552210334807821 8.4895737121349999  0.10167196870904682 8.50267325866802  0.097760313107572827 8.5153985381484922  0.093788894878234608 8.5277435088269069  0.089759578905282744 8.5397025866923677  0.085674202810766431 8.5512700961663697  0.081534607390768343 8.5624404027703065  0.077342614544142485 8.5732077991934759  0.073100086008107468 8.5835668445321076  0.068809022008056608 8.5935129274793702  0.064471398394577939 8.6030413208157093  0.060089189868666182 8.6121473202651551  0.055664370803311769 8.6208262456900933  0.051198886472984206 8.6290732974559621  0.046694785529473926 8.6368842351166322  0.042154235520714067 8.6442554497096946  0.037579374601477866 8.651183190174379  0.032972344370057804 8.6576637866123924  0.028335276058066405 8.6636933865738861  0.023670318822186509 8.669269191927631  0.01897962950503107 8.6743888749606981  0.014265359817147605 8.6790499835134778  0.0095296599472094456 8.6832501355648706  0.0047746662452352595 8.6869865063178953  0.0015932261392626046 8.6891663088422444  0 8.6901779542306095 
 0 4 0.007575757575757576 1 0.015151515151515152 1 0.022727272727272728 1 0.030303030303030304 1 0.03787878787878788 1 0.045454545454545456 1 0.053030303030303032 1 0.060606060606060608 1 0.068181818181818177 1 0.07575757575757576 1 0.083333333333333343 1 0.090909090909090912 1 0.098484848484848481 1 0.10606060606060606 1 0.11363636363636365 1 0.12121212121212122 1 0.12878787878787878 1 0.13636363636363635 1 0.14393939393939395 1 0.15151515151515152 1 0.15909090909090909 1 0.16666666666666669 1 0.17424242424242425 1 0.18181818181818182 1 0.18939393939393939 1 0.19696969696969696 1 0.20454545454545456 1 0.21212121212121213 1 0.2196969696969697 1 0.22727272727272729 1 0.23484848484848486 1 0.24242424242424243 1 0.25 1 0.25757575757575757 1 0.26515151515151514 1 0.27272727272727271 1 0.28030303030303033 1 0.2878787878787879 1 0.29545454545454547 1 0.30303030303030304 1 0.31060606060606061 1 0.31818181818181818 1 0.32575757575757575 1 0.33333333333333337 1 0.34090909090909094 1 0.34848484848484851 1 0.35606060606060608 1 0.36363636363636365 1 0.37121212121212122 1 0.37878787878787878 1 0.38636363636363635 1 0.39393939393939392 1 0.40151515151515155 1 0.40909090909090912 1 0.41666666666666669 1 0.42424242424242425 1 0.43181818181818182 1 0.43939393939393939 1 0.44696969696969696 1 0.45454545454545459 1 0.46212121212121215 1 0.46969696969696972 1 0.47727272727272729 1 0.48484848484848486 1 0.49242424242424243 1 0.5 1 0.50757575757575757 1 0.51515151515151514 1 0.52272727272727271 1 0.53030303030303028 1 0.53787878787878785 1 0.54545454545454541 1 0.55303030303030309 1 0.56060606060606066 1 0.56818181818181823 1 0.5757575757575758 1 0.58333333333333337 1 0.59090909090909094 1 0.59848484848484851 1 0.60606060606060608 1 0.61363636363636365 1 0.62121212121212122 1 0.62878787878787878 1 0.63636363636363635 1 0.64393939393939392 1 0.65151515151515149 1 0.65909090909090906 1 0.66666666666666674 1 0.67424242424242431 1 0.68181818181818188 1 0.68939393939393945 1 0.69696969696969702 1 0.70454545454545459 1 0.71212121212121215 1 0.71969696969696972 1 0.72727272727272729 1 0.73484848484848486 1 0.74242424242424243 1 0.75 1 0.75757575757575757 1 0.76515151515151514 1 0.77272727272727271 1 0.78030303030303028 1 0.78787878787878785 1 0.79545454545454553 1 0.80303030303030309 1 0.81060606060606066 1 0.81818181818181823 1 0.8257575757575758 1 0.83333333333333337 1 0.84090909090909094 1 0.84848484848484851 1 0.85606060606060608 1 0.86363636363636365 1 0.87121212121212122 1 0.87878787878787878 1 0.88636363636363635 1 0.89393939393939392 1 0.90151515151515149 1 0.90909090909090917 1 0.91666666666666674 1 0.92424242424242431 1 0.93181818181818188 1 0.93939393939393945 1 0.94696969696969702 1 0.95454545454545459 1 0.96212121212121215 1 0.96969696969696972 1 0.97727272727272729 1 0.98484848484848486 1 0.99242424242424243 1 1 4
7 0 0  3 135 133  0.14027235486999956 10.5  0.14751324286132128 10.50000051561452  0.16199448927287907 10.499966636895516  0.18371468392732559 10.499813069945374  0.20543315095155457 10.499558743647228  0.22714972014015089 10.499205617595702  0.24886423086675702 10.498755345267391  0.27057651318539833 10.498209617998745  0.29228642879205147 10.497570061312469  0.31399382169267298 10.496838539860718  0.33569831993167654 10.496017701713201  0.35739953597854246 10.49511008015261  0.37909707770600853 10.494118259442425  0.40079051359616624 10.493044734710022  0.42247966080995969 10.491892361810377  0.44416459768137173 10.490664490414998  0.46584530030495142 10.489364375394647  0.48752173881865879 10.48799529181219  0.50919388410433264 10.486560528762894  0.53086170005483613 10.485063299020268  0.5525253353572257 10.483507257251947  0.57418497882749175 10.481896296106418  0.59584076459331214 10.480234249201663  0.61749282689225993 10.478524974966527  0.63914127544259536 10.476772291616893  0.66078637742741719 10.474980189124278  0.68242850434416891 10.473152826799931  0.70406797494009066 10.471294328063573  0.72570510973500646 10.469408825690532  0.74734024464008986 10.467500450925465  0.76897377841152004 10.465573465871913  0.79060608343268957 10.463632131419878  0.81223752685383221 10.461680708822431  0.83386849621113601 10.459723459093928  0.85549934301571007 10.45776464548465  0.87713038587639591 10.455808532898542  0.89876194350884386 10.4538593814124  0.9203943394895493 10.451921468766896  0.94202795826919328 10.449998997704705  0.96366322029340523 10.448096040489892  0.98530052373203691 10.446216694969451  1.0069402682613191 10.444365045209654  1.0285829003158113 10.442545204816669  1.0502288031208575 10.440761175328946  1.0718780473251375 10.439016640754426  1.0935307277840662 10.437315331419503  1.115186931365403 10.435660968784356  1.1368467669683104 10.434057263455639  1.1585103889554915 10.43250797832032  1.1801779634985721 10.431016278465137  1.2018496270845365 10.429585243798689  1.2235255205506359 10.4282179833742  1.245205781220319 10.426917573230666  1.2668906508763582 10.425687192319369  1.2885800376857421 10.424529458384557  1.3102736127222485 10.423446667458473  1.3319710934143387 10.422441195562568  1.3536721936574132 10.421515381831037  1.3753766881931782 10.420671632957919  1.3970841804094825 10.419911585726302  1.4187942251540786 10.419236792436902  1.4405063898014783 10.418648804788884  1.462220251349696 10.418149259963725  1.4839355368725569 10.417739060091408  1.505651978676422 10.417418931611788  1.5273692965110399 10.417189631888149  1.5490872397938489 10.417051962532133  1.5708055056504362 10.417006084428243  1.5925237662872407 10.417052053881758  1.6142417032594425 10.417189810051205  1.6359589756841899 10.417419059251843  1.6576751901483275 10.417739150497312  1.6793899496662927 10.418149556383296  1.7011029160300977 10.418649498409145  1.7228138374957283 10.419237489119393  1.744522415299679 10.419912151484095  1.7662283518245392 10.420672048752234  1.7879313577425542 10.42151587263163  1.8096312046933036 10.4224417326003  1.8313276500062408 10.423447195294967  1.8530204085959436 10.424529946078696  1.8747091894939754 10.425687631832739  1.8963936930726817 10.426917934639206  1.9180737096527132 10.428218432628775  1.9397494482018125 10.42958587495856  1.9614210259679439 10.431017078340631  1.9830885415911332 10.432508842262871  2.0047520802757575 10.434057967554949  2.0264117315345409 10.435661266903637  2.0480676248167509 10.437315503797466  2.0697199732014102 10.439016842933373  2.0913689389182863 10.440761487861488  2.1130146751998744 10.442545625530625  2.1346573109629681 10.444365470441634  2.156297087919512 10.446217134564536  2.1779344397831188 10.448096491904966  2.1995697381895525 10.449999456617174  2.2212033570350904 10.451921926552167  2.2428356821960982 10.453859824625304  2.2644671063837567 10.455808963772212  2.2860979823423264 10.457765063718522  2.3077286508706845 10.459723864663784  2.3293594538194498 10.461681101265432  2.3509907592405561 10.463632509876909  2.3726229525319216 10.465573830934845  2.3942564005711038 10.467500804191829  2.4158914726309497 10.469409171578942  2.4375285674312792 10.471294666997315  2.4591680156765996 10.473153154559348  2.480810125336399 10.474980506571967  2.5024552043017074 10.476772601047424  2.5241036053518879 10.478525285068326  2.5457556131702894 10.480234543249953  2.5674113399751484 10.481896567971107  2.5890709196341337 10.483507509350972  2.610734486092035 10.485063538911204  2.6324022192063445 10.486560784823173  2.6540742894036935 10.487995537099778  2.6757506661039869 10.489364590476445  2.6974313200422664 10.490664669414381  2.7191162200130261 10.491892511348539  2.7408053396413816 10.493044872093083  2.7624987489394037 10.494118420971551  2.7841963056012293 10.495110230899162  2.8058975505104655 10.496017830293235  2.8276020705866713 10.496838645536929  2.8493094539618955 10.497570159734796  2.8710192992219916 10.498209731139932  2.8927314135038955 10.498755437048594  2.9144456442671292 10.49920567551078  2.9361618003222585 10.499558759722882  2.9578797007790492 10.49981305070712  2.9795991513785154 10.499966607555491  2.994079765350989 10.500000501086186  3.0013202986486451 10.5 
 0 4 0.007575757575757576 1 0.015151515151515152 1 0.022727272727272728 1 0.030303030303030304 1 0.03787878787878788 1 0.045454545454545456 1 0.053030303030303032 1 0.060606060606060608 1 0.068181818181818177 1 0.07575757575757576 1 0.083333333333333343 1 0.090909090909090912 1 0.098484848484848481 1 0.10606060606060606 1 0.11363636363636365 1 0.12121212121212122 1 0.12878787878787878 1 0.13636363636363635 1 0.14393939393939395 1 0.15151515151515152 1 0.15909090909090909 1 0.16666666666666669 1 0.17424242424242425 1 0.18181818181818182 1 0.18939393939393939 1 0.19696969696969696 1 0.20454545454545456 1 0.21212121212121213 1 0.2196969696969697 1 0.22727272727272729 1 0.23484848484848486 1 0.24242424242424243 1 0.25 1 0.25757575757575757 1 0.26515151515151514 1 0.27272727272727271 1 0.28030303030303033 1 0.2878787878787879 1 0.29545454545454547 1 0.30303030303030304 1 0.31060606060606061 1 0.31818181818181818 1 0.32575757575757575 1 0.33333333333333337 1 0.34090909090909094 1 0.34848484848484851 1 0.35606060606060608 1 0.36363636363636365 1 0.37121212121212122 1 0.37878787878787878 1 0.38636363636363635 1 0.39393939393939392 1 0.40151515151515155 1 0.40909090909090912 1 0.41666666666666669 1 0.42424242424242425 1 0.43181818181818182 1 0.43939393939393939 1 0.44696969696969696 1 0.45454545454545459 1 0.46212121212121215 1 0.46969696969696972 1 0.47727272727272729 1 0.48484848484848486 1 0.49242424242424243 1 0.5 1 0.50757575757575757 1 0.51515151515151514 1 0.52272727272727271 1 0.53030303030303028 1 0.53787878787878785 1 0.54545454545454541 1 0.55303030303030309 1 0.56060606060606066 1 0.56818181818181823 1 0.5757575757575758 1 0.58333333333333337 1 0.59090909090909094 1 0.59848484848484851 1 0.60606060606060608 1 0.61363636363636365 1 0.62121212121212122 1 0.62878787878787878 1 0.63636363636363635 1 0.64393939393939392 1 0.65151515151515149 1 0.65909090909090906 1 0.66666666666666674 1 0.67424242424242431 1 0.68181818181818188 1 0.68939393939393945 1 0.69696969696969702 1 0.70454545454545459 1 0.71212121212121215 1 0.71969696969696972 1 0.72727272727272729 1 0.73484848484848486 1 0.74242424242424243 1 0.75 1 0.75757575757575757 1 0.76515151515151514 1 0.77272727272727271 1 0.78030303030303028 1 0.78787878787878785 1 0.79545454545454553 1 0.80303030303030309 1 0.81060606060606066 1 0.81818181818181823 1 0.8257575757575758 1 0.83333333333333337 1 0.84090909090909094 1 0.84848484848484851 1 0.85606060606060608 1 0.86363636363636365 1 0.87121212121212122 1 0.87878787878787878 1 0.88636363636363635 1 0.89393939393939392 1 0.90151515151515149 1 0.90909090909090917 1 0.91666666666666674 1 0.92424242424242431 1 0.93181818181818188 1 0.93939393939393945 1 0.94696969696969702 1 0.95454545454545459 1 0.96212121212121215 1 0.96969696969696972 1 0.97727272727272729 1 0.98484848484848486 1 0.99242424242424243 1 1 4
7 0 0  3 179 177  4.7123889803553567 7.0646835306250004  4.7114245961226722 7.0646835384722459  4.7094955616269942 7.0645285111560652  4.7066050583603136 7.0638313800885868  4.7037214096206537 7.0626695458953472  4.7008485632697523 7.0610451774436278  4.6979904642170682 7.0589606999657519  4.695151113926225 7.0564182804068718  4.6923340337409813 7.0534217586276382  4.6895426316382105 7.0499753436561923  4.6867803455024983 7.0460832251576733  4.6840506096589936 7.0417493176755173  4.6813568351305062 7.036979869597066  4.6787024282617544 7.0317817364529489  4.6760907969842274 7.0261616321395746  4.6735253584610295 7.0201262586732902  4.6710095008447672 7.0136825090421695  4.6685462568751115 7.0068396503633092  4.6661386840884598 6.999606800019234  4.6637898365692498 6.9919931127168313  4.661502769932957 6.9840077436000829  4.659280548572541 6.9756598087402528  4.6571257974404032 6.9669608909748408  4.6550411355772665 6.95792261836813  4.653029185960297 6.9485566075817609  4.6510925736176816 6.9388744756873058  4.6492339226084844 6.9288878495192554  4.6474558693398729 6.918608316450479  4.6457604239755002 6.9080497893377224  4.6441495870621488 6.8972262225224013  4.6426253616616453 6.8861515635039741  4.6411897585104454 6.8748397456898136  4.6398447629543371 6.8633047656975954  4.6385924617282859 6.8515603813959132  4.6374344052134999 6.8396216318616974  4.6363718076613818 6.8275043597415674  4.6354059602685949 6.8152242229458349  4.6345381412119817 6.8027969217257764  4.6337696073103425 6.7902381717051785  4.6331017172464923 6.7775635846767903  4.6325352595173097 6.7647893679581692  4.6320706982110895 6.7519320673626382  4.6317085783964487 6.7390081461312317  4.6314494077001047 6.7260340995258714  4.6312937632348756 6.7130263772972194  4.6312419366586726 6.7000016074769988  4.6312938415577358 6.6869766498785843  4.6314493308755722 6.6739683235590475  4.6317082145431492 6.6609934403277373  4.6320703941538968 6.6480688817163216  4.6325353654246637 6.6352111880395652  4.6331022103547648 6.6224365493968156  4.6337700968480577 6.6097612271361088  4.634538176087287 6.5972014731566615  4.6354055818666318 6.5847735059042911  4.6363715358703841 6.5724936870871824  4.6374345729830422 6.560377265597138  4.638593047645621 6.5484391976709349  4.6398453597035489 6.5366945092860913  4.6411899041168088 6.5251582259751508  4.6426250552433102 6.5138453053098022  4.6441492801479454 6.5027709771501137  4.6457605037063683 6.4919488670752594  4.6474563882266189 6.4813918218030908  4.6492346599583989 6.471112870902866  4.6510930340328116 6.4611250125780693  4.6530292153313741 6.4514411876439057  4.6550409705258664 6.442074597834444  4.6571257996538638 6.4330372865837839  4.6592808198992772 6.4243396387011353  4.6615032241477659 6.4159923571758988  4.6637901884039259 6.4080060659705955  4.6661388921134934 6.4003913869750804  4.6685465303215352 6.3931590293967302  4.6710099137988452 6.3863172478870736  4.6735258367657506 6.3798741810021609  4.6760911016660947 6.3738380124485383  4.6787025054065818 6.3682168610841314  4.6813568708936737 6.3630190600107976  4.6840507572029679 6.3582505323273191  4.6867806901541735 6.3539168984813807  4.6895432009208653 6.3500237804408401  4.6923348406323839 6.3465770906755372  4.6951520580434503 6.3435811632684658  4.6979912237167509 6.3410391550877039  4.7008487242399486 6.3389544113569798  4.7037209527088102 6.3373305084122373  4.7066042461515769 6.3361692803113803  4.7094949119743204 6.3354716606522103  4.7123892649643242 6.3352388423638901  4.7152836186780025 6.335471786177429  4.7181742850883017 6.3361694227392054  4.7210575778465609 6.3373307109033119  4.7239298018278513 6.3389548675693268  4.7267873092476327 6.3410395503712644  4.7296264801743853 6.3435814725633168  4.7324436837959425 6.3465776184769203  4.7352353028589675 6.3500247143798916  4.7379978372337375 6.3539175437236528  4.7407277836630621 6.3582509517526509  4.7434216139881533 6.3630200191044475  4.7460759326442199 6.368218423793671  4.7486874314186549 6.3738388943226303  4.7512527890923044 6.3798743054177924  4.7537686512697812 6.3863177552052761  4.7562318854443548 6.393160647053131  4.7586394583373881 6.4003936115373277  4.7609883095277645 6.4080074691363809  4.7632753846286704 6.4159929826278672  4.7654976206987483 6.4243409556905675  4.7676523877147376 6.4330398394633592  4.7697370591064887 6.4420780556923383  4.7717490035460335 6.4514440388640111  4.773685593427393 6.461126201888141  4.7755441798746361 6.4711130312411056  4.777322186066546 6.4813927362394406  4.7790176327260037 6.4919512745891668  4.7806284894916331 6.5027747900881563  4.7821527395728669 6.5138493727533451  4.7835883547960183 6.5251611416334736  4.7849333310769415 6.5366961534310857  4.7861855718158104 6.5484406852016495  4.7873436238177041 6.5603794607940049  4.7884062342872635 6.57249671905896  4.7893721008095111 6.5847768192833609  4.7902399274944578 6.5972040949935025  4.7910084383807439 6.6097628623218165  4.7916762677927061 6.6224375327367611  4.792242720760914 6.6352117908731927  4.7927072932593022 6.6480691150940432  4.7930694276100203 6.660993039068269  4.7933285990720638 6.6739670707602867  4.7934842040686343 6.6869747656466156  4.7935360219230159 6.6999994562796461  4.7934841214095743 6.713024310085971  4.7933286345897113 6.7260325269178196  4.7930697357835426 6.7390073154983217  4.7927075016471195 6.7519318166615543  4.792242526457076 6.7647895623119139  4.7916756957274806 6.7775643056860408  4.7910078267681637 6.7902397491041722  4.7902397518242168 6.8027996036241465  4.7893723100283712 6.8152275962698434  4.7884062964937488 6.8275073814633629  4.7873432571666381 6.8396238381299135  4.7861847968275457 6.8515619418043521  4.7849325049059974 6.8633066461994314  4.7835879689172502 6.8748428964936439  4.7821527941960298 6.8861556938246444  4.7806285113887919 6.8972298240277095  4.7790172848288437 6.9080519209043132  4.7773214144832012 6.9186090166562808  4.7755431648263142 6.9288880463098357  4.7736848029589831 6.938875949911588  4.7717486117671086 6.9485597446021901  4.7697367987177399 6.9579261341257412  4.767651945548895 6.966963416258146  4.7654969192066332 6.9756611052925726  4.7632745197922617 6.9840084384445955  4.7609875650002351 6.9919947411849215  4.7586388572978384 6.9996092630413305  4.7562312302023884 7.0068414710501585  4.7537678822378284 7.0136832573711869  4.7512519867070724 7.020126357927885  4.7486867215737094 7.0261625518085582  4.7460752602643375 7.0317836016784625  4.7434207773599404 7.0369812927330759  4.7407267927537209 7.0417498791255468  4.7379968237639254 7.0460835729538545  4.735234381708306 7.0499766734901304  4.7324429955352301 7.0534231733650286  4.7296260714993759 7.0564190435043983  4.7267870015177138 7.0589610527032027  4.7239290762960495 7.0610456439976241  4.7210561252343535 7.0626699895446583  4.7181721380663424 7.0638315214273772  4.7152819154902339 7.0645286372766218  4.7133531904900483 7.0646836006765463  4.7123889803553567 7.0646835306250004 
 0 4 0.005681818181818182 1 0.011363636363636364 1 0.017045454545454544 1 0.022727272727272728 1 0.028409090909090912 1 0.034090909090909088 1 0.039772727272727272 1 0.045454545454545456 1 0.05113636363636364 1 0.056818181818181823 1 0.0625 1 0.068181818181818177 1 0.073863636363636367 1 0.079545454545454544 1 0.085227272727272735 1 0.090909090909090912 1 0.096590909090909088 1 0.10227272727272728 1 0.10795454545454546 1 0.11363636363636365 1 0.11931818181818182 1 0.125 1 0.13068181818181818 1 0.13636363636363635 1 0.14204545454545456 1 0.14772727272727273 1 0.15340909090909091 1 0.15909090909090909 1 0.16477272727272727 1 0.17045454545454547 1 0.17613636363636365 1 0.18181818181818182 1 0.1875 1 0.19318181818181818 1 0.19886363636363638 1 0.20454545454545456 1 0.21022727272727273 1 0.21590909090909091 1 0.22159090909090909 1 0.22727272727272729 1 0.23295454545454547 1 0.23863636363636365 1 0.24431818181818182 1 0.25 1 0.25568181818181818 1 0.26136363636363635 1 0.26704545454545453 1 0.27272727272727271 1 0.27840909090909094 1 0.28409090909090912 1 0.28977272727272729 1 0.29545454545454547 1 0.30113636363636365 1 0.30681818181818182 1 0.3125 1 0.31818181818181818 1 0.32386363636363635 1 0.32954545454545453 1 0.33522727272727276 1 0.34090909090909094 1 0.34659090909090912 1 0.35227272727272729 1 0.35795454545454547 1 0.36363636363636365 1 0.36931818181818182 1 0.375 1 0.38068181818181818 1 0.38636363636363635 1 0.39204545454545453 1 0.39772727272727276 1 0.40340909090909094 1 0.40909090909090912 1 0.41477272727272729 1 0.42045454545454547 1 0.42613636363636365 1 0.43181818181818182 1 0.4375 1 0.44318181818181818 1 0.44886363636363635 1 0.45454545454545459 1 0.46022727272727276 1 0.46590909090909094 1 0.47159090909090912 1 0.47727272727272729 1 0.48295454545454547 1 0.48863636363636365 1 0.49431818181818182 1 0.5 1 0.50568181818181823 1 0.51136363636363635 1 0.51704545454545459 1 0.52272727272727271 1 0.52840909090909094 1 0.53409090909090906 1 0.53977272727272729 1 0.54545454545454541 1 0.55113636363636365 1 0.55681818181818188 1 0.5625 1 0.56818181818181823 1 0.57386363636363635 1 0.57954545454545459 1 0.58522727272727271 1 0.59090909090909094 1 0.59659090909090906 1 0.60227272727272729 1 0.60795454545454553 1 0.61363636363636365 1 0.61931818181818188 1 0.625 1 0.63068181818181823 1 0.63636363636363635 1 0.64204545454545459 1 0.64772727272727271 1 0.65340909090909094 1 0.65909090909090906 1 0.66477272727272729 1 0.67045454545454553 1 0.67613636363636365 1 0.68181818181818188 1 0.6875 1 0.69318181818181823 1 0.69886363636363635 1 0.70454545454545459 1 0.71022727272727271 1 0.71590909090909094 1 0.72159090909090906 1 0.72727272727272729 1 0.73295454545454553 1 0.73863636363636365 1 0.74431818181818188 1 0.75 1 0.75568181818181823 1 0.76136363636363635 1 0.76704545454545459 1 0.77272727272727271 1 0.77840909090909094 1 0.78409090909090906 1 0.78977272727272729 1 0.79545454545454553 1 0.80113636363636365 1 0.80681818181818188 1 0.8125 1 0.81818181818181823 1 0.82386363636363635 1 0.82954545454545459 1 0.83522727272727271 1 0.84090909090909094 1 0.84659090909090906 1 0.85227272727272729 1 0.85795454545454553 1 0.86363636363636365 1 0.86931818181818188 1 0.875 1 0.88068181818181823 1 0.88636363636363635 1 0.89204545454545459 1 0.89772727272727271 1 0.90340909090909094 1 0.90909090909090917 1 0.91477272727272729 1 0.92045454545454553 1 0.92613636363636365 1 0.93181818181818188 1 0.9375 1 0.94318181818181823 1 0.94886363636363635 1 0.95454545454545459 1 0.96022727272727271 1 0.96590909090909094 1 0.97159090909090917 1 0.97727272727272729 1 0.98295454545454553 1 0.98863636363636365 1 0.99431818181818188 1 1 4
7 0 0  3 179 177  3.6585223739393768e-10 57.163009762805409  0.011899994316943108 57.163009766783226  0.035703246698871816 57.162997181604922  0.071415710408958333 57.162940766215257  0.10713414239459684 57.16284689476803  0.14285485575272272 57.162716209580594  0.17857388010472874 57.16254942131075  0.21428684643632323 57.162347157644454  0.24999451416566387 57.162110615303256  0.28569857410704191 57.161841119092287  0.32140030294128774 57.161539980582724  0.3571015018511785 57.161208441860524  0.39280233306477719 57.160848352532824  0.42850210743807793 57.160461720770435  0.46420014587092595 57.160050517067155  0.4998958122739996 57.159616711547002  0.5355889753865517 57.159162313871583  0.57128024476202199 57.158689832565592  0.60696977863413437 57.158201744564153  0.64265767764287851 57.157700535015998  0.67834414328887149 57.15718868780472  0.71402982244308255 57.156668683660797  0.74971537045727832 57.156143224515944  0.78540092752322899 57.15561501642491  0.82108644949331389 57.155086764262116  0.85677191845226197 57.154561173502429  0.89245754659702481 57.154040948399405  0.92814412617102704 57.153528797491276  0.96383234359779824 57.153027181049261  0.99952229144263693 57.152538555305718  1.0352138196181979 57.152065375786627  1.0709067425341736 57.151610104879708  1.1066010447895716 57.151175178231917  1.1422972381264884 57.150763131591752  1.1779959619757694 57.150375963933307  1.2136971156420264 57.150015338122316  1.2494003083927314 57.14968299268034  1.2851050446062926 57.149380654811416  1.3208109611243506 57.149110021333868  1.3565181066456971 57.14887292192644  1.3922269529464719 57.148670440487372  1.4279374962332048 57.148503236764967  1.4636494663504447 57.14837207675258  1.4993625403906821 57.148277675275857  1.5350766737778958 57.148220845586174  1.5707919089038906 57.148201993301527  1.6065077190824093 57.148220984122958  1.6422234601849119 57.148277610336201  1.6779384172253629 57.1483716039359  1.713652020593063 57.148502823443906  1.7493643634415648 57.148670568224233  1.7850754263543553 57.148873567405502  1.8207847997077291 57.149110668386285  1.856492035815398 57.149380694082026  1.8921968382775809 57.149682447070894  1.9278993648071374 57.150014835763024  1.9636002046583325 57.150375936923822  1.9992993999564703 57.150763607693108  2.0349966881967436 57.151175759955805  2.0706917317823681 57.151610295670466  2.1063843520877175 57.152065101755923  2.1420747645835387 57.152538135216275  2.1777638388979454 57.153026936112191  2.2134519963470343 57.153528841567343  2.2491392699639583 57.154041237505233  2.2848255743232198 57.154561497088174  2.3205109200789131 57.155086995723345  2.356195664095786 57.155615112599499  2.3918806539321036 57.156143206460264  2.4275663126965199 57.156668606263459  2.4632527121400987 57.157188646968535  2.4989398432652301 57.15770066100491  2.5346278087918748 57.158201984920801  2.5703171604157475 57.158689941318862  2.6060083745260005 57.159162216960652  2.641701471174402 57.159616516107633  2.6773963600276058 57.160050535009717  2.7130930105650997 57.160461984513901  2.7487918107999292 57.160848525090557  2.7844929733537551 57.161208385328067  2.8201962944578973 57.161539863958133  2.8559015087048909 57.161841263761332  2.891608544668685 57.16211080260927  2.9273174974960909 57.162347153456444  2.9630280862140062 57.162549327801138  2.9987399377925392 57.162716284611029  3.0344528699394893 57.162846909931851  3.0701668176495804 57.162940628527906  3.1058813910157141 57.162997143408745  3.1415961634370788 57.163016077025787  3.1773109550642431 57.162997125307719  3.2130255406630042 57.162940627104376  3.2487394823126792 57.162846911546943  3.2844524479334538 57.162716227921017  3.3201643682172932 57.162549309442198  3.3558749553859819 57.162347182168112  3.3915838471743047 57.162110789030436  3.4272909426222 57.161841149245916  3.4629962231181786 57.161539850153446  3.4986994465874623 57.161208458516661  3.5344004498723223 57.160848481979478  3.5700994238141828 57.160461787783646  3.6057963837533276 57.160050488288213  3.6414912309085725 57.159616653950692  3.6771840367725357 57.159162313986421  3.7128752223669732 57.158689835343679  3.7485649156629464 57.158201739568774  3.7842531140386235 57.157700510411892  3.8199399052322089 57.157188642372347  3.8556257918126775 57.156668624749521  3.891311414790227 57.156143160158258  3.9269969274037493 57.155614953496958  3.962682321105687 57.155086709546161  3.998367634466943 57.154561131274392  4.0340531663499561 57.154040929016546  4.0697397868927467 57.153528784999637  4.1054280703298858 57.153027152580876  4.1411180548613284 57.152538504374881  4.176809565425291 57.152065306232892  4.2125024304581764 57.151610031801688  4.248196678284053 57.151175130309902  4.2838929209957826 57.150763140862779  4.3195917095003651 57.150375967158226  4.3552928935217139 57.150015314871787  4.3909960653132085 57.149682937460987  4.426700745725471 57.149380583408984  4.4624066122657755 57.149109973313976  4.4981138138074179 57.148872944288819  4.533822779349638 57.148670458603192  4.5695334155318115 57.148503229403659  4.6052454130616169 57.148372040247125  4.6409584318939352 57.148277629233739  4.6766724586183965 57.148220845880232  4.7123874805145363 57.148201995839507  4.7481030034540765 57.148220973710714  4.78381843635918 57.148277590927989  4.8195331393224343 57.14837159997932  4.8552466774063738 57.14850288794279  4.8909591936625709 57.148670629625606  4.9266705172203764 57.148873598815072  4.9623801647609849 57.149110662937339  4.9980876380500714 57.14938066799224  5.0337926205348644 57.149682452046072  5.0694953098888931 57.150014906325566  5.1051962705356146 57.150376007203306  5.1408954927647272 57.150763658229017  5.1765927086646943 57.151175781273174  5.2122876060075214 57.151610297158342  5.2479800544690356 57.152065112577361  5.2836703863763947 57.152538191790534  5.3193594781283657 57.153027002815577  5.355047659162544 57.153528906232005  5.3907349353743061 57.154041290219183  5.4264212223680826 57.154561536042003  5.4621065603831305 57.155087025023342  5.4977913994477117 57.155615145168355  5.533476566438928 57.156143248159538  5.5691623684297014 57.156668658042292  5.6048488174910744 57.157188704523854  5.6405358669855516 57.157700717814002  5.6762236151709651 57.158202020450958  5.7119126349297744 57.15868996544323  5.747603485177077 57.159162255578671  5.7832963188505246 57.159616571029325  5.8189912171041414 57.160050598333953  5.8546883698579641 57.160462021180699  5.8903883921222029 57.160848528293279  5.9260907719315448 57.161208396031853  5.9617945906161083 57.161539890103583  5.9974989930316838 57.16184129930371  6.0332028722167763 57.162110830727386  6.0689082415552971 57.16234721995211  6.1046176158111951 57.162549422137204  6.1403345612686877 57.162716283500309  6.1760565074348275 57.162846956974249  6.2117790285571051 57.162940766734941  6.2474880374563568 57.162997200133127  6.2712874703424788 57.163009780089929  6.2831853075454376 57.163009762805409 
 0 4 0.005681818181818182 1 0.011363636363636364 1 0.017045454545454544 1 0.022727272727272728 1 0.028409090909090912 1 0.034090909090909088 1 0.039772727272727272 1 0.045454545454545456 1 0.05113636363636364 1 0.056818181818181823 1 0.0625 1 0.068181818181818177 1 0.073863636363636367 1 0.079545454545454544 1 0.085227272727272735 1 0.090909090909090912 1 0.096590909090909088 1 0.10227272727272728 1 0.10795454545454546 1 0.11363636363636365 1 0.11931818181818182 1 0.125 1 0.13068181818181818 1 0.13636363636363635 1 0.14204545454545456 1 0.14772727272727273 1 0.15340909090909091 1 0.15909090909090909 1 0.16477272727272727 1 0.17045454545454547 1 0.17613636363636365 1 0.18181818181818182 1 0.1875 1 0.19318181818181818 1 0.19886363636363638 1 0.20454545454545456 1 0.21022727272727273 1 0.21590909090909091 1 0.22159090909090909 1 0.22727272727272729 1 0.23295454545454547 1 0.23863636363636365 1 0.24431818181818182 1 0.25 1 0.25568181818181818 1 0.26136363636363635 1 0.26704545454545453 1 0.27272727272727271 1 0.27840909090909094 1 0.28409090909090912 1 0.28977272727272729 1 0.29545454545454547 1 0.30113636363636365 1 0.30681818181818182 1 0.3125 1 0.31818181818181818 1 0.32386363636363635 1 0.32954545454545453 1 0.33522727272727276 1 0.34090909090909094 1 0.34659090909090912 1 0.35227272727272729 1 0.35795454545454547 1 0.36363636363636365 1 0.36931818181818182 1 0.375 1 0.38068181818181818 1 0.38636363636363635 1 0.39204545454545453 1 0.39772727272727276 1 0.40340909090909094 1 0.40909090909090912 1 0.41477272727272729 1 0.42045454545454547 1 0.42613636363636365 1 0.43181818181818182 1 0.4375 1 0.44318181818181818 1 0.44886363636363635 1 0.45454545454545459 1 0.46022727272727276 1 0.46590909090909094 1 0.47159090909090912 1 0.47727272727272729 1 0.48295454545454547 1 0.48863636363636365 1 0.49431818181818182 1 0.5 1 0.50568181818181823 1 0.51136363636363635 1 0.51704545454545459 1 0.52272727272727271 1 0.52840909090909094 1 0.53409090909090906 1 0.53977272727272729 1 0.54545454545454541 1 0.55113636363636365 1 0.55681818181818188 1 0.5625 1 0.56818181818181823 1 0.57386363636363635 1 0.57954545454545459 1 0.58522727272727271 1 0.59090909090909094 1 0.59659090909090906 1 0.60227272727272729 1 0.60795454545454553 1 0.61363636363636365 1 0.61931818181818188 1 0.625 1 0.63068181818181823 1 0.63636363636363635 1 0.64204545454545459 1 0.64772727272727271 1 0.65340909090909094 1 0.65909090909090906 1 0.66477272727272729 1 0.67045454545454553 1 0.67613636363636365 1 0.68181818181818188 1 0.6875 1 0.69318181818181823 1 0.69886363636363635 1 0.70454545454545459 1 0.71022727272727271 1 0.71590909090909094 1 0.72159090909090906 1 0.72727272727272729 1 0.73295454545454553 1 0.73863636363636365 1 0.74431818181818188 1 0.75 1 0.75568181818181823 1 0.76136363636363635 1 0.76704545454545459 1 0.77272727272727271 1 0.77840909090909094 1 0.78409090909090906 1 0.78977272727272729 1 0.79545454545454553 1 0.80113636363636365 1 0.80681818181818188 1 0.8125 1 0.81818181818181823 1 0.82386363636363635 1 0.82954545454545459 1 0.83522727272727271 1 0.84090909090909094 1 0.84659090909090906 1 0.85227272727272729 1 0.85795454545454553 1 0.86363636363636365 1 0.86931818181818188 1 0.875 1 0.88068181818181823 1 0.88636363636363635 1 0.89204545454545459 1 0.89772727272727271 1 0.90340909090909094 1 0.90909090909090917 1 0.91477272727272729 1 0.92045454545454553 1 0.92613636363636365 1 0.93181818181818188 1 0.9375 1 0.94318181818181823 1 0.94886363636363635 1 0.95454545454545459 1 0.96022727272727271 1 0.96590909090909094 1 0.97159090909090917 1 0.97727272727272729 1 0.98295454545454553 1 0.98863636363636365 1 0.99431818181818188 1 1 4
7 0 0  3 267 265  3.1726671649968017 6.7000000000000002  3.174435865791831 6.7000000625897727  3.1779735125051709 6.7001902259850921  3.1832775061986909 6.7010446014547211  3.1885758123999866 6.7024671222919299  3.1938652177862186 6.7044568060719811  3.1991425109549012 6.7070126607709  3.2044047428862052 6.7101321911369149  3.2096489637485228 6.713812872328754  3.2148722056951775 6.7180523136430592  3.2200715974328578 6.7228472765450098  3.2252443036423015 6.7281941717076865  3.2303874749635995 6.7340894911001969  3.2354982597261035 6.7405297226178265  3.2405739172458192 6.7475100715698932  3.2456117001628937 6.7550257313044373  3.2506088603514738 6.7630718661296187  3.2555626230639181 6.7716437684663804  3.2604703009481795 6.7807361728975684  3.265329346117916 6.7903429223069205  3.2701371734185543 6.8004580338648299  3.2748912045238461 6.811075449181704  3.279588827313102 6.8221892378212532  3.2842275449497502 6.8337929081472488  3.2888049615278572 6.845879465473149  3.2933186530395471 6.8584420023484487  3.2977661787447299 6.8714736672514949  3.3021451574003939 6.8849672370075226  3.3064532884995312 6.8989149911207495  3.3106882504562445 6.91330929005776  3.3148476995693823 6.928142536039875  3.3189293945744871 6.9434067418957879  3.3229311395030243 6.959093733220743  3.3268507234770355 6.975195346444047  3.3306859081268079 6.991703541765637  3.3344345707388876 7.0086095635628558  3.3380946631498696 7.025904179234753  3.3416641110763736 7.0435782645622522  3.3451408369899371 7.0616226717628212  3.3485227594546187 7.0800282389258662  3.3518077745173835 7.0987858842165474  3.3549938358368392 7.1178862018593145  3.3580791108430059 7.1373186736021212  3.3610617309381592 7.1570729340571653  3.3639398306107142 7.1771385738024049  3.366711534124101 7.1975052066885352  3.3693749706644116 7.2181623975095306  3.3719282280806722 7.2390998840135081  3.3743696930608333 7.2603059516583235  3.376697816100418 7.2817685632859206  3.3789110273670322 7.3034757631366354  3.3810077558328082 7.3254155801198451  3.3829864346515137 7.34757602307036  3.3848454609937315 7.3699451964522442  3.3865833609343219 7.3925108158354025  3.3881990396472963 7.4152594741620188  3.3896913446434329 7.4381779302284308  3.391059135117422 7.4612529004051389  3.3923012710111355 7.4844711049118731  3.3934165875780065 7.507819290997249  3.3944043761500566 7.5312836330233548  3.3952639586376301 7.554850266214947  3.3959946476687248 7.5785053370047173  3.3965957591411429 7.6022349858956195  3.3970666016857312 7.6260253659015822  3.3974069516484877 7.6498617050911673  3.3976165885918661 7.6737292203766705  3.3976953015050571 7.6976131277049928  3.3976428380831765 7.7214986580369311  3.3974593256680659 7.7453709709074632  3.3971450429551355 7.7692151281298427  3.3967002439983953 7.7930162309615172  3.3961251620462076 7.8167592973178426  3.3954203887077479 7.8404303044530046  3.39458656347069 7.8640153516989493  3.3936243013073244 7.8875004904233448  3.3925342661281772 7.910871844789126  3.391317481256706 7.9341160428247592  3.3899749358768516 7.9572196651650735  3.3885076357377524 7.9801693234636808  3.3869165469102196 8.0029515526927568  3.3852029566087953 8.0255535419133448  3.383368214144876 8.0479626101316448  3.3814136524506337 8.0701660511170967  3.3793405957487996 8.0921511341083274  3.3771504054180967 8.1139052533131366  3.3748448270803979 8.1354170156154257  3.3724255735933024 8.1566749376915055  3.3698943618917427 8.1776675630892335  3.3672529008606862 8.1983834180778974  3.3645029022878465 8.2188110711695312  3.3616460485491322 8.2389389391837256  3.3586841198110342 8.2587560610662596  3.3556191179312531 8.2782528577000285  3.3524530011456242 8.2974195205700099  3.3491877322602037 8.3162463048345057  3.3458252631441812 8.3347234403564503  3.3423675473172154 8.352841194506933  3.338816503813129 8.3705897099197895  3.335174263666258 8.3879601096415062  3.3314430055298061 8.4049437602165433  3.3276248874438887 8.4215319681085195  3.3237220622894137 8.4377160474819721  3.3197366799945636 8.4534873417786542  3.3156708613384187 8.4688370696305117  3.3115268186583657 8.483757038727008  3.3073068583732037 8.4982396596932173  3.3030132622315 8.5122772306067294  3.2986482922757414 8.525862026675501  3.2942142764240443 8.5389865634197921  3.2897136435249315 8.5516437087163553  3.2851487986445997 8.563826291176273  3.280522125337034 8.5755270453338071  3.2758360990018103 8.586739310023944  3.2710932485674555 8.5974567866793628  3.2662960875396885 8.6076731210376636  3.2614471014516577 8.6173818666356841  3.2565488738399444 8.6265770894072435  3.2516041177477915 8.6352535109218795  3.2466155117619735 8.6434057088849663  3.2415857405536892 8.6510283447653133  3.2365174588662926 8.6581158888420617  3.2314134469125158 8.6646639886602976  3.2262765323948996 8.670668745358098  3.2211095240468963 8.6761261336687632  3.2159152368151549 8.6810322148449686  3.2106964492091441 8.6853828304666987  3.2054561285165457 8.6891752192068328  3.2001973117424947 8.6924071279325688  3.1949230159382176 8.6950761801417507  3.1896362608734465 8.6971800215249679  3.1843400578008239 8.6987163324187371  3.1790372883499498 8.6996844035030012  3.1737308409915936 8.7000835079759042  3.1684235897601805 8.6999128503724847  3.1631184582994312 8.6991719741970535  3.1578185676835955 8.6978615362109117  3.1525270156626037 8.6959820607795688  3.1472469072334812 8.6935340678239452  3.1419813596920814 8.6905193606533189  3.1367335055355001 8.6869397509063191  3.1315064295987511 8.6827974401851442  3.1263029883992592 8.6780952350984055  3.1211260695465253 8.6728358094440079  3.1159785452734883 8.6670221212867808  3.1108632452738685 8.6606582367619183  3.1057830102550015 8.6537480993816676  3.1007406874237846 8.6462956386401313  3.0957391176238906 8.6383049660799358  3.0907810623455756 8.6297816854773934  3.0858693001690423 8.620731264655431  3.0810066075976494 8.6111592385129487  3.0761957939946236 8.6010710095984013  3.0714395662572707 8.5904724934337882  3.0667404145289572 8.5793706707936845  3.0621008756131398 8.5677723440760829  3.0575234857504086 8.5556843556727404  3.0530107855733566 8.5431135663769311  3.0485653441772973 8.5300667233820793  3.0441895268401118 8.5165516831658827  3.039885670153557 8.5025765013856649  3.0356561269426892 8.4881491900772161  3.0315032636532497 8.4732777423635728  3.0274294235033743 8.4579702738246549  3.0234367685757784 8.4422356587058562  3.0195274872864468 8.426082698722043  3.015703774022489 8.4095202029959832  3.0119678198150157 8.3925570238582274  3.0083216540216076 8.3752026854599197  3.004767319288784 8.3574666924219478  3.001306876043631 8.3393584936150678  2.9979423390414346 8.3208878016291479  2.994675596869774 8.3020649978722467  2.9915085616352646 8.2829003683326441  2.9884431609291018 8.2634041893592283  2.98548127134957 8.2435868789442619  2.982624561631511 8.2234594029725212  2.9798747363451299 8.2030326424818458  2.977233488945294 8.182317543252335  2.9747025519458226 8.1613248769420039  2.972283491605364 8.1400663135922784  2.9699777666819021 8.1185541050460817  2.9677868685906024 8.0968003636055972  2.9657122722849008 8.0748172576602553  2.9637555072856978 8.052616870791292  2.9619178046910073 8.0302117491708387  2.9602002652163977 8.0076146421453043  2.9586040273881404 7.9848382403436746  2.9571302096757646 7.9618952840898896  2.9557799854078546 7.9387983736454206  2.954554239632011 7.9155608924832199  2.953453707384194 7.8921966298581214  2.9524791641198189 7.868719275150041  2.9516313626224089 7.845142555351905  2.9509111112153459 7.8214801468794795  2.9503188144221073 7.7977460665533931  2.9498547736337555 7.7739544191464383  2.9495193114376179 7.7501192858100429  2.9493127648383517 7.726254758383023  2.9492353888676477 7.7023749086420148  2.9492871435810151 7.6784937414503132  2.9494679354048734 7.6546252706680162  2.9497776421498147 7.6307835070421035  2.9502161800876578 7.6069824647671336  2.9507831215301956 7.5832361297582098  2.9514779873260739 7.5595584857975044  2.9523003060942741 7.5359635097248026  2.9532496276282449 7.512465208180747  2.9543251854587314 7.4890771979943747  2.955526173035008 7.4658130434556966  2.9568518103378181 7.4426863491542905  2.9583012546872096 7.4197106070617105  2.9598733399011419 7.3968987237833872  2.9615669383006087 7.3742636736252809  2.9633809085710845 7.3518183953040488  2.9653141375319398 7.3295759021929765  2.9673654197358359 7.3075489280223449  2.9695332531802352 7.2857493149145123  2.9718161817013908 7.2641890310350714  2.9742127410888384 7.2428800099756652  2.9767214747422073 7.2218341975805256  2.979340925382814 7.2010635252547255  2.9820693393975679 7.1805788820824104  2.9849049708666118 7.1603911662226407  2.9878460802763978 7.1405112805778552  2.9908909256432041 7.1209501000020223  2.994037800194465 7.1017186067997029  2.9972848679808695 7.0828272970713009  3.000630135400939 7.0642860759006538  3.0040716477637779 7.0461049649628746  3.0076074508758737 7.0282939648065073  3.0112355898719523 7.010863043722293  3.0149539283825848 6.993821399662961  3.0187603473706384 6.9771782732260501  3.0226527266206737 6.9609428651216598  3.0266289782088336 6.9451244929648128  3.030686876393589 6.9297317748546403  3.0348241416552564 6.9147730321532679  3.0390385106534992 6.9002566343159417  3.0433277508843863 6.8861910280390859  3.0476894966385877 6.8725841449611975  3.0521213015687727 6.8594435979220494  3.0566207436237298 6.846777049454543  3.0611854204864604 6.8345922391192007  3.0658127918145865 6.8228960486524359  3.0705002963505446 6.8116951949370304  3.0752453804664959 6.8009964012668815  3.0800455264951321 6.7908065243321278  3.0848980355696871 6.7811314906026325  3.0898001413772698 6.7719768726788159  3.0947491011376349 6.7633483027407868  3.0997421795168489 6.7552515004508518  3.1047766303258308 6.7476917443098623  3.1098496588981628 6.740673072956568  3.1149584773114332 6.7341996950027152  3.1201003254278414 6.7282758345878282  3.1252723544030441 6.7229054690023782  3.1304713958616728 6.7180916597093496  3.1356943281983383 6.7138376564460094  3.1409380279905559 6.7101464265079063  3.1461994048292752 6.70701993498683  3.1514753518801757 6.7044598726150726  3.1567627735551596 6.7024678248466092  3.1620589882574945 6.7010443073177148  3.1673613065345885 6.7001898504986785  3.1708984642076379 6.6999999374102304  3.1726671649968017 6.7000000000000002 
 0 4 0.003787878787878788 1 0.007575757575757576 1 0.011363636363636364 1 0.015151515151515152 1 0.01893939393939394 1 0.022727272727272728 1 0.026515151515151516 1 0.030303030303030304 1 0.034090909090909088 1 0.03787878787878788 1 0.041666666666666671 1 0.045454545454545456 1 0.04924242424242424 1 0.053030303030303032 1 0.056818181818181823 1 0.060606060606060608 1 0.064393939393939392 1 0.068181818181818177 1 0.071969696969696975 1 0.07575757575757576 1 0.079545454545454544 1 0.083333333333333343 1 0.087121212121212127 1 0.090909090909090912 1 0.094696969696969696 1 0.098484848484848481 1 0.10227272727272728 1 0.10606060606060606 1 0.10984848484848485 1 0.11363636363636365 1 0.11742424242424243 1 0.12121212121212122 1 0.125 1 0.12878787878787878 1 0.13257575757575757 1 0.13636363636363635 1 0.14015151515151517 1 0.14393939393939395 1 0.14772727272727273 1 0.15151515151515152 1 0.1553030303030303 1 0.15909090909090909 1 0.16287878787878787 1 0.16666666666666669 1 0.17045454545454547 1 0.17424242424242425 1 0.17803030303030304 1 0.18181818181818182 1 0.18560606060606061 1 0.18939393939393939 1 0.19318181818181818 1 0.19696969696969696 1 0.20075757575757577 1 0.20454545454545456 1 0.20833333333333334 1 0.21212121212121213 1 0.21590909090909091 1 0.2196969696969697 1 0.22348484848484848 1 0.22727272727272729 1 0.23106060606060608 1 0.23484848484848486 1 0.23863636363636365 1 0.24242424242424243 1 0.24621212121212122 1 0.25 1 0.25378787878787878 1 0.25757575757575757 1 0.26136363636363635 1 0.26515151515151514 1 0.26893939393939392 1 0.27272727272727271 1 0.27651515151515155 1 0.28030303030303033 1 0.28409090909090912 1 0.2878787878787879 1 0.29166666666666669 1 0.29545454545454547 1 0.29924242424242425 1 0.30303030303030304 1 0.30681818181818182 1 0.31060606060606061 1 0.31439393939393939 1 0.31818181818181818 1 0.32196969696969696 1 0.32575757575757575 1 0.32954545454545453 1 0.33333333333333337 1 0.33712121212121215 1 0.34090909090909094 1 0.34469696969696972 1 0.34848484848484851 1 0.35227272727272729 1 0.35606060606060608 1 0.35984848484848486 1 0.36363636363636365 1 0.36742424242424243 1 0.37121212121212122 1 0.375 1 0.37878787878787878 1 0.38257575757575757 1 0.38636363636363635 1 0.39015151515151514 1 0.39393939393939392 1 0.39772727272727276 1 0.40151515151515155 1 0.40530303030303033 1 0.40909090909090912 1 0.4128787878787879 1 0.41666666666666669 1 0.42045454545454547 1 0.42424242424242425 1 0.42803030303030304 1 0.43181818181818182 1 0.43560606060606061 1 0.43939393939393939 1 0.44318181818181818 1 0.44696969696969696 1 0.45075757575757575 1 0.45454545454545459 1 0.45833333333333337 1 0.46212121212121215 1 0.46590909090909094 1 0.46969696969696972 1 0.47348484848484851 1 0.47727272727272729 1 0.48106060606060608 1 0.48484848484848486 1 0.48863636363636365 1 0.49242424242424243 1 0.49621212121212122 1 0.5 1 0.50378787878787878 1 0.50757575757575757 1 0.51136363636363635 1 0.51515151515151514 1 0.51893939393939392 1 0.52272727272727271 1 0.52651515151515149 1 0.53030303030303028 1 0.53409090909090906 1 0.53787878787878785 1 0.54166666666666663 1 0.54545454545454541 1 0.54924242424242431 1 0.55303030303030309 1 0.55681818181818188 1 0.56060606060606066 1 0.56439393939393945 1 0.56818181818181823 1 0.57196969696969702 1 0.5757575757575758 1 0.57954545454545459 1 0.58333333333333337 1 0.58712121212121215 1 0.59090909090909094 1 0.59469696969696972 1 0.59848484848484851 1 0.60227272727272729 1 0.60606060606060608 1 0.60984848484848486 1 0.61363636363636365 1 0.61742424242424243 1 0.62121212121212122 1 0.625 1 0.62878787878787878 1 0.63257575757575757 1 0.63636363636363635 1 0.64015151515151514 1 0.64393939393939392 1 0.64772727272727271 1 0.65151515151515149 1 0.65530303030303028 1 0.65909090909090906 1 0.66287878787878785 1 0.66666666666666674 1 0.67045454545454553 1 0.67424242424242431 1 0.67803030303030309 1 0.68181818181818188 1 0.68560606060606066 1 0.68939393939393945 1 0.69318181818181823 1 0.69696969696969702 1 0.7007575757575758 1 0.70454545454545459 1 0.70833333333333337 1 0.71212121212121215 1 0.71590909090909094 1 0.71969696969696972 1 0.72348484848484851 1 0.72727272727272729 1 0.73106060606060608 1 0.73484848484848486 1 0.73863636363636365 1 0.74242424242424243 1 0.74621212121212122 1 0.75 1 0.75378787878787878 1 0.75757575757575757 1 0.76136363636363635 1 0.76515151515151514 1 0.76893939393939392 1 0.77272727272727271 1 0.77651515151515149 1 0.78030303030303028 1 0.78409090909090906 1 0.78787878787878785 1 0.79166666666666674 1 0.79545454545454553 1 0.79924242424242431 1 0.80303030303030309 1 0.80681818181818188 1 0.81060606060606066 1 0.81439393939393945 1 0.81818181818181823 1 0.82196969696969702 1 0.8257575757575758 1 0.82954545454545459 1 0.83333333333333337 1 0.83712121212121215 1 0.84090909090909094 1 0.84469696969696972 1 0.84848484848484851 1 0.85227272727272729 1 0.85606060606060608 1 0.85984848484848486 1 0.86363636363636365 1 0.86742424242424243 1 0.87121212121212122 1 0.875 1 0.87878787878787878 1 0.88257575757575757 1 0.88636363636363635 1 0.89015151515151514 1 0.89393939393939392 1 0.89772727272727271 1 0.90151515151515149 1 0.90530303030303028 1 0.90909090909090917 1 0.91287878787878796 1 0.91666666666666674 1 0.92045454545454553 1 0.92424242424242431 1 0.92803030303030309 1 0.93181818181818188 1 0.93560606060606066 1 0.93939393939393945 1 0.94318181818181823 1 0.94696969696969702 1 0.9507575757575758 1 0.95454545454545459 1 0.95833333333333337 1 0.96212121212121215 1 0.96590909090909094 1 0.96969696969696972 1 0.97348484848484851 1 0.97727272727272729 1 0.98106060606060608 1 0.98484848484848486 1 0.98863636363636365 1 0.99242424242424243 1 0.99621212121212122 1 1 4
7 0 0  3 267 265  6.2831853091960985 1.5021724820051201  6.2752300014517832 1.5024197800215695  6.2593195846226051 1.5029567624219973  6.2354561055176205 1.5038883397189853  6.2115963132389815 1.5049449647766955  6.1877417816291986 1.5061255835123466  6.1638940364384052 1.5074291349610203  6.1400535204922129 1.5088535384620583  6.1162207327913825 1.5103966882167943  6.0923962397906886 1.5120565883464425  6.0685802769442887 1.5138305497361844  6.0447730002280755 1.5157155964135394  6.0209746309027565 1.5177088191244155  5.9971853739386694 1.5198073043309743  5.9734052075125357 1.5220071542661351  5.949634187075981 1.5243044618870949  5.9258723911414535 1.5266952979226116  5.9021199595279796 1.5291758312847901  5.8783767800944355 1.5317418033398504  5.8546424407054669 1.5343882721245328  5.8309166675726196 1.537110428981493  5.807199185761645 1.5399034083442178  5.7834897850209703 1.542762438976933  5.7597879656369342 1.5456823373950728  5.7360930373746299 1.5486575491711227  5.7124044009918276 1.5516825885826429  5.6887214723335493 1.5547519938701631  5.6650435843711167 1.5578601062680193  5.641370012412616 1.5610010004216741  5.6177000745032251 1.5641687955353063  5.5940331115315303 1.5673576287554341  5.570368280947946 1.5705614537546115  5.5467046798157709 1.573774131505316  5.5230414343376264 1.5769895418905928  5.4993776244277868 1.5802015722946734  5.4757123849346323 1.5834040403443361  5.4520449528671069 1.5865907158205479  5.4283745784083894 1.5897553798889532  5.4047005129319512 1.592891809368252  5.381021986655691 1.5959937870802519  5.3573381577094121 1.5990550761812941  5.3336481913848495 1.6020695166925965  5.3099515696562678 1.6050312120479167  5.2862477639439343 1.6079342292110415  5.2625362539664575 1.6107726466578156  5.2388164807949043 1.6135405332858248  5.2150878546375097 1.6162319847936271  5.1913496100332219 1.6188409992541708  5.1676016250793824 1.6213623965176041  5.1438439836007257 1.62379117877259  5.1200767394982023 1.6261223030142893  5.096299935757675 1.6283507316635233  5.0725135755883093 1.6304714506319795  5.0487175365636237 1.6324793464421921  5.0249117749190741 1.6343697069632155  5.0010968150209951 1.6361389775835251  4.9772731299943826 1.6377834335473247  4.9534412003327146 1.6392993905153279  4.9296014626894609 1.6406831726264894  4.9057542564577146 1.6419310296902592  4.8819000723171744 1.6430406837716776  4.858039457987255 1.6440099568712228  4.8341729518130858 1.6448366430409087  4.8103010642989998 1.6455185487953436  4.7864242150321266 1.6460534587472431  4.7625435542572614 1.6464406911635123  4.7386602891646099 1.6466795755721948  4.7147756265226706 1.6467694698476385  4.6908907115916225 1.6467096072243248  4.6670067336792487 1.6465003831315601  4.6431250426913975 1.6461426443216118  4.6192469744174307 1.6456371662967546  4.5953739109079672 1.6449846543275801  4.5715064090557398 1.644186985697258  4.5476449841342177 1.6432461954770055  4.5237902055933503 1.6421642400806953  4.4999425821255903 1.6409432377223374  4.4761024212895943 1.6395864885869615  4.4522701220818393 1.6380971851934387  4.4284460975556454 1.6364785778615152  4.4046307809948573 1.6347337933735844  4.380824336585273 1.6328669934510378  4.3570269511758202 1.6308825468650134  4.3332388578184684 1.6287847763558894  4.3094603103304152 1.626577988804464  4.2856914721348653 1.6242666020100494  4.2619320407840773 1.6218561264038591  4.23818186166144 1.6193519914401291  4.2144408335815751 1.6167596493332472  4.1907089030350635 1.614084542233962  4.1669860045819194 1.6113321297874328  4.1432721273408566 1.6085078117247928  4.1195669030498268 1.6056172325984048  4.0958693506963693 1.6026665805450098  4.0721786826806854 1.5996619536570273  4.0484941284495086 1.5966094743422707  4.0248149498040782 1.5935152577912999  4.001140403206735 1.5903854237483084  3.9774697219851505 1.5872260809601804  3.9538020375378595 1.5840434219198358  3.9301365314371881 1.5808436601082203  3.9064724304988143 1.5776330030476238  3.8828089764939389 1.5744176620355235  3.859145401842754 1.5712038392272851  3.8354809053875423 1.5679977695715521  3.8118146208972381 1.564805535195815  3.7881456922179924 1.561633063943592  3.7644732904038092 1.5584863069061026  3.7407965346017629 1.5553712428904352  3.7171146710133995 1.5522936933620097  3.6934271843327795 1.5492592551060789  3.6697335147039238 1.5462735499435831  3.6460330468365898 1.5433422594335893  3.6223252619856412 1.5404706813970244  3.5986097357616931 1.5376638847458071  3.574886022540062 1.5349269693792864  3.5511535746165901 1.5322651099427489  3.5274120542388632 1.5296830829665755  3.5036614837020408 1.5271851569427186  3.4799018077328761 1.5247757117933434  3.4561329666357934 1.5224590626614682  3.4323547770017915 1.5202396723764642  3.4085672923506869 1.5181210945119932  3.3847707089788583 1.5161065323172005  3.3609651778483043 1.514199286662036  3.3371508476470622 1.5124025916172004  3.3133276842077999 1.510719850829584  3.2894962662951568 1.5091533894779476  3.2656574614880634 1.5077051404332205  3.2418120751721546 1.5063771318482824  3.2179609031642507 1.5051713745640296  3.1941046427920674 1.5040898533515674  3.1702433269708399 1.5031333422803796  3.1463770447334287 1.5023026259783545  3.1225058027728276 1.5015985504418674  3.0986298033403354 1.5010215827625102  3.0747501747237269 1.500571462241485  3.0508679415548245 1.5002480191404355  3.0269841146043288 1.5000510872545334  3.0030998678118856 1.4999796125266633  2.979216448693228 1.5000325401350838  2.9553349224386456 1.5002085603666506  2.931455436302282 1.5005057860424411  2.9075782478477978 1.500922441989281  2.883703564829605 1.5014565349905349  2.8598316502865448 1.5021052341699992  2.835962801642939 1.5028658023504378  2.8120973151282702 1.5037355086671154  2.7882354550026531 1.5047115010585512  2.7643775892777493 1.5057899268340713  2.740524147177914 1.5069670247403688  2.7166755619635752 1.5082389876489486  2.69283231361453 1.5096021004947267  2.6689945918950349 1.5110522905076378  2.6451621391253282 1.5125847417983216  2.6213348515461878 1.5141947632536126  2.5975126338327561 1.5158776345387646  2.5736953944394627 1.5176286274291879  2.5498830293481332 1.5194430744812257  2.5260751788392914 1.52131570932389  2.5022715092906993 1.5232411574490772  2.4784717275056938 1.5252140698098942  2.454675553285925 1.5272291005290883  2.4308826423405812 1.5292808645483749  2.4070924663435842 1.5313637282933479  2.3833045582360586 1.533472082780116  2.3595184536234197 1.5356003135436556  2.3357336575537073 1.5377428034226877  2.3119496039457763 1.5398938681259327  2.2881657637905102 1.5420478292403972  2.2643815890044801 1.5441989993175942  2.2405965491841382 1.5463417237355963  2.2168102622014469 1.5484704273468928  2.1930223419048858 1.5505795282222639  2.1692323983455557 1.5526634256497138  2.1454399719061357 1.5547166053112096  2.1216445413649225 1.5567338719225097  2.0978456091851951 1.5587099819537735  2.074042684672845 1.5606397255504652  2.0502351476706568 1.5625178064023926  2.026422785136889 1.5643393722488173  2.0026057167661264 1.5660998604362708  1.9787840031422199 1.567794632461937  1.9549577014468413 1.5694191030524502  1.9311268090583402 1.5709685498659989  1.9072912467108907 1.5724390611593082  1.8834509670851265 1.5738270818685085  1.8596059274617698 1.5751289589492403  1.8357560861290265 1.5763411062517823  1.8119012626121709 1.5774597680283273  1.788041686902174 1.5784821266105613  1.7641778763274942 1.5794058523349872  1.7403103010443655 1.5802284880698849  1.7164394315651013 1.5809476511282594  1.6925656562051117 1.5815607885124598  1.6686894357797879 1.5820666046147687  1.6448113185930531 1.5824641245847244  1.6209318583068839 1.582752308724841  1.5970516024838268 1.582930071349774  1.5731710133297812 1.5829965888528834  1.5492904526120341 1.5829519757512569  1.5254103242745476 1.5827965384222467  1.501531044700724 1.5825306764515001  1.4776529944198078 1.5821546666092152  1.4537766175019708 1.5816698794372295  1.4299024244289704 1.5810778500768798  1.4060309324354883 1.5803800900173826  1.3821626447816371 1.579578044771889  1.3582978855684784 1.5786741613050568  1.3344370049755128 1.5776710158155325  1.3105803786710615 1.5765711056517779  1.2867283057445098 1.5753771215904848  1.2628808887596348 1.5740927419006312  1.2390383207575919 1.5727215341868481  1.2152008001679642 1.5712671129410429  1.1913685509350564 1.5697330157703333  1.1675416288664584 1.5681230573354374  1.1437197472200396 1.5664419327003551  1.1199027383730522 1.5646942125692116  1.0960904439282908 1.5628845015041322  1.0722827109142337 1.5610173929951434  1.0484793388703544 1.5590974909644941  1.0246798279389786 1.5571301004744025  1.0008837543416478 1.5551205199455436  0.97709072597690128 1.5530740467999808  0.95330035567248039 1.550995989095761  0.92951224354171735 1.5488916133456168  0.90572589826487437 1.5467663743225673  0.88194081266021396 1.5446259560310991  0.85815652173999268 1.5424759962851999  0.83437255888544737 1.5403221449020834  0.8105884239156893 1.5381700498823589  0.78680362319570207 1.5360253853165  0.76301769632507455 1.5338938255963286  0.73923018277573682 1.5317810392396254  0.71544058313533299 1.5296927179590361  0.69164840107830816 1.5276344115522154  0.66785318285265838 1.5256116115503784  0.64405448341199012 1.5236298123758261  0.62025178531680059 1.5216945496631233  0.59644476265758772 1.5198111177755822  0.57263325271097809 1.5179846637272927  0.54881705835171957 1.516220355167232  0.52499593001475375 1.51452340454309  0.5011697442075489 1.5128985464512557  0.4773384267841223 1.5113504253908585  0.45350189814312891 1.5098836840505552  0.42965996769364523 1.5085030592260307  0.40581280831657551 1.5072126426707688  0.38196078850279758 1.5060162808500039  0.35810423343069075 1.5049178621490427  0.33424346053826515 1.5039213331097327  0.31037866452148943 1.5030303445185293  0.28650989844801522 1.5022477174646613  0.26263728080784521 1.5015763827770123  0.23876081397383242 1.5010192972177199  0.21488080881346683 1.5005791907763768  0.19099880015216719 1.5002579742042852  0.16711619007247958 1.5000577093861243  0.14323432553595428 1.4999802746101412  0.11935425746008832 1.5000269230775567  0.095477107752723889 1.5001987893987041  0.071603945735406072 1.500496945197167  0.047733895656269176 1.5009215994082086  0.023866152285997977 1.5014729743666368  0.007955311696384193 1.5019251839886707  2.016512290481387e-09 1.5021724820051201 
 0 4 0.003787878787878788 1 0.007575757575757576 1 0.011363636363636364 1 0.015151515151515152 1 0.01893939393939394 1 0.022727272727272728 1 0.026515151515151516 1 0.030303030303030304 1 0.034090909090909088 1 0.03787878787878788 1 0.041666666666666671 1 0.045454545454545456 1 0.04924242424242424 1 0.053030303030303032 1 0.056818181818181823 1 0.060606060606060608 1 0.064393939393939392 1 0.068181818181818177 1 0.071969696969696975 1 0.07575757575757576 1 0.079545454545454544 1 0.083333333333333343 1 0.087121212121212127 1 0.090909090909090912 1 0.094696969696969696 1 0.098484848484848481 1 0.10227272727272728 1 0.10606060606060606 1 0.10984848484848485 1 0.11363636363636365 1 0.11742424242424243 1 0.12121212121212122 1 0.125 1 0.12878787878787878 1 0.13257575757575757 1 0.13636363636363635 1 0.14015151515151517 1 0.14393939393939395 1 0.14772727272727273 1 0.15151515151515152 1 0.1553030303030303 1 0.15909090909090909 1 0.16287878787878787 1 0.16666666666666669 1 0.17045454545454547 1 0.17424242424242425 1 0.17803030303030304 1 0.18181818181818182 1 0.18560606060606061 1 0.18939393939393939 1 0.19318181818181818 1 0.19696969696969696 1 0.20075757575757577 1 0.20454545454545456 1 0.20833333333333334 1 0.21212121212121213 1 0.21590909090909091 1 0.2196969696969697 1 0.22348484848484848 1 0.22727272727272729 1 0.23106060606060608 1 0.23484848484848486 1 0.23863636363636365 1 0.24242424242424243 1 0.24621212121212122 1 0.25 1 0.25378787878787878 1 0.25757575757575757 1 0.26136363636363635 1 0.26515151515151514 1 0.26893939393939392 1 0.27272727272727271 1 0.27651515151515155 1 0.28030303030303033 1 0.28409090909090912 1 0.2878787878787879 1 0.29166666666666669 1 0.29545454545454547 1 0.29924242424242425 1 0.30303030303030304 1 0.30681818181818182 1 0.31060606060606061 1 0.31439393939393939 1 0.31818181818181818 1 0.32196969696969696 1 0.32575757575757575 1 0.32954545454545453 1 0.33333333333333337 1 0.33712121212121215 1 0.34090909090909094 1 0.34469696969696972 1 0.34848484848484851 1 0.35227272727272729 1 0.35606060606060608 1 0.35984848484848486 1 0.36363636363636365 1 0.36742424242424243 1 0.37121212121212122 1 0.375 1 0.37878787878787878 1 0.38257575757575757 1 0.38636363636363635 1 0.39015151515151514 1 0.39393939393939392 1 0.39772727272727276 1 0.40151515151515155 1 0.40530303030303033 1 0.40909090909090912 1 0.4128787878787879 1 0.41666666666666669 1 0.42045454545454547 1 0.42424242424242425 1 0.42803030303030304 1 0.43181818181818182 1 0.43560606060606061 1 0.43939393939393939 1 0.44318181818181818 1 0.44696969696969696 1 0.45075757575757575 1 0.45454545454545459 1 0.45833333333333337 1 0.46212121212121215 1 0.46590909090909094 1 0.46969696969696972 1 0.47348484848484851 1 0.47727272727272729 1 0.48106060606060608 1 0.48484848484848486 1 0.48863636363636365 1 0.49242424242424243 1 0.49621212121212122 1 0.5 1 0.50378787878787878 1 0.50757575757575757 1 0.51136363636363635 1 0.51515151515151514 1 0.51893939393939392 1 0.52272727272727271 1 0.52651515151515149 1 0.53030303030303028 1 0.53409090909090906 1 0.53787878787878785 1 0.54166666666666663 1 0.54545454545454541 1 0.54924242424242431 1 0.55303030303030309 1 0.55681818181818188 1 0.56060606060606066 1 0.56439393939393945 1 0.56818181818181823 1 0.57196969696969702 1 0.5757575757575758 1 0.57954545454545459 1 0.58333333333333337 1 0.58712121212121215 1 0.59090909090909094 1 0.59469696969696972 1 0.59848484848484851 1 0.60227272727272729 1 0.60606060606060608 1 0.60984848484848486 1 0.61363636363636365 1 0.61742424242424243 1 0.62121212121212122 1 0.625 1 0.62878787878787878 1 0.63257575757575757 1 0.63636363636363635 1 0.64015151515151514 1 0.64393939393939392 1 0.64772727272727271 1 0.65151515151515149 1 0.65530303030303028 1 0.65909090909090906 1 0.66287878787878785 1 0.66666666666666674 1 0.67045454545454553 1 0.67424242424242431 1 0.67803030303030309 1 0.68181818181818188 1 0.68560606060606066 1 0.68939393939393945 1 0.69318181818181823 1 0.69696969696969702 1 0.7007575757575758 1 0.70454545454545459 1 0.70833333333333337 1 0.71212121212121215 1 0.71590909090909094 1 0.71969696969696972 1 0.72348484848484851 1 0.72727272727272729 1 0.73106060606060608 1 0.73484848484848486 1 0.73863636363636365 1 0.74242424242424243 1 0.74621212121212122 1 0.75 1 0.75378787878787878 1 0.75757575757575757 1 0.76136363636363635 1 0.76515151515151514 1 0.76893939393939392 1 0.77272727272727271 1 0.77651515151515149 1 0.78030303030303028 1 0.78409090909090906 1 0.78787878787878785 1 0.79166666666666674 1 0.79545454545454553 1 0.79924242424242431 1 0.80303030303030309 1 0.80681818181818188 1 0.81060606060606066 1 0.81439393939393945 1 0.81818181818181823 1 0.82196969696969702 1 0.8257575757575758 1 0.82954545454545459 1 0.83333333333333337 1 0.83712121212121215 1 0.84090909090909094 1 0.84469696969696972 1 0.84848484848484851 1 0.85227272727272729 1 0.85606060606060608 1 0.85984848484848486 1 0.86363636363636365 1 0.86742424242424243 1 0.87121212121212122 1 0.875 1 0.87878787878787878 1 0.88257575757575757 1 0.88636363636363635 1 0.89015151515151514 1 0.89393939393939392 1 0.89772727272727271 1 0.90151515151515149 1 0.90530303030303028 1 0.90909090909090917 1 0.91287878787878796 1 0.91666666666666674 1 0.92045454545454553 1 0.92424242424242431 1 0.92803030303030309 1 0.93181818181818188 1 0.93560606060606066 1 0.93939393939393945 1 0.94318181818181823 1 0.94696969696969702 1 0.9507575757575758 1 0.95454545454545459 1 0.95833333333333337 1 0.96212121212121215 1 0.96590909090909094 1 0.96969696969696972 1 0.97348484848484851 1 0.97727272727272729 1 0.98106060606060608 1 0.98484848484848486 1 0.98863636363636365 1 0.99242424242424243 1 0.99621212121212122 1 1 4
7 0 0  3 267 265  3.1648968968222024 5.7000000000000002  3.1662214851520618 5.7000000138386246  3.1688708122457205 5.7001896207250429  3.172842881806146 5.7010419319008472  3.1768106585423883 5.7024613032444007  3.1807717684781616 5.7044469077170428  3.1847238431561222 5.7069978675218316  3.1886646584530518 5.7101119617606653  3.192591986690108 5.713786977344153  3.1965035909162638 5.7180208174645069  3.2003972999283676 5.7228104881053703  3.204270961621436 5.7281527105516767  3.2081224166016709 5.7340442798212781  3.2119495059733159 5.740481963636558  3.2157501393518872 5.7474612331277894  3.2195222220230404 5.7549775768420774  3.2232636604547191 5.7630264433562868  3.2269723453924004 5.7716034237113716  3.2306462234641327 5.7807034976019649  3.2342833305202183 5.7903206679336003  3.2378816805907338 5.8004491291388254  3.2414392936664878 5.8110829903629089  3.2449541691427348 5.8222165103732051  3.2484243812467173 5.8338433069780855  3.251848079695483 5.8459563438297506  3.255223396997132 5.8585486998216094  3.2585484551584885 5.8716135044833937  3.2618214223827806 5.8851435187682473  3.2650405414327124 5.8991309177046611  3.2682040407148736 5.9135679575551441  3.2713101342393207 5.9284469776558151  3.2743571121832926 5.9437597225920644  3.2773433109240138 5.9594975609182317  3.2802670566974661 5.975651923280866  3.2831266566983546 5.9922143167434321  3.2859205058302576 6.0091757711145455  3.2886470796294844 6.0265268724888639  3.2913048315302591 6.0442583096307789  3.2938922199792078 6.0623607202459162  3.296407687475746 6.0808248436052397  3.298849809744083 6.0996403249559012  3.3012171780512714 6.1187966636165179  3.3035083755391903 6.138283399826264  3.3057219870678529 6.1580900534129643  3.3078565836657869 6.1782061849293051  3.3099109485245748 6.1986206153962407  3.311883877313806 6.2193221149743598  3.3137741585089717 6.2402994761195609  3.3155805852772113 6.26154145268469  3.3173019278109721 6.283036930639506  3.3189371469188753 6.3047735861273253  3.3204852393160622 6.3267388635227322  3.3219451890021063 6.3489202715645225  3.3233159884785435 6.3713052861972583  3.3245966015065109 6.3938814501782177  3.3257862557698639 6.4166356878266892  3.3268842221403658 6.4395548209353244  3.3278897627591797 6.4626256918619225  3.3288021286046132 6.4858351605033091  3.3296206218356983 6.509169992744634  3.3303448024926103 6.5326164850909452  3.3309741986534895 6.5561609899411977  3.331508355300234 6.5797898353387634  3.3319467801687876 6.6034893908554659  3.332289230061757 6.627245755941785  3.3325355359898543 6.6510449486240422  3.3326855165096547 6.674873004532988  3.3327389699687635 6.6987159654871915  3.332695895017082 6.7225597821071759  3.3325563664516138 6.7463903823921427  3.3323204419622585 6.770193696901516  3.3319882016187479 6.7939556676209421  3.3315600057130799 6.8176624303429669  3.3310361980489409 6.8413001079181548  3.3304171320791895 6.8648548354099344  3.3297031382245317 6.8883127119723326  3.328894633483499 6.9116599762258444  3.3279923187341165 6.9348833254645399  3.3269968541746353 6.9579693914391223  3.3259089121011676 6.980904829259778  3.3247291538447468 7.0036762661420662  3.3234582695523209 7.0262704185224871  3.3220972368669233 7.0486748916185951  3.3206470126892729 7.0708772303680796  3.3191085557607529 7.0928649881147789  3.317482831355131 7.1146257448578165  3.3157707697843639 7.1361469655690035  3.3139734925641053 7.157416769559819  3.3120922241099295 7.178423632087445  3.3101281619704137 7.1991559423497069  3.3080825094462956 7.2196021183684715  3.3059564626718725 7.2397505489287983  3.3037513805296959 7.2595907057942677  3.3014686231387209 7.279112084967271  3.2991095478684791 7.2983041785734573  3.2966755075587386 7.317156470030115  3.2941678612210339 7.3356584815929535  3.2915881528375777 7.3538005796513719  3.2889379158593104 7.371573094656604  3.2862186841718724 7.3889663765758922  3.2834319830068601 7.4059707332506424  3.2805793541035015 7.4225766248587073  3.2776624661745712 7.4387755214142617  3.2746829713982231 7.4545587903065904  3.2716425265845852 7.4699178536616815  3.2685427670096914 7.4848440172836215  3.2653854064173871 7.4993291079042708  3.2621722336775472 7.5133654478873684  3.2589050207992605 7.5269452778547983  3.255585528358182 7.5400607718785579  3.2522155665432648 7.5527045126782575  3.2487970202531398 7.5648696756973601  3.2453317597030868 7.5765493536597655  3.2418216418519132 7.5877365470150222  3.2382685931283395 7.598424909145173  3.234674582000256 7.6086084961658793  3.2310415683717326 7.6182813061046391  3.2273714921502172 7.6274372208790178  3.2236663783809107 7.6360707640924828  3.2199283526365718 7.6441772113308604  3.2161595174956883 7.6517516710263855  3.2123619768502656 7.6587893434936749  3.2085378363586501 7.6652852286714204  3.2046891532426818 7.6712356756783073  3.2008179649648261 7.6766374408223701  3.1969263246765052 7.6814872034584898  3.1930162309991306 7.6857815680142725  3.1890899357310789 7.689517645753603  3.1851499019859748 7.6926930275298577  3.1811985343618638 7.6953050345450151  3.1772382975512308 7.6973518175655107  3.1732716817871816 7.6988324393090428  3.1693012383530963 7.6997456655726069  3.1653289431290346 7.7000912502678327  3.1613566368404937 7.6998691790121487  3.1573861882131018 7.6990791431139334  3.1534198314595052 7.6977217395494666  3.1494598117157793 7.6957975819508544  3.1455083721088362 7.6933072954898476  3.1415677689577679 7.6902525324602538  3.1376402634013307 7.6866348465687313  3.133728097282229 7.6824562664450529  3.1298334795480369 7.6777194945221323  3.1259586314828662 7.6724270103226404  3.1221057536340258 7.6665817905755906  3.1182770118982934 7.6601876581341637  3.1144745821475865 7.6532482609816865  3.1107006362375 7.6457673833944213  3.1069573056940771 7.6377498396491124  3.1032467253421894 7.629200405689625  3.0995710405015391 7.6201237717816896  3.095932304425971 7.6105257364289844  3.0923325612879133 7.6004122546577655  3.0887738566889711 7.58978926922667  3.0852582579907133 7.5786626189047706  3.0817876815625187 7.5670390314523566  3.0783640084303432 7.5549254571942495  3.0749891289873772 7.542328825715833  3.0716649502765976 7.5292559379828212  3.0683932975456822 7.5157143552346675  3.0651759445966085 7.5017121329405949  3.0620146784912161 7.487257232062503  3.0589112982302704 7.4723575665178421  3.0558675575076077 7.4570213617099919  3.0528851033581859 7.4412575563923777  3.0499656000936572 7.425074999485024  3.0471107271284645 7.4084824638330922  3.0443220876318011 7.391489233791094  3.0416012161729693 7.3741050605300895  3.0389496608901165 7.3563396155534821  3.0363689890155916 7.338202512031736  3.0338606813580316 7.3197037371742493  3.0314261005002385 7.3008537898996755  3.0290666370561867 7.2816630598946981  3.0267836721098393 7.2621419961860258  3.0245786125003957 7.242300919672271  3.0224527040407421 7.2221510690371034  3.0204071498008074 7.2017039337299904  3.0184431680207413 7.1809709345851322  3.016561969153968 7.1599635286644077  3.0147647917044256 7.1386930967342543  3.0130526497668733 7.1171716627854709  3.0114265131258384 7.0954113810538626  3.0098873659702186 7.0734243665698848  3.0084361859109494 7.0512227652167612  3.0070739705583485 7.0288186386719769  3.005801510598487 7.0062250061313112  3.0046195718729245 6.9834550093146026  3.0035289230642168 6.9605217644519337  3.0025303506565657 6.9374383694036919  3.0016245684557421 6.9142180257789247  3.000811996767506 6.8908743577852771  3.0000930926744407 6.8674209360536222  2.9994683063200567 6.8438713454815598  2.9989380806168611 6.8202391674765268  2.9985028961350451 6.7965379831399559  2.9981630675981905 6.7727813791278164  2.9979186664643289 6.7489829505232093  2.9977698101888066 6.7251562912592924  2.9977166061355325 6.7013149938625149  2.9977591562008743 6.6774726576361276  2.9978975444486538 6.6536428561904959  2.9981316257621002 6.6298393024038118  2.998461117756718 6.6060757943408692  2.9988857695226687 6.5823661095954371  2.9994053242345129 6.5587240334405701  3.0000195179420865 6.5351633409032175  3.0007281217651984 6.5116978403154571  3.0015305918882134 6.488341049327504  3.0024263213760798 6.4651064292593432  3.0034147175126553 6.4420074462888222  3.0044951944282143 6.4190576014861653  3.0056671262193495 6.3962702469082791  3.0069296664443046 6.373657939385609  3.0082819948152566 6.3512333245821031  3.0097232808404586 6.3290090141666475  3.0112527144262904 6.3069976669548664  3.0128694158922054 6.2852117778968353  3.0145722739425533 6.2636633010822171  3.0163602122930229 6.2423642713322902  3.0182321432958976 6.2213266812208614  3.020186999334415 6.2005626115799917  3.0222236480694087 6.1800838028092704  3.0243408047273523 6.1599011993497808  3.0265372137166016 6.1400258829934931  3.0288116073368596 6.1204688687268662  3.0311627505213159 6.1012413014074953  3.0335892424709496 6.0823536153500273  3.0360896040269836 6.0638159031260459  3.0386623778802804 6.0456383373674401  3.0413061058162083 6.0278310776779032  3.0440193282624031 6.010404255713591  3.0468006094403028 5.9933681279490081  3.0496483157639038 5.9767317500053938  3.0525607803107704 5.9605039601831038  3.0555363486687592 5.94469365256451  3.0585733677078806 5.9293097092007496  3.0616701865333811 5.9143610044858512  3.0648251648114533 5.8998564554735298  3.0680366391559564 5.8858048142015642  3.0713026888080939 5.87221323647075  3.0746214147263009 5.8590889939941029  3.0779909159191114 5.8464393286381675  3.0814092956661256 5.8342714857431561  3.0848746615055651 5.8225927266010613  3.0883851203614037 5.8114102452231027  3.0919387994349479 5.800731488791814  3.0955337529999341 5.790562712090348  3.0991679601086779 5.7809089696353952  3.1028394194600954 5.7717755727502986  3.1065461253733417 5.7631677548101505  3.1102860867435784 5.7550908041764401  3.1140572759741096 5.747549864042008  3.1178574183793168 5.7405492110748346  3.121684259708267 5.734093164223621  3.1255355627786829 5.7281861759643347  3.1294089969405898 5.7228319709143642  3.1333021474209888 5.7180334676157525  3.137212577378572 5.7137938962212127  3.1411382052877812 5.7101152248212994  3.1450770348987258 5.7069991227787105  3.1490270607139657 5.7044473599756369  3.1529862322922493 5.7024613797385211  3.1569523614801378 5.7010418447690538  3.1609232817889592 5.7001895380585887  3.1635723085011072 5.6999999861613775  3.1648968968222024 5.7000000000000002 
 0 4 0.003787878787878788 1 0.007575757575757576 1 0.011363636363636364 1 0.015151515151515152 1 0.01893939393939394 1 0.022727272727272728 1 0.026515151515151516 1 0.030303030303030304 1 0.034090909090909088 1 0.03787878787878788 1 0.041666666666666671 1 0.045454545454545456 1 0.04924242424242424 1 0.053030303030303032 1 0.056818181818181823 1 0.060606060606060608 1 0.064393939393939392 1 0.068181818181818177 1 0.071969696969696975 1 0.07575757575757576 1 0.079545454545454544 1 0.083333333333333343 1 0.087121212121212127 1 0.090909090909090912 1 0.094696969696969696 1 0.098484848484848481 1 0.10227272727272728 1 0.10606060606060606 1 0.10984848484848485 1 0.11363636363636365 1 0.11742424242424243 1 0.12121212121212122 1 0.125 1 0.12878787878787878 1 0.13257575757575757 1 0.13636363636363635 1 0.14015151515151517 1 0.14393939393939395 1 0.14772727272727273 1 0.15151515151515152 1 0.1553030303030303 1 0.15909090909090909 1 0.16287878787878787 1 0.16666666666666669 1 0.17045454545454547 1 0.17424242424242425 1 0.17803030303030304 1 0.18181818181818182 1 0.18560606060606061 1 0.18939393939393939 1 0.19318181818181818 1 0.19696969696969696 1 0.20075757575757577 1 0.20454545454545456 1 0.20833333333333334 1 0.21212121212121213 1 0.21590909090909091 1 0.2196969696969697 1 0.22348484848484848 1 0.22727272727272729 1 0.23106060606060608 1 0.23484848484848486 1 0.23863636363636365 1 0.24242424242424243 1 0.24621212121212122 1 0.25 1 0.25378787878787878 1 0.25757575757575757 1 0.26136363636363635 1 0.26515151515151514 1 0.26893939393939392 1 0.27272727272727271 1 0.27651515151515155 1 0.28030303030303033 1 0.28409090909090912 1 0.2878787878787879 1 0.29166666666666669 1 0.29545454545454547 1 0.29924242424242425 1 0.30303030303030304 1 0.30681818181818182 1 0.31060606060606061 1 0.31439393939393939 1 0.31818181818181818 1 0.32196969696969696 1 0.32575757575757575 1 0.32954545454545453 1 0.33333333333333337 1 0.33712121212121215 1 0.34090909090909094 1 0.34469696969696972 1 0.34848484848484851 1 0.35227272727272729 1 0.35606060606060608 1 0.35984848484848486 1 0.36363636363636365 1 0.36742424242424243 1 0.37121212121212122 1 0.375 1 0.37878787878787878 1 0.38257575757575757 1 0.38636363636363635 1 0.39015151515151514 1 0.39393939393939392 1 0.39772727272727276 1 0.40151515151515155 1 0.40530303030303033 1 0.40909090909090912 1 0.4128787878787879 1 0.41666666666666669 1 0.42045454545454547 1 0.42424242424242425 1 0.42803030303030304 1 0.43181818181818182 1 0.43560606060606061 1 0.43939393939393939 1 0.44318181818181818 1 0.44696969696969696 1 0.45075757575757575 1 0.45454545454545459 1 0.45833333333333337 1 0.46212121212121215 1 0.46590909090909094 1 0.46969696969696972 1 0.47348484848484851 1 0.47727272727272729 1 0.48106060606060608 1 0.48484848484848486 1 0.48863636363636365 1 0.49242424242424243 1 0.49621212121212122 1 0.5 1 0.50378787878787878 1 0.50757575757575757 1 0.51136363636363635 1 0.51515151515151514 1 0.51893939393939392 1 0.52272727272727271 1 0.52651515151515149 1 0.53030303030303028 1 0.53409090909090906 1 0.53787878787878785 1 0.54166666666666663 1 0.54545454545454541 1 0.54924242424242431 1 0.55303030303030309 1 0.55681818181818188 1 0.56060606060606066 1 0.56439393939393945 1 0.56818181818181823 1 0.57196969696969702 1 0.5757575757575758 1 0.57954545454545459 1 0.58333333333333337 1 0.58712121212121215 1 0.59090909090909094 1 0.59469696969696972 1 0.59848484848484851 1 0.60227272727272729 1 0.60606060606060608 1 0.60984848484848486 1 0.61363636363636365 1 0.61742424242424243 1 0.62121212121212122 1 0.625 1 0.62878787878787878 1 0.63257575757575757 1 0.63636363636363635 1 0.64015151515151514 1 0.64393939393939392 1 0.64772727272727271 1 0.65151515151515149 1 0.65530303030303028 1 0.65909090909090906 1 0.66287878787878785 1 0.66666666666666674 1 0.67045454545454553 1 0.67424242424242431 1 0.67803030303030309 1 0.68181818181818188 1 0.68560606060606066 1 0.68939393939393945 1 0.69318181818181823 1 0.69696969696969702 1 0.7007575757575758 1 0.70454545454545459 1 0.70833333333333337 1 0.71212121212121215 1 0.71590909090909094 1 0.71969696969696972 1 0.72348484848484851 1 0.72727272727272729 1 0.73106060606060608 1 0.73484848484848486 1 0.73863636363636365 1 0.74242424242424243 1 0.74621212121212122 1 0.75 1 0.75378787878787878 1 0.75757575757575757 1 0.76136363636363635 1 0.76515151515151514 1 0.76893939393939392 1 0.77272727272727271 1 0.77651515151515149 1 0.78030303030303028 1 0.78409090909090906 1 0.78787878787878785 1 0.79166666666666674 1 0.79545454545454553 1 0.79924242424242431 1 0.80303030303030309 1 0.80681818181818188 1 0.81060606060606066 1 0.81439393939393945 1 0.81818181818181823 1 0.82196969696969702 1 0.8257575757575758 1 0.82954545454545459 1 0.83333333333333337 1 0.83712121212121215 1 0.84090909090909094 1 0.84469696969696972 1 0.84848484848484851 1 0.85227272727272729 1 0.85606060606060608 1 0.85984848484848486 1 0.86363636363636365 1 0.86742424242424243 1 0.87121212121212122 1 0.875 1 0.87878787878787878 1 0.88257575757575757 1 0.88636363636363635 1 0.89015151515151514 1 0.89393939393939392 1 0.89772727272727271 1 0.90151515151515149 1 0.90530303030303028 1 0.90909090909090917 1 0.91287878787878796 1 0.91666666666666674 1 0.92045454545454553 1 0.92424242424242431 1 0.92803030303030309 1 0.93181818181818188 1 0.93560606060606066 1 0.93939393939393945 1 0.94318181818181823 1 0.94696969696969702 1 0.9507575757575758 1 0.95454545454545459 1 0.95833333333333337 1 0.96212121212121215 1 0.96590909090909094 1 0.96969696969696972 1 0.97348484848484851 1 0.97727272727272729 1 0.98106060606060608 1 0.98484848484848486 1 0.98863636363636365 1 0.99242424242424243 1 0.99621212121212122 1 1 4
7 0 0  3 267 265  6.2831853033476701 0.0016291883350696423  6.2752399339406928 0.001814375672823844  6.2593490193186465 0.0022164586758419147  6.2355132059713636 0.0029139237092515964  6.2116790281901153 0.0037049426541968691  6.187847594559539 0.004588736466282696  6.1640199435529048 0.0055644979199399158  6.1401963523342786 0.0066306796803786965  6.1163771606899822 0.0077857361443199255  6.0925627393642703 0.0090281954563292705  6.0687531897962117 0.010356023055268114  6.0449485767470215 0.011767005982694317  6.021149003998195 0.013258977400870925  5.9973545449310564 0.014829753689873578  5.9735651703386079 0.016476394912226477  5.9497809167058762 0.018195970862041812  5.9260018338967466 0.019985529415633255  5.902227995100386 0.021842196388941894  5.8784593090941719 0.023762763207841518  5.8546955361221613 0.02574348729639166  5.830936530576162 0.027780730120363507  5.8071821480055341 0.029870809120013435  5.7834322657553496 0.032010113795956259  5.7596865909113397 0.034194728648923069  5.7359447376539343 0.036420426266838293  5.7122063816492474 0.038683036842537835  5.6884712072395587 0.040978404237999908  5.6647388208880791 0.043302241852921364  5.6410087714629444 0.045650051914713413  5.6172806486013922 0.048017369997577143  5.5935540295336814 0.05039974577454627  5.5698284565330596 0.052792599208116006  5.5461034998411662 0.055191265704656441  5.5223787413346255 0.057591099394226034  5.4986537572307022 0.059987452766154088  5.4749280276776009 0.062375662198984584  5.4512010106597764 0.064751048037731213  5.4274721885389567 0.067108933331859882  5.4037410361335709 0.069444643312920717  5.3800069516507847 0.071753491779690329  5.356269646575349 0.074030927463001064  5.3325289178982018 0.076272417554454269  5.3087845526145472 0.078473422924690506  5.2850363185536615 0.080629411596084083  5.261283922512666 0.082735829305083289  5.2375270039215529 0.084788548488048746  5.2137652372718897 0.086783470818103114  5.1899982892409575 0.088716485882273849  5.1662258183378995 0.090583502538121544  5.1424473491562601 0.092380364647175237  5.1186629958964343 0.094103510930410805  5.0948730346438662 0.095749495117283895  5.0710777093426707 0.097314835515287607  5.047277248881807 0.098796080606703085  5.0234717984780648 0.10018969359667469  4.9996615737380896 0.10149295898926911  4.9758468512776464 0.10270329680298169  4.9520279047026641 0.10381810344593646  4.9282049739709635 0.10483473787792918  4.9043782601007528 0.10575073872103376  4.8805481241038571 0.10656453809227384  4.8567149408968646 0.10727445813344617  4.8328790853316992 0.10787888125404303  4.8090408671723726 0.10837605876805487  4.7852006742869175 0.10876512673425819  4.7613589745703777 0.10904548468202103  4.7375162374018878 0.10921648824985247  4.7136728943860717 0.10927742095924828  4.6898294208672855 0.10922828159907379  4.6659863425524186 0.10906933842063689  4.6421441857307535 0.10880079872217154  4.6183034303540271 0.10842294900733948  4.5944644869908871 0.10793706635167373  4.5706278305955941 0.10734437017628516  4.546793943888364 0.10664611419045932  4.5229633073644635 0.10584347260520534  4.4991362926274121 0.10493792065316565  4.4753131469100822 0.10393192061542669  4.4514942071249166 0.10282779547313436  4.4276798226820517 0.1016279117926637  4.4038703497473648 0.10033460109944564  4.3800660557005067 0.098950292579664589  4.3562668685568529 0.097478375318604552  4.3324728227879774 0.095922172845091261  4.3086839835324184 0.094285019734491896  4.2849004218030764 0.092570271932466183  4.2611222050051154 0.090781188856940864  4.2373492345909867 0.088921580545991225  4.2135814078516844 0.08699555637908854  4.1898186819115004 0.085007154108799027  4.1660610208234523 0.082960432762640202  4.1423083724901772 0.080859437895207498  4.1185602600019635 0.078708607283597687  4.0948162586107593 0.07651238731823333  4.0710759692673388 0.074275222817599046  4.0473389929381511 0.072001556283105728  4.023604892777719 0.069695841092223987  3.9998732621379602 0.067362766201938498  3.9761437500866421 0.065007011394881631  3.9524160201601699 0.062633258669455058  3.9286897355546344 0.060246190335330532  3.9049644904230369 0.057850485156714905  3.8812397348605572 0.055450795935915523  3.8575149741671151 0.05305177958894404  3.8337897185579575 0.050658086018626543  3.8100634427531865 0.0482743890668113  3.7863356512322284 0.045905249951407386  3.7626059442381461 0.043555123549812516  3.7388739225650944 0.041228478765503521  3.7151391577882524 0.038929812644679096  3.6914012374713714 0.036663473786593355  3.6676598510240339 0.034433598710642936  3.6439146820839152 0.032244350033688467  3.6201653680471289 0.030099937028800716  3.5964116148126326 0.028004262054161504  3.5726532106912021 0.025961039863298046  3.5488899371247022 0.023974009466122433  3.5251214806923237 0.022046975033860626  3.5013477447965791 0.020183390984640712  3.477568979257688 0.018386302573002413  3.4537853891174084 0.016658846140971934  3.4299971564118543 0.015004107464694804  3.4062044837432026 0.013425283496369067  3.382406936215304 0.011924822171021887  3.3586039001998085 0.010504947023254234  3.3347948804754068 0.0091679185061375387  3.3109790457579695 0.0079160602327157433  3.2871569544398707 0.0067513080040483902  3.2633303713188422 0.0056752500611585103  3.2395007336851371 0.0046896257212109679  3.2156697206673179 0.0037957901934719583  3.1918391177268557 0.0029946796737022811  3.1680110998119773 0.0022873859715437047  3.1441843500541733 0.0016743840252434455  3.1203567601227711 0.0011560154712955792  3.0965263771827019 0.00073261133514741751  3.0726934626948506 0.00040399931440259298  3.048858354531097 0.00017000369096484231  3.0250213456406101 3.0440262549514705e-05  3.0011828965144716 -1.5483086947008164e-05  2.9773434843077595 3.1500881706072323e-05  2.9535035123137767 0.00017038364245888302  2.9296633040493862 0.00039974989811659175  2.9058232074076962 0.0007183158995303175  2.8819835148275654 0.0011245111353154335  2.8581445135754375 0.0016162793182654103  2.8343065128182161 0.0021916635142905901  2.8104697965751928 0.0028486325722477971  2.7866347085708938 0.0035846066647319936  2.7628016142185494 0.0043970272243503434  2.7389708700375301 0.0052833778177833555  2.7151426977498012 0.0062405897859807904  2.6913173565763575 0.0072655165677969419  2.6674951101456177 0.0083550171691892661  2.6436762525071913 0.0095060045040904519  2.6198606324603624 0.010714931849700852  2.5960480408647388 0.011978135614162585  2.5722383152665014 0.013291969321465355  2.5484312779810896 0.014652829215665426  2.5246267026356026 0.016056844121202833  2.5008243960666441 0.017499967574911852  2.4770241920027729 0.018978189064489462  2.4532259266536283 0.020487505156248729  2.4294293660204804 0.022023841465814011  2.4056342261822969 0.023582956453465885  2.3818402643073231 0.025160634357239857  2.3580472220095139 0.026752658942506339  2.3342548275766379 0.028354782438886169  2.3104628571790862 0.029962724902697566  2.2866710966126753 0.031572216801434065  2.262879328516064 0.033178973278618649  2.2390872377308977 0.034778769982583349  2.2152944681674214 0.036367463120557962  2.1915006988976629 0.037940890483772145  2.1677056055288553 0.039494904106668276  2.1439087903524943 0.041025317466864657  2.120110057608164 0.042528228052827043  2.0963093228280378 0.043999811912180276  2.0725064964178479 0.045436221024862077  2.0487014779297521 0.046833628967367341  2.024894112636817 0.048188146997648625  2.0010841961370556 0.049496431699605388  1.9772715697144534 0.050755250113664239  1.9534560817989064 0.05196133693050816  1.9296375766033105 0.053111449412694918  1.9058158002626939 0.054202286885010761  1.8819909635233714 0.055231201373136668  1.8581633814411802 0.056195625327443856  1.8343333492345 0.057092984867078492  1.8105011360635856 0.05792065250582281  1.7866669391294572 0.05867623199198433  1.7628309951375023 0.059358252142278745  1.7389935981680793 0.059965126995225146  1.7151550588785032 0.060495292661520234  1.6913156679799979 0.060947211741384233  1.6674756889548092 0.061319218804739145  1.6436352176736149 0.061610216502844602  1.6197942605576454 0.061819939613294704  1.5959528944400727 0.061947965408329891  1.5721111935106027 0.061993906529476506  1.5482692190145197 0.061957391646454862  1.52442695274173 0.061838168319550149  1.5005845272924994 0.061636760829938082  1.4767422574813054 0.061354156454319755  1.4529004764406386 0.060991236656333207  1.4290595337328362 0.060548903445381101  1.4052197581289763 0.060028082460881239  1.3813814127492074 0.059429584276399598  1.3575447437219665 0.058755255538842803  1.3337100739173495 0.058007151925036977  1.3098777476850891 0.057187283913632925  1.2860481309846854 0.056297640917590812  1.2622214676866372 0.055340346016228351  1.2383976101126795 0.054318252515120853  1.2145765101561281 0.053234131269031953  1.1907581209368425 0.052090787271162578  1.1669423850438596 0.050890971411728103  1.1431291984192722 0.049637627796186988  1.119318511337438 0.048334337645307403  1.0955103299339681 0.046984591161185953  1.0717046697332817 0.045591912484473959  1.047901561387043 0.04415978102026473  1.0241008814466763 0.042691834901854582  1.0003022864876687 0.041192080091184205  0.97650551214481229 0.039664460419789931  0.95271028717190553 0.038112945476845232  0.92891631236894234 0.036541463951384849  0.90512326610436933 0.034954160701538846  0.88133089328634995 0.033355284475048111  0.85753897163409132 0.031749059019076938  0.83374728329682135 0.030139714681996627  0.80995558769676546 0.028531480407916376  0.78616358382955465 0.026928584156824004  0.76237091692217618 0.025335267716916431  0.73857729710130204 0.023755775508127908  0.71478246558435998 0.022194351030738364  0.69098616670356794 0.020655238904319272  0.66718812035564579 0.019142680190956728  0.6433879866825043 0.017660929063365548  0.61958536225238792 0.016214190200246229  0.59578018482501705 0.014806190461772022  0.57197245879145697 0.013440691354284188  0.5481622368989667 0.012121445627148744  0.52434958588448755 0.010852206411485254  0.5005345582271179 0.0096367340683643794  0.47671715525727798 0.0084787596572825624  0.45289731898863561 0.0073821242141300101  0.42907480154859812 0.0063501508830334213  0.40524931087476279 0.005385641226946263  0.3814206139604206 0.0044915091806758123  0.357588492713937 0.0036706317505720561  0.33375266495634737 0.0029259212849869769  0.30991297261688544 0.0022601833091618587  0.2860704094342017 0.0016755689064193535  0.26222590747829688 0.0011742712870855751  0.23838032093828154 0.00075854578510322138  0.21453484492584263 0.0004302806662402276  0.19069101877763384 0.00019096149920745352  0.16685059568338723 4.2214313459206988e-05  0.14301300390109706 -1.4834680556661892e-05  0.11917715058505163 2.0823978037040167e-05  0.095342019181229531 0.00015017698074331086  0.071506811254661073 0.00037395371870801124  0.047671495958832466 0.00069226967226042714  0.023835953702554313 0.0011053349115421808  0.0079453658119001958 0.0014440009973186974  -3.8319161177469141e-09 0.0016291883350696423 
 0 4 0.003787878787878788 1 0.007575757575757576 1 0.011363636363636364 1 0.015151515151515152 1 0.01893939393939394 1 0.022727272727272728 1 0.026515151515151516 1 0.030303030303030304 1 0.034090909090909088 1 0.03787878787878788 1 0.041666666666666671 1 0.045454545454545456 1 0.04924242424242424 1 0.053030303030303032 1 0.056818181818181823 1 0.060606060606060608 1 0.064393939393939392 1 0.068181818181818177 1 0.071969696969696975 1 0.07575757575757576 1 0.079545454545454544 1 0.083333333333333343 1 0.087121212121212127 1 0.090909090909090912 1 0.094696969696969696 1 0.098484848484848481 1 0.10227272727272728 1 0.10606060606060606 1 0.10984848484848485 1 0.11363636363636365 1 0.11742424242424243 1 0.12121212121212122 1 0.125 1 0.12878787878787878 1 0.13257575757575757 1 0.13636363636363635 1 0.14015151515151517 1 0.14393939393939395 1 0.14772727272727273 1 0.15151515151515152 1 0.1553030303030303 1 0.15909090909090909 1 0.16287878787878787 1 0.16666666666666669 1 0.17045454545454547 1 0.17424242424242425 1 0.17803030303030304 1 0.18181818181818182 1 0.18560606060606061 1 0.18939393939393939 1 0.19318181818181818 1 0.19696969696969696 1 0.20075757575757577 1 0.20454545454545456 1 0.20833333333333334 1 0.21212121212121213 1 0.21590909090909091 1 0.2196969696969697 1 0.22348484848484848 1 0.22727272727272729 1 0.23106060606060608 1 0.23484848484848486 1 0.23863636363636365 1 0.24242424242424243 1 0.24621212121212122 1 0.25 1 0.25378787878787878 1 0.25757575757575757 1 0.26136363636363635 1 0.26515151515151514 1 0.26893939393939392 1 0.27272727272727271 1 0.27651515151515155 1 0.28030303030303033 1 0.28409090909090912 1 0.2878787878787879 1 0.29166666666666669 1 0.29545454545454547 1 0.29924242424242425 1 0.30303030303030304 1 0.30681818181818182 1 0.31060606060606061 1 0.31439393939393939 1 0.31818181818181818 1 0.32196969696969696 1 0.32575757575757575 1 0.32954545454545453 1 0.33333333333333337 1 0.33712121212121215 1 0.34090909090909094 1 0.34469696969696972 1 0.34848484848484851 1 0.35227272727272729 1 0.35606060606060608 1 0.35984848484848486 1 0.36363636363636365 1 0.36742424242424243 1 0.37121212121212122 1 0.375 1 0.37878787878787878 1 0.38257575757575757 1 0.38636363636363635 1 0.39015151515151514 1 0.39393939393939392 1 0.39772727272727276 1 0.40151515151515155 1 0.40530303030303033 1 0.40909090909090912 1 0.4128787878787879 1 0.41666666666666669 1 0.42045454545454547 1 0.42424242424242425 1 0.42803030303030304 1 0.43181818181818182 1 0.43560606060606061 1 0.43939393939393939 1 0.44318181818181818 1 0.44696969696969696 1 0.45075757575757575 1 0.45454545454545459 1 0.45833333333333337 1 0.46212121212121215 1 0.46590909090909094 1 0.46969696969696972 1 0.47348484848484851 1 0.47727272727272729 1 0.48106060606060608 1 0.48484848484848486 1 0.48863636363636365 1 0.49242424242424243 1 0.49621212121212122 1 0.5 1 0.50378787878787878 1 0.50757575757575757 1 0.51136363636363635 1 0.51515151515151514 1 0.51893939393939392 1 0.52272727272727271 1 0.52651515151515149 1 0.53030303030303028 1 0.53409090909090906 1 0.53787878787878785 1 0.54166666666666663 1 0.54545454545454541 1 0.54924242424242431 1 0.55303030303030309 1 0.55681818181818188 1 0.56060606060606066 1 0.56439393939393945 1 0.56818181818181823 1 0.57196969696969702 1 0.5757575757575758 1 0.57954545454545459 1 0.58333333333333337 1 0.58712121212121215 1 0.59090909090909094 1 0.59469696969696972 1 0.59848484848484851 1 0.60227272727272729 1 0.60606060606060608 1 0.60984848484848486 1 0.61363636363636365 1 0.61742424242424243 1 0.62121212121212122 1 0.625 1 0.62878787878787878 1 0.63257575757575757 1 0.63636363636363635 1 0.64015151515151514 1 0.64393939393939392 1 0.64772727272727271 1 0.65151515151515149 1 0.65530303030303028 1 0.65909090909090906 1 0.66287878787878785 1 0.66666666666666674 1 0.67045454545454553 1 0.67424242424242431 1 0.67803030303030309 1 0.68181818181818188 1 0.68560606060606066 1 0.68939393939393945 1 0.69318181818181823 1 0.69696969696969702 1 0.7007575757575758 1 0.70454545454545459 1 0.70833333333333337 1 0.71212121212121215 1 0.71590909090909094 1 0.71969696969696972 1 0.72348484848484851 1 0.72727272727272729 1 0.73106060606060608 1 0.73484848484848486 1 0.73863636363636365 1 0.74242424242424243 1 0.74621212121212122 1 0.75 1 0.75378787878787878 1 0.75757575757575757 1 0.76136363636363635 1 0.76515151515151514 1 0.76893939393939392 1 0.77272727272727271 1 0.77651515151515149 1 0.78030303030303028 1 0.78409090909090906 1 0.78787878787878785 1 0.79166666666666674 1 0.79545454545454553 1 0.79924242424242431 1 0.80303030303030309 1 0.80681818181818188 1 0.81060606060606066 1 0.81439393939393945 1 0.81818181818181823 1 0.82196969696969702 1 0.8257575757575758 1 0.82954545454545459 1 0.83333333333333337 1 0.83712121212121215 1 0.84090909090909094 1 0.84469696969696972 1 0.84848484848484851 1 0.85227272727272729 1 0.85606060606060608 1 0.85984848484848486 1 0.86363636363636365 1 0.86742424242424243 1 0.87121212121212122 1 0.875 1 0.87878787878787878 1 0.88257575757575757 1 0.88636363636363635 1 0.89015151515151514 1 0.89393939393939392 1 0.89772727272727271 1 0.90151515151515149 1 0.90530303030303028 1 0.90909090909090917 1 0.91287878787878796 1 0.91666666666666674 1 0.92045454545454553 1 0.92424242424242431 1 0.92803030303030309 1 0.93181818181818188 1 0.93560606060606066 1 0.93939393939393945 1 0.94318181818181823 1 0.94696969696969702 1 0.9507575757575758 1 0.95454545454545459 1 0.95833333333333337 1 0.96212121212121215 1 0.96590909090909094 1 0.96969696969696972 1 0.97348484848484851 1 0.97727272727272729 1 0.98106060606060608 1 0.98484848484848486 1 0.98863636363636365 1 0.99242424242424243 1 0.99621212121212122 1 1 4
1 6.2831853091960985 0 0 1 
1 2.016512290481387e-09 0 0 1 
1 0 2.6000000000000001 1 0 
1 6.2831853071795862 0 0 1 
1 0 0 0 1 
7 0 0  3 25 23  6.2831853071795862 5.7098220457461304  6.2828332363751729 5.7095239240807398  6.2821290036555606 5.7089413136174478  6.2810723804329625 5.7081082720259468  6.2800154822439822 5.7073160800388489  6.2789583083087441 5.7065647131571025  6.2779008578333322 5.7058541468816752  6.2768431300251439 5.7051843567135254  6.2757851240887987 5.7045553181536128  6.2747268392272169 5.7039670067028947  6.273668274641369 5.7034193978623327  6.272609429530303 5.7029124671328857  6.2715503030911846 5.7024461900155208  6.2704908945192592 5.7020205420111854  6.2694312030078914 5.7016354986208491  6.2683712277485357 5.70129103534547  6.2673109679307686 5.7009871276860071  6.26625042274227 5.7007237511434203  6.2651895913688502 5.7005008812186713  6.2641284729944218 5.7003184934127189  6.2630670668010495 5.7001765632265213  6.2620053719688684 5.7000750661610402  6.2609433876763356 5.7000139777172363  6.2602352046250136 5.7000001748364575  6.259881064581382 5.7000000000000002 
 0 4 0.045454545454545456 1 0.090909090909090912 1 0.13636363636363635 1 0.18181818181818182 1 0.22727272727272729 1 0.27272727272727271 1 0.31818181818181818 1 0.36363636363636365 1 0.40909090909090912 1 0.45454545454545459 1 0.5 1 0.54545454545454541 1 0.59090909090909094 1 0.63636363636363635 1 0.68181818181818188 1 0.72727272727272729 1 0.77272727272727271 1 0.81818181818181823 1 0.86363636363636365 1 0.90909090909090917 1 0.95454545454545459 1 1 4
7 0 0  3 25 23  0.14027235478094191 12  0.13813899713477529 11.999999999568638  0.13387364466216756 11.999997767759982  0.12747944516681375 11.999987721859336  0.12108881574275543 11.999970972421188  0.11470149688598852 11.999947514095661  0.1083172289387937 11.999917341532901  0.10193575211675476 11.999880449383047  0.095556806583691589 11.999836832296246  0.089180132513211774 11.999786484922623  0.082805470153360261 11.99972940191233  0.076432559889995311 11.999665577915497  0.070061142310121838 11.999595007582288  0.063690958264886355 11.999517685562806  0.057321748932376515 11.999433606507223  0.05095325588024302 11.999342765065661  0.044585221128119024 11.99924515588827  0.038217387210147891 11.999140773625179  0.031849497236664526 11.999029612926543  0.025481294958745515 11.998911668442487  0.019112524821947474 11.998786934823164  0.012742932060459289 11.998655406718704  0.0063722626406903515 11.998517078779251  0.0021242633916731535 11.99842032336305  0 11.998370810565831 
 0 4 0.045454545454545456 1 0.090909090909090912 1 0.13636363636363635 1 0.18181818181818182 1 0.22727272727272729 1 0.27272727272727271 1 0.31818181818181818 1 0.36363636363636365 1 0.40909090909090912 1 0.45454545454545459 1 0.5 1 0.54545454545454541 1 0.59090909090909094 1 0.63636363636363635 1 0.68181818181818188 1 0.72727272727272729 1 0.77272727272727271 1 0.81818181818181823 1 0.86363636363636365 1 0.90909090909090917 1 0.95454545454545459 1 1 4
7 0 0  3 157 155  6.259881064581382 5.7000000000000002  6.2586938690380736 5.6999993395170678  6.2563195433898224 5.7001509560390202  6.2527598284852122 5.7008357743325861  6.2492034638055243 5.7019765618858926  6.2456520280923522 5.7035719129913343  6.2421071000871935 5.7056208319478285  6.2385702590766581 5.7081222968577707  6.2350430845118963 5.7110753281119688  6.2315271563358108 5.7144788006928291  6.2280240590599281 5.7183304513734097  6.2245353787223596 5.7226281168553452  6.2210627011085551 5.7273695914825469  6.2176076183859541 5.7325527391012709  6.2141717021921563 5.7381751765180917  6.2107564433999345 5.7442335692763473  6.2073633452754216 5.7507247030458108  6.2039939105368598 5.7576453375555054  6.2006496420222108 5.7649922161709988  6.1973320519042856 5.7727621736524473  6.1940426197639011 5.7809516566321788  6.1907827570120588 5.7895563046120433  6.1875538894561712 5.7985718956898484  6.1843574410667621 5.8079941658893013  6.1811948411377964 5.8178188809345501  6.1780675108509655 5.8280417288314679  6.1749767838701786 5.8386576965043355  6.171924003668293 5.8496618289757469  6.168910511348682 5.8610491355776189  6.1659376608477894 5.8728147103062662  6.1630067572217149 5.8849532471585562  6.1601190662922178 5.8974591128361249  6.1572758636210452 5.9103267338984811  6.1544784312261749 5.9235505665464894  6.1517280261388656 5.9371248714003766  6.1490258409654226 5.9510434265247119  6.146373082165387 5.9653000924055979  6.1437709520272961 5.9798886906621549  6.141220668434789 5.9948031159599307  6.1387233584916343 6.0100367729032023  6.1362801234733197 6.0255829180755702  6.1338920746076671 6.0414348529187238  6.1315603196075639 6.0575858392024049  6.1292859819197991 6.0740292525260857  6.1270701194401358 6.0907579082473919  6.1249137397395188 6.1077641884173204  6.1228178638596162 6.1250405725112262  6.1207835109186917 6.1425795124378437  6.118811704159798 6.1603734729479847  6.1169034618582874 6.1784148949365605  6.1150596475960715 6.1966956772923183  6.1132811313145714 6.2152077358987201  6.1115687838222446 6.2339429875748689  6.1099234736526791 6.2528933284026182  6.1083460849617852 6.272050736477162  6.1068374424150598 6.2914068457816086  6.1053982531277189 6.310952618001445  6.1040292452037939 6.3306791307492016  6.1027311436383913 6.3505774339863645  6.101504669742746 6.3706385723515719  6.1003505674547513 6.3908536394258801  6.0992694030963968 6.4112133185693505  6.0982616992476686 6.4317081912311549  6.0973279920149217 6.452328869425588  6.0964688078706502 6.4730659404598674  6.0956847009041644 6.4939100599043815  6.0949760858173887 6.5148515316589934  6.0943432853441681 6.5358804286994028  6.0937866455403595 6.5569868792584503  6.0933064993931367 6.5781609893764994  6.0929032098714782 6.5993928986066797  6.092576978529503 6.6206725763320566  6.0923279231373417 6.6419899038811518  6.0921561791556753 6.6633347819000885  6.0920618859194891 6.6846971120437164  6.0920451480353259 6.7060667714189046  6.092105916457017 6.727433533670709  6.0922441441042672 6.7487871866825317  6.0924597853459481 6.7701175109315406  6.0927527798538277 6.791414302385621  6.0931228609511567 6.8126675504794738  6.0935697732896879 6.8338672350188938  6.0940932605700535 6.8550033336907861  6.0946930595599511 6.8760658422865077  6.0953689363032266 6.8970446862985177  6.0961204724222231 6.9179302335112425  6.0969471742222412 6.9387130329356035  6.0978485667992564 6.959383589387433  6.0988241711585642 6.9799324182969231  6.0998735079842641 7.0003500368319491  6.1009961054449224 7.0206269445952447  6.1021912795800413 7.0407541617344229  6.1034583383916177 7.0607227297805979  6.1047965926531012 7.080523685521027  6.1062053544367121 7.1001480633912726  6.1076839323210352 7.1195869119775965  6.1092316520937278 7.1388312256150908  6.1108476651978112 7.1578725759947268  6.1125310973120861 7.1767026246120436  6.1142810833704351 7.1953130021139762  6.1160967533901678 7.2136953746783643  6.1179772548934732 7.2318412972079997  6.1199216463356079 7.2497429506507114  6.1219289403579946 7.2673928437472268  6.123998162763713 7.2847834053878362  6.1261283364243511 7.3019070919547335  6.1283184921000782 7.3187563297129383  6.1305676409887049 7.3353236401959627  6.1328746671002525 7.3516021203909911  6.1352384686935784 7.3675848125769692  6.1376579434339646 7.3832647669645945  6.140131988307977 7.398635056745797  6.1426595151826557 7.4136886552558305  6.1452393581468465 7.4284191498649443  6.147870317649657 7.4428204013464008  6.1505512056805056 7.4568861986229109  6.1532808307468549 7.4706103692747323  6.1560580164826018 7.4839866581025181  6.1588815306143108 7.4970091794563061  6.1617500851810236 7.5096724141872429  6.1646624068450731 7.5219707633574506  6.1676172201925494 7.5338986565417203  6.1706132567929233 7.5454504890532217  6.1736491709605641 7.5566212640853063  6.176723615172155 7.5674060132725387  6.1798352426339154 7.5777997821218426  6.1829827182634389 7.5877975323739992  6.1861646494104283 7.5973947553971923  6.1893796195647388 7.6065871697924639  6.1926262200069262 7.6153704419250143  6.1959030441393903 7.6237402399063168  6.1992086816259251 7.6316922773397788  6.2025416138591591 7.6392231001792945  6.205900328895809 7.6463292168068078  6.2092833148377355 7.6530071377064219  6.2126890625339914 7.6592534025255059  6.216116062424863 7.6650644321562682  6.2195628263049842 7.6704376447184988  6.2230278717475329 7.6753706831976265  6.2265097147032247 7.6798611371644565  6.2300068787320866 7.6839065938474418  6.2335178660935977 7.6875047040886306  6.2370409681945551 7.6906537343298602  6.2405744880132126 7.6933519354843458  6.2441167427054118 7.6955974563653582  6.2476659352099428 7.6973891331840738  6.2512201624386075 7.6987260130953405  6.2547777612207422 7.69960742203126  6.2583373506613729 7.7000331317142656  6.2618974884298373 7.7000028578539137  6.2654567112406081 7.6995165963149708  6.2690135605299231 7.6985742638935983  6.27256652749967 7.6971762914599404  6.2761140916068454 7.6953232194867018  6.2796547391886026 7.6930155156894813  6.2820095548836772 7.6911742302909083  6.2831853071795862 7.6901779543283704 
 0 4 0.0064935064935064939 1 0.012987012987012988 1 0.01948051948051948 1 0.025974025974025976 1 0.032467532467532471 1 0.03896103896103896 1 0.045454545454545456 1 0.051948051948051951 1 0.058441558441558447 1 0.064935064935064943 1 0.071428571428571438 1 0.07792207792207792 1 0.084415584415584416 1 0.090909090909090912 1 0.097402597402597407 1 0.1038961038961039 1 0.1103896103896104 1 0.11688311688311689 1 0.12337662337662339 1 0.12987012987012989 1 0.13636363636363638 1 0.14285714285714288 1 0.14935064935064937 1 0.15584415584415584 1 0.16233766233766234 1 0.16883116883116883 1 0.17532467532467533 1 0.18181818181818182 1 0.18831168831168832 1 0.19480519480519481 1 0.20129870129870131 1 0.20779220779220781 1 0.2142857142857143 1 0.2207792207792208 1 0.22727272727272729 1 0.23376623376623379 1 0.24025974025974028 1 0.24675324675324678 1 0.25324675324675328 1 0.25974025974025977 1 0.26623376623376627 1 0.27272727272727276 1 0.27922077922077926 1 0.28571428571428575 1 0.29220779220779225 1 0.29870129870129875 1 0.30519480519480524 1 0.31168831168831168 1 0.31818181818181818 1 0.32467532467532467 1 0.33116883116883117 1 0.33766233766233766 1 0.34415584415584416 1 0.35064935064935066 1 0.35714285714285715 1 0.36363636363636365 1 0.37012987012987014 1 0.37662337662337664 1 0.38311688311688313 1 0.38961038961038963 1 0.39610389610389612 1 0.40259740259740262 1 0.40909090909090912 1 0.41558441558441561 1 0.42207792207792211 1 0.4285714285714286 1 0.4350649350649351 1 0.44155844155844159 1 0.44805194805194809 1 0.45454545454545459 1 0.46103896103896108 1 0.46753246753246758 1 0.47402597402597407 1 0.48051948051948057 1 0.48701298701298706 1 0.49350649350649356 1 0.5 1 0.50649350649350655 1 0.51298701298701299 1 0.51948051948051954 1 0.52597402597402598 1 0.53246753246753253 1 0.53896103896103897 1 0.54545454545454553 1 0.55194805194805197 1 0.55844155844155852 1 0.56493506493506496 1 0.57142857142857151 1 0.57792207792207795 1 0.5844155844155845 1 0.59090909090909094 1 0.59740259740259749 1 0.60389610389610393 1 0.61038961038961048 1 0.61688311688311692 1 0.62337662337662336 1 0.62987012987012991 1 0.63636363636363635 1 0.6428571428571429 1 0.64935064935064934 1 0.6558441558441559 1 0.66233766233766234 1 0.66883116883116889 1 0.67532467532467533 1 0.68181818181818188 1 0.68831168831168832 1 0.69480519480519487 1 0.70129870129870131 1 0.70779220779220786 1 0.7142857142857143 1 0.72077922077922085 1 0.72727272727272729 1 0.73376623376623384 1 0.74025974025974028 1 0.74675324675324684 1 0.75324675324675328 1 0.75974025974025983 1 0.76623376623376627 1 0.77272727272727282 1 0.77922077922077926 1 0.78571428571428581 1 0.79220779220779225 1 0.7987012987012988 1 0.80519480519480524 1 0.81168831168831179 1 0.81818181818181823 1 0.82467532467532478 1 0.83116883116883122 1 0.83766233766233766 1 0.84415584415584421 1 0.85064935064935066 1 0.85714285714285721 1 0.86363636363636365 1 0.8701298701298702 1 0.87662337662337664 1 0.88311688311688319 1 0.88961038961038963 1 0.89610389610389618 1 0.90259740259740262 1 0.90909090909090917 1 0.91558441558441561 1 0.92207792207792216 1 0.9285714285714286 1 0.93506493506493515 1 0.94155844155844159 1 0.94805194805194815 1 0.95454545454545459 1 0.96103896103896114 1 0.96753246753246758 1 0.97402597402597413 1 0.98051948051948057 1 0.98701298701298712 1 0.99350649350649356 1 1 4
7 0 0  3 157 155  6.2831853071795862 11.998370810565831  6.2760640652090238 11.998205242848345  6.2618225755581856 11.997848246451509  6.2404632885209192 11.997236191592085  6.2191068811029506 11.996548602275931  6.1977533988419955 11.995786493159521  6.1764028964057101 11.994950632342652  6.1550554374570705 11.994041803678671  6.1337110707610254 11.993060765589737  6.1123698303432459 11.992008363943208  6.0910319215400417 11.990886129050869  6.0696975780861546 11.98969553119035  6.0483670456359331 11.98843806589565  6.0270405853256772 11.987115187709493  6.0057183601305564 11.985728496585562  5.984400284795818 11.984280152347363  5.9630863558857259 11.982772244047073  5.9417765838398706 11.981206876279122  5.9204709840008958 11.979586162240274  5.8991695750114665 11.977912165175669  5.8778722826606771 11.976187160842441  5.8565789349110444 11.974413866942161  5.8352894214212823 11.972594925390077  5.8140036414487177 11.970733000739434  5.7927215037341666 11.96883074277782  5.7714428768223742 11.966890838184524  5.7501674657151094 11.964916303979182  5.7288950228820532 11.962910130443493  5.7076253060397724 11.960875322289741  5.6863580788586559 11.958814853245768  5.6650930420702093 11.956731841626958  5.6438298827262976 11.954629524551891  5.6225683107193634 11.952511115621475  5.6013080339977561 11.950379824753306  5.5800487321787635 11.948238903860348  5.5587900787638711 11.946091710135224  5.5375317693300801 11.943941583603758  5.5162734955972965 11.941791869523843  5.4950149383058413 11.939645909391905  5.4737557013431299 11.937507063352388  5.452495396465598 11.935378696664696  5.4312336444126652 11.933264174187507  5.4099700669600983 11.931166857575592  5.3887042249999935 11.929090121700122  5.3674358289755277 11.927037274450882  5.3461647532607275 11.925011571735169  5.3248908533836561 11.923016281327993  5.3036139872777888 11.921054666990505  5.2823339905922264 11.919129996671586  5.2610506538512949 11.917245525552143  5.239763732103472 11.915404199285012  5.2184730062288365 11.913608973335196  5.197178254094009 11.911862803483965  5.1758792497113886 11.910168634435395  5.1545756967696352 11.908529454886024  5.1332674147184036 11.906948068903256  5.1119545572715683 11.905426920167798  5.0906372402203077 11.903968513722095  5.0693155881353213 11.902575342834419  5.04798970324034 11.901249886507912  5.0266596346434227 11.89999469258046  5.0053254704335499 11.898811747105885  4.9839873439513571 11.897702896793463  4.9626453854441435 11.896670030277273  4.941299723097945 11.895715001874496  4.9199504171065955 11.894839761245091  4.8985976681153618 11.894045766472269  4.8772418196368754 11.893334151532979  4.8558831971558911 11.892706131814544  4.8345221275493753 11.892162876286848  4.8131588914723444 11.891705658179113  4.7917938068352379 11.891335185975763  4.7704272571486053 11.891051875250341  4.7490596294849441 11.890856203190173  4.7276912998025162 11.890748660895001  4.7063226340262565 11.89072961612268  4.6849540912340366 11.890798894492008  4.6635861370867522 11.890956332506262  4.6422192404386013 11.891201770936773  4.6208538314212237 11.891534999659353  4.599490237775604 11.891955090573767  4.5781288354182159 11.892461154630654  4.5567700158007138 11.893052299318395  4.5354141587030199 11.893727606923393  4.514061656737363 11.894486264002301  4.4927126319148316 11.895326798220859  4.4713671541553071 11.89624746716763  4.4500253492561059 11.897246594339755  4.4286873490527121 11.898322487236801  4.4073532822874686 11.899473451440093  4.3860232514620723 11.900697816201486  4.364697221798945 11.901993205627404  4.3433752090590687 11.903357214707775  4.3220572602875222 11.904787445379002  4.3007434368115742 11.906281500831598  4.2794337948765637 11.907836972293174  4.2581283732738129 11.909451497588861  4.2368270976585185 11.911122218601916  4.2155299260890278 11.912846201192675  4.1942368494002151 11.914620533677995  4.1729478552293529 11.916442288905067  4.1516629673571392 11.918308579143298  4.1303819305915015 11.920216299397712  4.1091043911910514 11.922162231129617  4.0878300544712838 11.924143183350163  4.0665586262322417 11.926155955975274  4.0452898089389739 11.928197357752056  4.0240232793053305 11.930264170552867  4.0027587445823771 11.932353014115897  3.9814959459942716 11.934460524168079  3.9602346390100482 11.936583331987213  3.9389745741684443 11.938718070658807  3.9177154961813891 11.940861370486711  3.8964570371909244 11.94300987696748  3.8751988200024376 11.945160242620133  3.8539404918951443 11.94730911712173  3.8326817003363467 11.94945315510428  3.8114220659887619 11.951588994221964  3.790161232060314 11.953713351749728  3.7688989106217798 11.955823024335645  3.7476348128485726 11.9579147910625  3.7263686476345885 11.959985438299373  3.7051000916103924 11.962031740835506  3.6838288984002387 11.964050692243111  3.6625548414124558 11.966039295722505  3.6412776915288556 11.967994561943112  3.619997181954894 11.969913462129025  3.5987131120334799 11.971793215302203  3.5774253340951323 11.973631146670673  3.5561336884469421 11.975424557287004  3.5348379944423933 11.97717074801041  3.5135380477004436 11.978867044760181  3.4922339691255475 11.980511226237759  3.4709258869183692 11.982101050754915  3.4496139343276564 11.983634277646198  3.4282982154491375 11.985108682544732  3.4069788357220765 11.986521974866593  3.3856555186536865 11.987872419922086  3.3643279248909135 11.989158408158481  3.3429957428094776 11.99037830099228  3.3216586070694527 11.991530455767077  3.3003162416739795 11.992613275746095  3.2789695284109039 11.993625609203507  3.2576192972822753 11.994566285605254  3.2362662848240435 11.995434089566057  3.2149118307754168 11.996228125918902  3.193557903779626 11.996947587135162  3.1722050207911523 11.997591840491552  3.1508519954450289 11.998160509302874  3.1294980133975265 11.998653202788965  3.108142388006327 11.999069793475046  3.0867843924467024 11.999410086041015  3.0654236178322791 11.999674266890445  3.0440597365410014 11.999862602660398  3.0226923660860283 11.999975306473013  3.0084448113430629 12.000000133483557  3.001320299231844 12 
 0 4 0.0064935064935064939 1 0.012987012987012988 1 0.01948051948051948 1 0.025974025974025976 1 0.032467532467532471 1 0.03896103896103896 1 0.045454545454545456 1 0.051948051948051951 1 0.058441558441558447 1 0.064935064935064943 1 0.071428571428571438 1 0.07792207792207792 1 0.084415584415584416 1 0.090909090909090912 1 0.097402597402597407 1 0.1038961038961039 1 0.1103896103896104 1 0.11688311688311689 1 0.12337662337662339 1 0.12987012987012989 1 0.13636363636363638 1 0.14285714285714288 1 0.14935064935064937 1 0.15584415584415584 1 0.16233766233766234 1 0.16883116883116883 1 0.17532467532467533 1 0.18181818181818182 1 0.18831168831168832 1 0.19480519480519481 1 0.20129870129870131 1 0.20779220779220781 1 0.2142857142857143 1 0.2207792207792208 1 0.22727272727272729 1 0.23376623376623379 1 0.24025974025974028 1 0.24675324675324678 1 0.25324675324675328 1 0.25974025974025977 1 0.26623376623376627 1 0.27272727272727276 1 0.27922077922077926 1 0.28571428571428575 1 0.29220779220779225 1 0.29870129870129875 1 0.30519480519480524 1 0.31168831168831168 1 0.31818181818181818 1 0.32467532467532467 1 0.33116883116883117 1 0.33766233766233766 1 0.34415584415584416 1 0.35064935064935066 1 0.35714285714285715 1 0.36363636363636365 1 0.37012987012987014 1 0.37662337662337664 1 0.38311688311688313 1 0.38961038961038963 1 0.39610389610389612 1 0.40259740259740262 1 0.40909090909090912 1 0.41558441558441561 1 0.42207792207792211 1 0.4285714285714286 1 0.4350649350649351 1 0.44155844155844159 1 0.44805194805194809 1 0.45454545454545459 1 0.46103896103896108 1 0.46753246753246758 1 0.47402597402597407 1 0.48051948051948057 1 0.48701298701298706 1 0.49350649350649356 1 0.5 1 0.50649350649350655 1 0.51298701298701299 1 0.51948051948051954 1 0.52597402597402598 1 0.53246753246753253 1 0.53896103896103897 1 0.54545454545454553 1 0.55194805194805197 1 0.55844155844155852 1 0.56493506493506496 1 0.57142857142857151 1 0.57792207792207795 1 0.5844155844155845 1 0.59090909090909094 1 0.59740259740259749 1 0.60389610389610393 1 0.61038961038961048 1 0.61688311688311692 1 0.62337662337662336 1 0.62987012987012991 1 0.63636363636363635 1 0.6428571428571429 1 0.64935064935064934 1 0.6558441558441559 1 0.66233766233766234 1 0.66883116883116889 1 0.67532467532467533 1 0.68181818181818188 1 0.68831168831168832 1 0.69480519480519487 1 0.70129870129870131 1 0.70779220779220786 1 0.7142857142857143 1 0.72077922077922085 1 0.72727272727272729 1 0.73376623376623384 1 0.74025974025974028 1 0.74675324675324684 1 0.75324675324675328 1 0.75974025974025983 1 0.76623376623376627 1 0.77272727272727282 1 0.77922077922077926 1 0.78571428571428581 1 0.79220779220779225 1 0.7987012987012988 1 0.80519480519480524 1 0.81168831168831179 1 0.81818181818181823 1 0.82467532467532478 1 0.83116883116883122 1 0.83766233766233766 1 0.84415584415584421 1 0.85064935064935066 1 0.85714285714285721 1 0.86363636363636365 1 0.8701298701298702 1 0.87662337662337664 1 0.88311688311688319 1 0.88961038961038963 1 0.89610389610389618 1 0.90259740259740262 1 0.90909090909090917 1 0.91558441558441561 1 0.92207792207792216 1 0.9285714285714286 1 0.93506493506493515 1 0.94155844155844159 1 0.94805194805194815 1 0.95454545454545459 1 0.96103896103896114 1 0.96753246753246758 1 0.97402597402597413 1 0.98051948051948057 1 0.98701298701298712 1 0.99350649350649356 1 1 4
1 6.2831853071795862 0 0 1 
1 0 0 0 1 
1 0 9.1999999999999993 1 0 
7 0 0  3 135 133  0 5.7098220457684903  0.0011938370346138427 5.7108327844280158  0.003577772124141454 5.7130104789521692  0.0071408487881798877 5.7167428933506539  0.010689491621138636 5.7209383899306685  0.014222088666071109 5.7255942182582702  0.017737016996912658 5.7307080501164567  0.0212326534947751 5.7362775062845195  0.024707372068850653 5.7423002960894793  0.028159552573047364 5.748773807974942  0.031587596342149027 5.7556943448904709  0.034989898492892912 5.7630583666788677  0.038364856647626233 5.7708622624959212  0.04171085351960091 5.779102547352152  0.045026327361920693 5.787775229146523  0.048309795908979325 5.7968755918165478  0.051559758966168268 5.806399056099683  0.054774717226919734 5.8163410152866719  0.057953172304294753 5.8266968356551772  0.061093608747131434 5.8374620189818662  0.064194594566464147 5.8486313042279354  0.067254744518602472 5.8601989899890121  0.070272658290708279 5.8721594846334177  0.073246939992855253 5.8845071447212618  0.076176176867703838 5.8972364242728608  0.079059018002346271 5.9103413591022544  0.081894179499395037 5.9238155315911545  0.084680360485917205 5.9376526189484169  0.087416262049949012 5.9518462706524096  0.090100580508333472 5.9663901522762846  0.092732109943070462 5.9812773226342388  0.09530964287964494 5.9965008362969749  0.097831972032527581 6.0120537321194529  0.10029787764919362 6.0279291160588482  0.10270622861118994 6.044119504965666  0.10505590987389102 6.0606172953718502  0.10734580271619532 6.0774149034670808  0.10957477569827034 6.0945047827685777  0.11174174480743115 6.1118792006703213  0.11384573665313624 6.1295299975300903  0.11588575714904081 6.1474490868481206  0.11786081747166222 6.1656283523190396  0.11976991852510555 6.1840597237174393  0.12161208844049654 6.2027349703820009  0.12338648389980111 6.2216451342591652  0.12509224555580367 6.2407813414459721  0.12672851522543382 6.2601346995103953  0.12829443870517032 6.2796963059861186  0.12978913747285148 6.2994573170730419  0.13121190234227154 6.3194084503596981  0.13256207406483345 6.3395402925521065  0.13383897875255713 6.3598434669083286  0.13504194930075908 6.3803085741462651  0.13617030152039256 6.4009262685924515  0.13722341414207051 6.4216869932116403  0.1382008069850027 6.442580721320514  0.13910197510157385 6.4635975051744845  0.13992642314894077 6.4847273712522107  0.14067363967667923 6.5059603702006097  0.14134316804497615 6.5272864786215763  0.14193477536404231 6.548695376694802  0.14244820063256647 6.5701767816071888  0.14288319064621291 6.591720400329117  0.14323948843290513 6.6133159436898712  0.14351684356414385 6.6349531172996317  0.14371498251894277 6.6566216437861154  0.14383385590592024 6.6783110805563108  0.14387345266882701 6.7000109565213988  0.14383375230921303 6.7217108085055131  0.14371479597641557 6.7434001694267778  0.14351663199122733 6.765068579926294  0.14323927930183622 6.7867055536622507  0.14288289157958367 6.8083007266347426  0.14244777950894694 6.8298438773787105  0.14193422165274772 6.851324755460908  0.1413425046286596 6.8727331176693003  0.14067291409593885 6.8940587208752078  0.13992573061043512 6.9152913143953327  0.1391012554801927 6.9364206779763924  0.13820002594566283 6.9574369350983982  0.13722256339157113 6.9783301868344658  0.13616939287534446 6.999090540216149  0.13504103793822075 7.0197081008481224  0.1338380217858024 7.0401729740841592  0.13256103916067108 7.0604758317725009  0.13121078475268 7.0806073479082157  0.12978795053207204 7.1005581912923983  0.12829323455666586 7.1203190493551984  0.12672730832455947 7.1398805402045395  0.12509097623498189 7.159233642258676  0.12338513436504073 7.1783695844791531  0.12161065593922071 7.1972795363387538  0.11976842014065436 7.2159546915143871  0.11785929755460334 7.2343862063552233  0.11588417999769263 7.2525653656303559  0.11384408840220406 7.2704842057702601  0.11174002877396116 7.2881346868879291  0.10957300937925663 7.3055087909838594  0.10734403433421402 7.3225984888259683  0.10505411180267288 7.339395774283175  0.10270438315271058 7.3558931722440803  0.10029598210156454 7.3720831827994289  0.097830045163708412 7.3879583338385846  0.095307693310077823 7.4035110668543274  0.092730111645643376 7.4187342523025714  0.090098533060689157 7.4336210841561732  0.087414179705315398 7.4481647000848792  0.084678264053361652 7.4623581929292619  0.081892040269663902 7.4761949273666977  0.079056833552024308 7.4896687206262431  0.076173952649679855 7.5027733020090759  0.073244709931535645 7.5155024386053002  0.070270405530223456 7.5278498342771911  0.067252446687064094 7.5398099093596977  0.064192251701975955 7.5513771713335176  0.061091232224749881 7.5625460958531123  0.057950801982776134 7.5733112000313536  0.054772358577386271 7.583666866973676  0.051557386236239289 7.5936083676020649  0.048307398714046101 7.603131284956695  0.045023900003399397 7.6122311242655138  0.041708394062628606 7.6209034114885972  0.038362382086005731 7.6291436674697346  0.034987362700460878 7.6369474127857329  0.031584972419777202 7.6443111472856078  0.028156846390223755 7.6512313643836709  0.024704618461485417 7.6577045860872746  0.021229918840492523 7.6637272264663165  0.017734382904150969 7.6692961430287649  0.014219661562584029 7.6744092041659888  0.010687401812324637 7.6790640969032777  0.0071392511820365101 7.6832586121645008  0.0035768493914343225 7.6869901676790935  0.0011935033276264662 7.6891674030759605  0 7.6901779542305997 
 0 4 0.007575757575757576 1 0.015151515151515152 1 0.022727272727272728 1 0.030303030303030304 1 0.03787878787878788 1 0.045454545454545456 1 0.053030303030303032 1 0.060606060606060608 1 0.068181818181818177 1 0.07575757575757576 1 0.083333333333333343 1 0.090909090909090912 1 0.098484848484848481 1 0.10606060606060606 1 0.11363636363636365 1 0.12121212121212122 1 0.12878787878787878 1 0.13636363636363635 1 0.14393939393939395 1 0.15151515151515152 1 0.15909090909090909 1 0.16666666666666669 1 0.17424242424242425 1 0.18181818181818182 1 0.18939393939393939 1 0.19696969696969696 1 0.20454545454545456 1 0.21212121212121213 1 0.2196969696969697 1 0.22727272727272729 1 0.23484848484848486 1 0.24242424242424243 1 0.25 1 0.25757575757575757 1 0.26515151515151514 1 0.27272727272727271 1 0.28030303030303033 1 0.2878787878787879 1 0.29545454545454547 1 0.30303030303030304 1 0.31060606060606061 1 0.31818181818181818 1 0.32575757575757575 1 0.33333333333333337 1 0.34090909090909094 1 0.34848484848484851 1 0.35606060606060608 1 0.36363636363636365 1 0.37121212121212122 1 0.37878787878787878 1 0.38636363636363635 1 0.39393939393939392 1 0.40151515151515155 1 0.40909090909090912 1 0.41666666666666669 1 0.42424242424242425 1 0.43181818181818182 1 0.43939393939393939 1 0.44696969696969696 1 0.45454545454545459 1 0.46212121212121215 1 0.46969696969696972 1 0.47727272727272729 1 0.48484848484848486 1 0.49242424242424243 1 0.5 1 0.50757575757575757 1 0.51515151515151514 1 0.52272727272727271 1 0.53030303030303028 1 0.53787878787878785 1 0.54545454545454541 1 0.55303030303030309 1 0.56060606060606066 1 0.56818181818181823 1 0.5757575757575758 1 0.58333333333333337 1 0.59090909090909094 1 0.59848484848484851 1 0.60606060606060608 1 0.61363636363636365 1 0.62121212121212122 1 0.62878787878787878 1 0.63636363636363635 1 0.64393939393939392 1 0.65151515151515149 1 0.65909090909090906 1 0.66666666666666674 1 0.67424242424242431 1 0.68181818181818188 1 0.68939393939393945 1 0.69696969696969702 1 0.70454545454545459 1 0.71212121212121215 1 0.71969696969696972 1 0.72727272727272729 1 0.73484848484848486 1 0.74242424242424243 1 0.75 1 0.75757575757575757 1 0.76515151515151514 1 0.77272727272727271 1 0.78030303030303028 1 0.78787878787878785 1 0.79545454545454553 1 0.80303030303030309 1 0.81060606060606066 1 0.81818181818181823 1 0.8257575757575758 1 0.83333333333333337 1 0.84090909090909094 1 0.84848484848484851 1 0.85606060606060608 1 0.86363636363636365 1 0.87121212121212122 1 0.87878787878787878 1 0.88636363636363635 1 0.89393939393939392 1 0.90151515151515149 1 0.90909090909090917 1 0.91666666666666674 1 0.92424242424242431 1 0.93181818181818188 1 0.93939393939393945 1 0.94696969696969702 1 0.95454545454545459 1 0.96212121212121215 1 0.96969696969696972 1 0.97727272727272729 1 0.98484848484848486 1 0.99242424242424243 1 1 4
7 0 0  3 135 133  0.14027235494090284 12  0.14750632931365537 12.00000038857284  0.16197390449731408 11.999975030483879  0.18367415969939938 11.999860068679011  0.20537335223197672 11.999669669443518  0.227071415727778 11.999405298289091  0.24876828532698347 11.999068191348503  0.27046389043783758 11.998659612464051  0.29215819056937598 11.998180777370122  0.31385113968711309 11.997633076137163  0.33554251185816675 11.997018488520746  0.35723206769336624 11.996338909166719  0.37891956358512058 11.995596270652824  0.40060473968468813 11.994792438938916  0.4222874996366075 11.993929547802548  0.44396789952021987 11.993010113381526  0.46564592110311409 11.992036579326578  0.48732154048294962 11.991011404713516  0.50899473786492067 11.989937059404859  0.53066550490683451 11.988815954691253  0.55233394455015006 11.987650832925558  0.57400016473070714 11.98644462737175  0.5956642334231832 11.985200224502812  0.61732621731822768 11.983920530082971  0.63898617784053346 11.982608419502522  0.66064427379247803 11.981266894532608  0.68230071283216098 11.979899093578885  0.70395566476345373 11.978508126573443  0.72560930128840173 11.97709711142222  0.74726181340026532 11.975669162609385  0.76891344481899981 11.974227488439334  0.79056441421613943 11.972775298609243  0.81221493495782671 11.971315802247819  0.83386524492833569 11.969852209365454  0.85551553570850469 11.968387723434468  0.87716595883564175 11.966925547556226  0.89881666610257849 11.965468881673027  0.92046781289379176 11.964020938687971  0.94211961715406822 11.962584877938804  0.96377234701044134 11.961163737352495  0.98542623994616019 11.959760575904355  1.007081535122107 11.958378443047115  1.0287385012153951 11.957020405275607  1.0503973980037351 11.955689468188242  1.0720582428868912 11.95438836110297  1.0937210528126915 11.953119844589613  1.1153858359517494 11.951886674930295  1.1370526165936745 11.95069159430617  1.1587214577060223 11.949537405589885  1.1803924533356778 11.948426465445745  1.2020656625045465 11.947360997605836  1.2237411331584589 11.946343262739884  1.2454189126861746 11.945375499364619  1.2670990947747622 11.944459997671196  1.2887817257189571 11.943598844572609  1.3104666327316208 11.942793674500708  1.3321536590077523 11.94204619990429  1.3538426451885925 11.941358100750495  1.3755334609229255 11.940731108916102  1.3972260159727838 11.940166773238886  1.4189201568152621 11.939665899871571  1.4406156916467383 11.939229387958072  1.462312411648214 11.938858110322728  1.4840101120884839 11.938552952077075  1.5057086072209707 11.938314775503386  1.5274077701266524 11.938144521913797  1.5491074098925628 11.938042361970313  1.5708072819363341 11.938008334618885  1.5925071382789078 11.938042511262532  1.6142067228982153 11.93814475126481  1.6359057817233742 11.938314889298359  1.6576040687569691 11.938552861058914  1.6793014370234953 11.938858138965591  1.7009977683007502 11.939229655141805  1.722692888902932 11.939666451747783  1.7443866118145639 11.940167542689375  1.766078751797278 11.940731944853054  1.7877691428003155 11.941358691457241  1.8094576731934424 11.942046746741163  1.8311442758091081 11.942794293113787  1.8528288331415954 11.943599563978529  1.8745112118541885 11.944460779118335  1.8961912766667943 11.945376161803559  1.91786891887077 11.946343934975433  1.9395442490971844 11.947361780857882  1.9612173351245925 11.948427379595669  1.9828882286222864 11.949538416260841  2.0045569808302002 11.950692558295476  2.0262236660039417 11.95188753873424  2.0478883811765662 11.953120749731148  2.0695511781366456 11.954389346858392  2.0912120798294378 11.955690540534071  2.1128711034987084 11.957021523576591  2.1345282646701476 11.958379504357232  2.1561836527091076 11.959761645471398  2.1778375758526902 11.961164845607565  2.1994902832867425 11.962586030179017  2.2211420201707242 11.964022117078695  2.2427930348747243 11.965470027556231  2.2644436020472227 11.966926676940542  2.286093909819924 11.968388851090797  2.3077441199554274 11.969853340344265  2.3293943907755783 11.971316934130304  2.3510448890716331 11.972776421031796  2.3726958351404868 11.974228595388507  2.3943474508976879 11.975670255060171  2.415999943374151 11.977098200003718  2.4376535382300366 11.978509218971121  2.4593084618385577 11.979900149876661  2.4809648806645579 11.981267911027734  2.502622958801902 11.98260940456926  2.5242828633756966 11.983921541552535  2.5459448055799636 11.9852012135658  2.5676088706391873 11.986445542558767  2.5892750989899151 11.987651678905916  2.610943533785913 11.988816761581587  2.6326142277754165 11.989937947154104  2.6542872815988985 11.991012333216055  2.6759627624766602 11.992037409291829  2.6976406790163772 11.993010802722782  2.7193210305267184 11.993930106495061  2.7410038189895403 11.994792922735906  2.7626890676683615 11.995596851363427  2.7843768491380629 11.996339491991179  2.806066806174865 11.997018990786982  2.8277585478492449 11.997633490580087  2.8494516866297097 11.998181149171515  2.871145833173641 11.998660067813685  2.8928407125518709 11.999068580086062  2.9145361929749072 11.999405549194039  2.9362320816080412 11.999669743320961  2.9579281928258156 11.999859985085132  2.9796243182276965 11.999974901579444  2.9940883326749046 12.000000324432031  3.0013202986486425 12 
 0 4 0.007575757575757576 1 0.015151515151515152 1 0.022727272727272728 1 0.030303030303030304 1 0.03787878787878788 1 0.045454545454545456 1 0.053030303030303032 1 0.060606060606060608 1 0.068181818181818177 1 0.07575757575757576 1 0.083333333333333343 1 0.090909090909090912 1 0.098484848484848481 1 0.10606060606060606 1 0.11363636363636365 1 0.12121212121212122 1 0.12878787878787878 1 0.13636363636363635 1 0.14393939393939395 1 0.15151515151515152 1 0.15909090909090909 1 0.16666666666666669 1 0.17424242424242425 1 0.18181818181818182 1 0.18939393939393939 1 0.19696969696969696 1 0.20454545454545456 1 0.21212121212121213 1 0.2196969696969697 1 0.22727272727272729 1 0.23484848484848486 1 0.24242424242424243 1 0.25 1 0.25757575757575757 1 0.26515151515151514 1 0.27272727272727271 1 0.28030303030303033 1 0.2878787878787879 1 0.29545454545454547 1 0.30303030303030304 1 0.31060606060606061 1 0.31818181818181818 1 0.32575757575757575 1 0.33333333333333337 1 0.34090909090909094 1 0.34848484848484851 1 0.35606060606060608 1 0.36363636363636365 1 0.37121212121212122 1 0.37878787878787878 1 0.38636363636363635 1 0.39393939393939392 1 0.40151515151515155 1 0.40909090909090912 1 0.41666666666666669 1 0.42424242424242425 1 0.43181818181818182 1 0.43939393939393939 1 0.44696969696969696 1 0.45454545454545459 1 0.46212121212121215 1 0.46969696969696972 1 0.47727272727272729 1 0.48484848484848486 1 0.49242424242424243 1 0.5 1 0.50757575757575757 1 0.51515151515151514 1 0.52272727272727271 1 0.53030303030303028 1 0.53787878787878785 1 0.54545454545454541 1 0.55303030303030309 1 0.56060606060606066 1 0.56818181818181823 1 0.5757575757575758 1 0.58333333333333337 1 0.59090909090909094 1 0.59848484848484851 1 0.60606060606060608 1 0.61363636363636365 1 0.62121212121212122 1 0.62878787878787878 1 0.63636363636363635 1 0.64393939393939392 1 0.65151515151515149 1 0.65909090909090906 1 0.66666666666666674 1 0.67424242424242431 1 0.68181818181818188 1 0.68939393939393945 1 0.69696969696969702 1 0.70454545454545459 1 0.71212121212121215 1 0.71969696969696972 1 0.72727272727272729 1 0.73484848484848486 1 0.74242424242424243 1 0.75 1 0.75757575757575757 1 0.76515151515151514 1 0.77272727272727271 1 0.78030303030303028 1 0.78787878787878785 1 0.79545454545454553 1 0.80303030303030309 1 0.81060606060606066 1 0.81818181818181823 1 0.8257575757575758 1 0.83333333333333337 1 0.84090909090909094 1 0.84848484848484851 1 0.85606060606060608 1 0.86363636363636365 1 0.87121212121212122 1 0.87878787878787878 1 0.88636363636363635 1 0.89393939393939392 1 0.90151515151515149 1 0.90909090909090917 1 0.91666666666666674 1 0.92424242424242431 1 0.93181818181818188 1 0.93939393939393945 1 0.94696969696969702 1 0.95454545454545459 1 0.96212121212121215 1 0.96969696969696972 1 0.97727272727272729 1 0.98484848484848486 1 0.99242424242424243 1 1 4
7 0 0  3 157 155  4.7123889804096439 6.0646835306250004  4.7115625196799042 6.0646833199329029  4.7099094820750196 6.0644802668230602  4.7074337503712025 6.0635696398374259  4.7049660169938345 6.062054789929749  4.7025104538746323 6.0599376235992573  4.7000712409358956 6.057219742400803  4.6976524430930207 6.0539069865332227  4.6952581088467094 6.0500057016957971  4.6928923114425434 6.0455218723417028  4.6905590398399006 6.0404625090616015  4.6882620696294781 6.0348371702570587  4.686005221795071 6.0286548633234496  4.6837922675115147 6.0219253140558475  4.6816268117810811 6.0146606687021222  4.6795124937683061 6.0068726649285509  4.6774529025678024 5.9985735274546368  4.6754513134217204 5.9897782745282235  4.6735110305168988 5.9805016810167624  4.6716353561231072 5.970758560274783  4.6698275796891391 5.9605638152610583  4.6680904843425308 5.9499357403179101  4.6664268680335592 5.9388925379303643  4.6648395296401324 5.9274524209058912  4.6633312573818317 5.9156336526195128  4.6619048885720424 5.9034542838535629  4.6605625089155938 5.8909357146002019  4.6593061402892815 5.8780996340233358  4.658137820376707 5.8649676599204241  4.6570595918743463 5.8515614090730148  4.6560734664562338 5.8379025736927757  4.6551815794825968 5.824012545286795  4.6543851718789115 5.8099149093253368  4.6536852199393239 5.7956339015497127  4.653082765008838 5.7811935952420956  4.6525788394082461 5.7666180996086673  4.6521744479840903 5.7519315426186948  4.6518707159455142 5.7371579412651252  4.6516681172868104 5.7223219233770761  4.6515667060995147 5.707448502322471  4.65156666363709 5.6925626001483876  4.6516679945819268 5.6776891699436511  4.6518705228385047 5.662853131961251  4.6521742113496769 5.6480795067661029  4.6525785291201318 5.6333928679790475  4.653082365212982 5.6188172545244104  4.6536847247607023 5.6043768098778459  4.6543845878376695 5.5900956634724279  4.6551809201032137 5.5759978963602528  4.6560727713844718 5.5621077971598476  4.6570588403212776 5.5484487989961888  4.6581369927230183 5.5350423088156759  4.6593052290300108 5.5219100578606799  4.6605615167461201 5.5090737001219283  4.6619038250788751 5.4965548743007693  4.6633301541670731 5.4843753575077328  4.6648383803514095 5.4725563736579756  4.6664256548118503 5.4611159316413787  4.6680892044711824 5.4500723710629808  4.6698262364930176 5.4394439362588027  4.6716339687299442 5.4292489219257734  4.6735096038968482 5.4195055164418324  4.6754498356867717 5.4102285273583064  4.6774513736201691 5.4014328614073381  4.6795109208015457 5.3931333635335541  4.6816251987036983 5.3853450266507741  4.6837906095942294 5.3780799530901584  4.6860035313941948 5.3713499969781155  4.6882603683174731 5.3651673003728675  4.6905573224220127 5.3595414892823827  4.6928905590605572 5.3544816968526465  4.6952562747185098 5.3499975129444284  4.697650502403218 5.3460958120984756  4.7000692287507517 5.342782626379992  4.7025084629530784 5.3400645630682497  4.7049641484493145 5.3379457904877219  4.7074322049072759 5.3364295463385298  4.7099085519759747 5.3355190856145187  4.7123890341436141 5.3352152073177885  4.7148695011859818 5.3355189013521871  4.717345802614334 5.3364299470945893  4.7198138417355775 5.3379459200533264  4.7222695212252832 5.340064388276379  4.7247087407680199 5.3427830566595391  4.7271274794948095 5.3460961469995363  4.7295217248747337 5.3499976077552693  4.7318874431950988 5.3544817648197434  4.7342206822293731 5.359541538627095  4.7365176388449175 5.3651673193567957  4.7387744661091888 5.3713501479036072  4.7409873886509013 5.3780801171074879  4.7431528062895412 5.3853451245313355  4.7452670723639212 5.3931335679894907  4.74732661864984 5.4014330934543198  4.7493281675754435 5.4102286769472636  4.7512684073545062 5.4195056006520197  4.7531440207380431 5.4292491504763918  4.7549517387697033 5.4394442868631137  4.756688787530555 5.4500726450337709  4.7583523552166724 5.4611161053125459  4.7599396376799223 5.4725564859699185  4.7614478301669507 5.4843756083885769  4.7628741153099581 5.496555343556067  4.7642164384384751 5.5090741438134394  4.7654727565494461 5.5219104042776923  4.7666410242496031 5.535042530919247  4.7677191889969261 5.5484489434897108  4.7687052243727228 5.5621079957625206  4.7695970019844056 5.5759982916426027  4.7703933413816397 5.5900960896936311  4.7710932372244734 5.6043772140345354  4.7716956404928732 5.6188175996932772  4.7721995055699589 5.6333931596124485  4.7726038153942323 5.648079784167102  4.7729074338176263 5.66285347608782  4.7731099501725476 5.677689545710364  4.7732112887886364 5.6925629919069669  4.7732112630330414 5.7074488911966315  4.7731098584094438 5.7223222923290038  4.7729072448420231 5.7371582774295309  4.7726034436613025 5.7519318228350791  4.7721990508849279 5.766618412614684  4.7716951572217017 5.7811939753035659  4.7710927471707043 5.7956343470549134  4.7703928263570532 5.8099153716954621  4.769596420709326 5.8240129547397963  4.7687044523978157 5.837902747277548  4.7677182937868006 5.8515614941280427  4.7666400737828187 5.8649677764443862  4.7654717826533153 5.8780998426031053  4.764215443641584 5.8909360161963278  4.7628730821701035 5.9034546527303835  4.76144667719932 5.915633904839205  4.7599383963179349 5.9274527476281271  4.7583510847643558 5.9388930985454635  4.756687494633467 5.9499364738686644  4.7549504050868814 5.960564522360901  4.7531425726908259 5.9707587640133379  4.7512668100413693 5.9805011060329099  4.7493264701681142 5.9897771474948485  4.7473248658849485 5.9985722219220223  4.745265318528415 6.0068717290684033  4.7431511473090922 6.0146610693158955  4.7409856623601687 6.0219255743035811  4.7387726124236371 6.0286545279362764  4.7365157530447677 6.0348372693626331  4.7342188395340399 6.0404632040195736  4.7318856135666421 6.04552141699968  4.7295199584267076 6.0500047186247636  4.7271257706526333 6.053906387580227  4.7247069602107841 6.0572196867704005  4.7222673650772471 6.059937483044787  4.7198113641012345 6.0620558054024958  4.7173435254726162 6.0635715140171333  4.714868254179196 6.0644815143325808  4.7132154303873213 6.0646837653903987  4.7123889804096439 6.0646835306250004 
 0 4 0.0064935064935064939 1 0.012987012987012988 1 0.01948051948051948 1 0.025974025974025976 1 0.032467532467532471 1 0.03896103896103896 1 0.045454545454545456 1 0.051948051948051951 1 0.058441558441558447 1 0.064935064935064943 1 0.071428571428571438 1 0.07792207792207792 1 0.084415584415584416 1 0.090909090909090912 1 0.097402597402597407 1 0.1038961038961039 1 0.1103896103896104 1 0.11688311688311689 1 0.12337662337662339 1 0.12987012987012989 1 0.13636363636363638 1 0.14285714285714288 1 0.14935064935064937 1 0.15584415584415584 1 0.16233766233766234 1 0.16883116883116883 1 0.17532467532467533 1 0.18181818181818182 1 0.18831168831168832 1 0.19480519480519481 1 0.20129870129870131 1 0.20779220779220781 1 0.2142857142857143 1 0.2207792207792208 1 0.22727272727272729 1 0.23376623376623379 1 0.24025974025974028 1 0.24675324675324678 1 0.25324675324675328 1 0.25974025974025977 1 0.26623376623376627 1 0.27272727272727276 1 0.27922077922077926 1 0.28571428571428575 1 0.29220779220779225 1 0.29870129870129875 1 0.30519480519480524 1 0.31168831168831168 1 0.31818181818181818 1 0.32467532467532467 1 0.33116883116883117 1 0.33766233766233766 1 0.34415584415584416 1 0.35064935064935066 1 0.35714285714285715 1 0.36363636363636365 1 0.37012987012987014 1 0.37662337662337664 1 0.38311688311688313 1 0.38961038961038963 1 0.39610389610389612 1 0.40259740259740262 1 0.40909090909090912 1 0.41558441558441561 1 0.42207792207792211 1 0.4285714285714286 1 0.4350649350649351 1 0.44155844155844159 1 0.44805194805194809 1 0.45454545454545459 1 0.46103896103896108 1 0.46753246753246758 1 0.47402597402597407 1 0.48051948051948057 1 0.48701298701298706 1 0.49350649350649356 1 0.5 1 0.50649350649350655 1 0.51298701298701299 1 0.51948051948051954 1 0.52597402597402598 1 0.53246753246753253 1 0.53896103896103897 1 0.54545454545454553 1 0.55194805194805197 1 0.55844155844155852 1 0.56493506493506496 1 0.57142857142857151 1 0.57792207792207795 1 0.5844155844155845 1 0.59090909090909094 1 0.59740259740259749 1 0.60389610389610393 1 0.61038961038961048 1 0.61688311688311692 1 0.62337662337662336 1 0.62987012987012991 1 0.63636363636363635 1 0.6428571428571429 1 0.64935064935064934 1 0.6558441558441559 1 0.66233766233766234 1 0.66883116883116889 1 0.67532467532467533 1 0.68181818181818188 1 0.68831168831168832 1 0.69480519480519487 1 0.70129870129870131 1 0.70779220779220786 1 0.7142857142857143 1 0.72077922077922085 1 0.72727272727272729 1 0.73376623376623384 1 0.74025974025974028 1 0.74675324675324684 1 0.75324675324675328 1 0.75974025974025983 1 0.76623376623376627 1 0.77272727272727282 1 0.77922077922077926 1 0.78571428571428581 1 0.79220779220779225 1 0.7987012987012988 1 0.80519480519480524 1 0.81168831168831179 1 0.81818181818181823 1 0.82467532467532478 1 0.83116883116883122 1 0.83766233766233766 1 0.84415584415584421 1 0.85064935064935066 1 0.85714285714285721 1 0.86363636363636365 1 0.8701298701298702 1 0.87662337662337664 1 0.88311688311688319 1 0.88961038961038963 1 0.89610389610389618 1 0.90259740259740262 1 0.90909090909090917 1 0.91558441558441561 1 0.92207792207792216 1 0.9285714285714286 1 0.93506493506493515 1 0.94155844155844159 1 0.94805194805194815 1 0.95454545454545459 1 0.96103896103896114 1 0.96753246753246758 1 0.97402597402597413 1 0.98051948051948057 1 0.98701298701298712 1 0.99350649350649356 1 1 4
7 0 0  3 157 155  -4.0666048306547964e-10 58.663009762814646  0.013597419172961978 58.663009723089907  0.040794326822027216 58.662997260154143  0.081594482360231702 58.662941892405655  0.12239804575614865 58.662850323247618  0.16320354261003001 58.662723042740843  0.20401019163045397 58.662560473622314  0.24481739276495507 58.662363973966542  0.28562394758357978 58.662135012764359  0.32642852204169337 58.661874981590124  0.36723072233025178 58.661585489090825  0.40803109108519653 58.661268679458011  0.44882976604294278 58.660926586531019  0.48962721679766918 58.660561372882952  0.53042340326313564 58.660175617590106  0.57121812301098895 58.659771834669819  0.61201166362910353 58.659352601858366  0.65280438679103003 58.658920838777291  0.69359620016756196 58.658479434812342  0.73438711612189689 58.65803128645446  0.77517783165586351 58.657579292015974  0.8159689560218597 58.657126478373705  0.8567603596391189 58.656675868150266  0.89755181369663273 58.656230486922283  0.93834333591548535 58.655793352704642  0.97913587311696837 58.655367510804872  1.0199303511274742 58.654955581751814  1.0607266041283676 58.654560149965938  1.1015240457866682 58.654183806946129  1.1423220807918213 58.653829151644587  1.1831205181229469 58.653498746122224  1.22392023734524 58.653195292551494  1.2647224789655223 58.652920474515092  1.3055271929962862 58.652675674414454  1.3463337051558417 58.652462347818393  1.3871411290460509 58.652281941932117  1.4279487973716698 58.652135864247967  1.4687568807257998 58.652025689473312  1.5095660464173752 58.651952087371164  1.5503760087529965 58.651915143566647  1.5911862029737414 58.651915123138885  1.6319961311634499 58.651952032756064  1.6728052472348436 58.652025614768228  1.713613315940262 58.652135807612112  1.7544210351939427 58.652281862160606  1.7952284941326937 58.652462222682253  1.8360349966049228 58.652675494918178  1.8768396523694131 58.652920247905762  1.9176418126056456 58.653195036024549  1.9584414927666538 58.653498508989252  1.9992399899451865 58.653828915250365  2.0400380895025831 58.654183550949455  2.0808355585525309 58.654559865571592  2.1216317847673185 58.654955268761796  2.1624261966245353 58.655367176181748  2.2032186755438463 58.655793019266525  2.2440102173595031 58.656230158419781  2.2848016953242438 58.656675537956033  2.325593094335535 58.657126144708862  2.3663841833630515 58.657578954353298  2.4071748641962438 58.658030944679489  2.4479658092139136 58.658479096180919  2.4887576484742886 58.658920511023986  2.5295503574319187 58.659352286895327  2.5703438404842611 58.659771526889024  2.6111384765237053 58.660175316949072  2.6519345918004857 58.660561092209456  2.6927320623439872 58.660926321228978  2.7335310202066196 58.661268425303867  2.7743316390199237 58.6615852616059  2.8151336987467768 58.661874776137985  2.855937283294999 58.662134824368991  2.8967424409923517 58.662363818976885  2.9375487248779231 58.662560348426119  2.9783558377671415 58.662722874515595  3.0191639542078086 58.66285041162088  3.0599730100662788 58.662942184801999  3.1007830854592187 58.662997417997808  3.1415935465411686 58.663015923102613  3.1824037079113752 58.662997466422368  3.2232131408959801 58.662942091492923  3.2640218969758381 58.662850381186097  3.3048297625347431 58.662722919623199  3.3456369450938994 58.662560259523865  3.3864434362392863 58.662363753352153  3.4272487148112276 58.662134814471294  3.468052314689023 58.661874776477795  3.5088543934746714 58.661585266349533  3.5496550067786043 58.66126843597192  3.5904539640236628 58.660926308527941  3.6312514736996797 58.660561077174364  3.6720475932857832 58.66017531450666  3.7128422131964234 58.659771514736342  3.7536357406882219 58.659352269712763  3.7944284683960725 58.658920502479766  3.8352202827091939 58.658479096245337  3.8760112046503834 58.658030941513381  3.9168019662141469 58.657578939613501  3.957593117256522 58.657126123550114  3.9983845068052064 58.65667551635007  4.0391759153256226 58.656230144165036  4.0799674026568127 58.655793030625013  4.1207599886019182 58.655367206321635  4.1615545193299166 58.654955277426559  4.202350784308547 58.654559843499918  4.2431481838741982 58.654183503822743  4.2839461434212476 58.653828865400541  4.32474451999434 58.653498504619733  4.3655442914540918 58.653195112618825  4.4063466221584404 58.652920305728621  4.447151394829425 58.652675501813043  4.487957908090209 58.652462167364149  4.5287652824353479 58.652281766920382  4.5695728859700182 58.652135724206538  4.6103809809320042 58.652025628155698  4.6511901901931196 58.651952060394756  4.6920001787339265 58.651915136780836  4.7328103649675537 58.651915129895762  4.7736202568006574 58.651952060685261  4.8144293320499267 58.652025681202019  4.8552374206205915 58.652135953158279  4.896045237234004 58.652282036471647  4.93685276744249 58.652462401233251  4.9776592753092448 58.652675665772314  5.0184638598964915 58.652920416740002  5.0592658968041073 58.653195219261733  5.1000654727507788 58.653498756243962  5.1408639487785015 58.653829196136591  5.1816620461207208 58.65418384206454  5.2224595139623426 58.654560155250088  5.2632557417392238 58.654955556491061  5.3040501819749188 58.655367470185922  5.344842777209756 58.655793346754841  5.3856345557821683 58.656230522978703  5.4264262015007185 58.656675927564116  5.4672176122824467 58.657126543625424  5.5080085362699958 58.657579340728475  5.54879892386242 58.658031288225637  5.5895895941803273 58.658479370061556  5.630381354832827 58.658920722557845  5.6711741873520971 58.659352471134255  5.7119679087520199 58.659771743469669  5.7527625149011081 58.660175669107979  5.793558841831981 58.660561367874209  5.8343570136139116 58.660926485500035  5.8751564451619336 58.661268673471547  5.9159565054530088 58.661585597899887  5.9567569135201941 58.66187486064856  5.9975589383091377 58.662134805881607  6.038363510376505 58.662363870048722  6.0791712027316702 58.662560490082399  6.1199840042730829 58.662723010527202  6.1607971086865181 58.662850505656017  6.2016024802376055 58.662942243902933  6.2423947810406988 58.662997495203051  6.2695880527989942 58.66300980731026  6.2831853067729249 58.663009762814646 
 0 4 0.0064935064935064939 1 0.012987012987012988 1 0.01948051948051948 1 0.025974025974025976 1 0.032467532467532471 1 0.03896103896103896 1 0.045454545454545456 1 0.051948051948051951 1 0.058441558441558447 1 0.064935064935064943 1 0.071428571428571438 1 0.07792207792207792 1 0.084415584415584416 1 0.090909090909090912 1 0.097402597402597407 1 0.1038961038961039 1 0.1103896103896104 1 0.11688311688311689 1 0.12337662337662339 1 0.12987012987012989 1 0.13636363636363638 1 0.14285714285714288 1 0.14935064935064937 1 0.15584415584415584 1 0.16233766233766234 1 0.16883116883116883 1 0.17532467532467533 1 0.18181818181818182 1 0.18831168831168832 1 0.19480519480519481 1 0.20129870129870131 1 0.20779220779220781 1 0.2142857142857143 1 0.2207792207792208 1 0.22727272727272729 1 0.23376623376623379 1 0.24025974025974028 1 0.24675324675324678 1 0.25324675324675328 1 0.25974025974025977 1 0.26623376623376627 1 0.27272727272727276 1 0.27922077922077926 1 0.28571428571428575 1 0.29220779220779225 1 0.29870129870129875 1 0.30519480519480524 1 0.31168831168831168 1 0.31818181818181818 1 0.32467532467532467 1 0.33116883116883117 1 0.33766233766233766 1 0.34415584415584416 1 0.35064935064935066 1 0.35714285714285715 1 0.36363636363636365 1 0.37012987012987014 1 0.37662337662337664 1 0.38311688311688313 1 0.38961038961038963 1 0.39610389610389612 1 0.40259740259740262 1 0.40909090909090912 1 0.41558441558441561 1 0.42207792207792211 1 0.4285714285714286 1 0.4350649350649351 1 0.44155844155844159 1 0.44805194805194809 1 0.45454545454545459 1 0.46103896103896108 1 0.46753246753246758 1 0.47402597402597407 1 0.48051948051948057 1 0.48701298701298706 1 0.49350649350649356 1 0.5 1 0.50649350649350655 1 0.51298701298701299 1 0.51948051948051954 1 0.52597402597402598 1 0.53246753246753253 1 0.53896103896103897 1 0.54545454545454553 1 0.55194805194805197 1 0.55844155844155852 1 0.56493506493506496 1 0.57142857142857151 1 0.57792207792207795 1 0.5844155844155845 1 0.59090909090909094 1 0.59740259740259749 1 0.60389610389610393 1 0.61038961038961048 1 0.61688311688311692 1 0.62337662337662336 1 0.62987012987012991 1 0.63636363636363635 1 0.6428571428571429 1 0.64935064935064934 1 0.6558441558441559 1 0.66233766233766234 1 0.66883116883116889 1 0.67532467532467533 1 0.68181818181818188 1 0.68831168831168832 1 0.69480519480519487 1 0.70129870129870131 1 0.70779220779220786 1 0.7142857142857143 1 0.72077922077922085 1 0.72727272727272729 1 0.73376623376623384 1 0.74025974025974028 1 0.74675324675324684 1 0.75324675324675328 1 0.75974025974025983 1 0.76623376623376627 1 0.77272727272727282 1 0.77922077922077926 1 0.78571428571428581 1 0.79220779220779225 1 0.7987012987012988 1 0.80519480519480524 1 0.81168831168831179 1 0.81818181818181823 1 0.82467532467532478 1 0.83116883116883122 1 0.83766233766233766 1 0.84415584415584421 1 0.85064935064935066 1 0.85714285714285721 1 0.86363636363636365 1 0.8701298701298702 1 0.87662337662337664 1 0.88311688311688319 1 0.88961038961038963 1 0.89610389610389618 1 0.90259740259740262 1 0.90909090909090917 1 0.91558441558441561 1 0.92207792207792216 1 0.9285714285714286 1 0.93506493506493515 1 0.94155844155844159 1 0.94805194805194815 1 0.95454545454545459 1 0.96103896103896114 1 0.96753246753246758 1 0.97402597402597413 1 0.98051948051948057 1 0.98701298701298712 1 0.99350649350649356 1 1 4
2 1.1307515343344622e-11 2.5201754201304758e-12 -0.97605170941030028 -0.21753864152658209 0.21753864152658209 -0.97605170941030028 14.349999999999998
1 0 1.5999999999999996 1 0 
1 0 2.6000000000000001 1 0 
1 0 2.6000000000000001 1 0 
1 0 0.17677669529663664 1 0 
1 0 0.17677669529663664 1 0 
7 0 0  3 179 177  2.0943951019951368 1.5707963261054205  2.0953735613477309 1.5741858070693475  2.0973397345489744 1.5809566235505637  2.1003170115979271 1.5910889036504912  2.1033225593680362 1.6011977369253485  2.1063566323303622 1.6112835998961419  2.1094194855299238 1.6213469551078195  2.1125113739183039 1.6313882467556455  2.1156325559731735 1.6414079144441029  2.118783285616209 1.6514063684453348  2.12196381456693 1.6613839976879572  2.1251743952340156 1.6713411790269412  2.1284152791379456 1.6812782743744992  2.131686717899806 1.6911956344699852  2.1349889604967389 1.7010935898446125  2.1383222653786138 1.7109724890142759  2.1416869057782537 1.7208327132363925  2.1450831523745784 1.7306746226331255  2.1485112760315164 1.7404985658792425  2.1519715467776988 1.7503048799760381  2.1554642349511894 1.7600938917071152  2.1589896103466613 1.7698659156973193  2.1625479409256059 1.7796212537061979  2.166139493842568 1.7893601964841803  2.1697645352119124 1.7990830232759363  2.1734233304244186 1.8087900047955334  2.1771161411577094 1.8184813955597234  2.180843236373279 1.8281574624309076  2.1846048464807777 1.8378183661670517  2.1884011318963372 1.8474640903532662  2.192232259547422 1.8570946406554318  2.1960983874135254 1.8667100074614627  2.1999996715911805 1.8763101784314598  2.2039362620033365 1.8858951345957573  2.207908298863003 1.8954648447476159  2.2119159291769592 1.9050192984236971  2.2159593052189557 1.9145585010893866  2.2200385698342715 1.9240824460478814  2.2241538585207965 1.9335911204253926  2.2283053057809785 1.9430845124399987  2.2324930395839706 1.9525626041416888  2.236717181353125 1.9620253710014923  2.2409778405018308 1.9714727758482811  2.24527514515434 1.9809048256518154  2.249609222548361 1.9903215329547308  2.2539801912474657 1.9997229025041212  2.25838815689879 2.0091089246320579  2.2628332403571849 2.0184796275468639  2.2673155750540115 2.0278350695831668  2.2718352821738148 2.0371752937232515  2.2763924753180125 2.0465003388184875  2.2809872619063638 2.0558102349922907  2.2856197415556645 2.0651050036958143  2.2902900064380032 2.0743846639224603  2.2949981315370991 2.0836492149551753  2.299744223148604 2.0928987230705451  2.304528406275332 2.1021332945041267  2.309350791697113 2.1113530174493222  2.3142114833980361 2.1205579762345734  2.3191105762292783 2.1297482478316518  2.3240481558832817 2.1389239034108489  2.3290242993762114 2.1480850073764954  2.3340390794556449 2.1572316121260404  2.3390925584922702 2.1663637640614835  2.3441847889801082 2.175481503705027  2.349315812163812 2.1845848647180328  2.3544856609708358 2.193673879597045  2.3596943475798606 2.202748559762143  2.3649419124116955 2.211808978546622  2.3702284649396335 2.2208553325659559  2.3755540933412695 2.2298877885585968  2.3809188806089172 2.2389065129917989  2.3863229026527439 2.2479116612334198  2.391766228065856 2.2569033808309227  2.3972489160139494 2.2658818128176477  2.4027710164007834 2.2748470916610364  2.4083325694539126 2.2837993455423735  2.4139336054637144 2.2927386965506655  2.419574144479312 2.3016652609014279  2.4252541960160237 2.3105791491521996  2.4309737587543858 2.3194804664146993  2.436732820257999 2.3283693125894951  2.4425313566237139 2.3372457825176829  2.4483693323851172 2.3461099664431404  2.454246699474699 2.3549619493142733  2.4601633997047707 2.3638018144134199  2.4661193541243405 2.3726296308302341  2.4721145287514164 2.3814455351089023  2.4781488987503781 2.3902496775467714  2.4842224240621742 2.3990421969377631  2.4903350547149117 2.4078232280770222  2.4964867290761923 2.4165928999764219  2.5026773739995516 2.4253513365696278  2.508906904466532 2.4340986567499825  2.5151752233676552 2.4428349745869173  2.5214822212505412 2.4515603994937201  2.5278277760817236 2.4602750364070918  2.5342117530103807 2.4689789859619045  2.5406340041377478 2.4776723446650966  2.5470943682917455 2.4863552050674378  2.5535926708079799 2.4950276559322377  2.5601287233163368 2.5036897824035633  2.5667023235379705 2.5123416661634179  2.5733132550778541 2.5209833856146724  2.5799612872703839 2.5296150159513275  2.5866461748666292 2.5382366296312981  2.5933677451640866 2.5468483826767678  2.6001258134743983 2.5554504261943722  2.6069201834797067 2.5640429061297008  2.6137506440730292 2.5726259665948197  2.6206169696164254 2.5811997496894552  2.6275189222313364 2.5897643930262744  2.6344562510968736 2.5983200304603589  2.641428692482561 2.6068667920667785  2.6484359695504081 2.6154048042683686  2.6554777923962529 2.6239341901028812  2.6625538574184251 2.6324550687704984  2.6696638491940168 2.6409675579055638  2.6768074330562968 2.6494717656561084  2.6839842873028048 2.6579678261301378  2.6911941080967807 2.6664559030139641  2.6984365731242543 2.6749361495539468  2.7057113493550058 2.6834087173237458  2.713018090929693 2.6918737540580659  2.7203564395365905 2.7003314042136792  2.7277260247620907 2.7087818095458194  2.7351264621167357 2.7172251068849032  2.7425573606678419 2.725661437344578  2.7500183462853296 2.7340909728783971  2.7575090298084448 2.7425138783429213  2.7650290112271629 2.750930316608498  2.7725778785059561 2.7593404473157235  2.7801552082917693 2.767744427337147  2.7877605654437199 2.7761424109670561  2.795393503236828 2.7845345499101746  2.803053563097702 2.7929209930622809  2.8107402759703608 2.8013018878850469  2.8184531650765221 2.8096773830130077  2.8261917419577034 2.8180476243628796  2.8339555067568325 2.8264127553924276  2.8417439497949357 2.8347729187136705  2.8495565614987561 2.8431282659126471  2.8573928207992938 2.8514789455715532  2.8652521963414492 2.8598251045107319  2.8731341464108562 2.8681668875411588  2.8810381204975433 2.8765044385710712  2.8889635565989358 2.8848378981964182  2.8969098879248079 2.8931674108393364  2.9048765170261364 2.901493096424697  2.9128627931320392 2.9098150266711942  2.9208680627726817 2.9181332801868711  2.9288916605045947 2.9264479325928718  2.9369329129140569 2.9347590580472049  2.9449911381357223 2.9430667286409289  2.9530656453332602 2.9513710157139683  2.9611557349401481 2.9596719896507184  2.9692607006698695 2.9679697195673049  2.9773798289043718 2.9762642735219451  2.9855123984473089 2.98455571873972  2.993657680871177 2.9928441214501911  3.0018149414337705 3.0011295460536447  3.0099834395738245 3.0094120566282001  3.018162428153969 3.0176917157895966  3.0263511565128396 3.025968587358927  3.034548882531495 3.0342427478807101  3.0427548582046438 3.0425142717947038  3.0509683316801293 3.0507832329771718  3.0591885470612112 3.0590497046246141  3.0674147448756068 3.0673137596403039  3.0756461625482463 3.0755754699326165  3.0838820356091681 3.0838349070359774  3.0921215941329505 3.0920921396887566  3.1003640640654053 3.1003472343822334  3.1086086706471359 3.1086002572624456  3.1168546382054769 3.1168512733655507  3.1251011904100974 3.1251003492695282  3.1333475508131046 3.133347551553515  3.1388444796445216 3.1388444800926916  3.1415926535897931 3.1415926535897931 
 0 4 0.005681818181818182 1 0.011363636363636364 1 0.017045454545454544 1 0.022727272727272728 1 0.028409090909090912 1 0.034090909090909088 1 0.039772727272727272 1 0.045454545454545456 1 0.05113636363636364 1 0.056818181818181823 1 0.0625 1 0.068181818181818177 1 0.073863636363636367 1 0.079545454545454544 1 0.085227272727272735 1 0.090909090909090912 1 0.096590909090909088 1 0.10227272727272728 1 0.10795454545454546 1 0.11363636363636365 1 0.11931818181818182 1 0.125 1 0.13068181818181818 1 0.13636363636363635 1 0.14204545454545456 1 0.14772727272727273 1 0.15340909090909091 1 0.15909090909090909 1 0.16477272727272727 1 0.17045454545454547 1 0.17613636363636365 1 0.18181818181818182 1 0.1875 1 0.19318181818181818 1 0.19886363636363638 1 0.20454545454545456 1 0.21022727272727273 1 0.21590909090909091 1 0.22159090909090909 1 0.22727272727272729 1 0.23295454545454547 1 0.23863636363636365 1 0.24431818181818182 1 0.25 1 0.25568181818181818 1 0.26136363636363635 1 0.26704545454545453 1 0.27272727272727271 1 0.27840909090909094 1 0.28409090909090912 1 0.28977272727272729 1 0.29545454545454547 1 0.30113636363636365 1 0.30681818181818182 1 0.3125 1 0.31818181818181818 1 0.32386363636363635 1 0.32954545454545453 1 0.33522727272727276 1 0.34090909090909094 1 0.34659090909090912 1 0.35227272727272729 1 0.35795454545454547 1 0.36363636363636365 1 0.36931818181818182 1 0.375 1 0.38068181818181818 1 0.38636363636363635 1 0.39204545454545453 1 0.39772727272727276 1 0.40340909090909094 1 0.40909090909090912 1 0.41477272727272729 1 0.42045454545454547 1 0.42613636363636365 1 0.43181818181818182 1 0.4375 1 0.44318181818181818 1 0.44886363636363635 1 0.45454545454545459 1 0.46022727272727276 1 0.46590909090909094 1 0.47159090909090912 1 0.47727272727272729 1 0.48295454545454547 1 0.48863636363636365 1 0.49431818181818182 1 0.5 1 0.50568181818181823 1 0.51136363636363635 1 0.51704545454545459 1 0.52272727272727271 1 0.52840909090909094 1 0.53409090909090906 1 0.53977272727272729 1 0.54545454545454541 1 0.55113636363636365 1 0.55681818181818188 1 0.5625 1 0.56818181818181823 1 0.57386363636363635 1 0.57954545454545459 1 0.58522727272727271 1 0.59090909090909094 1 0.59659090909090906 1 0.60227272727272729 1 0.60795454545454553 1 0.61363636363636365 1 0.61931818181818188 1 0.625 1 0.63068181818181823 1 0.63636363636363635 1 0.64204545454545459 1 0.64772727272727271 1 0.65340909090909094 1 0.65909090909090906 1 0.66477272727272729 1 0.67045454545454553 1 0.67613636363636365 1 0.68181818181818188 1 0.6875 1 0.69318181818181823 1 0.69886363636363635 1 0.70454545454545459 1 0.71022727272727271 1 0.71590909090909094 1 0.72159090909090906 1 0.72727272727272729 1 0.73295454545454553 1 0.73863636363636365 1 0.74431818181818188 1 0.75 1 0.75568181818181823 1 0.76136363636363635 1 0.76704545454545459 1 0.77272727272727271 1 0.77840909090909094 1 0.78409090909090906 1 0.78977272727272729 1 0.79545454545454553 1 0.80113636363636365 1 0.80681818181818188 1 0.8125 1 0.81818181818181823 1 0.82386363636363635 1 0.82954545454545459 1 0.83522727272727271 1 0.84090909090909094 1 0.84659090909090906 1 0.85227272727272729 1 0.85795454545454553 1 0.86363636363636365 1 0.86931818181818188 1 0.875 1 0.88068181818181823 1 0.88636363636363635 1 0.89204545454545459 1 0.89772727272727271 1 0.90340909090909094 1 0.90909090909090917 1 0.91477272727272729 1 0.92045454545454553 1 0.92613636363636365 1 0.93181818181818188 1 0.9375 1 0.94318181818181823 1 0.94886363636363635 1 0.95454545454545459 1 0.96022727272727271 1 0.96590909090909094 1 0.97159090909090917 1 0.97727272727272729 1 0.98295454545454553 1 0.98863636363636365 1 0.99431818181818188 1 1 4
1 0 4.5 0 1 
7 0 0  3 179 177  2.6179938783895573 1.5707963261054212  2.6170154190369628 1.5741858070693475  2.6150492458357197 1.5809566235505637  2.6120719687867648 1.5910889036504938  2.6090664210166583 1.6011977369253492  2.606032348054331 1.6112835998961419  2.6029694948547695 1.6213469551078212  2.5998776064663893 1.6313882467556484  2.5967564244115184 1.6414079144441056  2.5936056947684842 1.6514063684453397  2.5904251658177637 1.6613839976879614  2.5872145851506771 1.6713411790269437  2.5839737012467485 1.6812782743745016  2.5807022624848868 1.6911956344699919  2.5774000198879548 1.7010935898446198  2.5740667150060803 1.710972489014287  2.57070207460644 1.7208327132364076  2.5673058280101149 1.730674622633132  2.5638777043531786 1.7404985658792467  2.5604174336069918 1.7503048799760481  2.5569247454335007 1.760093891707134  2.5533993700380293 1.7698659156973366  2.5498410394590865 1.7796212537062095  2.5462494865421239 1.7893601964841923  2.54262444517278 1.7990830232759456  2.5389656499602733 1.8087900047955559  2.5352728392269812 1.8184813955597499  2.5315457440114129 1.8281574624309376  2.527784133903916 1.8378183661670751  2.5239878484883573 1.8474640903532833  2.5201567208372722 1.8570946406554558  2.5162905929711692 1.8667100074614822  2.5123893087935132 1.876310178431478  2.5084527183813567 1.8858951345957735  2.5044806815216907 1.8954648447476319  2.5004730512077349 1.9050192984237153  2.4964296751657393 1.9145585010894026  2.4923504105504213 1.9240824460478967  2.4882351218638976 1.9335911204253944  2.4840836746037152 1.9430845124399891  2.4798959408007222 1.9525626041416855  2.4756717990315704 1.9620253710014917  2.471411139882862 1.9714727758482848  2.4671138352303523 1.9809048256518196  2.4627797578363309 1.9903215329547372  2.458408789137227 1.9997229025041201  2.4540008234859023 2.0091089246320561  2.4495557400275088 2.0184796275468568  2.4450734053306822 2.0278350695831491  2.4405536982108789 2.037175293723239  2.4359965050666794 2.046500338818475  2.4314017184783272 2.0558102349922804  2.426769238829023 2.065105003695813  2.4220989739466861 2.0743846639224643  2.4173908488475875 2.083649214955186  2.4126447572360834 2.0928987230705554  2.4078605741093555 2.1021332945041409  2.4030381886875776 2.1113530174493227  2.3981774969866549 2.1205579762345819  2.3932784041554136 2.1297482478316545  2.3883408245014124 2.1389239034108569  2.3833646810084832 2.1480850073765008  2.3783499009290483 2.1572316121260569  2.3732964218924235 2.1663637640615003  2.3682041914045859 2.1754815037050452  2.3630731682208825 2.1845848647180635  2.3579033194138597 2.1936738795970716  2.3526946328048344 2.2027485597621856  2.3474470679729977 2.2118089785466513  2.3421605154450647 2.2208553325659781  2.3368348870434246 2.2298877885586208  2.3314700997757791 2.2389065129918255  2.3260660777319524 2.2479116612334384  2.3206227523188399 2.25690338083094  2.3151400643707483 2.265881812817665  2.3096179639839134 2.2748470916610528  2.3040564109307846 2.2837993455423971  2.2984553749209864 2.2927386965506855  2.2928148359053844 2.3016652609014501  2.2871347843686771 2.310579149152225  2.2814152216303127 2.3194804664147219  2.2756561601267027 2.3283693125895142  2.2698576237609851 2.3372457825177073  2.26401964799958 2.3461099664431528  2.2581422809099982 2.3549619493142879  2.2522255806799261 2.3638018144134207  2.2462696262603514 2.372629630830223  2.2402744516332742 2.3814455351088886  2.2342400816343155 2.390249677546743  2.2281665563225146 2.399042196937744  2.2220539256697798 2.4078232280769862  2.2159022513084983 2.4165928999763939  2.2097116063851381 2.4253513365695953  2.2034820759181626 2.434098656749947  2.1972137570170358 2.4428349745868818  2.1909067591341516 2.4515603994936837  2.1845612043029714 2.4602750364070487  2.178177227374313 2.4689789859618685  2.1717549762469499 2.4776723446650708  2.1652946120929517 2.4863552050673996  2.1587963095767186 2.4950276559322031  2.1522602570683604 2.5036897824035318  2.1456866568467312 2.5123416661633944  2.1390757253068449 2.5209833856146431  2.1324276931143169 2.5296150159512969  2.1257428055180689 2.538236629631256  2.1190212352206133 2.5468483826767296  2.112263166910298 2.5554504261943225  2.1054687969049914 2.5640429061296555  2.0986383363116667 2.5726259665947677  2.0917720107682682 2.581199749689413  2.0848700581533595 2.5897643930262326  2.07793272928782 2.5983200304603318  2.0709602879021345 2.6068667920667434  2.0639530108342856 2.6154048042683518  2.0569111879884412 2.6239341901028741  2.0498351229662677 2.6324550687704988  2.0427251311906764 2.640967557905578  2.0355815473283982 2.6494717656561244  2.0284046930818871 2.6579678261301738  2.0211948722879129 2.6664559030140018  2.0139524072604384 2.6749361495539921  2.006677631029691 2.6834087173237844  1.9993708894549993 2.6918737540581104  1.9920325408481072 2.7003314042137254  1.9846629556226074 2.7087818095458456  1.9772625182679644 2.7172251068849116  1.9698316197168586 2.7256614373445629  1.9623706340993721 2.7340909728783673  1.9548799505762569 2.7425138783428809  1.9473599691575385 2.7509303166084664  1.9398111018787354 2.7593404473157253  1.932233772092923 2.7677444273371807  1.9246284149409769 2.7761424109671058  1.9169954771478719 2.7845345499102145  1.909335417287003 2.7929209930623262  1.90164870441434 2.8013018878850895  1.8939358153081804 2.8096773830130424  1.8861972384269954 2.8180476243629204  1.8784334736278654 2.826412755392457  1.870645030589758 2.8347729187136856  1.8628324188859375 2.8431282659126622  1.8549961595854008 2.8514789455715488  1.8471367840432447 2.8598251045107204  1.8392548339738393 2.8681668875411477  1.8313508598871495 2.8765044385710632  1.8234254237857626 2.8848378981964111  1.8154790924598889 2.8931674108393302  1.807512463358568 2.9014930964246846  1.7995261872526627 2.9098150266711764  1.7915209176120279 2.9181332801868582  1.7834973198801112 2.9264479325928541  1.775456067470649 2.9347590580472125  1.7673978422489822 2.9430667286409267  1.7593233350514397 2.9513710157139776  1.7512332454445561 2.9596719896507602  1.7431282797148369 2.9679697195673467  1.7350091514803381 2.9762642735219766  1.726876581937393 2.9845557187396907  1.7187312995135196 2.9928441214501058  1.7105740389509247 3.0011295460535439  1.7024055408108727 3.0094120566281064  1.6942265522307347 3.0176917157895335  1.6860378238718625 3.0259685873588613  1.6778400978532084 3.0342427478806364  1.669634122180055 3.0425142717946398  1.6614206487045722 3.0507832329771221  1.6532004333234911 3.0590497046246012  1.6449742355090984 3.0673137596403204  1.6367428178364594 3.0755754699326667  1.6285069447755416 3.0838349070360236  1.6202673862517503 3.0920921396887788  1.612024916319301 3.100347234382224  1.6037803097375742 3.1086002572624198  1.5955343421792514 3.1168512733655263  1.5872877899746454 3.1251003492695153  1.579041429571634 3.1333475515534741  1.5735445007401927 3.1388444800926671  1.5707963267949001 3.1415926535897931 
 0 4 0.005681818181818182 1 0.011363636363636364 1 0.017045454545454544 1 0.022727272727272728 1 0.028409090909090912 1 0.034090909090909088 1 0.039772727272727272 1 0.045454545454545456 1 0.05113636363636364 1 0.056818181818181823 1 0.0625 1 0.068181818181818177 1 0.073863636363636367 1 0.079545454545454544 1 0.085227272727272735 1 0.090909090909090912 1 0.096590909090909088 1 0.10227272727272728 1 0.10795454545454546 1 0.11363636363636365 1 0.11931818181818182 1 0.125 1 0.13068181818181818 1 0.13636363636363635 1 0.14204545454545456 1 0.14772727272727273 1 0.15340909090909091 1 0.15909090909090909 1 0.16477272727272727 1 0.17045454545454547 1 0.17613636363636365 1 0.18181818181818182 1 0.1875 1 0.19318181818181818 1 0.19886363636363638 1 0.20454545454545456 1 0.21022727272727273 1 0.21590909090909091 1 0.22159090909090909 1 0.22727272727272729 1 0.23295454545454547 1 0.23863636363636365 1 0.24431818181818182 1 0.25 1 0.25568181818181818 1 0.26136363636363635 1 0.26704545454545453 1 0.27272727272727271 1 0.27840909090909094 1 0.28409090909090912 1 0.28977272727272729 1 0.29545454545454547 1 0.30113636363636365 1 0.30681818181818182 1 0.3125 1 0.31818181818181818 1 0.32386363636363635 1 0.32954545454545453 1 0.33522727272727276 1 0.34090909090909094 1 0.34659090909090912 1 0.35227272727272729 1 0.35795454545454547 1 0.36363636363636365 1 0.36931818181818182 1 0.375 1 0.38068181818181818 1 0.38636363636363635 1 0.39204545454545453 1 0.39772727272727276 1 0.40340909090909094 1 0.40909090909090912 1 0.41477272727272729 1 0.42045454545454547 1 0.42613636363636365 1 0.43181818181818182 1 0.4375 1 0.44318181818181818 1 0.44886363636363635 1 0.45454545454545459 1 0.46022727272727276 1 0.46590909090909094 1 0.47159090909090912 1 0.47727272727272729 1 0.48295454545454547 1 0.48863636363636365 1 0.49431818181818182 1 0.5 1 0.50568181818181823 1 0.51136363636363635 1 0.51704545454545459 1 0.52272727272727271 1 0.52840909090909094 1 0.53409090909090906 1 0.53977272727272729 1 0.54545454545454541 1 0.55113636363636365 1 0.55681818181818188 1 0.5625 1 0.56818181818181823 1 0.57386363636363635 1 0.57954545454545459 1 0.58522727272727271 1 0.59090909090909094 1 0.59659090909090906 1 0.60227272727272729 1 0.60795454545454553 1 0.61363636363636365 1 0.61931818181818188 1 0.625 1 0.63068181818181823 1 0.63636363636363635 1 0.64204545454545459 1 0.64772727272727271 1 0.65340909090909094 1 0.65909090909090906 1 0.66477272727272729 1 0.67045454545454553 1 0.67613636363636365 1 0.68181818181818188 1 0.6875 1 0.69318181818181823 1 0.69886363636363635 1 0.70454545454545459 1 0.71022727272727271 1 0.71590909090909094 1 0.72159090909090906 1 0.72727272727272729 1 0.73295454545454553 1 0.73863636363636365 1 0.74431818181818188 1 0.75 1 0.75568181818181823 1 0.76136363636363635 1 0.76704545454545459 1 0.77272727272727271 1 0.77840909090909094 1 0.78409090909090906 1 0.78977272727272729 1 0.79545454545454553 1 0.80113636363636365 1 0.80681818181818188 1 0.8125 1 0.81818181818181823 1 0.82386363636363635 1 0.82954545454545459 1 0.83522727272727271 1 0.84090909090909094 1 0.84659090909090906 1 0.85227272727272729 1 0.85795454545454553 1 0.86363636363636365 1 0.86931818181818188 1 0.875 1 0.88068181818181823 1 0.88636363636363635 1 0.89204545454545459 1 0.89772727272727271 1 0.90340909090909094 1 0.90909090909090917 1 0.91477272727272729 1 0.92045454545454553 1 0.92613636363636365 1 0.93181818181818188 1 0.9375 1 0.94318181818181823 1 0.94886363636363635 1 0.95454545454545459 1 0.96022727272727271 1 0.96590909090909094 1 0.97159090909090917 1 0.97727272727272729 1 0.98295454545454553 1 0.98863636363636365 1 0.99431818181818188 1 1 4
1 6.2831853071795862 0 -1 0 
1 0 0.17677669529663664 1 0 
7 0 0  3 179 177  2.0943951019951368 1.5707963261054207  2.0953735613477305 1.5741858070693477  2.0973397345489744 1.5809566235505652  2.1003170115979284 1.5910889036504969  2.1033225593680402 1.6011977369253632  2.1063566323303675 1.6112835998961579  2.1094194855299278 1.6213469551078357  2.1125113739183061 1.6313882467556549  2.1156325559731766 1.6414079144441061  2.1187832856162077 1.6514063684453359  2.1219638145669304 1.6613839976879592  2.1251743952340156 1.6713411790269408  2.1284152791379465 1.6812782743744996  2.1316867178998042 1.6911956344699859  2.1349889604967385 1.7010935898446111  2.1383222653786138 1.710972489014277  2.1416869057782542 1.7208327132363943  2.145083152374577 1.7306746226331216  2.1485112760315168 1.7404985658792462  2.151971546777701 1.7503048799760412  2.1554642349511925 1.7600938917071247  2.1589896103466657 1.7698659156973289  2.1625479409256072 1.7796212537062037  2.1661394938425702 1.7893601964841868  2.1697645352119137 1.7990830232759387  2.1734233304244222 1.808790004795543  2.1771161411577147 1.8184813955597356  2.1808432363732848 1.8281574624309227  2.1846048464807835 1.8378183661670671  2.1884011318963417 1.8474640903532766  2.1922322595474251 1.8570946406554405  2.1960983874135276 1.8667100074614662  2.199999671591184 1.8763101784314704  2.2039362620033418 1.8858951345957677  2.2079082988630061 1.8954648447476272  2.2119159291769641 1.9050192984237069  2.2159593052189566 1.9145585010893926  2.2200385698342733 1.924082446047884  2.2241538585207969 1.9335911204253977  2.2283053057809794 1.9430845124400009  2.2324930395839728 1.9525626041416915  2.2367171813531241 1.9620253710014972  2.2409778405018326 1.9714727758482837  2.2452751451543405 1.9809048256518174  2.2496092225483619 1.9903215329547324  2.2539801912474671 1.9997229025041259  2.2583881568987909 2.009108924632061  2.2628332403571849 2.0184796275468648  2.2673155750540115 2.0278350695831651  2.2718352821738153 2.0371752937232568  2.2763924753180156 2.0465003388184919  2.2809872619063674 2.0558102349922929  2.285619741555668 2.0651050036958205  2.2902900064380085 2.0743846639224688  2.2949981315371057 2.0836492149551855  2.2997442231486103 2.0928987230705536  2.3045284062753368 2.102133294504136  2.3093507916971174 2.1113530174493214  2.3142114833980392 2.1205579762345845  2.3191105762292792 2.1297482478316501  2.3240481558832822 2.1389239034108529  2.3290242993762136 2.1480850073764977  2.3340390794556445 2.1572316121260422  2.3390925584922702 2.1663637640614803  2.3441847889801082 2.1754815037050244  2.3493158121638111 2.1845848647180333  2.3544856609708358 2.1936738795970423  2.3596943475798593 2.2027485597621514  2.3649419124116955 2.2118089785466117  2.3702284649396304 2.2208553325659559  2.3755540933412678 2.2298877885585928  2.3809188806089163 2.2389065129918024  2.3863229026527426 2.2479116612334171  2.3917662280658547 2.2569033808309196  2.3972489160139476 2.2658818128176441  2.4027710164007816 2.2748470916610293  2.4083325694539108 2.2837993455423664  2.4139336054637126 2.2927386965506638  2.4195741444793111 2.3016652609014217  2.4252541960160232 2.3105791491521925  2.4309737587543849 2.3194804664146744  2.4367328202579972 2.3283693125894804  2.4425313566237152 2.3372457825176536  2.4483693323851203 2.3461099664430978  2.4542466994746994 2.3549619493142298  2.4601633997047725 2.3638018144133635  2.466119354124344 2.3726296308301635  2.4721145287514217 2.3814455351088268  2.4781488987503808 2.3902496775466799  2.4842224240621795 2.3990421969376774  2.4903350547149143 2.4078232280769241  2.4964867290761963 2.4165928999763295  2.5026773739995534 2.4253513365695376  2.5089069044665329 2.4340986567498977  2.5151752233676565 2.4428349745868312  2.5214822212505399 2.4515603994936432  2.5278277760817196 2.4602750364070172  2.5342117530103794 2.4689789859618352  2.5406340041377433 2.4776723446650495  2.5470943682917397 2.4863552050673841  2.5535926708079741 2.4950276559322  2.5601287233163337 2.5036897824035296  2.566702323537962 2.5123416661634028  2.5733132550778484 2.520983385614656  2.5799612872703803 2.5296150159513124  2.5866461748666261 2.5382366296312937  2.5933677451640844 2.5468483826767536  2.6001258134744005 2.5554504261943651  2.6069201834797089 2.5640429061296923  2.6137506440730349 2.5726259665948112  2.6206169696164299 2.5811997496894388  2.6275189222313444 2.5897643930262708  2.6344562510968799 2.5983200304603562  2.6414286924825685 2.6068667920667643  2.6484359695504174 2.6154048042683695  2.6554777923962627 2.6239341901028759  2.6625538574184366 2.632455068770494  2.6696638491940261 2.6409675579055651  2.6768074330563052 2.6494717656561044  2.6839842873028155 2.6579678261301405  2.6911941080967883 2.6664559030139632  2.6984365731242614 2.6749361495539521  2.7057113493550116 2.6834087173237355  2.7130180909296975 2.6918737540580659  2.7203564395365927 2.7003314042136881  2.7277260247620903 2.7087818095458225  2.7351264621167388 2.717225106884904  2.7425573606678437 2.725661437344578  2.7500183462853354 2.734090972878402  2.7575090298084488 2.7425138783429248  2.7650290112271656 2.7509303166085028  2.7725778785059649 2.7593404473157213  2.7801552082917729 2.7677444273371581  2.7877605654437256 2.7761424109670583  2.7953935032368293 2.7845345499101803  2.8030535630977051 2.7929209930622787  2.810740275970367 2.80130188788505  2.8184531650765203 2.8096773830130002  2.8261917419577034 2.8180476243628867  2.8339555067568343 2.826412755392425  2.8417439497949339 2.8347729187136723  2.8495565614987579 2.8431282659126458  2.8573928207992947 2.8514789455715523  2.8652521963414483 2.8598251045107337  2.8731341464108593 2.8681668875411512  2.8810381204975437 2.8765044385710818  2.8889635565989376 2.8848378981964253  2.8969098879248065 2.8931674108393395  2.9048765170261341 2.9014930964246952  2.9128627931320303 2.9098150266711964  2.9208680627726746 2.9181332801868818  2.9288916605045836 2.9264479325928656  2.9369329129140507 2.9347590580472174  2.9449911381357179 2.9430667286409267  2.9530656453332571 2.951371015713963  2.9611557349401414 2.9596719896507264  2.9692607006698588 2.9679697195673085  2.9773798289043603 2.9762642735219531  2.9855123984473089 2.9845557187397174  2.9936576808711877 2.9928441214502035  3.0018149414337816 3.0011295460536451  3.0099834395738276 3.0094120566281894  3.018162428153965 3.0176917157895575  3.0263511565128307 3.0259685873588626  3.0345488825314879 3.0342427478806053  3.0427548582046389 3.0425142717945768  3.0509683316801244 3.0507832329770412  3.0591885470612001 3.0590497046244978  3.0674147448755988 3.0673137596402218  3.0756461625482339 3.0755754699325717  3.0838820356091579 3.0838349070359641  3.0921215941329532 3.0920921396887491  3.100364064065412 3.1003472343822356  3.1086086706471487 3.1086002572624469  3.1168546382054823 3.1168512733655436  3.1251011904101009 3.1251003492695357  3.1333475508131041 3.1333475515535136  3.1388444796445203 3.1388444800926898  3.1415926535897931 3.1415926535897931 
 0 4 0.005681818181818182 1 0.011363636363636364 1 0.017045454545454544 1 0.022727272727272728 1 0.028409090909090912 1 0.034090909090909088 1 0.039772727272727272 1 0.045454545454545456 1 0.05113636363636364 1 0.056818181818181823 1 0.0625 1 0.068181818181818177 1 0.073863636363636367 1 0.079545454545454544 1 0.085227272727272735 1 0.090909090909090912 1 0.096590909090909088 1 0.10227272727272728 1 0.10795454545454546 1 0.11363636363636365 1 0.11931818181818182 1 0.125 1 0.13068181818181818 1 0.13636363636363635 1 0.14204545454545456 1 0.14772727272727273 1 0.15340909090909091 1 0.15909090909090909 1 0.16477272727272727 1 0.17045454545454547 1 0.17613636363636365 1 0.18181818181818182 1 0.1875 1 0.19318181818181818 1 0.19886363636363638 1 0.20454545454545456 1 0.21022727272727273 1 0.21590909090909091 1 0.22159090909090909 1 0.22727272727272729 1 0.23295454545454547 1 0.23863636363636365 1 0.24431818181818182 1 0.25 1 0.25568181818181818 1 0.26136363636363635 1 0.26704545454545453 1 0.27272727272727271 1 0.27840909090909094 1 0.28409090909090912 1 0.28977272727272729 1 0.29545454545454547 1 0.30113636363636365 1 0.30681818181818182 1 0.3125 1 0.31818181818181818 1 0.32386363636363635 1 0.32954545454545453 1 0.33522727272727276 1 0.34090909090909094 1 0.34659090909090912 1 0.35227272727272729 1 0.35795454545454547 1 0.36363636363636365 1 0.36931818181818182 1 0.375 1 0.38068181818181818 1 0.38636363636363635 1 0.39204545454545453 1 0.39772727272727276 1 0.40340909090909094 1 0.40909090909090912 1 0.41477272727272729 1 0.42045454545454547 1 0.42613636363636365 1 0.43181818181818182 1 0.4375 1 0.44318181818181818 1 0.44886363636363635 1 0.45454545454545459 1 0.46022727272727276 1 0.46590909090909094 1 0.47159090909090912 1 0.47727272727272729 1 0.48295454545454547 1 0.48863636363636365 1 0.49431818181818182 1 0.5 1 0.50568181818181823 1 0.51136363636363635 1 0.51704545454545459 1 0.52272727272727271 1 0.52840909090909094 1 0.53409090909090906 1 0.53977272727272729 1 0.54545454545454541 1 0.55113636363636365 1 0.55681818181818188 1 0.5625 1 0.56818181818181823 1 0.57386363636363635 1 0.57954545454545459 1 0.58522727272727271 1 0.59090909090909094 1 0.59659090909090906 1 0.60227272727272729 1 0.60795454545454553 1 0.61363636363636365 1 0.61931818181818188 1 0.625 1 0.63068181818181823 1 0.63636363636363635 1 0.64204545454545459 1 0.64772727272727271 1 0.65340909090909094 1 0.65909090909090906 1 0.66477272727272729 1 0.67045454545454553 1 0.67613636363636365 1 0.68181818181818188 1 0.6875 1 0.69318181818181823 1 0.69886363636363635 1 0.70454545454545459 1 0.71022727272727271 1 0.71590909090909094 1 0.72159090909090906 1 0.72727272727272729 1 0.73295454545454553 1 0.73863636363636365 1 0.74431818181818188 1 0.75 1 0.75568181818181823 1 0.76136363636363635 1 0.76704545454545459 1 0.77272727272727271 1 0.77840909090909094 1 0.78409090909090906 1 0.78977272727272729 1 0.79545454545454553 1 0.80113636363636365 1 0.80681818181818188 1 0.8125 1 0.81818181818181823 1 0.82386363636363635 1 0.82954545454545459 1 0.83522727272727271 1 0.84090909090909094 1 0.84659090909090906 1 0.85227272727272729 1 0.85795454545454553 1 0.86363636363636365 1 0.86931818181818188 1 0.875 1 0.88068181818181823 1 0.88636363636363635 1 0.89204545454545459 1 0.89772727272727271 1 0.90340909090909094 1 0.90909090909090917 1 0.91477272727272729 1 0.92045454545454553 1 0.92613636363636365 1 0.93181818181818188 1 0.9375 1 0.94318181818181823 1 0.94886363636363635 1 0.95454545454545459 1 0.96022727272727271 1 0.96590909090909094 1 0.97159090909090917 1 0.97727272727272729 1 0.98295454545454553 1 0.98863636363636365 1 0.99431818181818188 1 1 4
1 0 4.5 0 1 
7 0 0  3 179 177  2.6179938783895573 1.5707963261054212  2.6170154190369628 1.5741858070693484  2.6150492458357193 1.5809566235505663  2.6120719687867644 1.591088903650498  2.6090664210166548 1.6011977369253605  2.6060323480543293 1.6112835998961479  2.602969494854769 1.6213469551078215  2.5998776064663898 1.6313882467556469  2.5967564244115184 1.6414079144441056  2.5936056947684851 1.6514063684453368  2.5904251658177637 1.6613839976879612  2.587214585150678 1.6713411790269417  2.5839737012467476 1.6812782743745007  2.5807022624848872 1.6911956344699917  2.5774000198879543 1.7010935898446189  2.5740667150060808 1.7109724890142839  2.57070207460644 1.7208327132364061  2.5673058280101153 1.7306746226331309  2.5638777043531773 1.7404985658792484  2.5604174336069927 1.7503048799760463  2.5569247454334985 1.7600938917071371  2.5533993700380275 1.7698659156973424  2.5498410394590825 1.7796212537062195  2.5462494865421195 1.7893601964842056  2.542624445172776 1.799083023275958  2.5389656499602697 1.8087900047955663  2.535272839226979 1.818481395559757  2.5315457440114097 1.828157462430944  2.5277841339039111 1.8378183661670857  2.5239878484883524 1.8474640903532966  2.5201567208372708 1.8570946406554578  2.5162905929711665 1.8667100074614891  2.512389308793511 1.8763101784314875  2.5084527183813523 1.8858951345957848  2.5044806815216867 1.895464844747643  2.5004730512077318 1.9050192984237211  2.4964296751657375 1.9145585010894033  2.4923504105504213 1.9240824460478896  2.4882351218638976 1.9335911204253919  2.4840836746037147 1.9430845124399914  2.479895940800724 1.9525626041416841  2.4756717990315695 1.9620253710015001  2.4714111398828629 1.9714727758482884  2.4671138352303537 1.9809048256518216  2.4627797578363326 1.9903215329547377  2.4584087891372275 1.9997229025041234  2.4540008234859041 2.0091089246320544  2.4495557400275092 2.018479627546852  2.445073405330684 2.0278350695831491  2.4405536982108806 2.0371752937232332  2.4359965050666812 2.046500338818471  2.431401718478329 2.0558102349922787  2.4267692388290252 2.0651050036958081  2.4220989739466861 2.0743846639224626  2.4173908488475893 2.0836492149551842  2.4126447572360847 2.0928987230705518  2.4078605741093573 2.1021332945041364  2.4030381886875785 2.1113530174493222  2.3981774969866549 2.1205579762345805  2.3932784041554158 2.1297482478316505  2.3883408245014115 2.1389239034108578  2.3833646810084832 2.1480850073765003  2.3783499009290492 2.1572316121260564  2.3732964218924226 2.1663637640614981  2.3682041914045864 2.1754815037050466  2.3630731682208821 2.1845848647180626  2.3579033194138592 2.1936738795970743  2.3526946328048339 2.2027485597621821  2.3474470679729991 2.2118089785466486  2.342160515445062 2.2208553325659843  2.3368348870434263 2.2298877885586199  2.3314700997757791 2.2389065129918264  2.3260660777319528 2.2479116612334415  2.3206227523188403 2.2569033808309404  2.3151400643707474 2.2658818128176712  2.3096179639839147 2.2748470916610541  2.3040564109307846 2.2837993455423993  2.2984553749209864 2.2927386965506935  2.2928148359053844 2.3016652609014616  2.2871347843686771 2.3105791491522254  2.2814152216303136 2.3194804664147348  2.2756561601267036 2.3283693125895191  2.2698576237609855 2.3372457825177149  2.26401964799958 2.3461099664431564  2.2581422809099996 2.3549619493142933  2.2522255806799261 2.3638018144134225  2.2462696262603501 2.372629630830227  2.2402744516332769 2.3814455351088841  2.2342400816343151 2.3902496775467399  2.2281665563225159 2.3990421969377356  2.2220539256697807 2.4078232280769778  2.2159022513084983 2.4165928999763864  2.2097116063851399 2.425351336569586  2.2034820759181608 2.4340986567499381  2.1972137570170376 2.4428349745868738  2.190906759134152 2.4515603994936761  2.184561204302971 2.4602750364070447  2.178177227374313 2.4689789859618605  2.1717549762469504 2.4776723446650655  2.1652946120929508 2.4863552050673956  2.1587963095767178 2.4950276559322022  2.1522602570683591 2.50368978240353  2.1456866568467294 2.5123416661633931  2.1390757253068422 2.5209833856146449  2.1324276931143138 2.5296150159513013  2.125742805518064 2.5382366296312542  2.1190212352206097 2.5468483826767301  2.1122631669102927 2.5554504261943278  2.1054687969049848 2.5640429061296621  2.0986383363116614 2.5726259665947708  2.091772010768262 2.5811997496894192  2.084870058153355 2.5897643930262424  2.0779327292878147 2.5983200304603398  2.0709602879021305 2.6068667920667554  2.0639530108342812 2.6154048042683575  2.0569111879884399 2.6239341901028852  2.0498351229662646 2.6324550687705033  2.0427251311906742 2.6409675579055838  2.0355815473283951 2.6494717656561297  2.0284046930818866 2.6579678261301716  2.0211948722879112 2.6664559030139938  2.0139524072604367 2.6749361495539801  2.0066776310296874 2.6834087173237737  1.9993708894549971 2.6918737540580913  1.9920325408481028 2.7003314042137112  1.9846629556226014 2.7087818095458318  1.9772625182679551 2.717225106884904  1.9698316197168462 2.725661437344566  1.9623706340993579 2.7340909728783744  1.9548799505762398 2.7425138783428951  1.9473599691575236 2.7509303166084771  1.9398111018787285 2.7593404473157217  1.9322337720929155 2.767744427337175  1.9246284149409736 2.7761424109670894  1.9169954771478659 2.7845345499102057  1.9093354172869983 2.7929209930623227  1.9016487044143349 2.8013018878850864  1.8939358153081751 2.8096773830130464  1.8861972384269929 2.818047624362916  1.8784334736278629 2.8264127553924614  1.8706450305897622 2.834772918713691  1.8628324188859431 2.8431282659126622  1.8549961595854108 2.8514789455715492  1.8471367840432533 2.8598251045107244  1.8392548339738464 2.8681668875411463  1.8313508598871537 2.876504438571061  1.8234254237857626 2.8848378981964196  1.8154790924598871 2.893167410839331  1.8075124633585644 2.9014930964246908  1.79952618725266 2.9098150266711822  1.7915209176120226 2.9181332801868693  1.7834973198801076 2.9264479325928678  1.7754560674706443 2.9347590580472307  1.7673978422489749 2.9430667286409551  1.7593233350514326 2.9513710157139972  1.7512332454445507 2.9596719896507606  1.7431282797148286 2.9679697195673271  1.7350091514803345 2.9762642735219487  1.7268765819373859 2.9845557187396774  1.7187312995135158 2.9928441214501329  1.7105740389509212 3.0011295460535639  1.7024055408108669 3.0094120566281268  1.6942265522307287 3.0176917157895269  1.6860378238718601 3.0259685873588582  1.6778400978532033 3.0342427478806324  1.669634122180051 3.0425142717946358  1.6614206487045668 3.0507832329771198  1.6532004333234904 3.0590497046245955  1.6449742355090951 3.0673137596403146  1.6367428178364571 3.0755754699326543  1.6285069447755316 3.0838349070360089  1.6202673862517383 3.0920921396887646  1.6120249163192812 3.1003472343822005  1.6037803097375529 3.1086002572623985  1.5955343421792285 3.1168512733655067  1.5872877899746247 3.1251003492694971  1.5790414295716122 3.1333475515534683  1.5735445007401823 3.1388444800926658  1.5707963267949001 3.1415926535897931 
 0 4 0.005681818181818182 1 0.011363636363636364 1 0.017045454545454544 1 0.022727272727272728 1 0.028409090909090912 1 0.034090909090909088 1 0.039772727272727272 1 0.045454545454545456 1 0.05113636363636364 1 0.056818181818181823 1 0.0625 1 0.068181818181818177 1 0.073863636363636367 1 0.079545454545454544 1 0.085227272727272735 1 0.090909090909090912 1 0.096590909090909088 1 0.10227272727272728 1 0.10795454545454546 1 0.11363636363636365 1 0.11931818181818182 1 0.125 1 0.13068181818181818 1 0.13636363636363635 1 0.14204545454545456 1 0.14772727272727273 1 0.15340909090909091 1 0.15909090909090909 1 0.16477272727272727 1 0.17045454545454547 1 0.17613636363636365 1 0.18181818181818182 1 0.1875 1 0.19318181818181818 1 0.19886363636363638 1 0.20454545454545456 1 0.21022727272727273 1 0.21590909090909091 1 0.22159090909090909 1 0.22727272727272729 1 0.23295454545454547 1 0.23863636363636365 1 0.24431818181818182 1 0.25 1 0.25568181818181818 1 0.26136363636363635 1 0.26704545454545453 1 0.27272727272727271 1 0.27840909090909094 1 0.28409090909090912 1 0.28977272727272729 1 0.29545454545454547 1 0.30113636363636365 1 0.30681818181818182 1 0.3125 1 0.31818181818181818 1 0.32386363636363635 1 0.32954545454545453 1 0.33522727272727276 1 0.34090909090909094 1 0.34659090909090912 1 0.35227272727272729 1 0.35795454545454547 1 0.36363636363636365 1 0.36931818181818182 1 0.375 1 0.38068181818181818 1 0.38636363636363635 1 0.39204545454545453 1 0.39772727272727276 1 0.40340909090909094 1 0.40909090909090912 1 0.41477272727272729 1 0.42045454545454547 1 0.42613636363636365 1 0.43181818181818182 1 0.4375 1 0.44318181818181818 1 0.44886363636363635 1 0.45454545454545459 1 0.46022727272727276 1 0.46590909090909094 1 0.47159090909090912 1 0.47727272727272729 1 0.48295454545454547 1 0.48863636363636365 1 0.49431818181818182 1 0.5 1 0.50568181818181823 1 0.51136363636363635 1 0.51704545454545459 1 0.52272727272727271 1 0.52840909090909094 1 0.53409090909090906 1 0.53977272727272729 1 0.54545454545454541 1 0.55113636363636365 1 0.55681818181818188 1 0.5625 1 0.56818181818181823 1 0.57386363636363635 1 0.57954545454545459 1 0.58522727272727271 1 0.59090909090909094 1 0.59659090909090906 1 0.60227272727272729 1 0.60795454545454553 1 0.61363636363636365 1 0.61931818181818188 1 0.625 1 0.63068181818181823 1 0.63636363636363635 1 0.64204545454545459 1 0.64772727272727271 1 0.65340909090909094 1 0.65909090909090906 1 0.66477272727272729 1 0.67045454545454553 1 0.67613636363636365 1 0.68181818181818188 1 0.6875 1 0.69318181818181823 1 0.69886363636363635 1 0.70454545454545459 1 0.71022727272727271 1 0.71590909090909094 1 0.72159090909090906 1 0.72727272727272729 1 0.73295454545454553 1 0.73863636363636365 1 0.74431818181818188 1 0.75 1 0.75568181818181823 1 0.76136363636363635 1 0.76704545454545459 1 0.77272727272727271 1 0.77840909090909094 1 0.78409090909090906 1 0.78977272727272729 1 0.79545454545454553 1 0.80113636363636365 1 0.80681818181818188 1 0.8125 1 0.81818181818181823 1 0.82386363636363635 1 0.82954545454545459 1 0.83522727272727271 1 0.84090909090909094 1 0.84659090909090906 1 0.85227272727272729 1 0.85795454545454553 1 0.86363636363636365 1 0.86931818181818188 1 0.875 1 0.88068181818181823 1 0.88636363636363635 1 0.89204545454545459 1 0.89772727272727271 1 0.90340909090909094 1 0.90909090909090917 1 0.91477272727272729 1 0.92045454545454553 1 0.92613636363636365 1 0.93181818181818188 1 0.9375 1 0.94318181818181823 1 0.94886363636363635 1 0.95454545454545459 1 0.96022727272727271 1 0.96590909090909094 1 0.97159090909090917 1 0.97727272727272729 1 0.98295454545454553 1 0.98863636363636365 1 0.99431818181818188 1 1 4
1 6.2831853071795862 1.6000000000000001 -1 0 
7 0 0  3 179 177  2.0943951019951368 1.5707963261054207  2.0953735613477309 1.5741858070693475  2.0973397345489748 1.5809566235505657  2.1003170115979288 1.5910889036504989  2.1033225593680389 1.60119773692536  2.1063566323303649 1.6112835998961483  2.1094194855299238 1.6213469551078232  2.1125113739183043 1.6313882467556462  2.1156325559731752 1.6414079144441036  2.1187832856162077 1.6514063684453384  2.1219638145669308 1.6613839976879583  2.1251743952340156 1.6713411790269423  2.1284152791379456 1.6812782743744998  2.131686717899806 1.6911956344699874  2.1349889604967385 1.7010935898446107  2.1383222653786129 1.710972489014277  2.1416869057782542 1.7208327132363925  2.145083152374577 1.7306746226331244  2.1485112760315164 1.7404985658792436  2.1519715467777001 1.7503048799760406  2.155464234951193 1.7600938917071247  2.1589896103466648 1.7698659156973267  2.1625479409256068 1.7796212537062015  2.1661394938425684 1.7893601964841828  2.1697645352119133 1.7990830232759378  2.1734233304244213 1.8087900047955416  2.1771161411577125 1.8184813955597292  2.1808432363732813 1.8281574624309134  2.1846048464807768 1.8378183661670515  2.1884011318963354 1.8474640903532604  2.192232259547422 1.8570946406554336  2.1960983874135258 1.8667100074614622  2.1999996715911823 1.8763101784314669  2.2039362620033414 1.885895134595766  2.2079082988630052 1.8954648447476217  2.2119159291769623 1.9050192984237058  2.2159593052189561 1.9145585010893904  2.2200385698342719 1.9240824460478827  2.2241538585207961 1.9335911204253931  2.2283053057809785 1.9430845124399987  2.2324930395839706 1.952562604141689  2.2367171813531241 1.9620253710014923  2.2409778405018308 1.9714727758482817  2.2452751451543405 1.9809048256518145  2.2496092225483602 1.9903215329547319  2.2539801912474653 1.999722902504121  2.25838815689879 2.0091089246320588  2.2628332403571836 2.0184796275468622  2.2673155750540106 2.0278350695831677  2.2718352821738153 2.0371752937232523  2.2763924753180138 2.0465003388184928  2.2809872619063656 2.055810234992292  2.285619741555668 2.065105003695817  2.2902900064380067 2.0743846639224701  2.294998131537104 2.0836492149551833  2.2997442231486098 2.0928987230705527  2.3045284062753359 2.1021332945041364  2.3093507916971165 2.1113530174493205  2.3142114833980383 2.120557976234581  2.3191105762292783 2.1297482478316501  2.3240481558832822 2.1389239034108503  2.3290242993762122 2.1480850073764914  2.3340390794556427 2.1572316121260422  2.3390925584922702 2.1663637640614812  2.3441847889801064 2.1754815037050186  2.3493158121638098 2.184584864718031  2.3544856609708353 2.1936738795970405  2.359694347579858 2.2027485597621417  2.3649419124116942 2.2118089785466188  2.370228464939629 2.2208553325659519  2.3755540933412673 2.2298877885585888  2.380918880608915 2.2389065129918033  2.3863229026527408 2.2479116612334109  2.3917662280658525 2.2569033808309222  2.3972489160139459 2.2658818128176419  2.4027710164007803 2.2748470916610279  2.4083325694539095 2.2837993455423691  2.4139336054637108 2.2927386965506593  2.4195741444793102 2.3016652609014301  2.4252541960160214 2.3105791491521877  2.4309737587543832 2.319480466414702  2.4367328202579954 2.3283693125894853  2.442531356623713 2.3372457825176847  2.4483693323851172 2.3461099664431315  2.4542466994746985 2.3549619493142742  2.4601633997047694 2.3638018144134127  2.4661193541243431 2.3726296308302341  2.4721145287514181 2.3814455351089041  2.478148898750379 2.3902496775467599  2.4842224240621773 2.3990421969377671  2.4903350547149121 2.4078232280770111  2.4964867290761923 2.4165928999764184  2.5026773739995516 2.4253513365696291  2.5089069044665293 2.4340986567499816  2.5151752233676521 2.4428349745869116  2.5214822212505368 2.4515603994937143  2.5278277760817174 2.4602750364070736  2.5342117530103763 2.4689789859618969  2.540634004137738 2.4776723446650939  2.5470943682917371 2.4863552050674276  2.5535926708079679 2.4950276559322222  2.5601287233163261 2.5036897824035549  2.5667023235379567 2.5123416661634197  2.5733132550778413 2.52098338561466  2.5799612872703714 2.5296150159513271  2.5866461748666199 2.5382366296312844  2.5933677451640738 2.5468483826767647  2.6001258134743899 2.555450426194358  2.6069201834796987 2.5640429061297034  2.613750644073022 2.5726259665948046  2.6206169696164188 2.5811997496894459  2.6275189222313298 2.5897643930262739  2.6344562510968679 2.5983200304603611  2.6414286924825578 2.6068667920667599  2.6484359695504023 2.6154048042683629  2.6554777923962498 2.6239341901028799  2.6625538574184224 2.6324550687704886  2.6696638491940137 2.640967557905562  2.6768074330562919 2.649471765656104  2.683984287302803 2.6579678261301334  2.6911941080967803 2.6664559030139632  2.6984365731242526 2.6749361495539499  2.7057113493550045 2.6834087173237351  2.7130180909296913 2.6918737540580659  2.7203564395365918 2.7003314042136877  2.7277260247620876 2.7087818095458247  2.7351264621167375 2.7172251068848969  2.7425573606678419 2.7256614373445851  2.750018346285334 2.7340909728783958  2.7575090298084497 2.742513878342919  2.7650290112271634 2.7509303166085117  2.7725778785059618 2.7593404473157128  2.7801552082917715 2.7677444273371599  2.7877605654437185 2.7761424109670587  2.7953935032368213 2.7845345499101715  2.8030535630976963 2.7929209930622845  2.8107402759703559 2.8013018878850491  2.8184531650765194 2.8096773830130095  2.826191741957699 2.8180476243628858  2.8339555067568343 2.8264127553924396  2.8417439497949331 2.8347729187136763  2.849556561498753 2.8431282659126529  2.8573928207992894 2.8514789455715635  2.8652521963414417 2.8598251045107439  2.8731341464108535 2.8681668875411583  2.8810381204975428 2.8765044385710814  2.8889635565989336 2.8848378981964227  2.896909887924811 2.8931674108393493  2.9048765170261359 2.9014930964247028  2.9128627931320339 2.9098150266712  2.9208680627726777 2.91813328018688  2.9288916605045876 2.9264479325928723  2.9369329129140542 2.9347590580472129  2.9449911381357206 2.9430667286409369  2.9530656453332593 2.951371015713971  2.9611557349401449 2.9596719896507246  2.9692607006698606 2.9679697195673063  2.9773798289043611 2.9762642735219229  2.9855123984473098 2.9845557187396317  2.993657680871189 2.9928441214500476  3.0018149414337856 3.0011295460535106  3.0099834395738267 3.0094120566281042  3.0181624281539654 3.0176917157895242  3.0263511565128298 3.0259685873588507  3.0345488825314915 3.0342427478806022  3.0427548582046375 3.0425142717945777  3.0509683316801253 3.0507832329770417  3.0591885470612024 3.059049704624496  3.0674147448755971 3.067313759640228  3.0756461625482356 3.075575469932569  3.083882035609161 3.083834907035965  3.0921215941329518 3.0920921396887504  3.100364064065412 3.1003472343822276  3.1086086706471465 3.1086002572624549  3.1168546382054796 3.1168512733655414  3.1251011904100992 3.1251003492695357  3.1333475508131019 3.1333475515535136  3.1388444796445198 3.1388444800926898  3.1415926535897931 3.1415926535897931 
 0 4 0.005681818181818182 1 0.011363636363636364 1 0.017045454545454544 1 0.022727272727272728 1 0.028409090909090912 1 0.034090909090909088 1 0.039772727272727272 1 0.045454545454545456 1 0.05113636363636364 1 0.056818181818181823 1 0.0625 1 0.068181818181818177 1 0.073863636363636367 1 0.079545454545454544 1 0.085227272727272735 1 0.090909090909090912 1 0.096590909090909088 1 0.10227272727272728 1 0.10795454545454546 1 0.11363636363636365 1 0.11931818181818182 1 0.125 1 0.13068181818181818 1 0.13636363636363635 1 0.14204545454545456 1 0.14772727272727273 1 0.15340909090909091 1 0.15909090909090909 1 0.16477272727272727 1 0.17045454545454547 1 0.17613636363636365 1 0.18181818181818182 1 0.1875 1 0.19318181818181818 1 0.19886363636363638 1 0.20454545454545456 1 0.21022727272727273 1 0.21590909090909091 1 0.22159090909090909 1 0.22727272727272729 1 0.23295454545454547 1 0.23863636363636365 1 0.24431818181818182 1 0.25 1 0.25568181818181818 1 0.26136363636363635 1 0.26704545454545453 1 0.27272727272727271 1 0.27840909090909094 1 0.28409090909090912 1 0.28977272727272729 1 0.29545454545454547 1 0.30113636363636365 1 0.30681818181818182 1 0.3125 1 0.31818181818181818 1 0.32386363636363635 1 0.32954545454545453 1 0.33522727272727276 1 0.34090909090909094 1 0.34659090909090912 1 0.35227272727272729 1 0.35795454545454547 1 0.36363636363636365 1 0.36931818181818182 1 0.375 1 0.38068181818181818 1 0.38636363636363635 1 0.39204545454545453 1 0.39772727272727276 1 0.40340909090909094 1 0.40909090909090912 1 0.41477272727272729 1 0.42045454545454547 1 0.42613636363636365 1 0.43181818181818182 1 0.4375 1 0.44318181818181818 1 0.44886363636363635 1 0.45454545454545459 1 0.46022727272727276 1 0.46590909090909094 1 0.47159090909090912 1 0.47727272727272729 1 0.48295454545454547 1 0.48863636363636365 1 0.49431818181818182 1 0.5 1 0.50568181818181823 1 0.51136363636363635 1 0.51704545454545459 1 0.52272727272727271 1 0.52840909090909094 1 0.53409090909090906 1 0.53977272727272729 1 0.54545454545454541 1 0.55113636363636365 1 0.55681818181818188 1 0.5625 1 0.56818181818181823 1 0.57386363636363635 1 0.57954545454545459 1 0.58522727272727271 1 0.59090909090909094 1 0.59659090909090906 1 0.60227272727272729 1 0.60795454545454553 1 0.61363636363636365 1 0.61931818181818188 1 0.625 1 0.63068181818181823 1 0.63636363636363635 1 0.64204545454545459 1 0.64772727272727271 1 0.65340909090909094 1 0.65909090909090906 1 0.66477272727272729 1 0.67045454545454553 1 0.67613636363636365 1 0.68181818181818188 1 0.6875 1 0.69318181818181823 1 0.69886363636363635 1 0.70454545454545459 1 0.71022727272727271 1 0.71590909090909094 1 0.72159090909090906 1 0.72727272727272729 1 0.73295454545454553 1 0.73863636363636365 1 0.74431818181818188 1 0.75 1 0.75568181818181823 1 0.76136363636363635 1 0.76704545454545459 1 0.77272727272727271 1 0.77840909090909094 1 0.78409090909090906 1 0.78977272727272729 1 0.79545454545454553 1 0.80113636363636365 1 0.80681818181818188 1 0.8125 1 0.81818181818181823 1 0.82386363636363635 1 0.82954545454545459 1 0.83522727272727271 1 0.84090909090909094 1 0.84659090909090906 1 0.85227272727272729 1 0.85795454545454553 1 0.86363636363636365 1 0.86931818181818188 1 0.875 1 0.88068181818181823 1 0.88636363636363635 1 0.89204545454545459 1 0.89772727272727271 1 0.90340909090909094 1 0.90909090909090917 1 0.91477272727272729 1 0.92045454545454553 1 0.92613636363636365 1 0.93181818181818188 1 0.9375 1 0.94318181818181823 1 0.94886363636363635 1 0.95454545454545459 1 0.96022727272727271 1 0.96590909090909094 1 0.97159090909090917 1 0.97727272727272729 1 0.98295454545454553 1 0.98863636363636365 1 0.99431818181818188 1 1 4
1 0 4.5 0 1 
7 0 0  3 179 177  2.6179938783895573 1.5707963261054212  2.6170154190369637 1.5741858070693471  2.6150492458357197 1.5809566235505648  2.6120719687867631 1.5910889036505005  2.6090664210166548 1.6011977369253607  2.6060323480543293 1.6112835998961488  2.602969494854769 1.6213469551078215  2.5998776064663893 1.6313882467556469  2.5967564244115184 1.6414079144441067  2.5936056947684842 1.6514063684453397  2.5904251658177637 1.6613839976879636  2.5872145851506771 1.6713411790269443  2.5839737012467485 1.6812782743745034  2.5807022624848877 1.691195634469991  2.5774000198879543 1.70109358984462  2.5740667150060808 1.710972489014287  2.5707020746064395 1.720832713236407  2.5673058280101144 1.7306746226331349  2.5638777043531773 1.7404985658792478  2.5604174336069927 1.7503048799760481  2.5569247454334993 1.7600938917071376  2.5533993700380271 1.7698659156973446  2.549841039459082 1.779621253706223  2.5462494865421195 1.7893601964842056  2.5426244451727755 1.7990830232759609  2.5389656499602702 1.8087900047955647  2.5352728392269785 1.8184813955597583  2.5315457440114102 1.8281574624309465  2.5277841339039111 1.8378183661670904  2.5239878484883533 1.8474640903532986  2.5201567208372704 1.8570946406554611  2.5162905929711679 1.8667100074614857  2.5123893087935119 1.8763101784314853  2.5084527183813519 1.8858951345957848  2.5044806815216876 1.8954648447476419  2.5004730512077309 1.9050192984237206  2.4964296751657389 1.9145585010894002  2.4923504105504213 1.9240824460478885  2.4882351218638989 1.9335911204253897  2.4840836746037165 1.9430845124399863  2.4798959408007244 1.952562604141683  2.4756717990315718 1.9620253710014923  2.4714111398828651 1.971472775848286  2.467113835230355 1.9809048256518202  2.4627797578363335 1.9903215329547335  2.4584087891372297 1.9997229025041194  2.454000823485905 2.0091089246320517  2.449555740027511 2.0184796275468506  2.445073405330684 2.0278350695831451  2.4405536982108815 2.0371752937232301  2.4359965050666812 2.0465003388184702  2.4314017184783294 2.0558102349922711  2.4267692388290261 2.0651050036958027  2.4220989739466874 2.074384663922455  2.4173908488475906 2.083649214955174  2.4126447572360865 2.0928987230705451  2.4078605741093595 2.1021332945041253  2.4030381886875793 2.1113530174493156  2.3981774969866563 2.1205579762345748  2.3932784041554185 2.1297482478316425  2.3883408245014142 2.1389239034108538  2.3833646810084841 2.1480850073764985  2.3783499009290514 2.1572316121260555  2.3732964218924266 2.1663637640614968  2.3682041914045882 2.1754815037050479  2.3630731682208852 2.184584864718067  2.357903319413861 2.1936738795970756  2.352694632804837 2.2027485597621892  2.3474470679730004 2.2118089785466553  2.3421605154450664 2.220855332565983  2.3368348870434281 2.229887788558619  2.3314700997757818 2.2389065129918282  2.3260660777319564 2.2479116612334384  2.320622752318843 2.2569033808309413  2.3151400643707492 2.2658818128176677  2.3096179639839169 2.2748470916610546  2.3040564109307864 2.2837993455423993  2.2984553749209873 2.2927386965506913  2.2928148359053875 2.3016652609014563  2.287134784368678 2.3105791491522258  2.2814152216303163 2.3194804664147286  2.275656160126704 2.3283693125895204  2.2698576237609882 2.3372457825177122  2.2640196479995804 2.3461099664431577  2.2581422809099996 2.3549619493142924  2.2522255806799274 2.3638018144134159  2.2462696262603514 2.3726296308302284  2.2402744516332787 2.381445535108881  2.2342400816343146 2.3902496775467421  2.2281665563225181 2.399042196937732  2.2220539256697815 2.4078232280769787  2.2159022513084987 2.4165928999763837  2.2097116063851394 2.4253513365695847  2.2034820759181617 2.4340986567499385  2.1972137570170367 2.4428349745868712  2.1909067591341547 2.4515603994936717  2.1845612043029714 2.460275036407046  2.1781772273743152 2.4689789859618583  2.1717549762469508 2.4776723446650606  2.1652946120929499 2.4863552050674009  2.1587963095767209 2.4950276559321942  2.15226025706836 2.5036897824035349  2.1456866568467317 2.5123416661633851  2.1390757253068431 2.5209833856146506  2.132427693114316 2.5296150159512925  2.1257428055180654 2.5382366296312564  2.1190212352206115 2.5468483826767296  2.1122631669102931 2.5554504261943247  2.1054687969049857 2.5640429061296559  2.0986383363116636 2.5726259665947708  2.0917720107682638 2.5811997496894135  2.0848700581533564 2.5897643930262362  2.0779327292878156 2.5983200304603362  2.0709602879021318 2.6068667920667434  2.063953010834283 2.6154048042683544  2.0569111879884403 2.6239341901028737  2.0498351229662681 2.6324550687704962  2.0427251311906764 2.6409675579055709  2.0355815473283991 2.649471765656124  2.0284046930818898 2.6579678261301627  2.0211948722879129 2.6664559030139898  2.0139524072604416 2.6749361495539814  2.0066776310296905 2.6834087173237693  1.9993708894550031 2.691873754058093  1.9920325408481105 2.7003314042137099  1.9846629556226096 2.7087818095458349  1.9772625182679657 2.7172251068848978  1.9698316197168619 2.7256614373445571  1.9623706340993741 2.7340909728783562  1.9548799505762593 2.7425138783428786  1.9473599691575401 2.7509303166084611  1.9398111018787394 2.7593404473157248  1.9322337720929248 2.7677444273371772  1.92462841494098 2.7761424109670911  1.9169954771478701 2.7845345499102097  1.9093354172870027 2.7929209930623227  1.90164870441434 2.8013018878850864  1.8939358153081793 2.8096773830130406  1.8861972384269978 2.8180476243629138  1.8784334736278623 2.8264127553924547  1.8706450305897619 2.8347729187136874  1.8628324188859406 2.8431282659126529  1.8549961595854012 2.8514789455715488  1.8471367840432453 2.8598251045107212  1.8392548339738422 2.8681668875411446  1.8313508598871495 2.8765044385710548  1.8234254237857641 2.8848378981964147  1.8154790924598914 2.8931674108393257  1.8075124633585664 2.9014930964246881  1.7995261872526656 2.9098150266711769  1.7915209176120279 2.9181332801868627  1.7834973198801125 2.9264479325928563  1.775456067470649 2.9347590580472174  1.7673978422489804 2.9430667286409427  1.759323335051437 2.9513710157139834  1.7512332454445567 2.95967198965075  1.7431282797148344 2.9679697195673298  1.7350091514803359 2.9762642735219487  1.7268765819373824 2.9845557187396827  1.7187312995135064 2.9928441214501107  1.7105740389509112 3.0011295460535461  1.7024055408108676 3.0094120566281086  1.6942265522307305 3.0176917157895118  1.6860378238718638 3.0259685873588524  1.6778400978532073 3.0342427478806258  1.6696341221800577 3.0425142717946274  1.6614206487045728 3.0507832329771167  1.6532004333234962 3.059049704624591  1.6449742355090986 3.0673137596403133  1.6367428178364634 3.0755754699326427  1.6285069447755358 3.0838349070360085  1.6202673862517432 3.0920921396887575  1.6120249163192866 3.1003472343821983  1.6037803097375583 3.1086002572623928  1.595534342179233 3.1168512733655089  1.5872877899746285 3.1251003492694949  1.5790414295716138 3.1333475515534639  1.5735445007401829 3.1388444800926631  1.5707963267949001 3.1415926535897931 
 0 4 0.005681818181818182 1 0.011363636363636364 1 0.017045454545454544 1 0.022727272727272728 1 0.028409090909090912 1 0.034090909090909088 1 0.039772727272727272 1 0.045454545454545456 1 0.05113636363636364 1 0.056818181818181823 1 0.0625 1 0.068181818181818177 1 0.073863636363636367 1 0.079545454545454544 1 0.085227272727272735 1 0.090909090909090912 1 0.096590909090909088 1 0.10227272727272728 1 0.10795454545454546 1 0.11363636363636365 1 0.11931818181818182 1 0.125 1 0.13068181818181818 1 0.13636363636363635 1 0.14204545454545456 1 0.14772727272727273 1 0.15340909090909091 1 0.15909090909090909 1 0.16477272727272727 1 0.17045454545454547 1 0.17613636363636365 1 0.18181818181818182 1 0.1875 1 0.19318181818181818 1 0.19886363636363638 1 0.20454545454545456 1 0.21022727272727273 1 0.21590909090909091 1 0.22159090909090909 1 0.22727272727272729 1 0.23295454545454547 1 0.23863636363636365 1 0.24431818181818182 1 0.25 1 0.25568181818181818 1 0.26136363636363635 1 0.26704545454545453 1 0.27272727272727271 1 0.27840909090909094 1 0.28409090909090912 1 0.28977272727272729 1 0.29545454545454547 1 0.30113636363636365 1 0.30681818181818182 1 0.3125 1 0.31818181818181818 1 0.32386363636363635 1 0.32954545454545453 1 0.33522727272727276 1 0.34090909090909094 1 0.34659090909090912 1 0.35227272727272729 1 0.35795454545454547 1 0.36363636363636365 1 0.36931818181818182 1 0.375 1 0.38068181818181818 1 0.38636363636363635 1 0.39204545454545453 1 0.39772727272727276 1 0.40340909090909094 1 0.40909090909090912 1 0.41477272727272729 1 0.42045454545454547 1 0.42613636363636365 1 0.43181818181818182 1 0.4375 1 0.44318181818181818 1 0.44886363636363635 1 0.45454545454545459 1 0.46022727272727276 1 0.46590909090909094 1 0.47159090909090912 1 0.47727272727272729 1 0.48295454545454547 1 0.48863636363636365 1 0.49431818181818182 1 0.5 1 0.50568181818181823 1 0.51136363636363635 1 0.51704545454545459 1 0.52272727272727271 1 0.52840909090909094 1 0.53409090909090906 1 0.53977272727272729 1 0.54545454545454541 1 0.55113636363636365 1 0.55681818181818188 1 0.5625 1 0.56818181818181823 1 0.57386363636363635 1 0.57954545454545459 1 0.58522727272727271 1 0.59090909090909094 1 0.59659090909090906 1 0.60227272727272729 1 0.60795454545454553 1 0.61363636363636365 1 0.61931818181818188 1 0.625 1 0.63068181818181823 1 0.63636363636363635 1 0.64204545454545459 1 0.64772727272727271 1 0.65340909090909094 1 0.65909090909090906 1 0.66477272727272729 1 0.67045454545454553 1 0.67613636363636365 1 0.68181818181818188 1 0.6875 1 0.69318181818181823 1 0.69886363636363635 1 0.70454545454545459 1 0.71022727272727271 1 0.71590909090909094 1 0.72159090909090906 1 0.72727272727272729 1 0.73295454545454553 1 0.73863636363636365 1 0.74431818181818188 1 0.75 1 0.75568181818181823 1 0.76136363636363635 1 0.76704545454545459 1 0.77272727272727271 1 0.77840909090909094 1 0.78409090909090906 1 0.78977272727272729 1 0.79545454545454553 1 0.80113636363636365 1 0.80681818181818188 1 0.8125 1 0.81818181818181823 1 0.82386363636363635 1 0.82954545454545459 1 0.83522727272727271 1 0.84090909090909094 1 0.84659090909090906 1 0.85227272727272729 1 0.85795454545454553 1 0.86363636363636365 1 0.86931818181818188 1 0.875 1 0.88068181818181823 1 0.88636363636363635 1 0.89204545454545459 1 0.89772727272727271 1 0.90340909090909094 1 0.90909090909090917 1 0.91477272727272729 1 0.92045454545454553 1 0.92613636363636365 1 0.93181818181818188 1 0.9375 1 0.94318181818181823 1 0.94886363636363635 1 0.95454545454545459 1 0.96022727272727271 1 0.96590909090909094 1 0.97159090909090917 1 0.97727272727272729 1 0.98295454545454553 1 0.98863636363636365 1 0.99431818181818188 1 1 4
1 6.2831853071795862 0 -1 0 
7 0 0  3 179 177  2.0943951019951377 1.5707963261054214  2.0953735613477313 1.5741858070693477  2.0973397345489748 1.5809566235505625  2.1003170115979279 1.5910889036504896  2.1033225593680354 1.6011977369253481  2.106356632330364 1.6112835998961406  2.1094194855299246 1.6213469551078201  2.1125113739183048 1.6313882467556449  2.1156325559731752 1.6414079144441009  2.1187832856162081 1.6514063684453368  2.1219638145669313 1.6613839976879572  2.1251743952340156 1.6713411790269406  2.1284152791379469 1.6812782743744998  2.131686717899806 1.6911956344699859  2.1349889604967385 1.7010935898446118  2.1383222653786134 1.7109724890142759  2.141686905778255 1.7208327132363934  2.1450831523745788 1.7306746226331242  2.1485112760315159 1.7404985658792413  2.1519715467776992 1.750304879976033  2.1554642349511894 1.7600938917071152  2.1589896103466613 1.7698659156973153  2.1625479409256059 1.7796212537061973  2.166139493842568 1.7893601964841792  2.1697645352119146 1.7990830232759385  2.1734233304244222 1.8087900047955419  2.1771161411577147 1.8184813955597328  2.1808432363732821 1.828157462430914  2.1846048464807795 1.837818366167054  2.1884011318963363 1.8474640903532626  2.1922322595474224 1.8570946406554318  2.1960983874135249 1.8667100074614587  2.1999996715911805 1.87631017843146  2.2039362620033374 1.8858951345957538  2.2079082988630034 1.8954648447476159  2.2119159291769592 1.9050192984236978  2.2159593052189557 1.9145585010893877  2.2200385698342728 1.9240824460478803  2.2241538585207965 1.9335911204253948  2.2283053057809785 1.9430845124399967  2.2324930395839715 1.9525626041416906  2.2367171813531241 1.9620253710014917  2.2409778405018308 1.9714727758482802  2.2452751451543405 1.9809048256518125  2.2496092225483619 1.9903215329547281  2.2539801912474653 1.999722902504123  2.2583881568987891 2.0091089246320548  2.262833240357184 2.0184796275468635  2.2673155750540106 2.0278350695831606  2.2718352821738139 2.0371752937232537  2.2763924753180143 2.046500338818491  2.2809872619063656 2.0558102349922875  2.285619741555668 2.0651050036958165  2.2902900064380072 2.0743846639224688  2.2949981315371035 2.0836492149551811  2.2997442231486094 2.0928987230705518  2.3045284062753364 2.1021332945041338  2.3093507916971157 2.1113530174493187  2.3142114833980383 2.1205579762345783  2.3191105762292783 2.1297482478316443  2.3240481558832817 2.1389239034108525  2.3290242993762105 2.1480850073764888  2.3340390794556436 2.1572316121260413  2.3390925584922715 2.1663637640614763  2.344184788980106 2.1754815037050186  2.3493158121638116 2.1845848647180302  2.3544856609708349 2.1936738795970387  2.359694347579858 2.2027485597621475  2.364941912411695 2.2118089785466108  2.3702284649396304 2.2208553325659524  2.3755540933412669 2.2298877885585933  2.3809188806089154 2.2389065129918055  2.3863229026527395 2.2479116612334309  2.391766228065852 2.2569033808309391  2.3972489160139445 2.2658818128176654  2.4027710164007781 2.2748470916610684  2.4083325694539068 2.2837993455424135  2.4139336054637068 2.2927386965507135  2.4195741444793071 2.3016652609014807  2.425254196016017 2.3105791491522623  2.4309737587543783 2.3194804664147606  2.436732820257991 2.3283693125895546  2.442531356623709 2.3372457825177468  2.4483693323851141 2.3461099664431915  2.4542466994746963 2.3549619493143155  2.4601633997047694 2.3638018144134429  2.4661193541243449 2.372629630830235  2.4721145287514212 2.3814455351088828  2.4781488987503826 2.3902496775467292  2.4842224240621835 2.3990421969377222  2.4903350547149192 2.4078232280769605  2.4964867290761998 2.4165928999763597  2.5026773739995587 2.425351336569558  2.5089069044665373 2.4340986567499119  2.5151752233676605 2.4428349745868507  2.5214822212505426 2.451560399493649  2.5278277760817236 2.4602750364070252  2.5342117530103807 2.468978985961845  2.5406340041377424 2.477672344665049  2.5470943682917415 2.4863552050673881  2.5535926708079728 2.4950276559321982  2.5601287233163288 2.5036897824035278  2.5667023235379589 2.5123416661634081  2.5733132550778439 2.5209833856146528  2.5799612872703714 2.5296150159513195  2.5866461748666216 2.538236629631287  2.5933677451640746 2.5468483826767643  2.6001258134743916 2.5554504261943611  2.6069201834796987 2.5640429061296972  2.6137506440730274 2.5726259665948121  2.6206169696164232 2.5811997496894472  2.6275189222313386 2.5897643930262748  2.6344562510968723 2.5983200304603637  2.6414286924825667 2.6068667920667603  2.6484359695504116 2.6154048042683713  2.65547779239626 2.6239341901028808  2.6625538574184344 2.6324550687704913  2.6696638491940248 2.6409675579055687  2.6768074330563034 2.6494717656561053  2.6839842873028137 2.6579678261301418  2.6911941080967892 2.6664559030139636  2.6984365731242628 2.6749361495539512  2.7057113493550111 2.6834087173237413  2.7130180909296993 2.6918737540580655  2.7203564395365931 2.7003314042136863  2.7277260247620934 2.7087818095458132  2.735126462116737 2.7172251068849054  2.7425573606678428 2.7256614373445771  2.7500183462853331 2.7340909728783984  2.7575090298084488 2.7425138783429164  2.7650290112271652 2.7509303166085002  2.7725778785059609 2.7593404473157199  2.7801552082917724 2.7677444273371625  2.7877605654437221 2.7761424109670583  2.795393503236832 2.7845345499101746  2.8030535630977043 2.7929209930622809  2.8107402759703657 2.8013018878850469  2.8184531650765252 2.8096773830130131  2.8261917419577016 2.8180476243628805  2.8339555067568338 2.8264127553924383  2.8417439497949317 2.8347729187136652  2.8495565614987499 2.8431282659126569  2.8573928207992871 2.8514789455715546  2.865252196341439 2.8598251045107315  2.87313414641085 2.868166887541157  2.8810381204975397 2.8765044385710756  2.8889635565989331 2.8848378981964258  2.8969098879248061 2.893167410839343  2.9048765170261333 2.9014930964247005  2.9128627931320326 2.9098150266711946  2.9208680627726769 2.9181332801868831  2.9288916605045845 2.9264479325928656  2.9369329129140538 2.9347590580472147  2.9449911381357188 2.9430667286409369  2.9530656453332602 2.9513710157139661  2.9611557349401454 2.9596719896507255  2.9692607006698593 2.967969719567308  2.9773798289043616 2.9762642735219158  2.9855123984473098 2.9845557187396383  2.9936576808711908 2.9928441214500499  3.0018149414337856 3.0011295460535146  3.0099834395738307 3.0094120566281037  3.0181624281539658 3.0176917157895224  3.0263511565128356 3.0259685873588578  3.0345488825314924 3.0342427478805964  3.0427548582046415 3.042514271794591  3.0509683316801284 3.0507832329770364  3.0591885470612077 3.0590497046245071  3.0674147448756006 3.0673137596402307  3.0756461625482361 3.0755754699325704  3.0838820356091565 3.0838349070359619  3.0921215941329456 3.0920921396887606  3.1003640640653995 3.1003472343822311  3.1086086706471354 3.1086002572624509  3.1168546382054783 3.1168512733655538  3.1251011904100965 3.1251003492695326  3.1333475508131063 3.1333475515535145  3.1388444796445225 3.1388444800926902  3.141592653589794 3.1415926535897931 
 0 4 0.005681818181818182 1 0.011363636363636364 1 0.017045454545454544 1 0.022727272727272728 1 0.028409090909090912 1 0.034090909090909088 1 0.039772727272727272 1 0.045454545454545456 1 0.05113636363636364 1 0.056818181818181823 1 0.0625 1 0.068181818181818177 1 0.073863636363636367 1 0.079545454545454544 1 0.085227272727272735 1 0.090909090909090912 1 0.096590909090909088 1 0.10227272727272728 1 0.10795454545454546 1 0.11363636363636365 1 0.11931818181818182 1 0.125 1 0.13068181818181818 1 0.13636363636363635 1 0.14204545454545456 1 0.14772727272727273 1 0.15340909090909091 1 0.15909090909090909 1 0.16477272727272727 1 0.17045454545454547 1 0.17613636363636365 1 0.18181818181818182 1 0.1875 1 0.19318181818181818 1 0.19886363636363638 1 0.20454545454545456 1 0.21022727272727273 1 0.21590909090909091 1 0.22159090909090909 1 0.22727272727272729 1 0.23295454545454547 1 0.23863636363636365 1 0.24431818181818182 1 0.25 1 0.25568181818181818 1 0.26136363636363635 1 0.26704545454545453 1 0.27272727272727271 1 0.27840909090909094 1 0.28409090909090912 1 0.28977272727272729 1 0.29545454545454547 1 0.30113636363636365 1 0.30681818181818182 1 0.3125 1 0.31818181818181818 1 0.32386363636363635 1 0.32954545454545453 1 0.33522727272727276 1 0.34090909090909094 1 0.34659090909090912 1 0.35227272727272729 1 0.35795454545454547 1 0.36363636363636365 1 0.36931818181818182 1 0.375 1 0.38068181818181818 1 0.38636363636363635 1 0.39204545454545453 1 0.39772727272727276 1 0.40340909090909094 1 0.40909090909090912 1 0.41477272727272729 1 0.42045454545454547 1 0.42613636363636365 1 0.43181818181818182 1 0.4375 1 0.44318181818181818 1 0.44886363636363635 1 0.45454545454545459 1 0.46022727272727276 1 0.46590909090909094 1 0.47159090909090912 1 0.47727272727272729 1 0.48295454545454547 1 0.48863636363636365 1 0.49431818181818182 1 0.5 1 0.50568181818181823 1 0.51136363636363635 1 0.51704545454545459 1 0.52272727272727271 1 0.52840909090909094 1 0.53409090909090906 1 0.53977272727272729 1 0.54545454545454541 1 0.55113636363636365 1 0.55681818181818188 1 0.5625 1 0.56818181818181823 1 0.57386363636363635 1 0.57954545454545459 1 0.58522727272727271 1 0.59090909090909094 1 0.59659090909090906 1 0.60227272727272729 1 0.60795454545454553 1 0.61363636363636365 1 0.61931818181818188 1 0.625 1 0.63068181818181823 1 0.63636363636363635 1 0.64204545454545459 1 0.64772727272727271 1 0.65340909090909094 1 0.65909090909090906 1 0.66477272727272729 1 0.67045454545454553 1 0.67613636363636365 1 0.68181818181818188 1 0.6875 1 0.69318181818181823 1 0.69886363636363635 1 0.70454545454545459 1 0.71022727272727271 1 0.71590909090909094 1 0.72159090909090906 1 0.72727272727272729 1 0.73295454545454553 1 0.73863636363636365 1 0.74431818181818188 1 0.75 1 0.75568181818181823 1 0.76136363636363635 1 0.76704545454545459 1 0.77272727272727271 1 0.77840909090909094 1 0.78409090909090906 1 0.78977272727272729 1 0.79545454545454553 1 0.80113636363636365 1 0.80681818181818188 1 0.8125 1 0.81818181818181823 1 0.82386363636363635 1 0.82954545454545459 1 0.83522727272727271 1 0.84090909090909094 1 0.84659090909090906 1 0.85227272727272729 1 0.85795454545454553 1 0.86363636363636365 1 0.86931818181818188 1 0.875 1 0.88068181818181823 1 0.88636363636363635 1 0.89204545454545459 1 0.89772727272727271 1 0.90340909090909094 1 0.90909090909090917 1 0.91477272727272729 1 0.92045454545454553 1 0.92613636363636365 1 0.93181818181818188 1 0.9375 1 0.94318181818181823 1 0.94886363636363635 1 0.95454545454545459 1 0.96022727272727271 1 0.96590909090909094 1 0.97159090909090917 1 0.97727272727272729 1 0.98295454545454553 1 0.98863636363636365 1 0.99431818181818188 1 1 4
1 0 4.5 0 1 
7 0 0  3 179 177  2.6179938783895573 1.5707963261054212  2.6170154190369637 1.5741858070693475  2.6150492458357202 1.5809566235505632  2.6120719687867648 1.591088903650492  2.6090664210166583 1.6011977369253512  2.6060323480543319 1.611283599896139  2.6029694948547704 1.6213469551078201  2.5998776064663893 1.631388246755648  2.5967564244115189 1.6414079144441047  2.5936056947684856 1.6514063684453359  2.5904251658177637 1.661383997687963  2.587214585150678 1.6713411790269408  2.5839737012467476 1.6812782743745016  2.5807022624848881 1.6911956344699905  2.5774000198879556 1.701093589844618  2.5740667150060794 1.710972489014287  2.57070207460644 1.7208327132364076  2.5673058280101153 1.7306746226331338  2.5638777043531773 1.740498565879248  2.5604174336069949 1.750304879976041  2.5569247454335033 1.7600938917071254  2.5533993700380333 1.7698659156973278  2.5498410394590887 1.7796212537062044  2.5462494865421261 1.7893601964841841  2.5426244451727817 1.7990830232759438  2.5389656499602773 1.8087900047955459  2.5352728392269834 1.8184813955597416  2.531545744011416 1.8281574624309318  2.5277841339039164 1.8378183661670728  2.523987848488356 1.8474640903532904  2.5201567208372722 1.8570946406554543  2.5162905929711679 1.8667100074614855  2.5123893087935132 1.8763101784314828  2.5084527183813559 1.885895134595776  2.5044806815216902 1.8954648447476361  2.500473051207734 1.9050192984237169  2.4964296751657389 1.9145585010894031  2.4923504105504213 1.9240824460478916  2.4882351218638954 1.9335911204254015  2.4840836746037156 1.9430845124399958  2.4798959408007244 1.952562604141687  2.4756717990315731 1.9620253710014894  2.4714111398828669 1.9714727758482784  2.4671138352303563 1.9809048256518142  2.4627797578363344 1.9903215329547312  2.4584087891372279 1.9997229025041188  2.4540008234859028 2.0091089246320575  2.4495557400275083 2.0184796275468542  2.4450734053306817 2.0278350695831535  2.4405536982108793 2.0371752937232364  2.4359965050666812 2.046500338818475  2.4314017184783294 2.0558102349922711  2.4267692388290287 2.0651050036957987  2.42209897394669 2.0743846639224532  2.4173908488475937 2.0836492149551709  2.4126447572360905 2.0928987230705403  2.4078605741093613 2.1021332945041249  2.403038188687582 2.1113530174493125  2.3981774969866581 2.1205579762345779  2.3932784041554176 2.129748247831643  2.3883408245014128 2.1389239034108534  2.3833646810084845 2.1480850073764999  2.3783499009290487 2.1572316121260529  2.3732964218924226 2.1663637640615026  2.3682041914045868 2.175481503705047  2.3630731682208825 2.1845848647180621  2.3579033194138579 2.1936738795970743  2.3526946328048339 2.2027485597621856  2.3474470679729982 2.2118089785466459  2.3421605154450629 2.2208553325659839  2.3368348870434259 2.2298877885586155  2.3314700997757787 2.2389065129918277  2.3260660777319524 2.2479116612334433  2.320622752318839 2.2569033808309422  2.3151400643707487 2.2658818128176703  2.3096179639839129 2.2748470916610573  2.3040564109307859 2.283799345542401  2.2984553749209859 2.2927386965506917  2.2928148359053866 2.3016652609014563  2.2871347843686789 2.3105791491522334  2.2814152216303154 2.3194804664147255  2.2756561601267058 2.3283693125895213  2.2698576237609922 2.337245782517706  2.264019647999584 2.3461099664431568  2.2581422809100058 2.3549619493142901  2.2522255806799345 2.3638018144134159  2.2462696262603621 2.3726296308302217  2.2402744516332884 2.3814455351088801  2.2342400816343297 2.3902496775467323  2.2281665563225284 2.3990421969377285  2.2220539256697962 2.4078232280769734  2.2159022513085107 2.4165928999763739  2.2097116063851541 2.4253513365695789  2.2034820759181737 2.4340986567499283  2.1972137570170478 2.4428349745868703  2.1909067591341653 2.4515603994936654  2.1845612043029807 2.4602750364070407  2.1781772273743205 2.4689789859618569  2.1717549762469575 2.4776723446650606  2.1652946120929544 2.4863552050673983  2.1587963095767244 2.4950276559321956  2.1522602570683618 2.5036897824035313  2.1456866568467321 2.5123416661633891  2.1390757253068431 2.5209833856146471  2.1324276931143133 2.5296150159513013  2.1257428055180632 2.5382366296312573  2.1190212352206097 2.5468483826767296  2.1122631669102914 2.5554504261943265  2.1054687969049839 2.5640429061296603  2.0986383363116596 2.5726259665947757  2.0917720107682611 2.5811997496894152  2.0848700581533541 2.5897643930262411  2.0779327292878143 2.598320030460334  2.07096028790213 2.6068667920667492  2.0639530108342803 2.6154048042683558  2.0569111879884403 2.623934190102871  2.0498351229662637 2.6324550687705033  2.042725131190676 2.6409675579055714  2.0355815473283978 2.6494717656561257  2.0284046930818871 2.6579678261301667  2.0211948722879121 2.6664559030139965  2.0139524072604376 2.6749361495539801  2.0066776310296901 2.6834087173237715  1.9993708894549995 2.691873754058097  1.992032540848107 2.7003314042137152  1.984662955622607 2.7087818095458336  1.9772625182679622 2.7172251068849032  1.9698316197168577 2.7256614373445625  1.9623706340993714 2.7340909728783598  1.9548799505762555 2.7425138783428826  1.9473599691575367 2.7509303166084673  1.9398111018787338 2.7593404473157306  1.9322337720929226 2.7677444273371821  1.9246284149409787 2.7761424109670956  1.9169954771478717 2.7845345499102034  1.9093354172870045 2.7929209930623142  1.9016487044143418 2.8013018878850802  1.8939358153081818 2.8096773830130282  1.8861972384269972 2.8180476243629151  1.8784334736278665 2.826412755392453  1.8706450305897608 2.8347729187136883  1.8628324188859378 2.8431282659126556  1.854996159585405 2.8514789455715421  1.8471367840432471 2.8598251045107217  1.839254833973841 2.8681668875411388  1.8313508598871526 2.876504438571057  1.823425423785763 2.8848378981964125  1.8154790924598878 2.893167410839331  1.8075124633585651 2.9014930964246899  1.7995261872526562 2.9098150266711849  1.7915209176120173 2.9181332801868711  1.783497319880103 2.9264479325928687  1.7754560674706414 2.9347590580472276  1.7673978422489796 2.9430667286409453  1.7593233350514379 2.9513710157139843  1.7512332454445554 2.959671989650758  1.7431282797148397 2.9679697195673373  1.7350091514803423 2.9762642735219629  1.7268765819373988 2.9845557187396912  1.7187312995135395 2.9928441214501142  1.7105740389509438 3.0011295460535483  1.7024055408108922 3.0094120566281117  1.6942265522307511 3.0176917157895158  1.6860378238718765 3.0259685873588515  1.6778400978532204 3.0342427478806249  1.6696341221800657 3.0425142717946332  1.6614206487045811 3.0507832329771163  1.6532004333235033 3.0590497046245964  1.6449742355091144 3.067313759640323  1.6367428178364776 3.0755754699326614  1.6285069447755547 3.0838349070360187  1.6202673862517638 3.0920921396887806  1.6120249163193123 3.1003472343822254  1.6037803097375884 3.1086002572624323  1.5955343421792885 3.1168512733655596  1.5872877899746909 3.1251003492695659  1.5790414295716646 3.1333475515535234  1.5735445007402042 3.1388444800926898  1.5707963267949001 3.1415926535897931 
 0 4 0.005681818181818182 1 0.011363636363636364 1 0.017045454545454544 1 0.022727272727272728 1 0.028409090909090912 1 0.034090909090909088 1 0.039772727272727272 1 0.045454545454545456 1 0.05113636363636364 1 0.056818181818181823 1 0.0625 1 0.068181818181818177 1 0.073863636363636367 1 0.079545454545454544 1 0.085227272727272735 1 0.090909090909090912 1 0.096590909090909088 1 0.10227272727272728 1 0.10795454545454546 1 0.11363636363636365 1 0.11931818181818182 1 0.125 1 0.13068181818181818 1 0.13636363636363635 1 0.14204545454545456 1 0.14772727272727273 1 0.15340909090909091 1 0.15909090909090909 1 0.16477272727272727 1 0.17045454545454547 1 0.17613636363636365 1 0.18181818181818182 1 0.1875 1 0.19318181818181818 1 0.19886363636363638 1 0.20454545454545456 1 0.21022727272727273 1 0.21590909090909091 1 0.22159090909090909 1 0.22727272727272729 1 0.23295454545454547 1 0.23863636363636365 1 0.24431818181818182 1 0.25 1 0.25568181818181818 1 0.26136363636363635 1 0.26704545454545453 1 0.27272727272727271 1 0.27840909090909094 1 0.28409090909090912 1 0.28977272727272729 1 0.29545454545454547 1 0.30113636363636365 1 0.30681818181818182 1 0.3125 1 0.31818181818181818 1 0.32386363636363635 1 0.32954545454545453 1 0.33522727272727276 1 0.34090909090909094 1 0.34659090909090912 1 0.35227272727272729 1 0.35795454545454547 1 0.36363636363636365 1 0.36931818181818182 1 0.375 1 0.38068181818181818 1 0.38636363636363635 1 0.39204545454545453 1 0.39772727272727276 1 0.40340909090909094 1 0.40909090909090912 1 0.41477272727272729 1 0.42045454545454547 1 0.42613636363636365 1 0.43181818181818182 1 0.4375 1 0.44318181818181818 1 0.44886363636363635 1 0.45454545454545459 1 0.46022727272727276 1 0.46590909090909094 1 0.47159090909090912 1 0.47727272727272729 1 0.48295454545454547 1 0.48863636363636365 1 0.49431818181818182 1 0.5 1 0.50568181818181823 1 0.51136363636363635 1 0.51704545454545459 1 0.52272727272727271 1 0.52840909090909094 1 0.53409090909090906 1 0.53977272727272729 1 0.54545454545454541 1 0.55113636363636365 1 0.55681818181818188 1 0.5625 1 0.56818181818181823 1 0.57386363636363635 1 0.57954545454545459 1 0.58522727272727271 1 0.59090909090909094 1 0.59659090909090906 1 0.60227272727272729 1 0.60795454545454553 1 0.61363636363636365 1 0.61931818181818188 1 0.625 1 0.63068181818181823 1 0.63636363636363635 1 0.64204545454545459 1 0.64772727272727271 1 0.65340909090909094 1 0.65909090909090906 1 0.66477272727272729 1 0.67045454545454553 1 0.67613636363636365 1 0.68181818181818188 1 0.6875 1 0.69318181818181823 1 0.69886363636363635 1 0.70454545454545459 1 0.71022727272727271 1 0.71590909090909094 1 0.72159090909090906 1 0.72727272727272729 1 0.73295454545454553 1 0.73863636363636365 1 0.74431818181818188 1 0.75 1 0.75568181818181823 1 0.76136363636363635 1 0.76704545454545459 1 0.77272727272727271 1 0.77840909090909094 1 0.78409090909090906 1 0.78977272727272729 1 0.79545454545454553 1 0.80113636363636365 1 0.80681818181818188 1 0.8125 1 0.81818181818181823 1 0.82386363636363635 1 0.82954545454545459 1 0.83522727272727271 1 0.84090909090909094 1 0.84659090909090906 1 0.85227272727272729 1 0.85795454545454553 1 0.86363636363636365 1 0.86931818181818188 1 0.875 1 0.88068181818181823 1 0.88636363636363635 1 0.89204545454545459 1 0.89772727272727271 1 0.90340909090909094 1 0.90909090909090917 1 0.91477272727272729 1 0.92045454545454553 1 0.92613636363636365 1 0.93181818181818188 1 0.9375 1 0.94318181818181823 1 0.94886363636363635 1 0.95454545454545459 1 0.96022727272727271 1 0.96590909090909094 1 0.97159090909090917 1 0.97727272727272729 1 0.98295454545454553 1 0.98863636363636365 1 0.99431818181818188 1 1 4
1 6.2831853071795862 1.6000000000000005 -1 0 
1 0 0.17677669529663664 1 0 
1 0 2.6000000000000001 1 0 
1 0 2.6000000000000001 1 0 
1 0 1 1 0 
1 6.2831853071795862 0 0 1 
1 0 0 0 1 
2 0 0 -0.97605170941030028 -0.21753864152658209 0.21753864152658209 -0.97605170941030028 14.349999999999998
1 0 0 1 0 
1 0 1 1 0 
1 0 1 1 0 
1 9.4247779607693776 0.17677669529663664 -1 0 
1 9.4247779607693793 0.17677669529663664 -1 0 
1 0 -4.5 0 -1 
7 0 0  3 179 177  2.0943951019951372 1.5707963261054207  2.0953735613477305 1.5741858070693475  2.0973397345489748 1.5809566235505657  2.1003170115979302 1.5910889036504998  2.1033225593680425 1.6011977369253607  2.1063566323303706 1.611283599896153  2.1094194855299317 1.621346955107833  2.1125113739183088 1.6313882467556515  2.1156325559731761 1.6414079144441047  2.1187832856162094 1.6514063684453348  2.1219638145669313 1.6613839976879572  2.125174395234017 1.6713411790269381  2.1284152791379478 1.6812782743744985  2.1316867178998065 1.691195634469987  2.1349889604967385 1.7010935898446151  2.1383222653786134 1.7109724890142863  2.1416869057782533 1.7208327132364054  2.1450831523745797 1.7306746226331367  2.1485112760315221 1.7404985658792602  2.1519715467777036 1.7503048799760528  2.1554642349511965 1.7600938917071383  2.1589896103466666 1.7698659156973375  2.1625479409256103 1.7796212537062157  2.1661394938425724 1.7893601964841963  2.1697645352119168 1.7990830232759538  2.1734233304244226 1.808790004795557  2.1771161411577156 1.8184813955597541  2.1808432363732835 1.8281574624309416  2.1846048464807826 1.8378183661670846  2.1884011318963399 1.8474640903532933  2.1922322595474242 1.8570946406554572  2.1960983874135263 1.8667100074614849  2.1999996715911827 1.8763101784314851  2.2039362620033423 1.8858951345957855  2.2079082988630052 1.8954648447476408  2.2119159291769637 1.9050192984237218  2.2159593052189561 1.914558501089402  2.2200385698342728 1.9240824460478887  2.2241538585207965 1.9335911204253926  2.2283053057809781 1.9430845124399945  2.2324930395839724 1.9525626041416879  2.2367171813531237 1.9620253710014945  2.2409778405018317 1.9714727758482853  2.2452751451543409 1.980904825651818  2.2496092225483619 1.9903215329547335  2.2539801912474657 1.9997229025041181  2.25838815689879 2.009108924632049  2.262833240357184 2.0184796275468488  2.2673155750540115 2.0278350695831437  2.2718352821738139 2.0371752937232261  2.2763924753180143 2.0465003388184657  2.2809872619063669 2.0558102349922702  2.2856197415556676 2.0651050036958045  2.2902900064380072 2.074384663922455  2.2949981315371044 2.0836492149551833  2.299744223148608 2.0928987230705509  2.3045284062753351 2.1021332945041342  2.3093507916971134 2.1113530174493227  2.314211483398037 2.1205579762345823  2.3191105762292756 2.1297482478316501  2.3240481558832808 2.1389239034108569  2.3290242993762091 2.148085007376499  2.334039079455644 2.1572316121260569  2.3390925584922702 2.1663637640614981  2.3441847889801086 2.1754815037050452  2.3493158121638138 2.1845848647180581  2.3544856609708389 2.1936738795970738  2.3596943475798606 2.2027485597621754  2.3649419124116999 2.2118089785466437  2.3702284649396343 2.2208553325659817  2.3755540933412709 2.2298877885586141  2.3809188806089199 2.2389065129918237  2.3863229026527448 2.2479116612334371  2.3917662280658583 2.2569033808309427  2.3972489160139503 2.265881812817665  2.4027710164007852 2.2748470916610528  2.4083325694539144 2.2837993455423993  2.4139336054637148 2.2927386965506855  2.4195741444793155 2.3016652609014581  2.4252541960160259 2.3105791491522236  2.4309737587543894 2.319480466414729  2.4367328202579994 2.3283693125895133  2.442531356623717 2.3372457825177047  2.4483693323851208 2.3461099664431568  2.454246699474703 2.3549619493142888  2.460163399704776 2.3638018144134194  2.4661193541243476 2.372629630830223  2.4721145287514212 2.3814455351088837  2.4781488987503835 2.3902496775467399  2.4842224240621813 2.3990421969377325  2.4903350547149166 2.4078232280769822  2.4964867290761976 2.4165928999763868  2.5026773739995551 2.4253513365695816  2.5089069044665346 2.4340986567499407  2.5151752233676574 2.4428349745868716  2.5214822212505421 2.4515603994936725  2.5278277760817218 2.460275036407046  2.5342117530103816 2.4689789859618587  2.5406340041377433 2.4776723446650615  2.5470943682917442 2.486355205067396  2.5535926708079759 2.4950276559321947  2.5601287233163328 2.5036897824035331  2.5667023235379629 2.5123416661633908  2.5733132550778501 2.5209833856146475  2.5799612872703785 2.5296150159512947  2.5866461748666256 2.5382366296312573  2.5933677451640831 2.5468483826767314  2.600125813474397 2.5554504261943278  2.6069201834797062 2.5640429061296586  2.6137506440730305 2.5726259665947735  2.6206169696164285 2.5811997496894237  2.6275189222313418 2.5897643930262406  2.6344562510968781 2.5983200304603415  2.6414286924825685 2.606866792066751  2.6484359695504152 2.6154048042683615  2.6554777923962614 2.6239341901028843  2.662553857418434 2.6324550687705046  2.6696638491940257 2.6409675579055842  2.6768074330563056 2.6494717656561333  2.6839842873028137 2.6579678261301747  2.6911941080967892 2.6664559030140023  2.6984365731242588 2.6749361495539854  2.7057113493550098 2.6834087173237751  2.7130180909296957 2.6918737540581037  2.7203564395365896 2.7003314042137085  2.7277260247620903 2.7087818095458389  2.7351264621167335 2.7172251068848996  2.7425573606678415 2.7256614373445598  2.7500183462853296 2.7340909728783629  2.7575090298084479 2.742513878342876  2.7650290112271594 2.7509303166084651  2.7725778785059614 2.7593404473157177  2.7801552082917707 2.7677444273371816  2.7877605654437181 2.7761424109670911  2.7953935032368276 2.7845345499102092  2.8030535630976998 2.79292099306232  2.8107402759703604 2.8013018878850873  2.8184531650765212 2.8096773830130415  2.8261917419576981 2.8180476243629182  2.8339555067568316 2.8264127553924538  2.8417439497949326 2.8347729187136896  2.8495565614987526 2.8431282659126551  2.8573928207992929 2.8514789455715492  2.865252196341447 2.8598251045107221  2.8731341464108531 2.8681668875411446  2.8810381204975442 2.8765044385710552  2.8889635565989318 2.8848378981964133  2.8969098879248039 2.8931674108393248  2.9048765170261293 2.9014930964246868  2.9128627931320286 2.9098150266711755  2.9208680627726724 2.9181332801868636  2.9288916605045863 2.9264479325928585  2.9369329129140556 2.93475905804722  2.9449911381357232 2.9430667286409404  2.9530656453332642 2.951371015713979  2.9611557349401401 2.9596719896507429  2.9692607006698504 2.9679697195673187  2.9773798289043469 2.9762642735219376  2.9855123984473062 2.9845557187396849  2.9936576808711961 2.9928441214501351  3.0018149414337953 3.0011295460535687  3.0099834395738378 3.0094120566281206  3.0181624281539698 3.0176917157895078  3.0263511565128387 3.0259685873588453  3.0345488825314977 3.0342427478806178  3.04275485820465 3.0425142717946265  3.0509683316801381 3.0507832329771176  3.0591885470612135 3.0590497046245928  3.0674147448756046 3.0673137596403128  3.0756461625482405 3.075575469932653  3.0838820356091614 3.0838349070360045  3.0921215941329532 3.092092139688762  3.1003640640654115 3.1003472343821947  3.1086086706471456 3.1086002572623821  3.1168546382054836 3.1168512733654818  3.1251011904101014 3.1251003492694625  3.1333475508131037 3.1333475515534408  3.1388444796445207 3.1388444800926543  3.141592653589794 3.1415926535897931 
 0 4 0.005681818181818182 1 0.011363636363636364 1 0.017045454545454544 1 0.022727272727272728 1 0.028409090909090912 1 0.034090909090909088 1 0.039772727272727272 1 0.045454545454545456 1 0.05113636363636364 1 0.056818181818181823 1 0.0625 1 0.068181818181818177 1 0.073863636363636367 1 0.079545454545454544 1 0.085227272727272735 1 0.090909090909090912 1 0.096590909090909088 1 0.10227272727272728 1 0.10795454545454546 1 0.11363636363636365 1 0.11931818181818182 1 0.125 1 0.13068181818181818 1 0.13636363636363635 1 0.14204545454545456 1 0.14772727272727273 1 0.15340909090909091 1 0.15909090909090909 1 0.16477272727272727 1 0.17045454545454547 1 0.17613636363636365 1 0.18181818181818182 1 0.1875 1 0.19318181818181818 1 0.19886363636363638 1 0.20454545454545456 1 0.21022727272727273 1 0.21590909090909091 1 0.22159090909090909 1 0.22727272727272729 1 0.23295454545454547 1 0.23863636363636365 1 0.24431818181818182 1 0.25 1 0.25568181818181818 1 0.26136363636363635 1 0.26704545454545453 1 0.27272727272727271 1 0.27840909090909094 1 0.28409090909090912 1 0.28977272727272729 1 0.29545454545454547 1 0.30113636363636365 1 0.30681818181818182 1 0.3125 1 0.31818181818181818 1 0.32386363636363635 1 0.32954545454545453 1 0.33522727272727276 1 0.34090909090909094 1 0.34659090909090912 1 0.35227272727272729 1 0.35795454545454547 1 0.36363636363636365 1 0.36931818181818182 1 0.375 1 0.38068181818181818 1 0.38636363636363635 1 0.39204545454545453 1 0.39772727272727276 1 0.40340909090909094 1 0.40909090909090912 1 0.41477272727272729 1 0.42045454545454547 1 0.42613636363636365 1 0.43181818181818182 1 0.4375 1 0.44318181818181818 1 0.44886363636363635 1 0.45454545454545459 1 0.46022727272727276 1 0.46590909090909094 1 0.47159090909090912 1 0.47727272727272729 1 0.48295454545454547 1 0.48863636363636365 1 0.49431818181818182 1 0.5 1 0.50568181818181823 1 0.51136363636363635 1 0.51704545454545459 1 0.52272727272727271 1 0.52840909090909094 1 0.53409090909090906 1 0.53977272727272729 1 0.54545454545454541 1 0.55113636363636365 1 0.55681818181818188 1 0.5625 1 0.56818181818181823 1 0.57386363636363635 1 0.57954545454545459 1 0.58522727272727271 1 0.59090909090909094 1 0.59659090909090906 1 0.60227272727272729 1 0.60795454545454553 1 0.61363636363636365 1 0.61931818181818188 1 0.625 1 0.63068181818181823 1 0.63636363636363635 1 0.64204545454545459 1 0.64772727272727271 1 0.65340909090909094 1 0.65909090909090906 1 0.66477272727272729 1 0.67045454545454553 1 0.67613636363636365 1 0.68181818181818188 1 0.6875 1 0.69318181818181823 1 0.69886363636363635 1 0.70454545454545459 1 0.71022727272727271 1 0.71590909090909094 1 0.72159090909090906 1 0.72727272727272729 1 0.73295454545454553 1 0.73863636363636365 1 0.74431818181818188 1 0.75 1 0.75568181818181823 1 0.76136363636363635 1 0.76704545454545459 1 0.77272727272727271 1 0.77840909090909094 1 0.78409090909090906 1 0.78977272727272729 1 0.79545454545454553 1 0.80113636363636365 1 0.80681818181818188 1 0.8125 1 0.81818181818181823 1 0.82386363636363635 1 0.82954545454545459 1 0.83522727272727271 1 0.84090909090909094 1 0.84659090909090906 1 0.85227272727272729 1 0.85795454545454553 1 0.86363636363636365 1 0.86931818181818188 1 0.875 1 0.88068181818181823 1 0.88636363636363635 1 0.89204545454545459 1 0.89772727272727271 1 0.90340909090909094 1 0.90909090909090917 1 0.91477272727272729 1 0.92045454545454553 1 0.92613636363636365 1 0.93181818181818188 1 0.9375 1 0.94318181818181823 1 0.94886363636363635 1 0.95454545454545459 1 0.96022727272727271 1 0.96590909090909094 1 0.97159090909090917 1 0.97727272727272729 1 0.98295454545454553 1 0.98863636363636365 1 0.99431818181818188 1 1 4
1 6.2831853071795862 1.6000000000000001 -1 0 
7 0 0  3 179 177  2.6179938782436039 1.5707963259368909  2.6170151702374516 1.5741866683727794  2.6150485250052338 1.5809590999101701  2.6120706142624019 1.591093493994624  2.6090645057119408 1.6012041477941272  2.606029943314967 1.6112915527023264  2.602966670377461 1.6213561859114116  2.5998744302447188 1.6313985058633145  2.5967529623635999 1.6414189670179857  2.5936020103417463 1.6514179952584924  2.5904213198781978 1.6613959948911039  2.5872106358348761 1.6713533579286071  2.5839697038235707 1.6812904613252699  2.5806982693067457 1.6912076705123451  2.5773960799516797 1.7011053313478524  2.5740628751456724 1.7109838034921205  2.5706983801047723 1.7208434773079369  2.5673023222554385 1.7306847226366124  2.5638744289043411 1.7405078971642507  2.5604144282055143 1.7503133467010743  2.5569220477261498 1.7601014073028147  2.5533970153651899 1.7698724029109167  2.5498390620390956 1.7796266410654864  2.5462479196772088 1.7893644176823176  2.5426233210209603 1.7990860174944836  2.5389649998558039 1.8087917155171274  2.5352726925224833 1.8184817735954995  2.5315461324460511 1.8281564543580706  2.527785071280372 1.8378159666609122  2.5239893295965659 1.8474603426267262  2.5201587241271186 1.8570896273097224  2.516293079332665 1.8667038521774373  2.5123922224951394 1.8763030428904146  2.5084559862745488 1.885887217449348  2.5044842106852405 1.8954563849858337  2.5004767374341421 1.9050105551961407  2.4964334075290155 1.9145497414740285  2.4923540699585627 1.9240739479241942  2.4882385807899854 1.9335831721164563  2.4840867980962309 1.9430774098869472  2.4798985869776455 1.9525566497785403  2.4756738190183034 1.9620208751779695  2.4714123772234111 1.9714700529963995  2.467114162604175 1.9809041153730389  2.462779082779333 1.9903229952123456  2.4584070608254649 1.9997266098169857  2.4539980000558277 2.0091149223001548  2.4495517962784032 2.0184879170505412  2.4450683582774051 2.0278455655460275  2.4405476038367273 2.0371878343606205  2.4359894593069327 2.0465146866153581  2.43139386744047 2.0558260708849487  2.4267607459048688 2.0651219847196098  2.422090000295873 2.0744024508911569  2.4173815505265308 2.0836674777428073  2.4126353249688042 2.0929170691067194  2.4078512623080361 2.1021512224047565  2.4030293121404145 2.1113699285986045  2.3981694329128098 2.1205731765665901  2.3932716017753046 2.1297609379284874  2.3883357786749748 2.1389332269439776  2.3833617677181755 2.1480903206570225  2.3783494046006339 2.157232470313823  2.3732985251639174 2.1663599252391235  2.3682089723996218 2.1754729246246218  2.3630805949003184 2.1845716998871394  2.3579132475533684 2.1936564742998237  2.352706791843671 2.20272746300137  2.3474610955044128 2.2117848742585497  2.3421760351991834 2.2208289053628198  2.3368515386614894 2.2298596759059093  2.3314875417082344 2.2388773026362081  2.3260839887433864 2.2478818938153076  2.3206408332342985 2.2568735510821272  2.3151580391160858 2.2658523707506988  2.3096355807699984 2.2748184432301519  2.3040734436731918 2.283771855591807  2.2984716233940858 2.2927126805099936  2.2928301262521695 2.301640979290287  2.287148970492475 2.3105568095731694  2.2814281864101735 2.3194602238007396  2.2756678166755759 2.3283512699977345  2.2698679168076739 2.3372299917015948  2.2640285548456247 2.3460964289723734  2.2581498140695468 2.3549506159215343  2.2522317388550497 2.3637926476486668  2.2462743832358436 2.3726226167461428  2.240277814224271 2.3814406106454449  2.2342421072772662 2.3902467077627407  2.2281673502265504 2.3990409814350424  2.2220536439042116 2.4078235004486661  2.2159011019831416 2.4165943296118546  2.2097098525944956 2.4253535281843708  2.2034800335951199 2.4341011568188344  2.1972118114288479 2.4428372525813478  2.1909052985723538 2.4515619411859468  2.1845605454029005 2.4602754414724801  2.1781776277087457 2.4689779459227372  2.1717566277857423 2.4776696469910453  2.1652976397715658 2.4863507302200665  2.158800768481862 2.495021376258415  2.1522661299842909 2.5036817604946848  2.1456938516998472 2.5123320533321816  2.1390840726358258 2.5209724202900539  2.1324369435410939 2.5296030221624424  2.1257526272142635 2.5382240151217714  2.1190312982492436 2.5468355509883276  2.1122731448472187 2.5554377768898178  2.1054783628916187 2.5640308371920928  2.0986471907309561 2.5726148756180356  2.0917798768393849 2.5811899861343237  2.0848766822401754 2.5897562660000162  2.0779378820439782 2.5983138071590952  2.0709637652011113 2.606862698725124  2.0639546347196456 2.6154030264896377  2.0569108077458971 2.6239348732228955  2.0498326156664493 2.632458318759054  2.0427204041954865 2.6409734401279663  2.0355745334305566 2.6494803116904402  2.0283953779775863 2.6579790051871308  2.021183326756177 2.6664695901010886  2.0139387839372769 2.6749521328235  2.006662165591667 2.6834267002622409  1.9993539122803938 2.6918933468449855  1.9920143666426724 2.7003522436161749  1.9846438675561582 2.7088035738557936  1.9772427693925454 2.7172475129685432  1.9698114369654121 2.7256842339266889  1.9623502469109735 2.7341139059491306  1.9548595873118186 2.7425366949782291  1.947339857860231 2.7509527637256856  1.9397914695631979 2.7593622716389556  1.9322148456988621 2.7677653756278833  1.9246104242541187 2.7761622341502279  1.9169786564041582 2.7845530006608725  1.9093199960978888 2.7929378344493809  1.9016348940051293 2.8013169056127674  1.8939238143357042 2.8096903790740297  1.886187231418134 2.8180584178635169  1.8784256305232272 2.8264211823501739  1.8706395074930338 2.834778830596282  1.8628293688408095 2.8431315182600723  1.8549957310982936 2.8514793991744658  1.8471391241396264 2.8598226222908796  1.8392600889257009 2.868161333784673  1.8313591763080315 2.8764956780970929  1.8234369470156067 2.8848257978707736  1.8154939718907392 2.8931518336871553  1.8075308298441051 2.9014739257176645  1.7995481038826424 2.9097922168874235  1.7915463868425634 2.9181068478884367  1.7835262800811849 2.9264179582397896  1.7754883942722768 2.9347256853148926  1.7674333462208418 2.9430301676020316  1.7593617697768444 2.9513315326853471  1.7512743468908392 2.9596298641396372  1.7431717630003334 2.9679252497168647  1.7350547126446942 2.9762177749159959  1.7269238975936234 2.9845075246891022  1.7187800267290694 2.9927945832525662  1.7106238157129414 3.0010790311543309  1.702455987354734 3.0093609481529926  1.6942772704211728 3.0176404132215842  1.6860883993955305 3.0259175047625537  1.6778901143008282 3.0341922996244399  1.6696831596517885 3.0424648740079414  1.6614682863842587 3.0507353016281558  1.6532462396681162 3.0590036655290067  1.6450177616343213 3.0672700548757006  1.6367835991942152 3.075534556533976  1.628544501697184 3.0837972575585009  1.6203012212214425 3.0920582443799218  1.6120545112422993 3.1003176032597168  1.6038051306511898 3.1085754169686557  1.5955538409556673 3.1168317666949203  1.5873014041161866 3.1250867331251828  1.5790485821509364 3.133340398487825  1.5735469520496796 3.1388420284734972  1.5707963267948983 3.1415926535897931 
 0 4 0.005681818181818182 1 0.011363636363636364 1 0.017045454545454544 1 0.022727272727272728 1 0.028409090909090912 1 0.034090909090909088 1 0.039772727272727272 1 0.045454545454545456 1 0.05113636363636364 1 0.056818181818181823 1 0.0625 1 0.068181818181818177 1 0.073863636363636367 1 0.079545454545454544 1 0.085227272727272735 1 0.090909090909090912 1 0.096590909090909088 1 0.10227272727272728 1 0.10795454545454546 1 0.11363636363636365 1 0.11931818181818182 1 0.125 1 0.13068181818181818 1 0.13636363636363635 1 0.14204545454545456 1 0.14772727272727273 1 0.15340909090909091 1 0.15909090909090909 1 0.16477272727272727 1 0.17045454545454547 1 0.17613636363636365 1 0.18181818181818182 1 0.1875 1 0.19318181818181818 1 0.19886363636363638 1 0.20454545454545456 1 0.21022727272727273 1 0.21590909090909091 1 0.22159090909090909 1 0.22727272727272729 1 0.23295454545454547 1 0.23863636363636365 1 0.24431818181818182 1 0.25 1 0.25568181818181818 1 0.26136363636363635 1 0.26704545454545453 1 0.27272727272727271 1 0.27840909090909094 1 0.28409090909090912 1 0.28977272727272729 1 0.29545454545454547 1 0.30113636363636365 1 0.30681818181818182 1 0.3125 1 0.31818181818181818 1 0.32386363636363635 1 0.32954545454545453 1 0.33522727272727276 1 0.34090909090909094 1 0.34659090909090912 1 0.35227272727272729 1 0.35795454545454547 1 0.36363636363636365 1 0.36931818181818182 1 0.375 1 0.38068181818181818 1 0.38636363636363635 1 0.39204545454545453 1 0.39772727272727276 1 0.40340909090909094 1 0.40909090909090912 1 0.41477272727272729 1 0.42045454545454547 1 0.42613636363636365 1 0.43181818181818182 1 0.4375 1 0.44318181818181818 1 0.44886363636363635 1 0.45454545454545459 1 0.46022727272727276 1 0.46590909090909094 1 0.47159090909090912 1 0.47727272727272729 1 0.48295454545454547 1 0.48863636363636365 1 0.49431818181818182 1 0.5 1 0.50568181818181823 1 0.51136363636363635 1 0.51704545454545459 1 0.52272727272727271 1 0.52840909090909094 1 0.53409090909090906 1 0.53977272727272729 1 0.54545454545454541 1 0.55113636363636365 1 0.55681818181818188 1 0.5625 1 0.56818181818181823 1 0.57386363636363635 1 0.57954545454545459 1 0.58522727272727271 1 0.59090909090909094 1 0.59659090909090906 1 0.60227272727272729 1 0.60795454545454553 1 0.61363636363636365 1 0.61931818181818188 1 0.625 1 0.63068181818181823 1 0.63636363636363635 1 0.64204545454545459 1 0.64772727272727271 1 0.65340909090909094 1 0.65909090909090906 1 0.66477272727272729 1 0.67045454545454553 1 0.67613636363636365 1 0.68181818181818188 1 0.6875 1 0.69318181818181823 1 0.69886363636363635 1 0.70454545454545459 1 0.71022727272727271 1 0.71590909090909094 1 0.72159090909090906 1 0.72727272727272729 1 0.73295454545454553 1 0.73863636363636365 1 0.74431818181818188 1 0.75 1 0.75568181818181823 1 0.76136363636363635 1 0.76704545454545459 1 0.77272727272727271 1 0.77840909090909094 1 0.78409090909090906 1 0.78977272727272729 1 0.79545454545454553 1 0.80113636363636365 1 0.80681818181818188 1 0.8125 1 0.81818181818181823 1 0.82386363636363635 1 0.82954545454545459 1 0.83522727272727271 1 0.84090909090909094 1 0.84659090909090906 1 0.85227272727272729 1 0.85795454545454553 1 0.86363636363636365 1 0.86931818181818188 1 0.875 1 0.88068181818181823 1 0.88636363636363635 1 0.89204545454545459 1 0.89772727272727271 1 0.90340909090909094 1 0.90909090909090917 1 0.91477272727272729 1 0.92045454545454553 1 0.92613636363636365 1 0.93181818181818188 1 0.9375 1 0.94318181818181823 1 0.94886363636363635 1 0.95454545454545459 1 0.96022727272727271 1 0.96590909090909094 1 0.97159090909090917 1 0.97727272727272729 1 0.98295454545454553 1 0.98863636363636365 1 0.99431818181818188 1 1 4
1 9.4247779607693793 0.17677669529663664 -1 0 
1 0 1 1 0 
1 0 -4.5 0 -1 
7 0 0  3 179 177  2.0943951019951368 1.5707963261054187  2.0953735613477296 1.5741858070693457  2.0973397345489735 1.5809566235505639  2.1003170115979293 1.5910889036504958  2.1033225593680411 1.6011977369253554  2.1063566323303671 1.6112835998961426  2.1094194855299269 1.6213469551078172  2.1125113739183052 1.6313882467556426  2.1156325559731757 1.6414079144441014  2.118783285616209 1.6514063684453359  2.1219638145669322 1.6613839976879592  2.1251743952340174 1.6713411790269406  2.1284152791379478 1.6812782743744992  2.1316867178998069 1.6911956344699881  2.1349889604967394 1.7010935898446169  2.1383222653786125 1.7109724890142828  2.1416869057782533 1.7208327132364065  2.1450831523745806 1.7306746226331373  2.1485112760315221 1.7404985658792584  2.151971546777705 1.7503048799760512  2.1554642349511943 1.7600938917071358  2.1589896103466679 1.7698659156973411  2.1625479409256103 1.7796212537062157  2.1661394938425738 1.7893601964841999  2.1697645352119173 1.7990830232759552  2.1734233304244235 1.8087900047955616  2.1771161411577156 1.8184813955597534  2.1808432363732835 1.828157462430944  2.184604846480783 1.8378183661670835  2.188401131896339 1.8474640903532915  2.1922322595474242 1.8570946406554583  2.1960983874135263 1.8667100074614844  2.1999996715911827 1.8763101784314828  2.20393626200334 1.8858951345957802  2.2079082988630057 1.8954648447476377  2.2119159291769614 1.9050192984237178  2.2159593052189557 1.9145585010894055  2.2200385698342711 1.9240824460478885  2.2241538585207952 1.9335911204253897  2.2283053057809759 1.9430845124399858  2.2324930395839697 1.9525626041416813  2.2367171813531228 1.9620253710014923  2.240977840501829 1.971472775848286  2.2452751451543391 1.9809048256518185  2.2496092225483602 1.9903215329547337  2.2539801912474648 1.9997229025041201  2.2583881568987896 2.0091089246320508  2.2628332403571831 2.0184796275468502  2.2673155750540097 2.0278350695831433  2.2718352821738135 2.0371752937232328  2.2763924753180138 2.0465003388184688  2.2809872619063651 2.0558102349922693  2.2856197415556676 2.0651050036958014  2.2902900064380076 2.0743846639224572  2.2949981315371026 2.0836492149551726  2.2997442231486072 2.0928987230705443  2.3045284062753346 2.1021332945041298  2.3093507916971134 2.1113530174493178  2.3142114833980352 2.1205579762345752  2.3191105762292747 2.1297482478316465  2.3240481558832791 2.1389239034108529  2.3290242993762091 2.1480850073764985  2.3340390794556414 2.1572316121260511  2.3390925584922697 2.1663637640614941  2.3441847889801073 2.1754815037050448  2.3493158121638116 2.1845848647180568  2.3544856609708349 2.1936738795970641  2.3596943475798615 2.2027485597621772  2.3649419124116955 2.2118089785466397  2.3702284649396335 2.2208553325659781  2.3755540933412695 2.229887788558611  2.3809188806089159 2.238906512991818  2.3863229026527413 2.2479116612334313  2.3917662280658525 2.2569033808309351  2.3972489160139463 2.265881812817657  2.4027710164007785 2.2748470916610475  2.4083325694539077 2.2837993455423882  2.4139336054637077 2.2927386965506837  2.4195741444793066 2.3016652609014447  2.4252541960160179 2.3105791491522232  2.4309737587543787 2.3194804664147171  2.4367328202579901 2.3283693125895097  2.4425313566237095 2.3372457825177011  2.4483693323851137 2.3461099664431542  2.4542466994746945 2.3549619493142817  2.4601633997047703 2.363801814413419  2.466119354124344 2.3726296308302257  2.4721145287514203 2.381445535108885  2.4781488987503848 2.3902496775467483  2.4842224240621835 2.3990421969377409  2.4903350547149192 2.4078232280769871  2.4964867290762012 2.4165928999763908  2.5026773739995596 2.425351336569594  2.5089069044665395 2.4340986567499465  2.5151752233676619 2.4428349745868818  2.5214822212505461 2.4515603994936788  2.5278277760817245 2.4602750364070478  2.534211753010386 2.4689789859618627  2.5406340041377442 2.4776723446650624  2.5470943682917451 2.486355205067396  2.5535926708079759 2.4950276559321973  2.5601287233163337 2.5036897824035256  2.5667023235379642 2.5123416661633886  2.5733132550778479 2.520983385614636  2.5799612872703785 2.5296150159512907  2.5866461748666252 2.5382366296312462  2.5933677451640809 2.5468483826767199  2.6001258134743956 2.555450426194315  2.6069201834797058 2.5640429061296506  2.6137506440730305 2.5726259665947619  2.6206169696164276 2.5811997496894064  2.6275189222313395 2.5897643930262291  2.6344562510968808 2.5983200304603318  2.6414286924825658 2.6068667920667412  2.6484359695504165 2.6154048042683558  2.6554777923962605 2.6239341901028777  2.6625538574184353 2.6324550687705024  2.6696638491940257 2.6409675579055749  2.6768074330563056 2.6494717656561311  2.6839842873028137 2.657967826130168  2.6911941080967887 2.6664559030140018  2.6984365731242606 2.6749361495539863  2.7057113493550107 2.6834087173237782  2.7130180909296957 2.6918737540581041  2.7203564395365927 2.7003314042137192  2.7277260247620907 2.7087818095458411  2.7351264621167366 2.7172251068849125  2.7425573606678424 2.7256614373445722  2.7500183462853314 2.7340909728783744  2.7575090298084484 2.7425138783428911  2.765029011227166 2.7509303166084722  2.7725778785059627 2.7593404473157221  2.780155208291772 2.7677444273371679  2.787760565443723 2.7761424109670885  2.7953935032368311 2.7845345499102021  2.8030535630977051 2.7929209930623227  2.8107402759703661 2.8013018878850855  2.8184531650765288 2.8096773830130375  2.8261917419577069 2.8180476243629164  2.83395550675684 2.8264127553924552  2.8417439497949419 2.8347729187136901  2.8495565614987601 2.8431282659126533  2.857392820799292 2.8514789455715452  2.8652521963414461 2.859825104510715  2.8731341464108526 2.8681668875411388  2.8810381204975406 2.8765044385710596  2.8889635565989309 2.8848378981964058  2.8969098879248056 2.8931674108393275  2.9048765170261319 2.9014930964246815  2.9128627931320357 2.909815026671172  2.9208680627726813 2.91813328018686  2.9288916605045947 2.9264479325928554  2.9369329129140636 2.9347590580472138  2.944991138135729 2.9430667286409387  2.9530656453332718 2.9513710157139834  2.9611557349401556 2.9596719896507557  2.9692607006698712 2.9679697195673378  2.9773798289043705 2.9762642735219567  2.9855123984473178 2.9845557187396747  2.9936576808711886 2.9928441214500956  3.0018149414337789 3.0011295460535359  3.0099834395738263 3.0094120566280957  3.0181624281539645 3.0176917157895096  3.0263511565128343 3.0259685873588391  3.0345488825314972 3.0342427478806213  3.0427548582046509 3.0425142717946163  3.0509683316801417 3.0507832329771012  3.0591885470612192 3.0590497046245728  3.0674147448756153 3.0673137596402937  3.0756461625482503 3.0755754699326321  3.0838820356091756 3.0838349070359965  3.0921215941329621 3.0920921396887526  3.1003640640654204 3.1003472343821881  3.1086086706471607 3.1086002572623741  3.1168546382055031 3.1168512733654552  3.1251011904101311 3.1251003492694278  3.1333475508131285 3.1333475515534008  3.1388444796445301 3.1388444800926343  3.1415926535897931 3.1415926535897931 
 0 4 0.005681818181818182 1 0.011363636363636364 1 0.017045454545454544 1 0.022727272727272728 1 0.028409090909090912 1 0.034090909090909088 1 0.039772727272727272 1 0.045454545454545456 1 0.05113636363636364 1 0.056818181818181823 1 0.0625 1 0.068181818181818177 1 0.073863636363636367 1 0.079545454545454544 1 0.085227272727272735 1 0.090909090909090912 1 0.096590909090909088 1 0.10227272727272728 1 0.10795454545454546 1 0.11363636363636365 1 0.11931818181818182 1 0.125 1 0.13068181818181818 1 0.13636363636363635 1 0.14204545454545456 1 0.14772727272727273 1 0.15340909090909091 1 0.15909090909090909 1 0.16477272727272727 1 0.17045454545454547 1 0.17613636363636365 1 0.18181818181818182 1 0.1875 1 0.19318181818181818 1 0.19886363636363638 1 0.20454545454545456 1 0.21022727272727273 1 0.21590909090909091 1 0.22159090909090909 1 0.22727272727272729 1 0.23295454545454547 1 0.23863636363636365 1 0.24431818181818182 1 0.25 1 0.25568181818181818 1 0.26136363636363635 1 0.26704545454545453 1 0.27272727272727271 1 0.27840909090909094 1 0.28409090909090912 1 0.28977272727272729 1 0.29545454545454547 1 0.30113636363636365 1 0.30681818181818182 1 0.3125 1 0.31818181818181818 1 0.32386363636363635 1 0.32954545454545453 1 0.33522727272727276 1 0.34090909090909094 1 0.34659090909090912 1 0.35227272727272729 1 0.35795454545454547 1 0.36363636363636365 1 0.36931818181818182 1 0.375 1 0.38068181818181818 1 0.38636363636363635 1 0.39204545454545453 1 0.39772727272727276 1 0.40340909090909094 1 0.40909090909090912 1 0.41477272727272729 1 0.42045454545454547 1 0.42613636363636365 1 0.43181818181818182 1 0.4375 1 0.44318181818181818 1 0.44886363636363635 1 0.45454545454545459 1 0.46022727272727276 1 0.46590909090909094 1 0.47159090909090912 1 0.47727272727272729 1 0.48295454545454547 1 0.48863636363636365 1 0.49431818181818182 1 0.5 1 0.50568181818181823 1 0.51136363636363635 1 0.51704545454545459 1 0.52272727272727271 1 0.52840909090909094 1 0.53409090909090906 1 0.53977272727272729 1 0.54545454545454541 1 0.55113636363636365 1 0.55681818181818188 1 0.5625 1 0.56818181818181823 1 0.57386363636363635 1 0.57954545454545459 1 0.58522727272727271 1 0.59090909090909094 1 0.59659090909090906 1 0.60227272727272729 1 0.60795454545454553 1 0.61363636363636365 1 0.61931818181818188 1 0.625 1 0.63068181818181823 1 0.63636363636363635 1 0.64204545454545459 1 0.64772727272727271 1 0.65340909090909094 1 0.65909090909090906 1 0.66477272727272729 1 0.67045454545454553 1 0.67613636363636365 1 0.68181818181818188 1 0.6875 1 0.69318181818181823 1 0.69886363636363635 1 0.70454545454545459 1 0.71022727272727271 1 0.71590909090909094 1 0.72159090909090906 1 0.72727272727272729 1 0.73295454545454553 1 0.73863636363636365 1 0.74431818181818188 1 0.75 1 0.75568181818181823 1 0.76136363636363635 1 0.76704545454545459 1 0.77272727272727271 1 0.77840909090909094 1 0.78409090909090906 1 0.78977272727272729 1 0.79545454545454553 1 0.80113636363636365 1 0.80681818181818188 1 0.8125 1 0.81818181818181823 1 0.82386363636363635 1 0.82954545454545459 1 0.83522727272727271 1 0.84090909090909094 1 0.84659090909090906 1 0.85227272727272729 1 0.85795454545454553 1 0.86363636363636365 1 0.86931818181818188 1 0.875 1 0.88068181818181823 1 0.88636363636363635 1 0.89204545454545459 1 0.89772727272727271 1 0.90340909090909094 1 0.90909090909090917 1 0.91477272727272729 1 0.92045454545454553 1 0.92613636363636365 1 0.93181818181818188 1 0.9375 1 0.94318181818181823 1 0.94886363636363635 1 0.95454545454545459 1 0.96022727272727271 1 0.96590909090909094 1 0.97159090909090917 1 0.97727272727272729 1 0.98295454545454553 1 0.98863636363636365 1 0.99431818181818188 1 1 4
1 6.2831853071795862 0 -1 0 
7 0 0  3 179 177  2.617993878389556 1.570796326105421  2.6170154190369628 1.5741858070693482  2.6150492458357197 1.5809566235505668  2.6120719687867613 1.5910889036504996  2.6090664210166525 1.6011977369253587  2.6060323480543253 1.6112835998961452  2.6029694948547655 1.6213469551078221  2.5998776064663867 1.6313882467556466  2.5967564244115175 1.6414079144441056  2.5936056947684838 1.6514063684453379  2.5904251658177611 1.6613839976879612  2.5872145851506745 1.6713411790269443  2.583973701246745 1.6812782743745007  2.580702262484885 1.6911956344699899  2.5774000198879534 1.7010935898446125  2.5740667150060794 1.7109724890142812  2.57070207460644 1.7208327132363983  2.567305828010114 1.7306746226331271  2.5638777043531742 1.740498565879246  2.5604174336069914 1.750304879976041  2.556924745433498 1.7600938917071283  2.5533993700380284 1.7698659156973293  2.5498410394590847 1.7796212537062051  2.5462494865421217 1.789360196484187  2.5426244451727786 1.7990830232759387  2.5389656499602711 1.8087900047955423  2.5352728392269777 1.8184813955597339  2.5315457440114115 1.8281574624309145  2.5277841339039142 1.8378183661670557  2.5239878484883564 1.8474640903532655  2.5201567208372708 1.8570946406554312  2.5162905929711683 1.8667100074614633  2.5123893087935119 1.876310178431458  2.5084527183813554 1.8858951345957602  2.5044806815216898 1.8954648447476159  2.5004730512077331 1.9050192984237  2.4964296751657371 1.9145585010893895  2.4923504105504195 1.9240824460478858  2.4882351218638954 1.9335911204253968  2.4840836746037134 1.9430845124399967  2.4798959408007208 1.9525626041416948  2.4756717990315686 1.962025371001493  2.4714111398828611 1.9714727758482835  2.4671138352303519 1.9809048256518156  2.4627797578363304 1.9903215329547326  2.4584087891372262 1.9997229025041245  2.4540008234859019 2.0091089246320579  2.4495557400275079 2.0184796275468639  2.4450734053306822 2.0278350695831682  2.440553698210878 2.0371752937232528  2.4359965050666781 2.0465003388184928  2.4314017184783272 2.0558102349922915  2.4267692388290238 2.0651050036958205  2.4220989739466838 2.0743846639224697  2.4173908488475875 2.0836492149551846  2.4126447572360825 2.092898723070554  2.4078605741093559 2.1021332945041373  2.4030381886875767 2.1113530174493236  2.3981774969866549 2.1205579762345859  2.3932784041554149 2.1297482478316523  2.3883408245014124 2.138923903410856  2.3833646810084814 2.1480850073764981  2.3783499009290479 2.1572316121260435  2.3732964218924217 2.1663637640614799  2.3682041914045824 2.1754815037050221  2.3630731682208785 2.184584864718031  2.3579033194138534 2.1936738795970396  2.3526946328048299 2.2027485597621483  2.3474470679729933 2.2118089785466077  2.3421605154450593 2.2208553325659524  2.3368348870434215 2.2298877885585902  2.3314700997757738 2.2389065129917998  2.3260660777319493 2.2479116612334158  2.3206227523188345 2.2569033808309169  2.3151400643707429 2.2658818128176428  2.3096179639839098 2.2748470916610315  2.3040564109307784 2.2837993455423664  2.2984553749209788 2.2927386965506589  2.2928148359053795 2.301665260901423  2.2871347843686682 2.3105791491521894  2.281415221630307 2.3194804664146838  2.2756561601266956 2.3283693125894769  2.269857623760978 2.3372457825176576  2.2640196479995711 2.3461099664431013  2.2581422809099925 2.3549619493142289  2.2522255806799198 2.3638018144133635  2.2462696262603461 2.3726296308301698  2.2402744516332729 2.3814455351088264  2.2342400816343115 2.3902496775466808  2.2281665563225128 2.3990421969376796  2.2220539256697793 2.4078232280769232  2.2159022513084965 2.4165928999763362  2.2097116063851372 2.4253513365695332  2.2034820759181613 2.4340986567498968  2.1972137570170358 2.442834974586837  2.1909067591341533 2.4515603994936379  2.1845612043029692 2.4602750364070176  2.1781772273743143 2.4689789859618392  2.171754976246949 2.4776723446650477  2.1652946120929508 2.4863552050673867  2.1587963095767195 2.495027655932192  2.1522602570683591 2.5036897824035367  2.1456866568467312 2.5123416661633984  2.1390757253068431 2.5209833856146648  2.1324276931143147 2.5296150159513164  2.1257428055180658 2.5382366296312928  2.1190212352206124 2.5468483826767643  2.1122631669102949 2.5554504261943563  2.1054687969049866 2.5640429061296994  2.0986383363116619 2.5726259665948112  2.0917720107682634 2.5811997496894472  2.0848700581533515 2.5897643930262717  2.077932729287812 2.5983200304603575  2.0709602879021261 2.6068667920667674  2.0639530108342745 2.6154048042683642  2.0569111879884319 2.6239341901028799  2.0498351229662553 2.6324550687704988  2.0427251311906649 2.6409675579055594  2.0355815473283854 2.6494717656561049  2.028404693081876 2.65796782613014  2.0211948722879036 2.6664559030139632  2.0139524072604309 2.674936149553949  2.0066776310296803 2.6834087173237409  1.9993708894549953 2.6918737540580695  1.9920325408481028 2.7003314042136886  1.9846629556225999 2.7087818095458203  1.977262518267958 2.7172251068848987  1.9698316197168479 2.7256614373445869  1.9623706340993607 2.734090972878398  1.9548799505762455 2.7425138783429395  1.9473599691575272 2.750930316608494  1.9398111018787325 2.7593404473157301  1.9322337720929179 2.7677444273371572  1.9246284149409711 2.7761424109670605  1.9169954771478623 2.7845345499101803  1.9093354172869894 2.7929209930622871  1.9016487044143302 2.8013018878850509  1.8939358153081716 2.8096773830130028  1.8861972384269916 2.8180476243628889  1.8784334736278614 2.8264127553924276  1.8706450305897593 2.8347729187136737  1.8628324188859364 2.8431282659126493  1.8549961595854014 2.8514789455715497  1.8471367840432433 2.8598251045107279  1.8392548339738382 2.8681668875411592  1.8313508598871462 2.8765044385710721  1.8234254237857583 2.8848378981964147  1.8154790924598836 2.8931674108393457  1.8075124633585569 2.9014930964246957  1.7995261872526513 2.9098150266711853  1.7915209176120119 2.91813328018688  1.7834973198800987 2.9264479325928612  1.7754560674706368 2.9347590580472138  1.767397842248974 2.9430667286409244  1.7593233350514332 2.9513710157139568  1.7512332454445538 2.95967198965073  1.7431282797148344 2.9679697195673  1.7350091514803334 2.9762642735219211  1.726876581937383 2.9845557187396241  1.7187312995135064 2.992844121450061  1.7105740389509096 3.0011295460535079  1.702405540810864 3.0094120566280993  1.6942265522307263 3.0176917157895247  1.6860378238718532 3.0259685873588515  1.6778400978531967 3.0342427478805982  1.6696341221800435 3.0425142717945932  1.661420648704558 3.0507832329770714  1.65320043332348 3.0590497046245746  1.6449742355090911 3.0673137596403279  1.6367428178364554 3.0755754699327067  1.6285069447755323 3.0838349070360804  1.6202673862517427 3.0920921396888477  1.6120249163192828 3.1003472343822769  1.6037803097375518 3.1086002572624563  1.5955343421792205 3.1168512733655525  1.5872877899746098 3.1251003492695326  1.5790414295716089 3.1333475515535145  1.5735445007401825 3.1388444800926902  1.5707963267948992 3.1415926535897931 
 0 4 0.005681818181818182 1 0.011363636363636364 1 0.017045454545454544 1 0.022727272727272728 1 0.028409090909090912 1 0.034090909090909088 1 0.039772727272727272 1 0.045454545454545456 1 0.05113636363636364 1 0.056818181818181823 1 0.0625 1 0.068181818181818177 1 0.073863636363636367 1 0.079545454545454544 1 0.085227272727272735 1 0.090909090909090912 1 0.096590909090909088 1 0.10227272727272728 1 0.10795454545454546 1 0.11363636363636365 1 0.11931818181818182 1 0.125 1 0.13068181818181818 1 0.13636363636363635 1 0.14204545454545456 1 0.14772727272727273 1 0.15340909090909091 1 0.15909090909090909 1 0.16477272727272727 1 0.17045454545454547 1 0.17613636363636365 1 0.18181818181818182 1 0.1875 1 0.19318181818181818 1 0.19886363636363638 1 0.20454545454545456 1 0.21022727272727273 1 0.21590909090909091 1 0.22159090909090909 1 0.22727272727272729 1 0.23295454545454547 1 0.23863636363636365 1 0.24431818181818182 1 0.25 1 0.25568181818181818 1 0.26136363636363635 1 0.26704545454545453 1 0.27272727272727271 1 0.27840909090909094 1 0.28409090909090912 1 0.28977272727272729 1 0.29545454545454547 1 0.30113636363636365 1 0.30681818181818182 1 0.3125 1 0.31818181818181818 1 0.32386363636363635 1 0.32954545454545453 1 0.33522727272727276 1 0.34090909090909094 1 0.34659090909090912 1 0.35227272727272729 1 0.35795454545454547 1 0.36363636363636365 1 0.36931818181818182 1 0.375 1 0.38068181818181818 1 0.38636363636363635 1 0.39204545454545453 1 0.39772727272727276 1 0.40340909090909094 1 0.40909090909090912 1 0.41477272727272729 1 0.42045454545454547 1 0.42613636363636365 1 0.43181818181818182 1 0.4375 1 0.44318181818181818 1 0.44886363636363635 1 0.45454545454545459 1 0.46022727272727276 1 0.46590909090909094 1 0.47159090909090912 1 0.47727272727272729 1 0.48295454545454547 1 0.48863636363636365 1 0.49431818181818182 1 0.5 1 0.50568181818181823 1 0.51136363636363635 1 0.51704545454545459 1 0.52272727272727271 1 0.52840909090909094 1 0.53409090909090906 1 0.53977272727272729 1 0.54545454545454541 1 0.55113636363636365 1 0.55681818181818188 1 0.5625 1 0.56818181818181823 1 0.57386363636363635 1 0.57954545454545459 1 0.58522727272727271 1 0.59090909090909094 1 0.59659090909090906 1 0.60227272727272729 1 0.60795454545454553 1 0.61363636363636365 1 0.61931818181818188 1 0.625 1 0.63068181818181823 1 0.63636363636363635 1 0.64204545454545459 1 0.64772727272727271 1 0.65340909090909094 1 0.65909090909090906 1 0.66477272727272729 1 0.67045454545454553 1 0.67613636363636365 1 0.68181818181818188 1 0.6875 1 0.69318181818181823 1 0.69886363636363635 1 0.70454545454545459 1 0.71022727272727271 1 0.71590909090909094 1 0.72159090909090906 1 0.72727272727272729 1 0.73295454545454553 1 0.73863636363636365 1 0.74431818181818188 1 0.75 1 0.75568181818181823 1 0.76136363636363635 1 0.76704545454545459 1 0.77272727272727271 1 0.77840909090909094 1 0.78409090909090906 1 0.78977272727272729 1 0.79545454545454553 1 0.80113636363636365 1 0.80681818181818188 1 0.8125 1 0.81818181818181823 1 0.82386363636363635 1 0.82954545454545459 1 0.83522727272727271 1 0.84090909090909094 1 0.84659090909090906 1 0.85227272727272729 1 0.85795454545454553 1 0.86363636363636365 1 0.86931818181818188 1 0.875 1 0.88068181818181823 1 0.88636363636363635 1 0.89204545454545459 1 0.89772727272727271 1 0.90340909090909094 1 0.90909090909090917 1 0.91477272727272729 1 0.92045454545454553 1 0.92613636363636365 1 0.93181818181818188 1 0.9375 1 0.94318181818181823 1 0.94886363636363635 1 0.95454545454545459 1 0.96022727272727271 1 0.96590909090909094 1 0.97159090909090917 1 0.97727272727272729 1 0.98295454545454553 1 0.98863636363636365 1 0.99431818181818188 1 1 4
1 0 -4.5 0 -1 
7 0 0  3 179 177  2.0943951019951372 1.570796326105419  2.0953735613477305 1.574185807069346  2.0973397345489744 1.5809566235505637  2.1003170115979306 1.5910889036504963  2.1033225593680416 1.6011977369253554  2.106356632330368 1.6112835998961432  2.1094194855299273 1.621346955107815  2.1125113739183061 1.631388246755642  2.1156325559731761 1.6414079144441025  2.1187832856162094 1.6514063684453355  2.1219638145669317 1.6613839976879572  2.1251743952340174 1.6713411790269384  2.1284152791379483 1.6812782743744978  2.1316867178998069 1.691195634469987  2.1349889604967403 1.7010935898446158  2.1383222653786125 1.7109724890142846  2.1416869057782537 1.720832713236407  2.145083152374581 1.7306746226331373  2.1485112760315226 1.7404985658792553  2.1519715467777045 1.7503048799760517  2.1554642349511957 1.7600938917071347  2.1589896103466675 1.7698659156973424  2.1625479409256112 1.7796212537062166  2.1661394938425738 1.7893601964842034  2.1697645352119181 1.7990830232759578  2.1734233304244248 1.8087900047955627  2.1771161411577165 1.818481395559757  2.1808432363732844 1.8281574624309411  2.1846048464807826 1.8378183661670835  2.1884011318963408 1.8474640903532922  2.1922322595474233 1.8570946406554518  2.1960983874135285 1.8667100074614829  2.1999996715911823 1.8763101784314793  2.2039362620033418 1.8858951345957837  2.2079082988630052 1.8954648447476401  2.2119159291769637 1.9050192984237218  2.2159593052189561 1.9145585010894051  2.2200385698342728 1.9240824460478916  2.2241538585207961 1.9335911204253904  2.2283053057809785 1.9430845124399896  2.2324930395839715 1.9525626041416824  2.2367171813531241 1.9620253710014952  2.2409778405018308 1.9714727758482848  2.2452751451543418 1.9809048256518245  2.2496092225483619 1.9903215329547359  2.2539801912474666 1.9997229025041201  2.2583881568987914 2.0091089246320553  2.2628332403571858 2.0184796275468537  2.2673155750540119 2.0278350695831486  2.2718352821738148 2.0371752937232328  2.276392475318016 2.0465003388184746  2.2809872619063669 2.0558102349922738  2.2856197415556689 2.0651050036958085  2.2902900064380081 2.0743846639224617  2.2949981315371053 2.0836492149551824  2.2997442231486085 2.0928987230705522  2.3045284062753351 2.1021332945041324  2.3093507916971143 2.1113530174493258  2.3142114833980374 2.1205579762345788  2.3191105762292752 2.1297482478316501  2.3240481558832804 2.1389239034108551  2.3290242993762091 2.1480850073764972  2.3340390794556423 2.1572316121260511  2.3390925584922688 2.1663637640614928  2.3441847889801086 2.1754815037050439  2.3493158121638129 2.1845848647180568  2.3544856609708353 2.1936738795970645  2.3596943475798615 2.2027485597621794  2.3649419124116968 2.2118089785466388  2.3702284649396326 2.2208553325659768  2.3755540933412695 2.2298877885586115  2.3809188806089168 2.2389065129918175  2.3863229026527426 2.2479116612334327  2.3917662280658547 2.2569033808309338  2.3972489160139459 2.2658818128176565  2.4027710164007807 2.2748470916610479  2.4083325694539068 2.2837993455423877  2.4139336054637091 2.2927386965506837  2.4195741444793066 2.3016652609014465  2.4252541960160166 2.3105791491522147  2.43097375875438 2.3194804664147166  2.4367328202579897 2.3283693125895089  2.4425313566237077 2.337245782517698  2.4483693323851123 2.3461099664431475  2.4542466994746932 2.3549619493142786  2.4601633997047667 2.3638018144134123  2.4661193541243405 2.3726296308302146  2.472114528751415 2.3814455351088748  2.4781488987503777 2.3902496775467355  2.4842224240621764 2.3990421969377276  2.4903350547149121 2.4078232280769751  2.4964867290761963 2.4165928999763779  2.5026773739995543 2.425351336569586  2.5089069044665329 2.4340986567499368  2.515175223367657 2.4428349745868752  2.5214822212505408 2.4515603994936761  2.5278277760817227 2.460275036407046  2.5342117530103812 2.4689789859618618  2.5406340041377447 2.4776723446650699  2.5470943682917437 2.4863552050674027  2.553592670807975 2.4950276559322009  2.5601287233163337 2.5036897824035353  2.5667023235379642 2.5123416661633895  2.5733132550778501 2.5209833856146471  2.5799612872703812 2.5296150159512991  2.5866461748666261 2.538236629631256  2.5933677451640844 2.5468483826767292  2.6001258134743988 2.5554504261943176  2.6069201834797076 2.5640429061296586  2.6137506440730331 2.5726259665947628  2.620616969616429 2.5811997496894143  2.627518922231344 2.5897643930262331  2.6344562510968808 2.5983200304603327  2.641428692482569 2.6068667920667448  2.6484359695504183 2.6154048042683553  2.6554777923962627 2.6239341901028759  2.6625538574184393 2.6324550687705011  2.6696638491940279 2.6409675579055771  2.6768074330563074 2.6494717656561271  2.6839842873028159 2.6579678261301676  2.69119410809679 2.6664559030139956  2.6984365731242628 2.6749361495539761  2.7057113493550116 2.6834087173237697  2.7130180909296975 2.6918737540580895  2.7203564395365918 2.7003314042137094  2.7277260247620898 2.7087818095458283  2.7351264621167348 2.717225106884896  2.7425573606678428 2.7256614373445638  2.7500183462853305 2.7340909728783678  2.757509029808447 2.7425138783428871  2.7650290112271625 2.7509303166084718  2.7725778785059609 2.7593404473157155  2.7801552082917702 2.7677444273371692  2.7877605654437194 2.77614241096708  2.7953935032368289 2.7845345499102034  2.8030535630977056 2.7929209930623231  2.8107402759703644 2.8013018878850811  2.8184531650765301 2.8096773830130446  2.8261917419577083 2.8180476243629169  2.8339555067568418 2.8264127553924574  2.8417439497949442 2.8347729187136927  2.8495565614987624 2.8431282659126551  2.857392820799296 2.851478945571547  2.8652521963414506 2.8598251045107173  2.8731341464108575 2.8681668875411335  2.8810381204975442 2.8765044385710503  2.8889635565989344 2.8848378981964009  2.8969098879248074 2.8931674108393151  2.9048765170261381 2.9014930964246757  2.9128627931320401 2.9098150266711693  2.9208680627726826 2.9181332801868578  2.9288916605045952 2.9264479325928483  2.936932912914056 2.9347590580472112  2.9449911381357214 2.9430667286409253  2.9530656453332611 2.9513710157139745  2.9611557349401463 2.9596719896507513  2.9692607006698672 2.9679697195673334  2.97737982890437 2.9762642735219567  2.9855123984473182 2.984555718739677  2.9936576808711877 2.9928441214500947  3.001814941433782 3.0011295460535368  3.0099834395738263 3.0094120566280957  3.0181624281539654 3.0176917157895087  3.0263511565128374 3.0259685873588404  3.0345488825314977 3.0342427478806151  3.04275485820465 3.0425142717946181  3.0509683316801417 3.0507832329770999  3.0591885470612206 3.0590497046245755  3.067414744875617 3.0673137596402951  3.0756461625482512 3.0755754699326339  3.0838820356091756 3.0838349070359907  3.0921215941329621 3.0920921396887517  3.1003640640654195 3.1003472343821845  3.1086086706471576 3.1086002572623692  3.1168546382055067 3.1168512733654579  3.1251011904101333 3.1251003492694318  3.1333475508131285 3.1333475515534164  3.1388444796445305 3.1388444800926445  3.141592653589794 3.1415926535897931 
 0 4 0.005681818181818182 1 0.011363636363636364 1 0.017045454545454544 1 0.022727272727272728 1 0.028409090909090912 1 0.034090909090909088 1 0.039772727272727272 1 0.045454545454545456 1 0.05113636363636364 1 0.056818181818181823 1 0.0625 1 0.068181818181818177 1 0.073863636363636367 1 0.079545454545454544 1 0.085227272727272735 1 0.090909090909090912 1 0.096590909090909088 1 0.10227272727272728 1 0.10795454545454546 1 0.11363636363636365 1 0.11931818181818182 1 0.125 1 0.13068181818181818 1 0.13636363636363635 1 0.14204545454545456 1 0.14772727272727273 1 0.15340909090909091 1 0.15909090909090909 1 0.16477272727272727 1 0.17045454545454547 1 0.17613636363636365 1 0.18181818181818182 1 0.1875 1 0.19318181818181818 1 0.19886363636363638 1 0.20454545454545456 1 0.21022727272727273 1 0.21590909090909091 1 0.22159090909090909 1 0.22727272727272729 1 0.23295454545454547 1 0.23863636363636365 1 0.24431818181818182 1 0.25 1 0.25568181818181818 1 0.26136363636363635 1 0.26704545454545453 1 0.27272727272727271 1 0.27840909090909094 1 0.28409090909090912 1 0.28977272727272729 1 0.29545454545454547 1 0.30113636363636365 1 0.30681818181818182 1 0.3125 1 0.31818181818181818 1 0.32386363636363635 1 0.32954545454545453 1 0.33522727272727276 1 0.34090909090909094 1 0.34659090909090912 1 0.35227272727272729 1 0.35795454545454547 1 0.36363636363636365 1 0.36931818181818182 1 0.375 1 0.38068181818181818 1 0.38636363636363635 1 0.39204545454545453 1 0.39772727272727276 1 0.40340909090909094 1 0.40909090909090912 1 0.41477272727272729 1 0.42045454545454547 1 0.42613636363636365 1 0.43181818181818182 1 0.4375 1 0.44318181818181818 1 0.44886363636363635 1 0.45454545454545459 1 0.46022727272727276 1 0.46590909090909094 1 0.47159090909090912 1 0.47727272727272729 1 0.48295454545454547 1 0.48863636363636365 1 0.49431818181818182 1 0.5 1 0.50568181818181823 1 0.51136363636363635 1 0.51704545454545459 1 0.52272727272727271 1 0.52840909090909094 1 0.53409090909090906 1 0.53977272727272729 1 0.54545454545454541 1 0.55113636363636365 1 0.55681818181818188 1 0.5625 1 0.56818181818181823 1 0.57386363636363635 1 0.57954545454545459 1 0.58522727272727271 1 0.59090909090909094 1 0.59659090909090906 1 0.60227272727272729 1 0.60795454545454553 1 0.61363636363636365 1 0.61931818181818188 1 0.625 1 0.63068181818181823 1 0.63636363636363635 1 0.64204545454545459 1 0.64772727272727271 1 0.65340909090909094 1 0.65909090909090906 1 0.66477272727272729 1 0.67045454545454553 1 0.67613636363636365 1 0.68181818181818188 1 0.6875 1 0.69318181818181823 1 0.69886363636363635 1 0.70454545454545459 1 0.71022727272727271 1 0.71590909090909094 1 0.72159090909090906 1 0.72727272727272729 1 0.73295454545454553 1 0.73863636363636365 1 0.74431818181818188 1 0.75 1 0.75568181818181823 1 0.76136363636363635 1 0.76704545454545459 1 0.77272727272727271 1 0.77840909090909094 1 0.78409090909090906 1 0.78977272727272729 1 0.79545454545454553 1 0.80113636363636365 1 0.80681818181818188 1 0.8125 1 0.81818181818181823 1 0.82386363636363635 1 0.82954545454545459 1 0.83522727272727271 1 0.84090909090909094 1 0.84659090909090906 1 0.85227272727272729 1 0.85795454545454553 1 0.86363636363636365 1 0.86931818181818188 1 0.875 1 0.88068181818181823 1 0.88636363636363635 1 0.89204545454545459 1 0.89772727272727271 1 0.90340909090909094 1 0.90909090909090917 1 0.91477272727272729 1 0.92045454545454553 1 0.92613636363636365 1 0.93181818181818188 1 0.9375 1 0.94318181818181823 1 0.94886363636363635 1 0.95454545454545459 1 0.96022727272727271 1 0.96590909090909094 1 0.97159090909090917 1 0.97727272727272729 1 0.98295454545454553 1 0.98863636363636365 1 0.99431818181818188 1 1 4
1 6.2831853071795862 1.6000000000000001 -1 0 
7 0 0  3 179 177  2.6179938782436025 1.5707963259368911  2.6170151702374498 1.574186668372779  2.6150485250052324 1.5809590999101713  2.6120706142623975 1.5910934939946342  2.609064505711935 1.6012041477941383  2.6060299433149607 1.6112915527023426  2.6029666703774548 1.6213561859114245  2.5998744302447152 1.6313985058633214  2.5967529623635981 1.6414189670179862  2.5936020103417441 1.6514179952584918  2.5904213198781973 1.661395994891101  2.5872106358348748 1.6713533579286064  2.5839697038235694 1.681290461325267  2.5806982693067448 1.6912076705123436  2.577396079951678 1.7011053313478506  2.5740628751456716 1.7109838034921201  2.5706983801047714 1.7208434773079351  2.5673023222554376 1.7306847226366113  2.5638744289043398 1.7405078971642478  2.5604144282055143 1.7503133467010754  2.5569220477261494 1.7601014073028112  2.5533970153651877 1.7698724029109179  2.5498390620390952 1.7796266410654817  2.5462479196772083 1.7893644176823169  2.542623321020959 1.7990860174944803  2.5389649998558026 1.808791715517128  2.5352726925224833 1.8184817735954979  2.531546132446048 1.8281564543580724  2.5277850712803711 1.8378159666609104  2.5239893295965632 1.8474603426267251  2.5201587241271155 1.857089627309727  2.516293079332661 1.8667038521774426  2.5123922224951358 1.876303042890417  2.5084559862745448 1.8858872174493582  2.5044842106852356 1.8954563849858366  2.5004767374341381 1.9050105551961494  2.496433407529012 1.9145497414740344  2.4923540699585591 1.9240739479241977  2.4882385807899805 1.9335831721164678  2.4840867980962265 1.9430774098869537  2.4798985869776411 1.9525566497785456  2.475673819018299 1.9620208751779744  2.4714123772234067 1.9714700529964053  2.4671141626041697 1.980904115373046  2.462779082779329 1.9903229952123478  2.4584070608254596 1.9997266098169926  2.4539980000558241 2.0091149223001596  2.4495517962783993 2.0184879170505434  2.4450683582774015 2.027845565546035  2.4405476038367246 2.0371878343606218  2.43598945930693 2.0465146866153652  2.4313938674404674 2.0558260708849483  2.4267607459048666 2.0651219847196143  2.4220900002958694 2.0744024508911605  2.4173815505265295 2.0836674777428064  2.4126353249688024 2.0929170691067207  2.4078512623080348 2.1021512224047556  2.4030293121404136 2.1113699285986045  2.3981694329128098 2.1205731765665874  2.3932716017753024 2.1297609379284896  2.3883357786749757 2.1389332269439723  2.3833617677181742 2.1480903206570221  2.378349404600633 2.1572324703138199  2.3732985251639143 2.166359925239123  2.3682089723996214 2.1754729246246294  2.3630805949003157 2.1845716998871385  2.3579132475533657 2.1936564742998219  2.3527067918436662 2.2027274630013771  2.3474610955044088 2.2117848742585502  2.3421760351991754 2.2208289053628314  2.3368515386614805 2.2298596759059164  2.3314875417082255 2.2388773026362148  2.3260839887433771 2.2478818938153191  2.3206408332342905 2.2568735510821281  2.3151580391160791 2.2658523707507054  2.3096355807699926 2.2748184432301524  2.30407344367319 2.2837718555918047  2.2984716233940823 2.2927126805099949  2.29283012625217 2.3016409792902892  2.2871489704924728 2.310556809573169  2.2814281864101744 2.3194602238007351  2.2756678166755755 2.32835126999773  2.269867916807673 2.3372299917015922  2.2640285548456243 2.3460964289723694  2.2581498140695473 2.3549506159215343  2.252231738855051 2.3637926476486646  2.2462743832358427 2.3726226167461433  2.2402778142242701 2.3814406106454404  2.234242107277264 2.3902467077627381  2.2281673502265473 2.3990409814350442  2.2220536439042093 2.407823500448667  2.2159011019831389 2.4165943296118471  2.2097098525944929 2.4253535281843712  2.203480033595119 2.4341011568188304  2.1972118114288475 2.442837252581346  2.1909052985723569 2.4515619411859531  2.1845605454029071 2.4602754414724748  2.1781776277087572 2.4689779459227257  2.1717566277857578 2.4776696469910386  2.1652976397715848 2.4863507302200474  2.1588007684818864 2.4950213762584013  2.1522661299843158 2.5036817604946671  2.1456938516998756 2.5123320533321749  2.1390840726358551 2.5209724202900343  2.1324369435411215 2.5296030221624313  2.1257526272142915 2.538224015121759  2.1190312982492645 2.546835550988316  2.1122731448472352 2.5554377768898182  2.1054783628916209 2.5640308371920804  2.0986471907309512 2.57261487561804  2.0917798768393716 2.5811899861343268  2.0848766822401585 2.5897562660000233  2.07793788204396 2.5983138071590952  2.0709637652010886 2.6068626987251342  2.0639546347196238 2.6154030264896342  2.056910807745878 2.6239348732229009  2.0498326156664302 2.6324583187590491  2.042720404195471 2.6409734401279672  2.0355745334305477 2.6494803116904433  2.0283953779775752 2.6579790051871339  2.0211833267561716 2.666469590101086  2.0139387839372733 2.6749521328234969  2.0066621655916634 2.6834267002622387  1.9993539122803949 2.6918933468449806  1.9920143666426715 2.7003522436161758  1.9846438675561588 2.7088035738557905  1.9772427693925465 2.7172475129685525  1.9698114369654116 2.7256842339266885  1.9623502469109728 2.7341139059491404  1.954859587311816 2.7425366949782304  1.9473398578602286 2.7509527637256901  1.9397914695631913 2.7593622716389605  1.932214845698859 2.7677653756278824  1.9246104242541109 2.7761622341502292  1.9169786564041547 2.7845530006608734  1.9093199960978808 2.7929378344493969  1.9016348940051218 2.8013169056127674  1.8939238143356973 2.8096903790740408  1.8861872314181294 2.8180584178635164  1.8784256305232234 2.8264211823501864  1.8706395074930291 2.834778830596274  1.8628293688408064 2.8431315182600909  1.854995731098291 2.8514793991744658  1.8471391241396284 2.8598226222908831  1.839260088925702 2.8681613337846805  1.8313591763080346 2.8764956780970974  1.8234369470156124 2.8848257978707834  1.8154939718907419 2.8931518336871687  1.8075308298441064 2.9014739257176601  1.7995481038826384 2.9097922168874271  1.7915463868425592 2.9181068478884469  1.7835262800811762 2.9264179582397873  1.7754883942722703 2.9347256853148918  1.767433346220836 2.943030167602037  1.7593617697768431 2.9513315326853453  1.7512743468908396 2.9596298641396386  1.743171763000342 2.9679252497168598  1.7350547126447056 2.976217774915991  1.7269238975936352 2.9845075246891075  1.7187800267290736 2.9927945832525666  1.7106238157129436 3.0010790311543221  1.7024559873547354 3.009360948152985  1.694277270421175 3.0176404132215819  1.6860883993955311 3.0259175047625484  1.6778901143008293 3.0341922996244461  1.6696831596517872 3.0424648740079441  1.661468286384252 3.0507353016281602  1.653246239668102 3.0590036655290063  1.6450177616343007 3.0672700548756975  1.6367835991941959 3.0755345565339907  1.6285445016971649 3.083797257558488  1.6203012212214256 3.0920582443799125  1.6120545112422799 3.1003176032596413  1.6038051306511616 3.1085754169685198  1.595553840955634 3.1168317666947329  1.587301404116142 3.1250867331249799  1.5790485821509037 3.133340398487757  1.5735469520496652 3.1388420284734919  1.5707963267948966 3.1415926535897931 
 0 4 0.005681818181818182 1 0.011363636363636364 1 0.017045454545454544 1 0.022727272727272728 1 0.028409090909090912 1 0.034090909090909088 1 0.039772727272727272 1 0.045454545454545456 1 0.05113636363636364 1 0.056818181818181823 1 0.0625 1 0.068181818181818177 1 0.073863636363636367 1 0.079545454545454544 1 0.085227272727272735 1 0.090909090909090912 1 0.096590909090909088 1 0.10227272727272728 1 0.10795454545454546 1 0.11363636363636365 1 0.11931818181818182 1 0.125 1 0.13068181818181818 1 0.13636363636363635 1 0.14204545454545456 1 0.14772727272727273 1 0.15340909090909091 1 0.15909090909090909 1 0.16477272727272727 1 0.17045454545454547 1 0.17613636363636365 1 0.18181818181818182 1 0.1875 1 0.19318181818181818 1 0.19886363636363638 1 0.20454545454545456 1 0.21022727272727273 1 0.21590909090909091 1 0.22159090909090909 1 0.22727272727272729 1 0.23295454545454547 1 0.23863636363636365 1 0.24431818181818182 1 0.25 1 0.25568181818181818 1 0.26136363636363635 1 0.26704545454545453 1 0.27272727272727271 1 0.27840909090909094 1 0.28409090909090912 1 0.28977272727272729 1 0.29545454545454547 1 0.30113636363636365 1 0.30681818181818182 1 0.3125 1 0.31818181818181818 1 0.32386363636363635 1 0.32954545454545453 1 0.33522727272727276 1 0.34090909090909094 1 0.34659090909090912 1 0.35227272727272729 1 0.35795454545454547 1 0.36363636363636365 1 0.36931818181818182 1 0.375 1 0.38068181818181818 1 0.38636363636363635 1 0.39204545454545453 1 0.39772727272727276 1 0.40340909090909094 1 0.40909090909090912 1 0.41477272727272729 1 0.42045454545454547 1 0.42613636363636365 1 0.43181818181818182 1 0.4375 1 0.44318181818181818 1 0.44886363636363635 1 0.45454545454545459 1 0.46022727272727276 1 0.46590909090909094 1 0.47159090909090912 1 0.47727272727272729 1 0.48295454545454547 1 0.48863636363636365 1 0.49431818181818182 1 0.5 1 0.50568181818181823 1 0.51136363636363635 1 0.51704545454545459 1 0.52272727272727271 1 0.52840909090909094 1 0.53409090909090906 1 0.53977272727272729 1 0.54545454545454541 1 0.55113636363636365 1 0.55681818181818188 1 0.5625 1 0.56818181818181823 1 0.57386363636363635 1 0.57954545454545459 1 0.58522727272727271 1 0.59090909090909094 1 0.59659090909090906 1 0.60227272727272729 1 0.60795454545454553 1 0.61363636363636365 1 0.61931818181818188 1 0.625 1 0.63068181818181823 1 0.63636363636363635 1 0.64204545454545459 1 0.64772727272727271 1 0.65340909090909094 1 0.65909090909090906 1 0.66477272727272729 1 0.67045454545454553 1 0.67613636363636365 1 0.68181818181818188 1 0.6875 1 0.69318181818181823 1 0.69886363636363635 1 0.70454545454545459 1 0.71022727272727271 1 0.71590909090909094 1 0.72159090909090906 1 0.72727272727272729 1 0.73295454545454553 1 0.73863636363636365 1 0.74431818181818188 1 0.75 1 0.75568181818181823 1 0.76136363636363635 1 0.76704545454545459 1 0.77272727272727271 1 0.77840909090909094 1 0.78409090909090906 1 0.78977272727272729 1 0.79545454545454553 1 0.80113636363636365 1 0.80681818181818188 1 0.8125 1 0.81818181818181823 1 0.82386363636363635 1 0.82954545454545459 1 0.83522727272727271 1 0.84090909090909094 1 0.84659090909090906 1 0.85227272727272729 1 0.85795454545454553 1 0.86363636363636365 1 0.86931818181818188 1 0.875 1 0.88068181818181823 1 0.88636363636363635 1 0.89204545454545459 1 0.89772727272727271 1 0.90340909090909094 1 0.90909090909090917 1 0.91477272727272729 1 0.92045454545454553 1 0.92613636363636365 1 0.93181818181818188 1 0.9375 1 0.94318181818181823 1 0.94886363636363635 1 0.95454545454545459 1 0.96022727272727271 1 0.96590909090909094 1 0.97159090909090917 1 0.97727272727272729 1 0.98295454545454553 1 0.98863636363636365 1 0.99431818181818188 1 1 4
1 0 -4.5 0 -1 
7 0 0  3 179 177  2.0943951019951381 1.570796326105421  2.0953735613477318 1.5741858070693477  2.0973397345489757 1.5809566235505637  2.1003170115979302 1.5910889036504934  2.1033225593680394 1.6011977369253443  2.1063566323303684 1.6112835998961383  2.1094194855299282 1.6213469551078175  2.1125113739183083 1.6313882467556458  2.1156325559731775 1.6414079144441029  2.1187832856162094 1.6514063684453313  2.1219638145669313 1.6613839976879501  2.1251743952340156 1.6713411790269299  2.1284152791379478 1.6812782743744916  2.1316867178998082 1.6911956344699874  2.1349889604967403 1.701093589844614  2.1383222653786147 1.7109724890142863  2.141686905778255 1.7208327132364054  2.1450831523745801 1.7306746226331331  2.1485112760315195 1.7404985658792456  2.1519715467777019 1.750304879976041  2.1554642349511912 1.7600938917071247  2.158989610346663 1.7698659156973282  2.1625479409256076 1.7796212537062055  2.1661394938425693 1.7893601964841863  2.1697645352119133 1.7990830232759387  2.1734233304244208 1.8087900047955487  2.1771161411577116 1.8184813955597363  2.1808432363732795 1.8281574624309274  2.1846048464807786 1.8378183661670722  2.1884011318963386 1.8474640903532862  2.1922322595474233 1.8570946406554514  2.1960983874135263 1.8667100074614829  2.1999996715911823 1.8763101784314797  2.2039362620033378 1.8858951345957742  2.2079082988630048 1.8954648447476359  2.211915929176961 1.9050192984237189  2.215959305218957 1.9145585010894031  2.2200385698342742 1.9240824460478956  2.2241538585207969 1.9335911204253931  2.2283053057809803 1.9430845124399909  2.2324930395839728 1.9525626041416826  2.2367171813531255 1.962025371001491  2.240977840501833 1.971472775848282  2.2452751451543427 1.9809048256518189  2.2496092225483628 1.9903215329547335  2.2539801912474671 1.9997229025041181  2.2583881568987918 2.009108924632053  2.2628332403571862 2.0184796275468546  2.2673155750540128 2.0278350695831482  2.2718352821738157 2.0371752937232368  2.2763924753180169 2.0465003388184728  2.2809872619063669 2.0558102349922747  2.2856197415556707 2.0651050036958094  2.2902900064380094 2.074384663922463  2.2949981315371062 2.0836492149551846  2.2997442231486103 2.092898723070554  2.3045284062753364 2.1021332945041387  2.3093507916971161 2.1113530174493236  2.3142114833980378 2.1205579762345779  2.3191105762292774 2.1297482478316518  2.3240481558832826 2.13892390341086  2.3290242993762122 2.148085007376503  2.3340390794556445 2.157231612126052  2.3390925584922719 2.1663637640614981  2.3441847889801095 2.1754815037050408  2.3493158121638147 2.1845848647180564  2.3544856609708389 2.1936738795970689  2.3596943475798637 2.2027485597621785  2.364941912411699 2.2118089785466375  2.3702284649396348 2.2208553325659746  2.3755540933412718 2.2298877885586084  2.3809188806089199 2.2389065129918189  2.3863229026527448 2.2479116612334313  2.3917662280658574 2.2569033808309356  2.3972489160139485 2.265881812817661  2.4027710164007821 2.2748470916610506  2.4083325694539113 2.2837993455423962  2.4139336054637113 2.2927386965506886  2.4195741444793102 2.3016652609014625  2.4252541960160205 2.3105791491522325  2.4309737587543818 2.319480466414733  2.4367328202579941 2.3283693125895262  2.4425313566237112 2.3372457825177162  2.4483693323851141 2.3461099664431662  2.4542466994746954 2.354961949314295  2.4601633997047694 2.3638018144134256  2.4661193541243427 2.3726296308302275  2.4721145287514181 2.3814455351088855  2.4781488987503799 2.3902496775467381  2.4842224240621791 2.3990421969377338  2.4903350547149152 2.4078232280769742  2.4964867290761963 2.4165928999763779  2.5026773739995551 2.4253513365695798  2.5089069044665346 2.4340986567499363  2.5151752233676583 2.4428349745868707  2.5214822212505426 2.4515603994936721  2.527827776081724 2.4602750364070447  2.534211753010382 2.4689789859618623  2.5406340041377455 2.4776723446650641  2.5470943682917455 2.4863552050674009  2.5535926708079777 2.4950276559322044  2.5601287233163355 2.5036897824035296  2.566702323537966 2.5123416661633979  2.5733132550778497 2.5209833856146422  2.5799612872703803 2.5296150159512987  2.5866461748666292 2.5382366296312577  2.5933677451640826 2.5468483826767279  2.6001258134743996 2.5554504261943229  2.6069201834797062 2.5640429061296537  2.6137506440730305 2.5726259665947633  2.6206169696164276 2.5811997496894095  2.6275189222313386 2.5897643930262331  2.6344562510968759 2.5983200304603296  2.6414286924825627 2.6068667920667439  2.6484359695504116 2.615404804268354  2.6554777923962551 2.6239341901028759  2.6625538574184269 2.6324550687705033  2.6696638491940203 2.6409675579055731  2.6768074330562963 2.6494717656561306  2.6839842873028084 2.6579678261301729  2.6911941080967821 2.6664559030139965  2.6984365731242566 2.6749361495539854  2.7057113493550062 2.6834087173237804  2.7130180909296935 2.6918737540581019  2.7203564395365896 2.7003314042137152  2.7277260247620903 2.708781809545842  2.7351264621167362 2.7172251068849076  2.7425573606678433 2.7256614373445744  2.750018346285334 2.7340909728783784  2.7575090298084501 2.7425138783428897  2.7650290112271674 2.7509303166084758  2.7725778785059627 2.7593404473157199  2.7801552082917733 2.7677444273371723  2.7877605654437168 2.7761424109670831  2.7953935032368222 2.7845345499102043  2.8030535630976918 2.7929209930623222  2.8107402759703515 2.8013018878850846  2.818453165076515 2.8096773830130446  2.8261917419576945 2.8180476243629151  2.8339555067568294 2.8264127553924605  2.8417439497949339 2.8347729187136874  2.8495565614987552 2.8431282659126587  2.857392820799292 2.8514789455715475  2.8652521963414488 2.8598251045107226  2.873134146410858 2.8681668875411428  2.8810381204975442 2.8765044385710619  2.8889635565989358 2.8848378981964093  2.8969098879248083 2.8931674108393319  2.9048765170261279 2.9014930964246815  2.9128627931320348 2.90981502667118  2.9208680627726711 2.9181332801868702  2.9288916605045836 2.9264479325928576  2.9369329129140507 2.9347590580472334  2.9449911381357148 2.9430667286409502  2.9530656453332584 2.9513710157139976  2.9611557349401432 2.9596719896507517  2.9692607006698606 2.9679697195673289  2.9773798289043611 2.9762642735219411  2.985512398447304 2.9845557187396796  2.993657680871177 2.9928441214501236  3.0018149414337709 3.001129546053567  3.009983439573821 3.0094120566281171  3.0181624281539605 3.0176917157895211  3.0263511565128307 3.0259685873588564  3.0345488825314857 3.0342427478806231  3.0427548582046371 3.0425142717946345  3.0509683316801217 3.0507832329771127  3.0591885470611997 3.0590497046245892  3.0674147448755971 3.0673137596403137  3.0756461625482312 3.0755754699326427  3.0838820356091587 3.0838349070360094  3.0921215941329527 3.0920921396887562  3.1003640640654111 3.1003472343822032  3.1086086706471434 3.1086002572623963  3.1168546382054712 3.1168512733655018  3.1251011904100832 3.1251003492694971  3.1333475508130855 3.1333475515534635  3.1388444796445119 3.1388444800926627  3.1415926535897949 3.1415926535897931 
 0 4 0.005681818181818182 1 0.011363636363636364 1 0.017045454545454544 1 0.022727272727272728 1 0.028409090909090912 1 0.034090909090909088 1 0.039772727272727272 1 0.045454545454545456 1 0.05113636363636364 1 0.056818181818181823 1 0.0625 1 0.068181818181818177 1 0.073863636363636367 1 0.079545454545454544 1 0.085227272727272735 1 0.090909090909090912 1 0.096590909090909088 1 0.10227272727272728 1 0.10795454545454546 1 0.11363636363636365 1 0.11931818181818182 1 0.125 1 0.13068181818181818 1 0.13636363636363635 1 0.14204545454545456 1 0.14772727272727273 1 0.15340909090909091 1 0.15909090909090909 1 0.16477272727272727 1 0.17045454545454547 1 0.17613636363636365 1 0.18181818181818182 1 0.1875 1 0.19318181818181818 1 0.19886363636363638 1 0.20454545454545456 1 0.21022727272727273 1 0.21590909090909091 1 0.22159090909090909 1 0.22727272727272729 1 0.23295454545454547 1 0.23863636363636365 1 0.24431818181818182 1 0.25 1 0.25568181818181818 1 0.26136363636363635 1 0.26704545454545453 1 0.27272727272727271 1 0.27840909090909094 1 0.28409090909090912 1 0.28977272727272729 1 0.29545454545454547 1 0.30113636363636365 1 0.30681818181818182 1 0.3125 1 0.31818181818181818 1 0.32386363636363635 1 0.32954545454545453 1 0.33522727272727276 1 0.34090909090909094 1 0.34659090909090912 1 0.35227272727272729 1 0.35795454545454547 1 0.36363636363636365 1 0.36931818181818182 1 0.375 1 0.38068181818181818 1 0.38636363636363635 1 0.39204545454545453 1 0.39772727272727276 1 0.40340909090909094 1 0.40909090909090912 1 0.41477272727272729 1 0.42045454545454547 1 0.42613636363636365 1 0.43181818181818182 1 0.4375 1 0.44318181818181818 1 0.44886363636363635 1 0.45454545454545459 1 0.46022727272727276 1 0.46590909090909094 1 0.47159090909090912 1 0.47727272727272729 1 0.48295454545454547 1 0.48863636363636365 1 0.49431818181818182 1 0.5 1 0.50568181818181823 1 0.51136363636363635 1 0.51704545454545459 1 0.52272727272727271 1 0.52840909090909094 1 0.53409090909090906 1 0.53977272727272729 1 0.54545454545454541 1 0.55113636363636365 1 0.55681818181818188 1 0.5625 1 0.56818181818181823 1 0.57386363636363635 1 0.57954545454545459 1 0.58522727272727271 1 0.59090909090909094 1 0.59659090909090906 1 0.60227272727272729 1 0.60795454545454553 1 0.61363636363636365 1 0.61931818181818188 1 0.625 1 0.63068181818181823 1 0.63636363636363635 1 0.64204545454545459 1 0.64772727272727271 1 0.65340909090909094 1 0.65909090909090906 1 0.66477272727272729 1 0.67045454545454553 1 0.67613636363636365 1 0.68181818181818188 1 0.6875 1 0.69318181818181823 1 0.69886363636363635 1 0.70454545454545459 1 0.71022727272727271 1 0.71590909090909094 1 0.72159090909090906 1 0.72727272727272729 1 0.73295454545454553 1 0.73863636363636365 1 0.74431818181818188 1 0.75 1 0.75568181818181823 1 0.76136363636363635 1 0.76704545454545459 1 0.77272727272727271 1 0.77840909090909094 1 0.78409090909090906 1 0.78977272727272729 1 0.79545454545454553 1 0.80113636363636365 1 0.80681818181818188 1 0.8125 1 0.81818181818181823 1 0.82386363636363635 1 0.82954545454545459 1 0.83522727272727271 1 0.84090909090909094 1 0.84659090909090906 1 0.85227272727272729 1 0.85795454545454553 1 0.86363636363636365 1 0.86931818181818188 1 0.875 1 0.88068181818181823 1 0.88636363636363635 1 0.89204545454545459 1 0.89772727272727271 1 0.90340909090909094 1 0.90909090909090917 1 0.91477272727272729 1 0.92045454545454553 1 0.92613636363636365 1 0.93181818181818188 1 0.9375 1 0.94318181818181823 1 0.94886363636363635 1 0.95454545454545459 1 0.96022727272727271 1 0.96590909090909094 1 0.97159090909090917 1 0.97727272727272729 1 0.98295454545454553 1 0.98863636363636365 1 0.99431818181818188 1 1 4
1 6.2831853071795862 4.4408920985006301e-16 -1 0 
7 0 0  3 179 177  2.6179938783895538 1.5707963261054205  2.6170154190369606 1.5741858070693486  2.6150492458357188 1.5809566235505648  2.6120719687867626 1.5910889036504903  2.6090664210166539 1.6011977369253481  2.6060323480543262 1.6112835998961377  2.602969494854765 1.6213469551078183  2.5998776064663849 1.6313882467556469  2.5967564244115162 1.6414079144441025  2.5936056947684829 1.6514063684453355  2.5904251658177606 1.6613839976879579  2.5872145851506736 1.6713411790269406  2.583973701246745 1.6812782743744972  2.5807022624848841 1.6911956344699848  2.5774000198879525 1.7010935898446125  2.5740667150060799 1.7109724890142759  2.5707020746064386 1.7208327132363961  2.567305828010114 1.730674622633122  2.5638777043531742 1.7404985658792427  2.5604174336069914 1.7503048799760337  2.5569247454335025 1.7600938917071136  2.5533993700380306 1.7698659156973184  2.5498410394590869 1.7796212537061948  2.5462494865421226 1.789360196484181  2.5426244451727777 1.7990830232759363  2.5389656499602697 1.8087900047955419  2.5352728392269777 1.8184813955597317  2.5315457440114097 1.8281574624309156  2.5277841339039142 1.8378183661670529  2.5239878484883547 1.8474640903532609  2.5201567208372695 1.8570946406554332  2.5162905929711665 1.8667100074614615  2.5123893087935114 1.8763101784314593  2.5084527183813545 1.8858951345957549  2.5044806815216885 1.8954648447476155  2.5004730512077327 1.9050192984236978  2.4964296751657371 1.914558501089386  2.4923504105504191 1.9240824460478831  2.4882351218638954 1.9335911204253908  2.4840836746037129 1.9430845124400002  2.4798959408007213 1.9525626041416879  2.4756717990315682 1.9620253710014905  2.4714111398828602 1.9714727758482788  2.4671138352303514 1.980904825651816  2.46277975783633 1.9903215329547281  2.4584087891372262 1.9997229025041228  2.4540008234859014 2.009108924632061  2.4495557400275074 2.0184796275468613  2.4450734053306808 2.0278350695831633  2.4405536982108784 2.0371752937232541  2.4359965050666794 2.0465003388184826  2.431401718478329 2.0558102349922875  2.4267692388290274 2.0651050036958116  2.4220989739466892 2.0743846639224612  2.4173908488475915 2.083649214955174  2.4126447572360892 2.0928987230705469  2.4078605741093613 2.1021332945041271  2.4030381886875802 2.1113530174493169  2.3981774969866581 2.120557976234573  2.3932784041554176 2.1297482478316483  2.3883408245014128 2.1389239034108525  2.3833646810084841 2.1480850073764928  2.378349900929047 2.1572316121260422  2.3732964218924217 2.1663637640614755  2.3682041914045824 2.175481503705019  2.3630731682208772 2.1845848647180279  2.357903319413853 2.1936738795970374  2.3526946328048304 2.202748559762139  2.347447067972992 2.211808978546614  2.3421605154450584 2.2208553325659466  2.336834887043421 2.2298877885585937  2.3314700997757756 2.2389065129917989  2.3260660777319502 2.2479116612334273  2.3206227523188363 2.2569033808309364  2.3151400643707456 2.265881812817665  2.3096179639839107 2.2748470916610639  2.3040564109307828 2.2837993455424135  2.2984553749209837 2.2927386965507108  2.2928148359053844 2.3016652609014829  2.2871347843686749 2.3105791491522596  2.2814152216303136 2.3194804664147584  2.2756561601267018 2.3283693125895581  2.2698576237609869 2.3372457825177397  2.2640196479995809 2.346109966443187  2.2581422809100009 2.354961949314319  2.2522255806799265 2.3638018144134323  2.2462696262603528 2.3726296308302395  2.2402744516332778 2.3814455351088766  2.2342400816343178 2.3902496775467257  2.2281665563225177 2.3990421969377183  2.2220539256697829 2.4078232280769556  2.2159022513085009 2.416592899976354  2.2097116063851403 2.425351336569558  2.203482075918163 2.4340986567499119  2.197213757017038 2.442834974586841  2.1909067591341551 2.4515603994936459  2.1845612043029741 2.4602750364070207  2.1781772273743156 2.4689789859618392  2.1717549762469521 2.4776723446650499  2.1652946120929526 2.4863552050673836  2.1587963095767213 2.4950276559321938  2.1522602570683596 2.5036897824035256  2.1456866568467325 2.5123416661633984  2.1390757253068449 2.5209833856146515  2.1324276931143182 2.5296150159513147  2.1257428055180667 2.5382366296312844  2.1190212352206128 2.5468483826767554  2.1122631669102976 2.5554504261943576  2.1054687969049883 2.5640429061296937  2.0986383363116654 2.5726259665948055  2.0917720107682669 2.5811997496894494  2.0848700581533568 2.5897643930262584  2.07793272928782 2.5983200304603602  2.0709602879021327 2.6068667920667545  2.0639530108342843 2.6154048042683589  2.0569111879884416 2.6239341901028759  2.0498351229662664 2.632455068770482  2.0427251311906756 2.6409675579055572  2.0355815473283978 2.6494717656561071  2.028404693081888 2.6579678261301289  2.0211948722879121 2.6664559030139658  2.0139524072604384 2.6749361495539379  2.006677631029691 2.6834087173237369  1.9993708894550022 2.6918737540580602  1.9920325408481094 2.7003314042136797  1.9846629556226105 2.7087818095458163  1.9772625182679657 2.7172251068848889  1.9698316197168626 2.7256614373445767  1.9623706340993778 2.7340909728783909  1.9548799505762611 2.7425138783429177  1.9473599691575432 2.7509303166084926  1.9398111018787425 2.759340447315719  1.9322337720929261 2.7677444273371479  1.9246284149409836 2.7761424109670592  1.9169954771478741 2.7845345499101635  1.9093354172870072 2.7929209930622858  1.9016487044143442 2.8013018878850389  1.8939358153081842 2.809677383013002  1.8861972384270025 2.8180476243628769  1.8784334736278705 2.8264127553924276  1.8706450305897693 2.8347729187136608  1.86283241888595 2.8431282659126516  1.8549961595854183 2.8514789455715435  1.8471367840432598 2.8598251045107195  1.8392548339738528 2.8681668875411521  1.8313508598871595 2.8765044385710619  1.8234254237857694 2.8848378981964142  1.8154790924598949 2.8931674108393306  1.80751246335857 2.9014930964246908  1.7995261872526662 2.9098150266711711  1.7915209176120312 2.9181332801868747  1.7834973198801136 2.9264479325928483  1.7754560674706541 2.9347590580472032  1.7673978422489822 2.9430667286409138  1.7593233350514439 2.9513710157139639  1.7512332454445603 2.9596719896507109  1.7431282797148404 2.9679697195673049  1.7350091514803434 2.9762642735219398  1.7268765819373952 2.9845557187397111  1.7187312995135258 2.992844121450196  1.7105740389509294 3.0011295460536354  1.7024055408108794 3.0094120566281921  1.6942265522307391 3.0176917157895939  1.6860378238718685 3.0259685873589239  1.6778400978532102 3.0342427478807017  1.6696341221800586 3.0425142717947198  1.6614206487045726 3.050783232977202  1.6532004333234929 3.0590497046246923  1.6449742355091008 3.0673137596404061  1.6367428178364625 3.075575469932748  1.6285069447755411 3.0838349070360951  1.6202673862517536 3.0920921396888552  1.6120249163192981 3.1003472343822756  1.6037803097375765 3.1086002572624554  1.5955343421792496 3.1168512733655556  1.5872877899746451 3.1251003492695206  1.579041429571632 3.1333475515535163  1.5735445007401903 3.1388444800926938  1.5707963267948974 3.1415926535897931 
 0 4 0.005681818181818182 1 0.011363636363636364 1 0.017045454545454544 1 0.022727272727272728 1 0.028409090909090912 1 0.034090909090909088 1 0.039772727272727272 1 0.045454545454545456 1 0.05113636363636364 1 0.056818181818181823 1 0.0625 1 0.068181818181818177 1 0.073863636363636367 1 0.079545454545454544 1 0.085227272727272735 1 0.090909090909090912 1 0.096590909090909088 1 0.10227272727272728 1 0.10795454545454546 1 0.11363636363636365 1 0.11931818181818182 1 0.125 1 0.13068181818181818 1 0.13636363636363635 1 0.14204545454545456 1 0.14772727272727273 1 0.15340909090909091 1 0.15909090909090909 1 0.16477272727272727 1 0.17045454545454547 1 0.17613636363636365 1 0.18181818181818182 1 0.1875 1 0.19318181818181818 1 0.19886363636363638 1 0.20454545454545456 1 0.21022727272727273 1 0.21590909090909091 1 0.22159090909090909 1 0.22727272727272729 1 0.23295454545454547 1 0.23863636363636365 1 0.24431818181818182 1 0.25 1 0.25568181818181818 1 0.26136363636363635 1 0.26704545454545453 1 0.27272727272727271 1 0.27840909090909094 1 0.28409090909090912 1 0.28977272727272729 1 0.29545454545454547 1 0.30113636363636365 1 0.30681818181818182 1 0.3125 1 0.31818181818181818 1 0.32386363636363635 1 0.32954545454545453 1 0.33522727272727276 1 0.34090909090909094 1 0.34659090909090912 1 0.35227272727272729 1 0.35795454545454547 1 0.36363636363636365 1 0.36931818181818182 1 0.375 1 0.38068181818181818 1 0.38636363636363635 1 0.39204545454545453 1 0.39772727272727276 1 0.40340909090909094 1 0.40909090909090912 1 0.41477272727272729 1 0.42045454545454547 1 0.42613636363636365 1 0.43181818181818182 1 0.4375 1 0.44318181818181818 1 0.44886363636363635 1 0.45454545454545459 1 0.46022727272727276 1 0.46590909090909094 1 0.47159090909090912 1 0.47727272727272729 1 0.48295454545454547 1 0.48863636363636365 1 0.49431818181818182 1 0.5 1 0.50568181818181823 1 0.51136363636363635 1 0.51704545454545459 1 0.52272727272727271 1 0.52840909090909094 1 0.53409090909090906 1 0.53977272727272729 1 0.54545454545454541 1 0.55113636363636365 1 0.55681818181818188 1 0.5625 1 0.56818181818181823 1 0.57386363636363635 1 0.57954545454545459 1 0.58522727272727271 1 0.59090909090909094 1 0.59659090909090906 1 0.60227272727272729 1 0.60795454545454553 1 0.61363636363636365 1 0.61931818181818188 1 0.625 1 0.63068181818181823 1 0.63636363636363635 1 0.64204545454545459 1 0.64772727272727271 1 0.65340909090909094 1 0.65909090909090906 1 0.66477272727272729 1 0.67045454545454553 1 0.67613636363636365 1 0.68181818181818188 1 0.6875 1 0.69318181818181823 1 0.69886363636363635 1 0.70454545454545459 1 0.71022727272727271 1 0.71590909090909094 1 0.72159090909090906 1 0.72727272727272729 1 0.73295454545454553 1 0.73863636363636365 1 0.74431818181818188 1 0.75 1 0.75568181818181823 1 0.76136363636363635 1 0.76704545454545459 1 0.77272727272727271 1 0.77840909090909094 1 0.78409090909090906 1 0.78977272727272729 1 0.79545454545454553 1 0.80113636363636365 1 0.80681818181818188 1 0.8125 1 0.81818181818181823 1 0.82386363636363635 1 0.82954545454545459 1 0.83522727272727271 1 0.84090909090909094 1 0.84659090909090906 1 0.85227272727272729 1 0.85795454545454553 1 0.86363636363636365 1 0.86931818181818188 1 0.875 1 0.88068181818181823 1 0.88636363636363635 1 0.89204545454545459 1 0.89772727272727271 1 0.90340909090909094 1 0.90909090909090917 1 0.91477272727272729 1 0.92045454545454553 1 0.92613636363636365 1 0.93181818181818188 1 0.9375 1 0.94318181818181823 1 0.94886363636363635 1 0.95454545454545459 1 0.96022727272727271 1 0.96590909090909094 1 0.97159090909090917 1 0.97727272727272729 1 0.98295454545454553 1 0.98863636363636365 1 0.99431818181818188 1 1 4
1 9.4247779607693793 0.17677669529663664 -1 0 
1 0 1 1 0 
1 9.4247779607693793 0 0 1 
1 3.1415926535897931 0 0 1 
1 0 0.25000000000000056 1 0 
1 9.4247779607693793 -0.17677669529663712 -1 0 
1 6.2831853071795862 0 0 1 
1 0 0 0 1 
1 0 -0.17677669529663712 1 0 
1 0 1.3500000000000008 1 0 
1 1.5707963267948966 2 -1 0 
1 3.1415926535897944 1.5707963267948966 0 1 
1 1.5707963267948974 3.1415926535897931 1 0 
1 0 -4.5 1 1.1308638867425838e-15 
1 2.6179938783895427 1.5707963267948968 1 -4.2407395785085657e-16 
1 1.5707963267948974 1.5707963267948974 5.6543194337129218e-16 1 
1 1.5707963267948957 2.6000000000000001 -1 2.8271597168564609e-16 
1 0 2 0 1 
1 1.5707963267948966 2 0 1 
1 1.5707963267948966 -4.4999999999999982 0 -1 
1 0 2 0 1 
1 1.5707963267948966 4.4999999999999982 0 1 
1 1.5707963267948966 2.599999999999997 -1 8.4814791505693778e-16 
1 1.5707963267948961 1.5707963267948957 -4.2407395752846864e-16 1 
1 3.1415926535897971 1.5707963267948966 0 1 
1 1.5707963267948966 2 -1 0 
1 1.5707963267948966 2 0 1 
1 1.5707963267948994 3.1415926535897931 1 0 
1 1.5707963267948963 -7.4999999999999991 -1 0 
1 1.5707963267948988 1.5707963267948957 1 0 
1 1.5707963267948966 2 -1 0 
1 3.1415926535897936 1.5707963267948966 0 1 
1 1.5707963267948966 3.1415926535897931 1 0 
1 0 -4.5 1 0 
1 2.6179938783895431 1.5707963267948963 1 4.2407395785085761e-16 
1 1.5707963267948966 1.5707963267948974 0 1 
1 1.5707963267948957 2.6000000000000001 -1 0 
1 0 2 0 1 
1 1.5707963267948966 2 0 1 
1 1.5707963267948966 -4.5 0 -1 
1 0 2 0 1 
1 1.5707963267948966 4.5 0 1 
1 1.5707963267948948 2.5999999999999992 -1 2.8271597168564624e-16 
1 1.5707963267948963 1.5707963267948963 0 1 
1 3.1415926535897971 1.5707963267948966 0 1 
1 1.5707963267948966 2 -1 0 
1 1.5707963267948966 2 0 1 
1 1.5707963267948977 3.1415926535897931 1 0 
1 1.5707963267948963 -7.5000000000000009 -1 0 
1 1.5707963267948972 1.5707963267948981 1 1.2722218735525949e-15 
1 1.5707963267948966 2 -1 0 
1 3.1415926535897958 1.5707963267948966 0 1 
1 1.5707963267949001 3.1415926535897931 1 -2.8271597168564609e-16 
1 0 -4.5 1 0 
1 2.6179938783895462 1.570796326794897 1 -8.4814791570171521e-16 
1 1.5707963267948966 1.5707963267948974 2.8271597168564609e-16 1 
1 1.5707963267948957 2.6000000000000001 -1 2.8271597168564609e-16 
1 0 2 0 1 
1 1.5707963267948966 2 0 1 
1 1.5707963267948966 -4.5 0 -1 
1 0 2 0 1 
1 1.5707963267948966 4.5 0 1 
1 1.5707963267948948 2.600000000000001 -1 0 
1 1.5707963267948977 1.5707963267948963 1.4135798584282295e-16 1 
1 3.1415926535897971 1.5707963267948966 0 1 
1 1.5707963267948966 2 -1 0 
1 1.5707963267948966 2 0 1 
1 1.5707963267948974 3.1415926535897931 1 0 
1 1.5707963267948957 -7.5 -1 0 
1 1.5707963267948963 1.5707963267948981 1 1.2722218735525949e-15 
1 0 0 1 0 
1 6.2831853071795862 0 0 1 
1 0 0 0 1 
1 9.4247779607693793 0 0 1 
1 3.1415926535897931 0 0 1 
1 0 0.25000000000000056 1 0 
1 9.4247779607693793 -0.17677669529663712 -1 0 
1 6.2831853071795862 0 0 1 
1 0 0 0 1 
1 0 -0.17677669529663712 1 0 
1 0 1.3500000000000008 1 0 
1 1.5707963267948966 2 -1 0 
1 3.1415926535897949 1.5707963267948966 0 1 
1 1.5707963267948992 3.1415926535897931 1 -2.8271597168564609e-16 
1 0 -4.5 1 0 
1 2.6179938783895449 1.5707963267948961 1 8.48147915701716e-16 
1 1.5707963267948968 1.5707963267948974 4.2407395752846914e-16 1 
1 1.5707963267948957 2.6000000000000001 -1 2.8271597168564609e-16 
1 0 2 0 1 
1 1.5707963267948966 2 0 1 
1 1.5707963267948966 -4.5 0 -1 
1 0 2 0 1 
1 1.5707963267948966 4.5 0 1 
1 1.5707963267948957 2.5999999999999992 -1 2.8271597168564609e-16 
1 1.5707963267948963 1.5707963267948974 0 1 
1 3.1415926535897971 1.5707963267948966 0 1 
1 1.5707963267948966 2 -1 0 
1 1.5707963267948966 2 0 1 
1 1.5707963267948972 3.1415926535897931 1 0 
1 1.5707963267948968 -7.5000000000000009 -1 0 
1 1.5707963267948972 1.5707963267948983 1 8.4814791570173e-16 
1 9.4247779607693793 0 0 1 
1 3.1415926535897931 0 0 1 
1 0 0.25000000000000056 1 0 
1 9.4247779607693793 -0.17677669529663712 -1 0 
1 6.2831853071795862 0 0 1 
1 0 0 0 1 
1 0 -0.17677669529663712 1 0 
1 0 1.3500000000000008 1 0 
1 9.4247779607693776 0 0 1 
1 3.1415926535897909 0 0 1 
1 0 0.25000000000000056 1 0 
1 9.4247779607693793 -0.17677669529663712 -1 0 
1 6.2831853071795862 0 0 1 
1 0 0 0 1 
1 0 -0.17677669529663712 1 0 
1 0 1.3500000000000008 1 0 
1 6.2831853071795862 0 0 1 
1 0 0 0 1 
1 6.2831853071795862 0 0 1 
1 0 0 0 1 
1 1.5707963267948974 1.5707963267948966 1 1.2722218735525955e-15 
1 3.1415926535897931 1.6000000000000005 0 -1 
1 6.2831853071795862 1.6000000000000005 0 -1 
1 2.6179938783895471 1.5707963267948966 1 -8.4814791570171452e-16 
1 0 7.4999999999999991 1 0 
1 1.5707963267949001 3.1415926535897931 1 0 
1 1.570796326794897 3.1415926535897931 1 0 
1 1.570796326794897 4.4999999999999982 -1 1.1308638867425834e-15 
1 1.5707963267948966 1.5707963267948966 1 0 
1 6.2831853071795862 1.600000000000001 0 -1 
1 3.1415926535897931 1.600000000000001 0 -1 
1 2.6179938783895471 1.5707963267948966 1 -8.4814791570171452e-16 
1 0 7.5000000000000009 1 0 
1 1.5707963267949019 3.1415926535897931 1 0 
1 1.5707963267948966 3.1415926535897931 1 0 
1 1.5707963267948966 4.5 -1 0 
1 1.5707963267948966 1.5707963267948966 1 0 
1 3.1415926535897931 1.6000000000000001 0 -1 
1 6.2831853071795862 1.6000000000000001 0 -1 
1 2.6179938783895471 1.5707963267948966 1 -8.4814791570171452e-16 
1 0 7.5 1 0 
1 1.5707963267949019 3.1415926535897931 1 0 
1 1.5707963267948966 3.1415926535897931 1 0 
1 1.5707963267948966 4.5 -1 0 
1 6.2831853071795862 0 0 1 
1 0 0 0 1 
1 1.5707963267948968 1.5707963267948966 1 0 
1 6.2831853071795862 1.6000000000000001 0 -1 
1 3.1415926535897927 1.6000000000000001 0 -1 
1 2.6179938783895471 1.5707963267948966 1 -8.4814791570171452e-16 
1 0 7.5000000000000009 1 0 
1 1.570796326794901 3.1415926535897931 1 0 
1 1.570796326794897 3.1415926535897931 1 0 
1 1.5707963267948966 4.5 -1 0 
1 6.2831853071795862 0 0 1 
1 0 0 0 1 
1 6.2831853071795862 0 0 1 
1 0 0 0 1 
1 6.2831853071795862 0 0 1 
1 0 0 0 1 
1 6.2831853071795862 0 0 1 
1 0 0 0 1 
1 6.2831853071795862 -0 0 1 
1 0 -0 0 1 
1 6.2831853075454376 0 0 1 
1 3.6585134921551798e-10 0 0 1 
1 6.2831853071795862 0 0 1 
1 0 0 0 1 
Curves 195
2 1 0 0 -1 0 0 -0 -1 -6.1232339957367697e-17 0 -6.1232339957367697e-17 1 4.5
7 0 0  1 2 2  1 -4.5 -2.7554552980815463e-16  -4.70982204551244 -4.5 -2.7554552980815463e-16 
 1 2 6.70982204551244 2
7 0 0  3 6 4  -4.7098220455149296 -4.5 -1.36887542710329e-15  -4.7077511478320497 -4.4999999912575799 -0.014673929098456599  -4.70416948170715 -4.4998524223059899 -0.044872224314243501  -4.70078539241862 -4.4991551679416997 -0.091472655045578  -4.7000013485820098 -4.4983371110781603 -0.123418635307169  -4.7000000000000002 -4.4978275179307197 -0.139812799684888 
 0 4 0.31570313266407002 1 0.649149163210749 1 1 4
7 0 0  3 35 33  -4.7000000000000002 -4.4978275179307197 -0.139812799684888  -4.69999798287279 -4.4971769470709901 -0.16079434389146  -4.7015418906162099 -4.4953104662391796 -0.209716200611964  -4.7103161464503396 -4.4907701998777796 -0.29311349713108997  -4.7310204338289301 -4.4830325517973497 -0.395745419854383  -4.7661632975412997 -4.4721471755581996 -0.50396752176983495  -4.8126758440981998 -4.4594863468473198 -0.60485109017565597  -4.8632882614853203 -4.4470027328139601 -0.69009312293375202  -4.9187030122264801 -4.4344832038196298 -0.76627107680506801  -4.9927475865703697 -4.4192308062051699 -0.85040949959642698  -5.0924758975708802 -4.4012896680790199 -0.93893225674108005  -5.2210083467221802 -4.3825941213810902 -1.02213592027059  -5.3538651756806299 -4.36817922583315 -1.0815624747388899  -5.4825070192947001 -4.3588189512883204 -1.1184487093142299  -5.59562688252241 -4.3541750053724702 -1.13630475700327  -5.6710929946577302 -4.35320866418484 -1.1399887022678801  -5.7356459298167604 -4.3533001095951196 -1.13963949012303  -5.7974828730994998 -4.3541677597736204 -1.1363293661068901  -5.8891968372143202 -4.3575504998063996 -1.12332477877894  -5.9879315567455604 -4.3636541655016403 -1.0994749205858201  -6.1061310056040998 -4.3741927786356696 -1.0570729769979399  -6.2330396538639103 -4.3898458157815003 -0.99082536631814999  -6.3577145001879396 -4.40984572446526 -0.89818321964452097  -6.4517527574801301 -4.4281033187549603 -0.80311653321563203  -6.5201394233529202 -4.4431390660051999 -0.714509924872199  -6.5710309870709898 -4.4553624739308404 -0.63406176144194004  -6.6165449485001204 -4.4673037202801797 -0.544384462981501  -6.6557785326711896 -4.4787573620779897 -0.44140714394027297  -6.6824569026227802 -4.4878345322890798 -0.336193880303993  -6.6957953657425904 -4.4936859290272402 -0.24294018668150899  -6.6995957608108201 -4.4964868943020404 -0.180046718135565  -6.7002023427813704 -4.4981025517121997 -0.13241460266777899  -6.6988851608462996 -4.4995261502500998 -0.077172096862949  -6.6944970329142004 -4.5000024602160904 -0.030564920872022599  -6.6901779542306103 -4.5 -1.3549976392954799e-15 
 0 4 0.019094816840859601 1 0.044537665623516402 1 0.076337744309234706 1 0.114469387931702 1 0.14832340625416099 1 0.177903359808815 1 0.205270982565711 1 0.23469655226335201 1 0.28069956317158301 1 0.32734659888074402 1 0.374628750670499 1 0.41335183211322402 1 0.44914481732258399 1 0.47872094558197598 1 0.48200144636370201 1 0.50786623121750296 1 0.53500282202557004 1 0.56624912879922695 1 0.60032831092421002 1 0.64947283771148001 1 0.69683396456015201 1 0.74239654411667899 1 0.77192693916821098 1 0.79946648026712597 1 0.82962770055066803 1 0.863953718232502 1 0.90010129860844901 1 0.92854491157889996 1 0.94971880012943499 1 0.95744549741221596 1 0.971907839268357 1 1 4
7 0 0  1 2 2  -6.6901779542306095 -4.5 -2.7554552980815463e-16  -8.1999999999999993 -4.5 -2.7554552980815463e-16 
 8.6901779542306095 2 10.199999999999999 2
2 -8.1999999999999993 0 0 -1 0 0 -0 -1 -6.1232339957367697e-17 0 -6.1232339957367697e-17 1 4.5
7 0 0  3 33 31  -4.7098220455099504 -4.5 -3.5224461230803397e-11  -4.7127493306941197 -4.5000014919470104 0.020745978337872999  -4.72110765036832 -4.4996640184018402 0.068926838971945001  -4.7414439194478497 -4.4977963452817402 0.150268840165623  -4.7763184593779098 -4.4935253286126002 0.24909392207744799  -4.8263637563613901 -4.4866432098548197 0.351558543350454  -4.8867662652134998 -4.4781870401891402 0.44523806667259402  -4.9491499249124997 -4.4697050864578802 0.52287027585450796  -5.0151343326884801 -4.46119822256603 0.59085185107360205  -5.09052080917112 -4.4521936902650401 0.65524805536859998  -5.1796592720697499 -4.4426999867802204 0.71667444926673995  -5.2801455213016499 -4.4336831467176596 0.77022361206231704  -5.3838342167522999 -4.4263686174107804 0.81095312849483703  -5.48217219136124 -4.4213473646422399 0.83774979000869798  -5.5732953320709999 -4.4183417402170697 0.85340129287316802  -5.6446218425459698 -4.4171863903053996 0.85933987840052195  -5.69803603228958 -4.4169760163428204 0.86042019553503601  -5.7458132211036297 -4.4171368140283498 0.859594599252407  -5.8143529262000602 -4.4180545327014498 0.85487736903671896  -5.9094771306326797 -4.4209102490968597 0.84006930294978999  -6.0225707330155398 -4.4266603153445203 0.80944098787018304  -6.1311153948825101 -4.4345969746296197 0.76502868562925896  -6.2296699404211697 -4.4436722244561402 0.71049148854064803  -6.3127249117108102 -4.452573176424 0.65259334737042096  -6.3861585379541603 -4.4613596808274698 0.58963274637557905  -6.4520436465641904 -4.4698637026380297 0.52152102509931897  -6.5143841445659003 -4.4783466192206101 0.44365208899351899  -6.5746815166436896 -4.4867898486475299 0.34970310626090501  -6.6244402735604204 -4.4936252827437704 0.247255047165959  -6.6589689609493297 -4.4978400906995901 0.148824581339465  -6.6790352645721596 -4.4996716617677297 0.068164362423437694  -6.6872861953690403 -4.5000014323866599 0.0204938638406095  -6.6901779542306103 -4.5 -1.6920849993792999e-15 
 0 4 0.021920401495728999 1 0.051141972752062601 1 0.087681173606250898 1 0.13151208602074799 1 0.17044411390658701 1 0.20447054249659999 1 0.23598100125042801 1 0.269879003221495 1 0.30852355718294 1 0.34952561068083399 1 0.38919253083024502 1 0.42516036216909397 1 0.45615596273889403 1 0.48588666863431101 1 0.49999679852505002 1 0.51205171472591904 1 0.535883546323764 1 0.57185258833884101 1 0.61269761082088603 1 0.65841711370861999 1 0.694594504158903 1 0.73078687193064995 1 0.76463026184989202 1 0.79611231153167705 1 0.83024750873990005 1 0.86926262514767405 1 0.91307708050742797 1 0.94940086319726202 1 0.97834491723099704 1 1 4
7 0 1  3 43 42  -5.0646835306250004 1.3200003069757701e-10 -4.50000000000081  -5.06468348643629 0.0091682531120693394 -4.4999999934344403  -5.06383078572747 0.031782138643597899 -4.4999308215726499  -5.0586009523291899 0.071554515574935307 -4.4995087779339  -5.04551877649671 0.12118704519560899 -4.4984756718604801  -5.0213751034049396 0.17628321551443599 -4.4966639489203404  -4.9832033061921504 0.23355482634718899 -4.4940550387051603  -4.9292236550460098 0.28745337517159603 -4.4909053962191603  -4.8615038965422901 0.330276696449053 -4.4879077118275301  -4.7894040758673198 0.35606056660616697 -4.4859006121240297  -4.7350125311422904 0.36394611331658699 -4.4852584013747201  -4.6910119724108696 0.36507367582529798 -4.4851668276851697  -4.6447253551311496 0.36217443852332998 -4.4854029201501602  -4.5795139129990803 0.34708969653817701 -4.4866159945530004  -4.5080746669906704 0.31357958875625003 -4.4891258540531496  -4.4465631782713597 0.26592624237937001 -4.4922424190737997  -4.3992526095739004 0.21006382525110701 -4.4952144034391903  -4.3674105140678101 0.15372342690011201 -4.4974903213022097  -4.3477371160401503 0.099305752512231199 -4.49900337319648  -4.3375809194128001 0.049286936638540703 -4.4998158865191096  -4.3353551643098296 0.0164604585060261 -4.4999968647042001  -4.3352806721235604 -0.014085050816795499 -4.50000290126804  -4.3371264912440202 -0.044622539775052199 -4.4998527994646302  -4.3453940703951401 -0.089160757614087802 -4.4991900897718802  -4.3598705309853303 -0.13449121161770999 -4.4980655972011698  -4.38240182100908 -0.182144906574919 -4.4964019183476198  -4.4176980318326002 -0.23427970647118601 -4.4940059742701202  -4.4698117300613296 -0.28660070681479599 -4.4909592881565903  -4.5368419372829099 -0.329468864688854 -4.4879681406644396  -4.6088820622679698 -0.35563029793310202 -4.4859351953363999  -4.6638388736393699 -0.36386307240870902 -4.4852651479790202  -4.7078398426142902 -0.36509260553345402 -4.4851652901253196  -4.7540838309386304 -0.36230768950438202 -4.4853919873398196  -4.8187543907264399 -0.34768132433061399 -4.4865694675079304  -4.8903229763755798 -0.31455187102299198 -4.4890566456577998  -4.9520616461648403 -0.26723002473201801 -4.4921639143193604  -4.9996585723549201 -0.21161357642634501 -4.4951408293042601  -5.0317899443262801 -0.15544207568909099 -4.4974307473680497  -5.0505951567555902 -0.104252973035661 -4.4988742447396897  -5.0595072249668096 -0.064242894545836302 -4.4995824987754096  -5.0630436034527104 -0.036681049473091303 -4.4998672726889399  -5.0644209267168696 -0.016899993319830098 -4.4999787050937501  -5.0646835581057799 -0.00570169895468266 -4.5000000040844101 
 0 3 0.0120035727636976 1 0.029598902041505799 1 0.052403720235520097 1 0.079028512227013001 1 0.108079300526216 1 0.14217044585772301 1 0.17837474186777899 1 0.21233629017159 1 0.241844273467472 1 0.25000068758549598 1 0.26991981954150202 1 0.30241735537551401 1 0.33715430353060299 1 0.37262562334309801 1 0.40370302491333399 1 0.43258226794697702 1 0.457025209514487 1 0.47923338129577397 1 0.49922347871809702 1 0.49999944115499001 1 0.51920869786302903 1 0.53918827521573998 1 0.559171854214081 1 0.58137925266589396 1 0.60803945456518305 1 0.64133893848518897 1 0.67758000018651499 1 0.71156997835922497 1 0.74110619109700404 1 0.750000225352627 1 0.769154417382513 1 0.80162416280128301 1 0.83633315836482502 1 0.87180399275026099 1 0.90288029541707804 1 0.93175871950347 1 0.95620102235764404 1 0.97405926573590296 1 0.98533599295418495 1 0.992535027118854 1 1 3
7 0 1  3 66 65  -4.7000000000000002 4.4978275179948799 -0.13981279766830501  -4.7000002500033897 4.4968397313105504 -0.171588833791921  -4.7027740230356398 4.4944141329149003 -0.229716023941852  -4.7145540471265903 4.4891068392920799 -0.31654824128298398  -4.7345519832165399 4.4819364761266796 -0.40660298671700301  -4.7671655693690802 4.47188525569074 -0.50592594863604901  -4.8118695206037696 4.4596853127182703 -0.60349341142456403  -4.8632883356582699 4.4470026956098696 -0.69009316523806996  -4.9187029898456096 4.4344832145520598 -0.76627106260701106  -4.9927475696910104 4.4192308065951602 -0.85040947823068602  -5.0924759178502699 4.40128966556468 -0.93893227474486496  -5.2210083471364301 4.3825941213185802 -1.0221359185990699  -5.3538651689370997 4.3681792264174799 -1.0815624727994699  -5.4825070219538699 4.3588189511034896 -1.11844870995615  -5.59562688250743 4.3541750053961703 -1.1363047569273499  -5.6710929944909001 4.3532086641844101 -1.1399887022692401  -5.7356459297281903 4.3533001095950903 -1.13963949012334  -5.7974828731012202 4.3541677597722899 -1.1363293661117999  -5.8891968374824701 4.3575504998175001 -1.1233247787368099  -5.9879315572112297 4.3636541655383398 -1.0994749204387999  -6.10613100371142 4.3741927784751997 -1.05707297764594  -6.2330396533534804 4.3898458155623601 -0.99082536728632198  -6.3577145122597196 4.4098457267302598 -0.89818320946117203  -6.45175275187463 4.4281033173356104 -0.80311653734144695  -6.5201394166832998 4.4431390651887304 -0.71450993820261  -6.5710309990290803 4.4553624740908804 -0.63406173003808697  -6.6165449685371804 4.4673037376097904 -0.54438447527835299  -6.6557783948738001 4.4787572727073304 -0.44140719298022002  -6.6839405147956104 4.48833948567703 -0.33034476443608601  -6.6975698380620798 4.4945293552179297 -0.22850134358982699  -6.7001781683349204 4.49721156119121 -0.16090393716241599  -6.6997882169970397 4.4988741270892101 -0.104627184076861  -6.6973198150012001 4.4997770353289699 -0.057897859666512203  -6.6917390464954201 4.5000320500432096 -0.0100037415413603  -6.6849278704727197 4.4999414174286496 0.035258526396114702  -6.6729728343138204 4.4992228834122496 0.096190870855380806  -6.6471367587259396 4.4964969160887804 0.18681256259199699  -6.6042709908583896 4.4909136667225198 0.29301587602463602  -6.5464704076566198 4.4828240543720499 0.39722091162247403  -6.4799343684905502 4.4736047530747296 0.48893908767819499  -6.41346013354788 4.4648144262181404 0.56296245425666003  -6.3439325499951504 4.4562200659901601 0.62716588135345197  -6.2652251456292101 4.4473384318926303 0.68729072148498505  -6.1729535685429999 4.43822875871395 0.74372159884584299  -6.0677662961489398 4.4297167261820602 0.79262796675759095  -5.9556247441771504 4.4229448213646103 0.82937264348420203  -5.84272800683667 4.4186009704507097 0.85207985364374095  -5.7573743191492799 4.4171660757073496 0.85944381695447103  -5.6862967923415502 4.4169461723441596 0.86057344331879104  -5.6198383835246801 4.4174184986457297 0.85815036702718905  -5.5349952962309796 4.4194056168210398 0.84789872732168103  -5.43695883229553 4.4234148724799596 0.82681545964663306  -5.3319625747920396 4.4297176224339898 0.792629290814442  -5.2186089040804902 4.4389099918003403 0.73983861153126695  -5.1165736402481699 4.4492398327182698 0.67524328935213396  -5.0283073530072899 4.4595396466963297 0.60346492961232401  -4.9563021290842597 4.4687471758009503 0.53122433022734405  -4.8949178434592602 4.4770700840476003 0.45581341967276801  -4.8420103782167301 4.4844460614862598 0.37672437741352899  -4.7953954531832501 4.4909296781722201 0.29047732668117299  -4.7569961782873902 4.4959777393879099 0.198047697989608  -4.7305523524579298 4.4988990852468698 0.110323596253776  -4.7167087098461096 4.4998798407819498 0.044827799015037799  -4.7090083681181998 4.5000509238629203 -0.0040907431043815902  -4.7022464321569997 4.4997747223184001 -0.061048166964601101  -4.6999997481007201 4.4988227955320603 -0.10779578885824299 
 0 3 0.0151299888378808 1 0.027678455395769901 1 0.041736260829827003 1 0.0591128629139736 1 0.077575447583723603 1 0.093046214062532204 1 0.10735991288631699 1 0.122749946306344 1 0.14681023008118299 1 0.17120735501277301 1 0.19593665612757 1 0.21618942861538501 1 0.23490971586185799 1 0.25037849041639099 1 0.25209424327649099 1 0.26562192746811197 1 0.27981478592838499 1 0.29615708976509098 1 0.31398103153464502 1 0.33968438196566603 1 0.36445498681215699 1 0.38828492696850803 1 0.40372978147222299 1 0.41813338394734201 1 0.43390817430651601 1 0.45186121425243397 1 0.470766957729227 1 0.48851944043950202 1 0.50075911753935398 1 0.50295869612018296 1 0.51530943968033305 1 0.52300952731468897 1 0.52589274048773205 1 0.53708660084946502 1 0.552539361947049 1 0.57069758632173295 1 0.59155289533081201 1 0.60924790140694496 1 0.62470932188836503 1 0.63902321509260696 1 0.65442028274306996 1 0.67197245521965399 1 0.69059558602228199 1 0.709667925666988 1 0.72811744085782304 1 0.74533421220431795 1 0.75037666778844703 1 0.76193980817974405 1 0.77695878867714996 1 0.79100549699451495 1 0.80964468093970199 1 0.82949311361905598 1 0.85055063823547195 1 0.86719425568026898 1 0.883776014458861 1 0.89921673142074199 1 0.91357839108835204 1 0.92914289983218101 1 0.94591202738980096 1 0.96119501584939904 1 0.97271111837681001 1 0.97774259141974695 1 0.98475527331243995 1 1 3
7 0 1  3 67 66  -4.7000000000000002 5.9983708116649304 -0.139812803516733  -4.7000000547816398 5.9976377281660804 -0.17126539395756901  -4.7027225508162802 5.99583882233234 -0.22891282266510299  -4.7143621997891998 5.99189045635267 -0.31548780207139598  -4.7343168379402396 5.98651931510119 -0.40582907747705699  -4.7670986855483903 5.9789531712739299 -0.50583475053187099  -4.8121058876159397 5.9697735244661096 -0.60399598319702597  -4.8639229123223702 5.9602399670818302 -0.69108465262259999  -4.9197784638685302 5.9508432754054601 -0.76764158082775802  -4.9854690939770903 5.9407878716891398 -0.84197861880976199  -5.0652110185338399 5.9299263070981096 -0.91529567037035398  -5.1593865794424003 5.9188983606696901 -0.98390417372264705  -5.2634408144864704 5.9088779585861104 -1.0421558759932901  -5.3717355046562796 5.9008052200968297 -1.0867230199490701  -5.4794081566704804 5.8950897852752 -1.1171846958918501  -5.5818179423593 5.8917710044070999 -1.13449212725349  -5.65517482875953 5.8908144180868902 -1.1394319842115701  -5.7161658923548098 5.8906967262491596 -1.14004045360851  -5.7839919038259904 5.8911461344763696 -1.1377186615047801  -5.8854014162942603 5.8936243509724804 -1.12487398019785  -6.0045471570849402 5.8992564679391002 -1.0951065694589199  -6.1177004222494604 5.90729690448706 -1.05106698779645  -6.2229715931967498 5.9170745741148298 -0.99469888661995698  -6.3174309861211304 5.9277423779280802 -0.92931951468709895  -6.4034427228953099 5.9391566997516598 -0.853572891883153  -6.4759158018925502 5.95012030999305 -0.77348625374133695  -6.53457535520009 5.9599767738558 -0.69336356237567798  -6.5834611934052498 5.9689549198361203 -0.61148065124553397  -6.6265923696632898 5.9776227652590102 -0.520777332306115  -6.6610363743983001 5.98536562864816 -0.42296472816721198  -6.6829739732598998 5.9911065333360103 -0.33029345247319902  -6.6944760822226996 5.99483506450383 -0.25200955332713099  -6.6991748998012097 5.9970319433385404 -0.19134756055344901  -6.7001647191613696 5.9982159874759899 -0.14763389417954501  -6.6996651176598698 5.9991999321379401 -0.10184515964507999  -6.69700219641242 5.9998444804345796 -0.055135652383547097  -6.69182197590015 6.0000204188320003 -0.0107494248257508  -6.6851866386690704 5.9999632428688496 0.0337400700118329  -6.67473153222035 5.9995064429297003 0.087687081638650397  -6.65487591099604 5.9980040444413003 0.160555530375637  -6.6265081256300702 5.99538868079176 0.23983494835532701  -6.58832355222704 5.9915176957490699 0.32290938488204701  -6.5380241659546199 5.9862489038830802 0.408912331842126  -6.4806806951211202 5.9803123578430002 0.48758105411858599  -6.41657686622779 5.9739562690482897 0.55979842906820698  -6.3437371969049297 5.9671941141686196 0.62779899970974196  -6.2568684603779801 5.9599120257872897 0.69341817896939395  -6.1571410376851201 5.9527464341695504 0.75218577072852699  -6.0512415343147401 5.9466332270242797 0.79880128861521005  -5.9341938144022004 5.9416325022826904 0.83505327337230595  -5.8171451105754297 5.9386515252429302 0.85583616991855105  -5.7249174176351296 5.9379380082787998 0.86075121335627902  -5.6327370099458802 5.93814990557473 0.85928728907424001  -5.5394524505188096 5.9395212687727597 0.84984274864640796  -5.4202817373589003 5.9433811285522502 0.82252713754102003  -5.3115151532112996 5.9485982720242099 0.784139463073525  -5.2079557833252696 5.9551166848148798 0.73325144381479601  -5.10489163799447 5.9629525013900997 0.66707319110232399  -4.9998866834651103 5.9722564023672797 0.57943260388485496  -4.8933845027471197 5.98290401993129 0.459459826549452  -4.8106858919276299 5.9916704905977003 0.32620239434238302  -4.7590669062395596 5.9968056039079896 0.20447803618675001  -4.7320931833279598 5.9990435191431803 0.115315416182072  -4.7178813609773096 5.9998641171082596 0.051131682143356998  -4.7098832668938702 6.0000469502132798 0.0024887702889013299  -4.70239395284921 5.9998549882832304 -0.058956812952839499  -4.6999999406082997 5.9991655865829001 -0.10571337278729299 
 0 3 0.0149947154525367 1 0.027481738151558899 1 0.041635009819877299 1 0.0591131992858323 1 0.077686104401188005 1 0.093193079515599797 1 0.107561626888674 1 0.123022797799268 1 0.14065478883320001 1 0.15936463900143399 1 0.17869931946560799 1 0.197580402424855 1 0.215200589312179 1 0.23201076776631999 1 0.24703370950541201 1 0.25020396633427 1 0.26107881051811599 1 0.27935901735709201 1 0.29885127426490998 1 0.319554353467006 1 0.33722686980921102 1 0.355858839642828 1 0.37444310916350598 1 0.39202089630154302 1 0.407518089648368 1 0.42194145579888598 1 0.43762160168315101 1 0.45549994048771397 1 0.471415795397926 1 0.48303299385464499 1 0.49321246440988498 1 0.50041198619979599 1 0.50388163853464096 1 0.51504945965100202 1 0.522705414615665 1 0.52517815360847797 1 0.53649052737212 1 0.54888127793756003 1 0.56115154535206002 1 0.57660416377853296 1 0.59243528968187498 1 0.60863792688966201 1 0.62302162906554504 1 0.63850465230832099 1 0.65617693910848496 1 0.67493874213749505 1 0.69367565300882705 1 0.71129731430330001 1 0.73328505177418102 1 0.75020889293464399 1 0.75525659457237204 1 0.77722022573015803 1 0.794789143547875 1 0.81345602274014905 1 0.83214761884453303 1 0.84976686360895104 1 0.87185479822023404 1 0.89731989521278199 1 0.92614142606482697 1 0.94639778502958505 1 0.96025001110405905 1 0.97049385288503298 1 0.977708289752098 1 0.98374342927832203 1 1 3
7 0 0  1 2 2  -4.7000000000000002 5.9983708118012427 -0.13981279766830451  -4.7000000000000002 4.4978275179948799 -0.13981279766830498 
 0.0016291881987569399 2 1.5021724820051201 2
2 -1.6000000000000001 0 0 -1 0 0 -0 -1 -6.1232339957367599e-17 0 -6.1232339957367599e-17 1 6
7 0 0  1 2 2  -1.6000000000000001 -6 -3.6739403974420559e-16  -4.7098220457573099 -6 -3.6739403974420559e-16 
 2.6000000000000001 2 5.7098220457573099 2
7 0 0  3 6 4  -4.7098220457461304 -6 -1.58514828816159e-10  -4.7077518436508301 -5.9999999970045499 -0.0146689981116383  -4.7041704285830104 -5.9998893724512898 -0.0448629846974909  -4.7007857532832 -5.9993665515438703 -0.091463126963806304  -4.7000013496173896 -5.9987530153605997 -0.123414945607696  -4.7000000000000002 -5.99837081056583 -0.139812799684851 
 0 4 0.31564326301898898 1 0.64912212211257403 1 1 4
7 0 0  3 39 37  -4.7000000000000002 -5.99837081056583 -0.139812799684851  -4.6999980538704502 -5.9978829619877798 -0.160795703709882  -4.7015419554630196 -5.9964833002288502 -0.209724837828559  -4.7103215885779601 -5.9930783422528302 -0.29316064930784103  -4.7310531896940704 -5.9872750102167602 -0.395892286712349  -4.7662883129645497 -5.9791087189547296 -0.50432036229291899  -4.8129993358153298 -5.9696090777286299 -0.60549722575820097  -4.8639228277423898 -5.9602399973728701 -0.69108460524571402  -4.9197785270394103 -5.9508432605424098 -0.767641643604699  -4.9854690335452503 -5.9407878829407803 -0.84197854963488905  -5.0652107788987903 -5.92992633670851 -0.91529547737942796  -5.1593863837718299 -5.9188983814612701 -0.98390404494207195  -5.2634391156446201 -5.9088781345155796 -1.0421548453934  -5.3717241461864003 -5.9008060262960704 -1.0867186103614299  -5.4793843324411098 -5.8950908826517896 -1.1171789081318899  -5.5817880852553499 -5.8917717192371004 -1.13448842596403  -5.6551535065414003 -5.89081456027664 -1.13943124914754  -5.7161522443857598 -5.8906966579952904 -1.1400408062662  -5.7839899712203904 -5.8911460964035998 -1.1377188595332799  -5.8854002194331496 -5.89362432628569 -1.12487410269828  -6.0045391177041996 -5.8992560187668897 -1.0951089662247999  -6.1176942835511001 -5.9072963657834796 -1.0510700337730501  -6.2229696076846199 -5.9170743501888596 -0.99470025411362295  -6.3174305815209797 -5.9277423248308798 -0.92931986621263196  -6.4034426556614301 -5.9391566903095399 -0.85357295637385799  -6.4759157744297999 -5.9501203053644902 -0.77348629134426405  -6.5345753562248898 -5.9599767741246401 -0.69336355879484801  -6.5834612145846503 -5.9689549232925199 -0.61148062553305704  -6.6265923655499996 -5.97762276704941 -0.52077728055807104  -6.6610364320989 -5.9853656320142301 -0.42296477866816501  -6.6829750333831797 -5.99110683266146 -0.33028857343273799  -6.6936895359793898 -5.99458009029851 -0.25736197252226201  -6.6985109257561 -5.9966949373024203 -0.20105348935481501  -6.6998673742129702 -5.9977702411884399 -0.16462999364030301  -6.7000804638711804 -5.9985736942925101 -0.13168426344744799  -6.6994501807457096 -5.99925587356958 -0.097906442930156296  -6.69651206196174 -5.9998542283238701 -0.051230432859945101  -6.6925959216791204 -6.0000003245541098 -0.017121339183645199  -6.6901779543283704 -6 -5.7518233486967297e-10 
 0 4 0.019133246329082299 1 0.044625188934661497 1 0.076485475989684901 1 0.114692369473596 1 0.14862795413382399 1 0.178295700197181 1 0.205785390854725 1 0.23536550931931099 1 0.269098753782191 1 0.30489399267654599 1 0.34188427089340701 1 0.37800652906497101 1 0.41171276572570598 1 0.44386634651294099 1 0.47260181247386501 1 0.47867604207647202 1 0.499475329266308 1 0.534445469361431 1 0.57173764148114303 1 0.61134758492751995 1 0.645159456096837 1 0.68080647510774805 1 0.71636170007723499 1 0.74999129030715495 1 0.77964028983896905 1 0.80723486090399199 1 0.83723391098551803 1 0.87143849233996595 1 0.90188881233176998 1 0.924117476433721 1 0.93865453136537302 1 0.95342744624629205 1 0.95736110129506802 1 0.96871034826249802 1 0.98424022850956905 1 1 4
7 0 0  1 2 2  -6.690177954279485 -6 -3.6739403974420559e-16  -8.1999999999999993 -6 -3.6739403974420559e-16 
 7.690177954279485 2 9.1999999999999993 2
2 -8.1999999999999993 0 0 -1 0 0 -0 -1 -6.1232339957367697e-17 0 -6.1232339957367697e-17 1 6
7 0 0  3 31 29  -4.7098220457684903 -6 -1.24264997809541e-13  -4.7127494746157303 -6.0000011254475298 0.0207464524961238  -4.7211067496733898 -5.9997480373610301 0.068922205437807096  -4.7414427299783704 -5.99834745374603 0.150265143525941  -4.7763249060217703 -5.9951445783639601 0.24911455817810299  -4.8264181908529604 -5.98998243054311 0.351666985377034  -4.8869361960609101 -5.9836389990256 0.44548686989375003  -4.9495123047151104 -5.9772751900890597 0.52329411062551601  -5.0157751706436899 -5.97089265603244 0.59146805038168704  -5.0915749042857401 -5.9641376080099304 0.65607722136431501  -5.1812775334303298 -5.9570234318265802 0.71768351956503995  -5.2835181765174797 -5.9502110146993799 0.77187764544001203  -5.3913778765567599 -5.9446075252768802 0.81366325268777195  -5.5098989448863103 -5.9402739943074803 0.84460022235857701  -5.6128441810480698 -5.9383165999968899 0.85813659022716604  -5.7050579004592299 -5.9379056940065098 0.86097434472979595  -5.7972297716785999 -5.93841804981618 0.85743803439799404  -5.90482792763751 -5.9406979348903803 0.84163242243368497  -6.0225991614504304 -5.9452454869268596 0.80901097014215895  -6.1294991406051498 -5.9510000376849304 0.76580071148469098  -6.2306596129465097 -5.9579083454920498 0.71033392693698005  -6.3193170062199799 -5.96506505730048 0.64762482215883199  -6.3941501844616901 -5.9718211671743804 0.58205206187168401  -6.4595211685692497 -5.9781768558734401 0.51293373558533795  -6.5211136983998204 -5.9844769189921996 0.43415304949892802  -6.5801473732966702 -5.9906712829028104 0.339759655200987  -6.6282327120908997 -5.9955916410345598 0.237878684145823  -6.6610078713815701 -5.9985404276441203 0.14160784136173599  -6.6797639504203303 -5.9997822754028398 0.064247206482109104  -6.6874714219780902 -6.0000008693032898 0.019179177542742301  -6.6901779542305997 -6 -8.63708622455011e-16 
 0 4 0.0219418652396953 1 0.051183808934020303 1 0.0877528571775055 1 0.13162380631224599 1 0.17060556900917401 1 0.204690390016916 1 0.23628949938368701 1 0.27030187362756097 1 0.30912177846058397 1 0.35033464966583899 1 0.39149370744304501 1 0.43020396389417698 1 0.47850615000325603 1 0.49999617690689202 1 0.52678354156296103 1 0.57504217247956602 1 0.61364933306277203 1 0.65466752359365599 1 0.69574957692822303 1 0.73448637547280005 1 0.76847962025638805 1 0.800075959445537 1 0.83424823582798802 1 0.87329874254068096 1 0.91667834037083895 1 0.95212516336784103 1 0.97971004466797795 1 1 4
7 0 1  3 40 39  -5.0646835306250004 -1.4972232308119199e-10 -6.0000000000100497  -5.0646826652319001 0.020367544413708701 -5.9999998368453102  -5.0614767156953597 0.058561465820639397 -5.9998037057110203  -5.0486839017732699 0.11063058187272699 -5.99904225228999  -5.0308433711417404 0.15568598286570601 -5.9980278029665  -5.0062763934892596 0.20037541968882799 -5.9967110212809001  -4.9692383639650801 0.24918378368548399 -5.9948976886677503  -4.9122472192025199 0.30053218455677499 -5.9925380891001296  -4.8359211203565096 0.34255292589636099 -5.9902435747021903  -4.7613244629897897 0.36177347298594498 -5.9890841497140901  -4.70031797217655 0.365639901475799 -5.9888486612910796  -4.6393228381207798 0.36185415822408701 -5.9890792004925002  -4.5650237249355801 0.34292110575268703 -5.9902220267226003  -4.4886179379193401 0.30113680286827799 -5.9925070881507301  -4.4314964240545498 0.24997529079519801 -5.9948643390600704  -4.3943034290853697 0.20126173830758501 -5.9966811938926501  -4.3695992295376298 0.15662554969676101 -5.9980032723132801  -4.3525736670792803 0.113976153944141 -5.9989702976062098  -4.3416416070396204 0.071896878241686807 -5.9996172516872202  -4.3363135572777098 0.033677902202598697 -5.9999393043434903  -4.3351082103515699 0.0055542746891330498 -6.0000126616468998  -4.3357190432487904 -0.024998751535783899 -5.9999755422530203  -4.3396101758346104 -0.062714325208281199 -5.9997390023634898  -4.3510390966864199 -0.109726588977286 -5.9990585604015498  -4.3687055563837198 -0.154723782014696 -5.9980528238666704  -4.3931425708089096 -0.199484499082829 -5.9967409379227998  -4.4300388688325496 -0.24840060997657301 -5.9949305769779597  -4.4868809010358701 -0.29991456520905002 -5.9925695924344504  -4.5630848767152496 -0.34215684554377601 -5.99026669738012  -4.6379696406640303 -0.36168370859593602 -5.9890896597269201  -4.6989763742564303 -0.36563893454831597 -5.9888487205812204  -4.7599715434113197 -0.36194188066340499 -5.9890738195487501  -4.8339809393761897 -0.34331140532976701 -5.9901992105587798  -4.9105071404091003 -0.30174843827564302 -5.9924757034041898  -4.9715966541917496 -0.24735432980060401 -5.9949886543509701  -5.0140405529782903 -0.189639854928875 -5.9971023066986398  -5.0426678641421203 -0.12970503901581501 -5.9986895011665897  -5.0574619537782404 -0.077877211744459898 -5.99956324837851  -5.0636489837450602 -0.0342569546614898 -5.9999369615043596  -5.0646839830869101 -0.010648961938822799 -6.00000008531907 
 0 3 0.026671316933772799 1 0.0500005638989586 1 0.069996232181125398 1 0.089990864076993499 1 0.116642834075612 1 0.149950647993879 1 0.18990163599339499 1 0.22983381204005501 1 0.250002421987229 1 0.26975481919421601 1 0.30967220553336 1 0.34958751308205099 1 0.382890085681658 1 0.40954679623780399 1 0.42956592596518001 1 0.44955813069850198 1 0.46955089374563902 1 0.48636721302746699 1 0.49999986584740402 1 0.50636235389492101 1 0.526358925765402 1 0.54953290484841899 1 0.56952858563759501 1 0.58952325369995295 1 0.61617533254850299 1 0.649483337463588 1 0.68943456706808703 1 0.72936691949674703 1 0.74999740807859905 1 0.76928801712825901 1 0.80920543213684204 1 0.84912083241317704 1 0.88242315764111001 1 0.91573823291705603 1 0.94242545117842103 1 0.96908065492344597 1 0.98605517547742705 1 1 3
2 -15.3300051584207 11.6 3.0673371140763299 0 1 0 0 -0 1 1 0 -0 14.35
2 -1.6000000000000001 -8.1317279836902099 -8.1317279836003795 -1 0 0 0 1 0 0 0 -1 0.2917468245
2 -1.6000000000000001 -8.1317279836430405 8.1317279836475507 -1 0 0 0 1 0 0 0 -1 0.2917468245
2 -1.6000000000000001 9.5 4.5999999999999996 -1 0 0 0 2.5420705791856402e-15 1 0 1 -2.5420705791856402e-15 0.84999999999999998
2 -1.6000000000000001 -9.5 -4.5999999999999996 -1 0 0 0 0 -1 -0 -1 -0 0.84999999999999998
7 0 0  3 47 45  -1.59999999982764 2.1339745957179801 -11.5  -1.59999999994699 2.1400636962020001 -11.4999999770882  -1.6000000000186501 2.1506385919462399 -11.4998549807115  -1.59999999999869 2.1628218822889398 -11.4994027633218  -1.60000000000091 2.1750723504997702 -11.498783934172801  -1.5999999999996399 2.1890303764546002 -11.4978413356566  -1.6000000000001 2.2075383071108599 -11.4960988074991  -1.6000000000000001 2.2207799458319899 -11.4945015202945  -1.6000000000000001 2.23322088464848 -11.4928145149833  -1.6000000000000001 2.2457649679557599 -11.490946929043799  -1.6000000000000001 2.26371641262226 -11.4878344531412  -1.6000000000000001 2.2790395129146099 -11.4847743477706  -1.6000000000000001 2.2916402809412602 -11.4820207018514  -1.6000000000000001 2.3045995742133498 -11.479018988955399  -1.6000000000000001 2.3217452105816698 -11.4746849835002  -1.6000000000000001 2.3383438429793499 -11.470023766305401  -1.6000000000000001 2.35281624884278 -11.465662998533199  -1.6000000000000001 2.3682159764049899 -11.4607830299559  -1.6000000000000001 2.3876983069761102 -11.4541145249711  -1.6000000000000001 2.4099197475315499 -11.445826729554099  -1.6000000000000001 2.4359350397678301 -11.435353406543401  -1.6000000000000001 2.4667246762835999 -11.421763091804101  -1.6000000000000101 2.4963608368578099 -11.407257169823  -1.5999999999999399 2.5401186107685301 -11.3842165150407  -1.6000000000005901 2.5726595971595598 -11.364920355884299  -1.5999999999991901 2.6277559002694102 -11.3294425000337  -1.6000000000600501 2.6630603989092601 -11.304470964337  -1.5999999999376 2.7116180412511701 -11.267132038927301  -1.6000000007605399 2.7446460153000198 -11.2404461012504  -1.5999999998974599 2.7785414497474901 -11.211458326868801  -1.6000000000015 2.7979486171700101 -11.194288530111001  -1.59999999999903 2.8109366880094 -11.1826579683884  -1.60000000000044 2.82323665999035 -11.171527750339701  -1.59999999999989 2.8404292318402802 -11.155696519548  -1.6000000000000301 2.8573485018545699 -11.1398686525737  -1.5999999999999901 2.87373370830985 -11.124330033994299  -1.6000000000000001 2.8897962204002599 -11.1089157111088  -1.6000000000000001 2.9057513996292799 -11.0934451588349  -1.6000000000000101 2.91658188493258 -11.082850386323701  -1.6000000000000001 2.9271209650899901 -11.0725008769237  -1.6000000000000001 2.93762876689929 -11.062144499759899  -1.6000000000000001 2.9530876176063399 -11.046820896003799  -1.6000000000000001 2.96875307529305 -11.031224075186101  -1.6000000000000001 2.9817495377099199 -11.0182466097881  -1.6000000000000001 2.9921626225710001 -11.0078373779175  -1.6000000000000001 2.99736705390039 -11.002632945510699  -1.6000000000000001 3 -11 
 0 4 0.0176794085702956 1 0.0307376482322642 1 0.035489968068589499 1 0.0534141490980823 1 0.071526785590182704 1 0.089747945236759302 1 0.092371660005857503 1 0.10820913945656099 1 0.126807381051663 1 0.145613937762782 1 0.15386330322146199 1 0.16448281999511899 1 0.18446148411803301 1 0.205489410327515 1 0.21479407970306599 1 0.228564036931487 1 0.25261736314715999 1 0.27485519034438899 1 0.29773544438944799 1 0.33440845112162598 1 0.37300878522303399 1 0.393974241987672 1 0.47870964640618102 1 0.483341130483182 1 0.58521917734485096 1 0.60480943582838798 1 0.66210848467481997 1 0.709135951785693 1 0.734987480041849 1 0.73774031580642396 1 0.76002099369344001 1 0.78339972419285198 1 0.80593912546260604 1 0.82761816865767601 1 0.84927269218981405 1 0.87086922515731502 1 0.89243227817167303 1 0.89346079781393795 1 0.91395362751021902 1 0.93546947501275601 1 0.95697462111456 1 0.97848415143846701 1 0.98911282845196302 1 1 4
1 -1.6000000000000001 3 -11 0 2.9605947323337501e-16 1 
7 0 0  3 47 45  -1.59999999982764 2.1339745957179801 -7.5  -1.59999999994699 2.1400636962020001 -7.5000000229118298  -1.6000000000186501 2.1506385919462399 -7.5001450192885004  -1.59999999999869 2.1628218822889398 -7.5005972366781801  -1.60000000000091 2.1750723504997702 -7.5012160658272098  -1.5999999999996399 2.1890303764546002 -7.5021586643433897  -1.6000000000001 2.2075383071108599 -7.5039011925009103  -1.6000000000000001 2.2207799458319899 -7.5054984797055502  -1.6000000000000001 2.23322088464848 -7.5071854850167004  -1.6000000000000001 2.2457649679557701 -7.5090530709562398  -1.6000000000000001 2.26371641262226 -7.5121655468587996  -1.6000000000000001 2.2790395129146201 -7.51522565222945  -1.6000000000000001 2.2916402809412602 -7.5179792981486404  -1.6000000000000001 2.3045995742133498 -7.5209810110446398  -1.6000000000000001 2.3217452105816698 -7.5253150164998202  -1.6000000000000001 2.3383438429793499 -7.5299762336946303  -1.6000000000000001 2.35281624884278 -7.5343370014667803  -1.6000000000000001 2.3682159764049899 -7.5392169700441096  -1.6000000000000001 2.3876983069761102 -7.5458854750288999  -1.6000000000000001 2.4099197475315499 -7.5541732704458697  -1.6000000000000001 2.4359350397678399 -7.5646465934566098  -1.6000000000000001 2.4667246762835999 -7.5782369081958896  -1.6000000000000101 2.4963608368578099 -7.5927428301770403  -1.5999999999999399 2.5401186107685301 -7.6157834849592998  -1.6000000000005901 2.5726595971595501 -7.6350796441157396  -1.5999999999991901 2.62775590026942 -7.6705574999662502  -1.6000000000600501 2.6630603989092498 -7.6955290356630002  -1.5999999999376 2.7116180412511701 -7.7328679610726603  -1.6000000007605399 2.7446460153000198 -7.7595538987496102  -1.5999999998974599 2.7785414497474901 -7.78854167313124  -1.6000000000015 2.7979486171699999 -7.8057114698889603  -1.59999999999903 2.8109366880094 -7.81734203161162  -1.60000000000043 2.8232366599903398 -7.8284722496603196  -1.59999999999989 2.8404292318402802 -7.8443034804520204  -1.6000000000000301 2.8573485018545699 -7.8601313474262904  -1.5999999999999901 2.87373370830985 -7.8756699660056997  -1.6000000000000001 2.8897962204002501 -7.8910842888911903  -1.6000000000000001 2.9057513996292799 -7.9065548411651099  -1.6000000000000001 2.9165818849325702 -7.9171496136763304  -1.6000000000000001 2.9271209650899901 -7.9274991230762302  -1.6000000000000001 2.9376287668992802 -7.9378555002400804  -1.6000000000000001 2.9530876176063399 -7.9531791039961499  -1.6000000000000001 2.9687530752930398 -7.9687759248139596  -1.6000000000000001 2.9817495377099199 -7.9817533902118702  -1.6000000000000001 2.9921626225709699 -7.9921626220824997  -1.6000000000000001 2.9973670539003701 -7.9973670544892697  -1.6000000000000001 3 -8 
 0 4 0.0176794085702951 1 0.030737648232263701 1 0.035489968068587202 1 0.053414149098080801 1 0.071526785590181399 1 0.089747945236759302 1 0.092371660005858294 1 0.10820913945656201 1 0.126807381051666 1 0.145613937762785 1 0.15386330322146299 1 0.16448281999511999 1 0.18446148411803401 1 0.205489410327514 1 0.21479407970306699 1 0.228564036931486 1 0.25261736314715799 1 0.27485519034438899 1 0.29773544438944699 1 0.33440845112162698 1 0.37300878522303599 1 0.393974241987673 1 0.47870964640618302 1 0.48334113048317701 1 0.58521917734485496 1 0.60480943582838398 1 0.66210848467482197 1 0.709135951785694 1 0.734987480041847 1 0.73774031580641297 1 0.76002099369343901 1 0.78339972419285098 1 0.80593912546260804 1 0.82761816865767801 1 0.84927269218981405 1 0.87086922515731602 1 0.89243227817167503 1 0.89346079781392895 1 0.91395362751021902 1 0.93546947501275601 1 0.956974621114563 1 0.97848415143846601 1 0.98911282845196002 1 1 4
1 -1.6000000000000001 -3.5 -7.5 0 1 -1.5764686273563199e-16 
2 -1.6000000000000001 -3.5 -9.5 -1 0 0 0 0 -1 -0 -1 -0 2
1 -1.6000000000000001 2.13397459541943 -11.5 -3.9411715683907998e-17 -1 3.1529372547126399e-16 
2 -1.6000000000000001 -4.5999999999999996 9.5 -1 0 0 -0 -1 -6.1232339957367697e-17 0 -6.1232339957367697e-17 1 0.84999999999999998
7 0 0  3 47 45  -1.59999999982764 -2.1339745957179801 11.5  -1.59999999994699 -2.1400636962020001 11.4999999770882  -1.6000000000186501 -2.1506385919462501 11.4998549807115  -1.59999999999869 -2.16282188228895 11.4994027633218  -1.60000000000091 -2.1750723504997702 11.498783934172801  -1.5999999999996399 -2.1890303764546002 11.4978413356566  -1.6000000000001 -2.2075383071108599 11.4960988074991  -1.6000000000000001 -2.2207799458319899 11.4945015202945  -1.6000000000000001 -2.23322088464848 11.4928145149833  -1.6000000000000001 -2.2457649679557701 11.490946929043799  -1.6000000000000001 -2.26371641262226 11.4878344531412  -1.6000000000000001 -2.2790395129146201 11.4847743477706  -1.6000000000000001 -2.2916402809412699 11.4820207018514  -1.6000000000000001 -2.3045995742133498 11.479018988955399  -1.6000000000000001 -2.32174521058168 11.4746849835002  -1.6000000000000001 -2.3383438429793499 11.470023766305401  -1.6000000000000001 -2.35281624884278 11.465662998533199  -1.6000000000000001 -2.3682159764049899 11.4607830299559  -1.6000000000000001 -2.3876983069761102 11.4541145249711  -1.6000000000000001 -2.4099197475315499 11.445826729554099  -1.6000000000000001 -2.4359350397678399 11.435353406543401  -1.6000000000000001 -2.4667246762835999 11.421763091804101  -1.6000000000000101 -2.4963608368578099 11.407257169823  -1.5999999999999399 -2.5401186107685301 11.3842165150407  -1.6000000000005901 -2.5726595971595598 11.364920355884299  -1.5999999999991901 -2.62775590026942 11.329442500033799  -1.6000000000600501 -2.6630603989092498 11.304470964337  -1.59999999993761 -2.7116180412511701 11.267132038927301  -1.6000000007605399 -2.7446460153000301 11.2404461012504  -1.5999999998974599 -2.7785414497474901 11.211458326868801  -1.6000000000015 -2.7979486171700101 11.194288530111001  -1.59999999999903 -2.8109366880094 11.1826579683884  -1.60000000000044 -2.82323665999035 11.171527750339701  -1.59999999999989 -2.8404292318402802 11.155696519548  -1.6000000000000301 -2.8573485018545699 11.1398686525737  -1.5999999999999901 -2.87373370830985 11.124330033994299  -1.6000000000000001 -2.8897962204002501 11.1089157111088  -1.6000000000000001 -2.9057513996292799 11.0934451588349  -1.6000000000000001 -2.9165818849325702 11.082850386323701  -1.6000000000000001 -2.9271209650899999 11.0725008769237  -1.6000000000000001 -2.9376287668992802 11.062144499759899  -1.6000000000000001 -2.9530876176063399 11.046820896003901  -1.6000000000000001 -2.9687530752930398 11.031224075186101  -1.6000000000000001 -2.9817495377099301 11.0182466097881  -1.6000000000000001 -2.9921626225710001 11.0078373779175  -1.6000000000000001 -2.99736705390039 11.002632945510699  -1.6000000000000001 -3 11 
 0 4 0.017679408570297098 1 0.0307376482322636 1 0.035489968068589103 1 0.053414149098082203 1 0.071526785590182801 1 0.089747945236759996 1 0.092371660005856907 1 0.10820913945656201 1 0.126807381051665 1 0.145613937762783 1 0.153863303221461 1 0.16448281999511899 1 0.18446148411803201 1 0.205489410327514 1 0.21479407970306499 1 0.228564036931485 1 0.25261736314715799 1 0.27485519034438899 1 0.29773544438944799 1 0.33440845112162498 1 0.37300878522303599 1 0.393974241987672 1 0.47870964640618602 1 0.483341130483181 1 0.58521917734485496 1 0.60480943582838698 1 0.66210848467482297 1 0.709135951785695 1 0.734987480041846 1 0.73774031580641597 1 0.76002099369344001 1 0.78339972419285198 1 0.80593912546260704 1 0.82761816865767401 1 0.84927269218981005 1 0.87086922515731202 1 0.89243227817167303 1 0.89346079781393395 1 0.91395362751021603 1 0.93546947501275601 1 0.956974621114562 1 0.97848415143846601 1 0.98911282845196302 1 1 4
1 -1.6000000000000001 -3 11 0 0 -1 
7 0 0  3 47 45  -1.59999999982764 -2.1339745957179801 7.5  -1.59999999994699 -2.1400636962020001 7.50000002291182  -1.6000000000186501 -2.1506385919462501 7.5001450192884898  -1.59999999999869 -2.1628218822889398 7.5005972366781801  -1.60000000000091 -2.1750723504997702 7.5012160658272098  -1.5999999999996399 -2.1890303764546002 7.5021586643433897  -1.6000000000001 -2.2075383071108599 7.5039011925009103  -1.6000000000000001 -2.2207799458319899 7.5054984797055404  -1.6000000000000001 -2.23322088464848 7.5071854850167004  -1.6000000000000001 -2.2457649679557701 7.50905307095623  -1.6000000000000001 -2.2637164126222702 7.5121655468588102  -1.6000000000000001 -2.2790395129146201 7.51522565222945  -1.6000000000000001 -2.2916402809412699 7.5179792981486404  -1.6000000000000001 -2.3045995742133498 7.5209810110446398  -1.6000000000000001 -2.32174521058168 7.5253150164998299  -1.6000000000000001 -2.3383438429793499 7.5299762336946197  -1.6000000000000001 -2.35281624884278 7.5343370014667803  -1.6000000000000001 -2.3682159764049899 7.5392169700441203  -1.6000000000000001 -2.3876983069761102 7.5458854750288999  -1.6000000000000001 -2.4099197475315499 7.5541732704458697  -1.6000000000000001 -2.4359350397678399 7.5646465934566098  -1.6000000000000001 -2.4667246762835999 7.5782369081958896  -1.6000000000000101 -2.4963608368578099 7.5927428301770403  -1.5999999999999399 -2.5401186107685301 7.6157834849592998  -1.6000000000005901 -2.5726595971595501 7.6350796441157502  -1.5999999999991901 -2.62775590026942 7.6705574999662396  -1.6000000000600501 -2.6630603989092498 7.6955290356630002  -1.59999999993761 -2.7116180412511701 7.73286796107267  -1.6000000007605399 -2.7446460153000198 7.75955389874962  -1.5999999998974599 -2.7785414497474901 7.7885416731312196  -1.6000000000015 -2.7979486171700101 7.80571146988897  -1.59999999999903 -2.8109366880094 7.8173420316116102  -1.60000000000044 -2.8232366599903398 7.8284722496603196  -1.59999999999989 -2.8404292318402802 7.8443034804520204  -1.6000000000000301 -2.8573485018545601 7.8601313474262904  -1.5999999999999901 -2.87373370830985 7.8756699660056997  -1.6000000000000001 -2.8897962204002501 7.8910842888911903  -1.6000000000000001 -2.9057513996292799 7.9065548411651303  -1.6000000000000001 -2.9165818849325702 7.9171496136763002  -1.6000000000000001 -2.9271209650899901 7.9274991230762497  -1.6000000000000001 -2.9376287668992802 7.9378555002400697  -1.6000000000000001 -2.9530876176063399 7.9531791039961499  -1.6000000000000001 -2.9687530752930398 7.9687759248139498  -1.6000000000000001 -2.9817495377099301 7.9817533902118596  -1.6000000000000001 -2.9921626225709801 7.99216262208249  -1.6000000000000001 -2.9973670539003798 7.9973670544892697  -1.6000000000000001 -3 8 
 0 4 0.017679408570295901 1 0.030737648232263499 1 0.035489968068588097 1 0.053414149098081398 1 0.071526785590181802 1 0.089747945236759399 1 0.092371660005857906 1 0.10820913945656099 1 0.126807381051665 1 0.145613937762785 1 0.15386330322146299 1 0.16448281999511999 1 0.18446148411803401 1 0.205489410327515 1 0.21479407970306599 1 0.228564036931487 1 0.25261736314715999 1 0.27485519034438999 1 0.29773544438945099 1 0.33440845112162598 1 0.37300878522303699 1 0.393974241987672 1 0.47870964640618402 1 0.48334113048317801 1 0.58521917734485596 1 0.60480943582838398 1 0.66210848467482297 1 0.709135951785692 1 0.734987480041846 1 0.73774031580641097 1 0.76002099369343801 1 0.78339972419284798 1 0.80593912546260604 1 0.82761816865767501 1 0.84927269218981105 1 0.87086922515731102 1 0.89243227817167103 1 0.89346079781392596 1 0.91395362751021603 1 0.93546947501275401 1 0.95697462111456 1 0.97848415143846501 1 0.98911282845195903 1 1 4
1 -1.6000000000000001 3.5 7.5 0 -1 0 
2 -1.6000000000000001 3.5 9.5 1 0 0 0 0 -1 -0 1 0 2
1 -1.6000000000000001 -2.13397459541943 11.5 7.8823431367815997e-17 1 0 
7 0 0  3 47 45  -1.59999999982764 -11.5 -2.1339745957179801  -1.59999999994699 -11.4999999770882 -2.1400636962020001  -1.6000000000186501 -11.4998549807115 -2.1506385919462501  -1.59999999999869 -11.4994027633218 -2.1628218822889398  -1.60000000000091 -11.498783934172801 -2.1750723504997702  -1.5999999999996399 -11.4978413356566 -2.1890303764546002  -1.6000000000001 -11.4960988074991 -2.2075383071108599  -1.6000000000000001 -11.4945015202945 -2.2207799458319899  -1.6000000000000001 -11.4928145149833 -2.23322088464848  -1.6000000000000001 -11.490946929043799 -2.2457649679557701  -1.6000000000000001 -11.4878344531412 -2.26371641262226  -1.6000000000000001 -11.4847743477706 -2.2790395129146201  -1.6000000000000001 -11.4820207018514 -2.2916402809412602  -1.6000000000000001 -11.479018988955399 -2.3045995742133498  -1.6000000000000001 -11.4746849835002 -2.32174521058168  -1.6000000000000001 -11.470023766305401 -2.3383438429793499  -1.6000000000000001 -11.465662998533199 -2.35281624884278  -1.6000000000000001 -11.4607830299559 -2.3682159764049899  -1.6000000000000001 -11.4541145249711 -2.3876983069761102  -1.6000000000000001 -11.445826729554099 -2.4099197475315499  -1.6000000000000001 -11.435353406543401 -2.4359350397678399  -1.6000000000000001 -11.421763091804101 -2.4667246762835999  -1.6000000000000101 -11.407257169823 -2.4963608368578099  -1.5999999999999399 -11.3842165150407 -2.5401186107685301  -1.6000000000005901 -11.364920355884299 -2.5726595971595598  -1.5999999999991901 -11.3294425000337 -2.62775590026942  -1.6000000000600501 -11.304470964337 -2.6630603989092498  -1.5999999999376 -11.267132038927301 -2.7116180412511701  -1.6000000007605399 -11.2404461012504 -2.7446460153000198  -1.5999999998974599 -11.211458326868801 -2.7785414497474901  -1.6000000000015 -11.194288530111001 -2.7979486171700101  -1.59999999999903 -11.1826579683884 -2.8109366880094  -1.60000000000044 -11.171527750339701 -2.8232366599903398  -1.59999999999989 -11.155696519548 -2.8404292318402802  -1.6000000000000301 -11.1398686525737 -2.8573485018545601  -1.5999999999999901 -11.124330033994299 -2.87373370830985  -1.6000000000000001 -11.1089157111088 -2.8897962204002501  -1.6000000000000001 -11.0934451588349 -2.9057513996292799  -1.6000000000000001 -11.082850386323701 -2.9165818849325702  -1.6000000000000001 -11.072500876923799 -2.9271209650899999  -1.6000000000000001 -11.062144499759899 -2.9376287668992802  -1.6000000000000001 -11.046820896003901 -2.9530876176063399  -1.6000000000000001 -11.031224075186101 -2.9687530752930398  -1.6000000000000001 -11.0182466097881 -2.9817495377099301  -1.6000000000000001 -11.0078373779175 -2.9921626225710001  -1.6000000000000001 -11.002632945510699 -2.99736705390039  -1.6000000000000001 -11 -3 
 0 4 0.017679408570295901 1 0.030737648232263801 1 0.035489968068588 1 0.0534141490980811 1 0.071526785590182607 1 0.089747945236759899 1 0.092371660005858003 1 0.10820913945656301 1 0.126807381051666 1 0.145613937762784 1 0.15386330322146299 1 0.16448281999512099 1 0.18446148411803401 1 0.205489410327515 1 0.21479407970306599 1 0.228564036931487 1 0.25261736314715999 1 0.27485519034438899 1 0.29773544438944999 1 0.33440845112162498 1 0.37300878522303799 1 0.393974241987673 1 0.47870964640618802 1 0.483341130483183 1 0.58521917734485995 1 0.60480943582838897 1 0.66210848467482497 1 0.709135951785693 1 0.734987480041845 1 0.73774031580642097 1 0.76002099369343801 1 0.78339972419284698 1 0.80593912546260305 1 0.82761816865767102 1 0.84927269218980805 1 0.87086922515731102 1 0.89243227817167003 1 0.89346079781393495 1 0.91395362751021603 1 0.93546947501275401 1 0.956974621114561 1 0.97848415143846801 1 0.98911282845196502 1 1 4
1 -1.6000000000000001 -11 -3 0 1 0 
7 0 0  3 47 45  -1.59999999982764 -7.5 -2.1339745957179801  -1.59999999994699 -7.5000000229118298 -2.1400636962020001  -1.6000000000186501 -7.5001450192884898 -2.1506385919462501  -1.59999999999869 -7.5005972366781801 -2.1628218822889398  -1.60000000000091 -7.5012160658272098 -2.1750723504997702  -1.5999999999996399 -7.5021586643434004 -2.1890303764546002  -1.6000000000001 -7.5039011925009103 -2.2075383071108599  -1.6000000000000001 -7.5054984797055502 -2.2207799458319899  -1.6000000000000001 -7.5071854850167004 -2.23322088464848  -1.6000000000000001 -7.5090530709562398 -2.2457649679557701  -1.6000000000000001 -7.5121655468588102 -2.2637164126222702  -1.6000000000000001 -7.51522565222945 -2.2790395129146201  -1.6000000000000001 -7.5179792981486502 -2.2916402809412699  -1.6000000000000001 -7.5209810110446398 -2.3045995742133498  -1.6000000000000001 -7.5253150164998299 -2.32174521058168  -1.6000000000000001 -7.5299762336946197 -2.3383438429793499  -1.6000000000000001 -7.5343370014667803 -2.35281624884278  -1.6000000000000001 -7.5392169700441203 -2.3682159764049899  -1.6000000000000001 -7.5458854750288999 -2.3876983069761102  -1.6000000000000001 -7.5541732704458697 -2.4099197475315499  -1.6000000000000001 -7.5646465934566001 -2.4359350397678399  -1.6000000000000001 -7.5782369081958896 -2.4667246762835999  -1.6000000000000101 -7.5927428301770501 -2.4963608368578099  -1.5999999999999399 -7.6157834849592998 -2.5401186107685301  -1.6000000000005901 -7.6350796441157502 -2.5726595971595501  -1.5999999999991901 -7.6705574999662396 -2.62775590026942  -1.6000000000600501 -7.6955290356630002 -2.6630603989092498  -1.59999999993761 -7.73286796107267 -2.7116180412511701  -1.6000000007605399 -7.7595538987496102 -2.7446460153000198  -1.5999999998974599 -7.7885416731312302 -2.7785414497474901  -1.6000000000015 -7.8057114698889603 -2.7979486171699999  -1.59999999999903 -7.81734203161162 -2.8109366880094  -1.60000000000044 -7.8284722496603196 -2.8232366599903398  -1.59999999999989 -7.8443034804520204 -2.8404292318402802  -1.6000000000000301 -7.8601313474262904 -2.8573485018545699  -1.5999999999999901 -7.8756699660056997 -2.87373370830985  -1.6000000000000001 -7.8910842888911903 -2.8897962204002501  -1.6000000000000001 -7.9065548411651196 -2.9057513996292799  -1.6000000000000001 -7.91714961367631 -2.9165818849325702  -1.6000000000000001 -7.9274991230762399 -2.9271209650899999  -1.6000000000000001 -7.9378555002400697 -2.9376287668992802  -1.6000000000000001 -7.9531791039961499 -2.9530876176063399  -1.6000000000000001 -7.9687759248139498 -2.9687530752930398  -1.6000000000000001 -7.9817533902118596 -2.9817495377099301  -1.6000000000000001 -7.99216262208249 -2.9921626225709801  -1.6000000000000001 -7.9973670544892697 -2.9973670539003798  -1.6000000000000001 -8 -3 
 0 4 0.017679408570295398 1 0.030737648232262899 1 0.035489968068587098 1 0.053414149098080399 1 0.071526785590182093 1 0.089747945236758706 1 0.092371660005858405 1 0.10820913945656099 1 0.126807381051665 1 0.145613937762784 1 0.15386330322146399 1 0.16448281999512099 1 0.18446148411803401 1 0.205489410327516 1 0.21479407970306799 1 0.22856403693148999 1 0.25261736314716199 1 0.27485519034438999 1 0.29773544438945199 1 0.33440845112162898 1 0.37300878522304098 1 0.393974241987674 1 0.47870964640618502 1 0.483341130483179 1 0.58521917734485496 1 0.60480943582838698 1 0.66210848467482297 1 0.70913595178569599 1 0.73498748004184999 1 0.73774031580641497 1 0.760020993693442 1 0.78339972419285298 1 0.80593912546260904 1 0.82761816865767801 1 0.84927269218981505 1 0.87086922515731502 1 0.89243227817167403 1 0.89346079781392995 1 0.91395362751022002 1 0.93546947501275801 1 0.95697462111456399 1 0.97848415143846801 1 0.98911282845196202 1 1 4
1 -1.6000000000000001 -7.5 3.5 0 0 -1 
2 -1.6000000000000001 -9.5 3.5 -1 0 0 0 -1 0 0 0 1 2
1 -1.6000000000000001 -11.5 -2.13397459541943 -3.9411715683907998e-17 0 1 
7 0 0  3 47 45  -1.59999999982764 11.5 2.1339745957179801  -1.59999999994699 11.4999999770882 2.1400636962020001  -1.6000000000186501 11.4998549807115 2.1506385919462399  -1.59999999999869 11.4994027633218 2.1628218822889398  -1.60000000000091 11.498783934172801 2.1750723504997702  -1.5999999999996399 11.4978413356566 2.1890303764546002  -1.6000000000001 11.4960988074991 2.2075383071108599  -1.6000000000000001 11.4945015202945 2.2207799458319899  -1.6000000000000001 11.4928145149833 2.23322088464848  -1.6000000000000001 11.490946929043799 2.2457649679557599  -1.6000000000000001 11.4878344531412 2.26371641262226  -1.6000000000000001 11.4847743477706 2.2790395129146201  -1.6000000000000001 11.4820207018514 2.2916402809412602  -1.6000000000000001 11.479018988955399 2.3045995742133498  -1.6000000000000001 11.4746849835002 2.3217452105816698  -1.6000000000000001 11.470023766305401 2.3383438429793499  -1.6000000000000001 11.465662998533199 2.35281624884278  -1.6000000000000001 11.4607830299559 2.3682159764049899  -1.6000000000000001 11.4541145249711 2.3876983069761102  -1.6000000000000001 11.445826729554099 2.4099197475315499  -1.6000000000000001 11.435353406543401 2.4359350397678399  -1.6000000000000001 11.421763091804101 2.4667246762835999  -1.6000000000000101 11.407257169823 2.4963608368578099  -1.5999999999999399 11.3842165150407 2.5401186107685301  -1.6000000000005901 11.3649203558842 2.5726595971595501  -1.5999999999991901 11.329442500033799 2.6277559002694302  -1.6000000000600501 11.304470964337 2.6630603989092498  -1.5999999999376 11.267132038927301 2.7116180412511701  -1.6000000007605399 11.2404461012504 2.7446460153000301  -1.5999999998974599 11.211458326868801 2.7785414497474901  -1.6000000000015 11.194288530111001 2.7979486171700101  -1.59999999999903 11.1826579683884 2.8109366880094  -1.60000000000044 11.171527750339701 2.82323665999035  -1.59999999999989 11.155696519548 2.8404292318402802  -1.6000000000000301 11.1398686525737 2.8573485018545601  -1.5999999999999901 11.124330033994299 2.87373370830985  -1.6000000000000001 11.1089157111088 2.8897962204002501  -1.6000000000000001 11.0934451588349 2.9057513996292799  -1.6000000000000001 11.082850386323701 2.9165818849325702  -1.6000000000000001 11.072500876923799 2.9271209650899999  -1.6000000000000001 11.062144499759899 2.9376287668992802  -1.6000000000000001 11.046820896003901 2.9530876176063399  -1.6000000000000001 11.031224075186101 2.9687530752930398  -1.6000000000000001 11.0182466097881 2.9817495377099199  -1.6000000000000001 11.0078373779175 2.9921626225710001  -1.6000000000000001 11.002632945510699 2.99736705390039  -1.6000000000000001 11 3 
 0 4 0.017679408570297001 1 0.030737648232265501 1 0.0354899680685897 1 0.053414149098082599 1 0.071526785590183495 1 0.089747945236760204 1 0.0923716600058586 1 0.10820913945656301 1 0.126807381051666 1 0.145613937762783 1 0.15386330322146299 1 0.16448281999512099 1 0.18446148411803501 1 0.205489410327515 1 0.21479407970306599 1 0.228564036931489 1 0.25261736314716199 1 0.27485519034438999 1 0.29773544438945199 1 0.33440845112162698 1 0.37300878522303899 1 0.393974241987673 1 0.47870964640618802 1 0.483341130483183 1 0.58521917734485795 1 0.60480943582839197 1 0.66210848467482197 1 0.709135951785694 1 0.734987480041846 1 0.73774031580642296 1 0.76002099369343701 1 0.78339972419285098 1 0.80593912546260504 1 0.82761816865767401 1 0.84927269218981005 1 0.87086922515731102 1 0.89243227817166904 1 0.89346079781393895 1 0.91395362751021203 1 0.93546947501275102 1 0.95697462111456 1 0.97848415143846701 1 0.98911282845196202 1 1 4
1 -1.6000000000000001 11 3 0 -1 2.9605947323337501e-16 
7 0 0  3 47 45  -1.59999999982764 7.5 2.1339745957179801  -1.59999999994699 7.5000000229118298 2.1400636962020001  -1.6000000000186501 7.5001450192884898 2.1506385919462399  -1.59999999999869 7.5005972366781801 2.1628218822889398  -1.60000000000091 7.5012160658272098 2.1750723504997702  -1.5999999999996399 7.5021586643433897 2.1890303764546002  -1.6000000000001 7.5039011925009103 2.2075383071108599  -1.6000000000000001 7.5054984797055502 2.2207799458319899  -1.6000000000000001 7.5071854850167004 2.23322088464848  -1.6000000000000001 7.5090530709562398 2.2457649679557599  -1.6000000000000001 7.5121655468587996 2.26371641262226  -1.6000000000000001 7.51522565222945 2.2790395129146099  -1.6000000000000001 7.5179792981486404 2.2916402809412602  -1.6000000000000001 7.5209810110446398 2.3045995742133498  -1.6000000000000001 7.5253150164998299 2.3217452105816698  -1.6000000000000001 7.5299762336946197 2.3383438429793499  -1.6000000000000001 7.5343370014667901 2.35281624884278  -1.6000000000000001 7.5392169700441096 2.3682159764049802  -1.6000000000000001 7.5458854750288999 2.3876983069761102  -1.6000000000000001 7.5541732704458697 2.4099197475315499  -1.6000000000000001 7.5646465934566001 2.4359350397678301  -1.6000000000000001 7.5782369081958896 2.4667246762835999  -1.6000000000000101 7.5927428301770403 2.4963608368578099  -1.5999999999999399 7.6157834849592998 2.5401186107685301  -1.6000000000005901 7.6350796441157502 2.5726595971595501  -1.5999999999991801 7.6705574999662298 2.6277559002694102  -1.6000000000600501 7.6955290356630002 2.6630603989092498  -1.59999999993761 7.73286796107267 2.7116180412511701  -1.6000000007605399 7.7595538987496102 2.7446460153000198  -1.5999999998974599 7.7885416731312302 2.7785414497474901  -1.6000000000015 7.8057114698889603 2.7979486171699999  -1.59999999999903 7.81734203161162 2.8109366880094  -1.60000000000043 7.8284722496603099 2.8232366599903398  -1.59999999999989 7.8443034804520204 2.8404292318402802  -1.6000000000000301 7.8601313474262904 2.8573485018545699  -1.5999999999999901 7.8756699660056997 2.87373370830985  -1.6000000000000001 7.8910842888912001 2.8897962204002599  -1.6000000000000001 7.9065548411651196 2.9057513996292799  -1.6000000000000001 7.9171496136763198 2.9165818849325702  -1.6000000000000001 7.9274991230762399 2.9271209650899799  -1.6000000000000001 7.9378555002400697 2.93762876689927  -1.6000000000000001 7.9531791039961499 2.9530876176063399  -1.6000000000000001 7.9687759248139596 2.96875307529303  -1.6000000000000001 7.9817533902118702 2.9817495377099199  -1.6000000000000001 7.9921626220825299 2.9921626225709401  -1.6000000000000001 7.9973670544892901 2.9973670539003598  -1.6000000000000001 8 3 
 0 4 0.0176794085702963 1 0.030737648232263499 1 0.035489968068588097 1 0.053414149098081801 1 0.071526785590181705 1 0.089747945236759302 1 0.092371660005856698 1 0.10820913945656201 1 0.126807381051665 1 0.145613937762784 1 0.15386330322146199 1 0.16448281999511899 1 0.18446148411803301 1 0.205489410327514 1 0.21479407970306499 1 0.228564036931485 1 0.25261736314715799 1 0.27485519034438799 1 0.29773544438944799 1 0.33440845112162698 1 0.37300878522303699 1 0.39397424198767 1 0.47870964640618502 1 0.483341130483179 1 0.58521917734485396 1 0.60480943582838498 1 0.66210848467482197 1 0.709135951785694 1 0.734987480041847 1 0.73774031580641097 1 0.76002099369344001 1 0.78339972419285298 1 0.80593912546261004 1 0.82761816865767901 1 0.84927269218981705 1 0.87086922515731902 1 0.89243227817167703 1 0.89346079781392496 1 0.91395362751022202 1 0.93546947501275901 1 0.95697462111456499 1 0.97848415143846801 1 0.98911282845195803 1 1 4
1 -1.6000000000000001 7.5 -3.5 0 3.1529372547126399e-16 1 
2 -1.6000000000000001 9.5 -3.5 1 0 0 0 -1 -2.22044604925032e-16 0 2.22044604925032e-16 -1 2
1 -1.6000000000000001 11.5 2.13397459541943 -3.9411715683908097e-17 -3.1529372547126399e-16 -1 
2 -1.6000000000000001 4.5999999999999996 -9.5 -1 0 0 0 1 1.8369701987210299e-16 0 1.8369701987210299e-16 -1 0.84999999999999998
2 -1.6000000000000001 8.1317279836902099 8.1317279836003795 -1 0 0 0 1 0 0 0 -1 0.291746824500001
2 -1.6000000000000001 8.1317279836430405 -8.1317279836475507 -1 0 0 0 1 0 0 0 -1 0.291746824500001
2 0 8.1317279836430405 -8.1317279836475507 -1 0 0 0 1 0 0 0 -1 0.291746824500001
7 0 0  1 2 2  0 8.4234748081430411 -8.1317279836475507  -1.6000000000000001 8.4234748081430411 -8.1317279836475507 
 1 2 2.6000000000000001 2
2 -15.3300051584207 10 3.0673371140763299 0 1 0 0 -0 1 1 0 -0 14.35
2 0 -8.1317279836902099 -8.1317279836003795 -1 0 0 0 1 0 0 0 -1 0.2917468245
2 0 -8.1317279836430405 8.1317279836475507 -1 0 0 0 1 0 0 0 -1 0.2917468245
2 0 9.5 4.5999999999999996 -1 0 0 0 2.5420705791856402e-15 1 0 1 -2.5420705791856402e-15 0.84999999999999998
2 0 -9.5 -4.5999999999999996 -1 0 0 0 0 -1 -0 -1 -0 0.84999999999999998
1 0 3 -11 0 2.9605947323337501e-16 1 
7 0 0  3 47 45  -1.72360237193914e-10 2.1339745957179801 -7.5  -5.3012362085914403e-11 2.1400636962020001 -7.5000000229118298  1.86533796975021e-11 2.1506385919462501 -7.5001450192885004  -1.3072603423821999e-12 2.16282188228895 -7.5005972366781801  9.1011878442973e-13 2.1750723504997702 -7.5012160658272098  -3.5913114720839399e-13 2.1890303764546002 -7.5021586643433897  1.01977181845408e-13 2.2075383071108599 -7.50390119250092  -2.4751912937308199e-15 2.2207799458319899 -7.5054984797055404  1.4417760672334e-15 2.2332208846484898 -7.5071854850167101  -4.20701950231827e-16 2.2457649679557701 -7.50905307095623  1.8180344334927201e-16 2.2637164126222702 -7.5121655468587996  8.6571563986392903e-17 2.2790395129146201 -7.51522565222945  -1.8067296548181401e-17 2.2916402809412699 -7.5179792981486404  -2.25843883135084e-18 2.3045995742133498 -7.5209810110446398  1.03734602454958e-16 2.32174521058168 -7.5253150164998299  -3.1092383594664597e-17 2.3383438429793499 -7.5299762336946197  -4.4138379823771398e-17 2.35281624884278 -7.5343370014667901  1.3110792563379901e-16 2.3682159764049899 -7.5392169700441096  -9.3132056343647006e-17 2.3876983069761102 -7.5458854750288999  -1.05660943292825e-16 2.4099197475315499 -7.55417327044586  6.6712827248603102e-16 2.4359350397678399 -7.5646465934566098  -4.3993980197260602e-15 2.4667246762835999 -7.5782369081958896  1.4092954744429001e-14 2.4963608368578099 -7.5927428301770403  -5.8706386417548801e-14 2.5401186107685301 -7.6157834849592998  5.9112781304631703e-13 2.5726595971595598 -7.6350796441157396  -8.12452895742078e-13 2.62775590026942 -7.6705574999662396  6.0052997801006001e-11 2.6630603989092498 -7.6955290356630002  -6.2395518620600394e-11 2.7116180412511701 -7.73286796107267  7.6054370147502804e-10 2.7446460153000301 -7.75955389874962  -1.02541981612023e-10 2.7785414497474901 -7.7885416731312302  1.4982404481843199e-12 2.7979486171700101 -7.8057114698889603  -9.7119449748701399e-13 2.8109366880094 -7.81734203161162  4.3549478725021002e-13 2.82323665999035 -7.8284722496603196  -1.1445756355825499e-13 2.8404292318402802 -7.8443034804520204  2.88818871542851e-14 2.8573485018545699 -7.8601313474262904  -7.4917265625798495e-15 2.87373370830985 -7.8756699660056997  1.9196849913038001e-15 2.8897962204002501 -7.8910842888911903  -5.4404455912202604e-16 2.9057513996292901 -7.9065548411651196  6.0555893775895799e-18 2.91658188493256 -7.9171496136763002  -5.4007163248054997e-18 2.9271209650900101 -7.9274991230762604  1.8022992289959299e-16 2.9376287668992802 -7.9378555002400599  4.2515187431269097e-17 2.9530876176063501 -7.9531791039961499  -1.9329036612685499e-17 2.9687530752930398 -7.9687759248139498  -1.1280359085647799e-16 2.9817495377099301 -7.9817533902118596  1.23074461203444e-16 2.9921626225710001 -7.9921626220824704  -3.0027805321960099e-17 2.99736705390039 -7.9973670544892599  -2.2204460492503101e-16 3 -8 
 0 4 0.0176794085702968 1 0.030737648232263999 1 0.035489968068588902 1 0.053414149098083001 1 0.071526785590183994 1 0.089747945236761703 1 0.092371660005857795 1 0.108209139456564 1 0.126807381051668 1 0.145613937762786 1 0.15386330322146399 1 0.16448281999512099 1 0.18446148411803501 1 0.205489410327515 1 0.21479407970306699 1 0.228564036931488 1 0.25261736314715899 1 0.27485519034438999 1 0.29773544438945199 1 0.33440845112162698 1 0.37300878522303799 1 0.393974241987671 1 0.47870964640618402 1 0.483341130483179 1 0.58521917734485496 1 0.60480943582838698 1 0.66210848467482497 1 0.70913595178569699 1 0.734987480041848 1 0.73774031580641997 1 0.760020993693441 1 0.78339972419285298 1 0.80593912546260904 1 0.82761816865767801 1 0.84927269218981505 1 0.87086922515731402 1 0.89243227817167403 1 0.89346079781393495 1 0.91395362751021902 1 0.93546947501275501 1 0.956974621114562 1 0.97848415143846701 1 0.98911282845196502 1 1 4
1 0 -3.5 -7.5 0 1 -1.5764686273563199e-16 
2 0 -3.5 -9.5 -1 0 0 0 0 -1 -0 -1 -0 2
1 0 2.13397459541943 -11.5 0 -1 3.1529372547126399e-16 
7 0 0  3 47 45  -3.8302096062715698e-12 2.1339745957179801 -11.5  -3.8302096062715698e-12 2.14006237297603 -11.4999999756892  -3.8302096062715698e-12 2.15063757809606 -11.4998550023788  -3.8302096062715698e-12 2.1628244763984101 -11.499402686210299  -3.8302096062715698e-12 2.1750933999998598 -11.4987828162933  -3.8302096062715698e-12 2.1890954501608002 -11.497836597247099  -3.8302096062715698e-12 2.20767683433544 -11.496084716754099  -3.8302096062715698e-12 2.2209010757419101 -11.4944861004236  -3.8302096062715698e-12 2.2334301962171601 -11.492785084508199  -3.8302096062715698e-12 2.2460963064516002 -11.4908957743808  -3.8302096062715698e-12 2.2643323404981901 -11.487721297307401  -3.8302096062715698e-12 2.2795219619150999 -11.484672504697601  -3.8302096062715698e-12 2.2923015830804898 -11.4818722503868  -3.8302096062715698e-12 2.3052152569123101 -11.4788709545342  -3.8302096062715698e-12 2.32222461701731 -11.4745498533629  -3.8302096062715698e-12 2.33844989637478 -11.4699900433947  -3.8302096062715698e-12 2.3517223272376802 -11.465994365264899  -3.8302096062715698e-12 2.3652287056716901 -11.4617412774379  -3.8302096062715698e-12 2.3847467393550001 -11.455180337263  -3.8302096062715698e-12 2.40243345878083 -11.448655116829  -3.8302096062715698e-12 2.4286826156854899 -11.438384736341799  -3.8302096062715698e-12 2.4474691336048902 -11.4303663129066  -3.8302096062715698e-12 2.4785247645056199 -11.4160527830948  -3.8302096062715698e-12 2.4986096701288298 -11.4061256373763  -3.8302096062715698e-12 2.5253360953622401 -11.391932510925001  -3.8302096062715698e-12 2.55101748652686 -11.377619977001199  -3.8302096062715698e-12 2.5772687526520199 -11.361835383385399  -3.8302096062715698e-12 2.60702812994088 -11.3428877410502  -3.8302096062715698e-12 2.6464836125926201 -11.3163967297304  -3.8302096062715698e-12 2.6801684447890399 -11.2914797742094  -3.8302096062715698e-12 2.72411984594107 -11.257234567162101  -3.8302096062715698e-12 2.7593223646348499 -11.2283003779837  -3.8302096062715698e-12 2.7973877386082902 -11.194873342168499  -3.8302096062715698e-12 2.82499536193927 -11.169959402983901  -3.8302096062715698e-12 2.8477604138264501 -11.148933833061299  -3.8302096062715698e-12 2.87490045201202 -11.123255778161999  -3.8302096062715698e-12 2.89870737835404 -11.1003241315232  -3.8302096062715698e-12 2.9147227273468799 -11.0846770623599  -3.8302096062715698e-12 2.9280666170929699 -11.071571446495399  -3.8302096062715698e-12 2.9380477177934901 -11.061729066656101  -3.8302096062715698e-12 2.9520539969933401 -11.0478434326059  -3.8302096062715698e-12 2.96431650577121 -11.0356433749447  -3.8302096062715698e-12 2.9763757732794698 -11.0236144036037  -3.8302096062715698e-12 2.98560251092383 -11.0143953070357  -3.8302096062715698e-12 2.9934613077608598 -11.0065386923979  -3.8302096062715698e-12 2.99736687159549 -11.0026331281796  -3.8302096062715698e-12 3 -11 
 0 4 0.017671075481701801 1 0.030732194602145799 1 0.035495700969282701 1 0.053456216517572597 1 0.0716480821690339 1 0.0899702631614204 1 0.092365939368554695 1 0.10859398178120599 1 0.127395099841936 1 0.14646465841568901 1 0.15386477605075699 1 0.16561526616529301 1 0.18518676873037301 1 0.205100477989791 1 0.21479841574608599 1 0.22562680361214299 1 0.24640651286529699 1 0.27484714782355402 1 0.28059269494768901 1 0.32860535128172902 1 0.33440241358067502 1 0.38037870676221702 1 0.39399216579739699 1 0.42272578450263798 1 0.46617084615658499 1 0.48334556120766498 1 0.52565636822832096 1 0.60481761674529799 1 0.60561372924993995 1 0.68826259858662597 1 0.73772551732319203 1 0.75347000174096601 1 0.79680746670214697 1 0.82817529649781896 1 0.86250491443743604 1 0.89325520302789596 1 0.89349405012339 1 0.91706887814275695 1 0.93414965506285996 1 0.95103946503458803 1 0.96754753351945399 1 0.98386710574297898 1 0.98912177756198605 1 1 4
2 0 -4.5999999999999996 9.5 -1 0 0 -0 -1 -6.1232339957367697e-17 0 -6.1232339957367697e-17 1 0.84999999999999998
2 0 0 0 -1 0 0 -0 -1 -6.1232339957367599e-17 0 -6.1232339957367599e-17 1 6
1 0 -3 11 0 0 -1 
7 0 0  3 47 45  -1.7236012617161099e-10 -2.1339745957179801 7.5  -5.3012212574574501e-11 -2.1400636962020001 7.5000000229118298  1.8653381407596699e-11 -2.1506385919462501 7.5001450192885004  -1.30735770011753e-12 -2.1628218822889398 7.5005972366781801  9.10268004492762e-13 -2.1750723504997702 7.5012160658272098  -3.5881597018365301e-13 -2.1890303764546002 7.5021586643434004  1.01782059015059e-13 -2.2075383071108599 7.5039011925009103  -2.6782572913397402e-15 -2.2207799458319899 7.5054984797055404  1.7062273099784801e-15 -2.2332208846484898 7.5071854850167004  -9.5356964551903803e-16 -2.2457649679557701 7.50905307095623  3.41276115045679e-16 -2.2637164126222702 7.5121655468587996  -2.08291602952956e-16 -2.2790395129146201 7.51522565222945  1.4476858567784899e-16 -2.2916402809412699 7.5179792981486404  -2.13366367830725e-16 -2.3045995742133498 7.5209810110446398  -7.5536130232110695e-17 -2.32174521058168 7.5253150164998202  3.3305412499464301e-17 -2.3383438429793499 7.5299762336946303  -4.8775137793221301e-17 -2.35281624884278 7.5343370014667803  2.3147737401305999e-17 -2.3682159764049899 7.5392169700441203  2.5501863484123999e-17 -2.3876983069761102 7.5458854750288999  -2.6693129709523699e-16 -2.4099197475315499 7.5541732704458697  9.4469419272315791e-16 -2.4359350397678399 7.5646465934566001  -4.6284996337510299e-15 -2.4667246762835999 7.5782369081958896  1.39495033913096e-14 -2.4963608368578099 7.5927428301770403  -5.8624875725550495e-14 -2.5401186107685301 7.6157834849592998  5.8964714363292101e-13 -2.5726595971595501 7.6350796441157396  -8.1068144570640499e-13 -2.6277559002694302 7.6705574999662502  6.0052687046282599e-11 -2.6630603989092498 7.6955290356630002  -6.2395346450700305e-11 -2.7116180412511701 7.7328679610726603  7.6054384116931801e-10 -2.7446460153000301 7.75955389874962  -1.0254175387758e-10 -2.7785414497474901 7.7885416731312302  1.49826193109436e-12 -2.7979486171700101 7.80571146988897  -9.7116092647658707e-13 -2.8109366880094 7.8173420316116102  4.3535171375574301e-13 -2.82323665999035 7.8284722496603196  -1.1432536247441599e-13 -2.8404292318402899 7.8443034804520204  2.8832173796516998e-14 -2.8573485018545699 7.8601313474262904  -7.5795422514570905e-15 -2.87373370830985 7.8756699660056997  1.9877960722015798e-15 -2.8897962204002599 7.8910842888911903  -5.6237027546839203e-16 -2.9057513996292901 7.9065548411651196  3.9161247644641801e-18 -2.91658188493258 7.9171496136763198  -3.0255836013905398e-18 -2.9271209650899999 7.9274991230762302  -1.06694888408024e-16 -2.9376287668992802 7.9378555002400697  4.9843316710772503e-17 -2.9530876176063501 7.9531791039961401  -9.0177551937924799e-17 -2.96875307529305 7.96877592481394  -3.3658148819634301e-17 -2.9817495377099301 7.9817533902118596  7.8005324521076e-17 -2.9921626225710201 7.99216262208245  -1.83061548382895e-16 -2.9973670539003998 7.9973670544892403  -4.4408920985006301e-16 -3 8 
 0 4 0.017679408570295398 1 0.030737648232264499 1 0.035489968068587403 1 0.053414149098080801 1 0.071526785590181802 1 0.089747945236758997 1 0.092371660005857906 1 0.10820913945656201 1 0.126807381051664 1 0.145613937762784 1 0.15386330322146399 1 0.16448281999511999 1 0.18446148411803301 1 0.205489410327517 1 0.21479407970306799 1 0.228564036931489 1 0.25261736314715999 1 0.27485519034438999 1 0.29773544438944999 1 0.33440845112162798 1 0.37300878522303899 1 0.393974241987672 1 0.47870964640618702 1 0.483341130483181 1 0.58521917734485696 1 0.60480943582838598 1 0.66210848467482397 1 0.70913595178569599 1 0.734987480041847 1 0.73774031580641397 1 0.76002099369344001 1 0.78339972419285497 1 0.80593912546261104 1 0.82761816865767901 1 0.84927269218981805 1 0.87086922515731602 1 0.89243227817167603 1 0.89346079781393595 1 0.91395362751021902 1 0.93546947501275701 1 0.956974621114561 1 0.97848415143846601 1 0.98911282845196602 1 1 4
1 0 3.5 7.5 0 -1 0 
2 0 3.5 9.5 1 0 0 0 0 -1 -0 1 0 2
1 0 -2.13397459541943 11.5 0 1 0 
7 0 0  3 47 45  -1.7236007066046e-10 -2.1339745957179801 11.5  -5.3012404386234498e-11 -2.1400636962020001 11.4999999770882  1.8653348665517398e-11 -2.1506385919462501 11.4998549807115  -1.30717597102752e-12 -2.1628218822889398 11.4994027633218  9.0990363059229697e-13 -2.1750723504997702 11.498783934172801  -3.5880839891463599e-13 -2.1890303764546002 11.4978413356566  1.0191093369055599e-13 -2.2075383071108599 11.4960988074991  -3.1370332367195099e-15 -2.2207799458319899 11.4945015202945  1.8451067592103099e-15 -2.23322088464848 11.4928145149833  -8.9247866147171991e-16 -2.2457649679557701 11.490946929043799  2.07465833222281e-16 -2.26371641262226 11.4878344531412  1.47632057511639e-16 -2.2790395129146201 11.4847743477706  3.2620264831590901e-17 -2.2916402809412602 11.4820207018514  8.2660972050558104e-17 -2.3045995742133498 11.479018988955399  -6.2264817124289397e-17 -2.3217452105816698 11.4746849835002  -4.03543340120016e-17 -2.3383438429793499 11.470023766305401  1.52236045139028e-18 -2.35281624884278 11.465662998533199  8.0406075062186202e-17 -2.3682159764049899 11.4607830299559  8.88957658275939e-17 -2.3876983069761102 11.4541145249711  -8.7512480503179095e-17 -2.4099197475315499 11.445826729554099  7.5895241186011498e-16 -2.4359350397678399 11.435353406543401  -4.4858965631076604e-15 -2.4667246762835999 11.421763091804101  1.39796621141137e-14 -2.4963608368578099 11.407257169823  -5.8658317747724895e-14 -2.5401186107685301 11.3842165150407  5.9044304846898895e-13 -2.5726595971595598 11.364920355884299  -8.1151149108794104e-13 -2.62775590026942 11.329442500033799  6.0052827547347504e-11 -2.6630603989092498 11.304470964337  -6.2395390952987003e-11 -2.7116180412511701 11.267132038927301  7.60543804429449e-10 -2.7446460153000301 11.2404461012504  -1.02541633148367e-10 -2.7785414497474901 11.211458326868801  1.49797105883812e-12 -2.7979486171700101 11.194288530111001  -9.7088188116132393e-13 -2.8109366880094 11.1826579683884  4.3540208260158801e-13 -2.82323665999035 11.171527750339701  -1.1424920939104701e-13 -2.8404292318402802 11.155696519548  2.8814856273864999e-14 -2.8573485018545699 11.1398686525737  -7.5818337436942093e-15 -2.87373370830985 11.124330033994299  2.01400061664413e-15 -2.8897962204002599 11.1089157111088  -6.6452824001798395e-16 -2.9057513996292799 11.0934451588349  5.2537003989627497e-18 -2.9165818849325702 11.082850386323701  -4.2584652554189503e-18 -2.9271209650899999 11.072500876923799  -4.7785698241836001e-17 -2.9376287668992802 11.062144499759899  8.6622436845189102e-18 -2.9530876176063501 11.046820896003901  1.4009905664300101e-17 -2.9687530752930398 11.031224075186  -5.1443779112505801e-17 -2.9817495377099301 11.0182466097881  6.5349428080321297e-18 -2.9921626225709899 11.0078373779175  1.0176619238858701e-17 -2.9973670539003798 11.002632945510699  0 -3 11 
 0 4 0.017679408570295499 1 0.030737648232263701 1 0.035489968068587098 1 0.053414149098080399 1 0.0715267855901804 1 0.089747945236757595 1 0.0923716600058576 1 0.10820913945656099 1 0.126807381051665 1 0.145613937762782 1 0.15386330322146299 1 0.16448281999511999 1 0.18446148411803301 1 0.205489410327513 1 0.21479407970306499 1 0.228564036931486 1 0.25261736314715999 1 0.27485519034438899 1 0.29773544438944799 1 0.33440845112162498 1 0.37300878522303599 1 0.393974241987672 1 0.47870964640618602 1 0.483341130483179 1 0.58521917734485696 1 0.60480943582838698 1 0.66210848467482097 1 0.709135951785695 1 0.734987480041848 1 0.73774031580641497 1 0.76002099369344001 1 0.78339972419285198 1 0.80593912546260704 1 0.82761816865767701 1 0.84927269218981405 1 0.87086922515731602 1 0.89243227817167503 1 0.89346079781392995 1 0.91395362751021803 1 0.93546947501275701 1 0.95697462111456499 1 0.97848415143846701 1 0.98911282845196202 1 1 4
1 0 -11 -3 0 1 0 
7 0 0  3 47 45  -1.72360292705065e-10 -7.5 -2.1339745957179801  -5.3012132955596101e-11 -7.5000000229118298 -2.1400636962020001  1.8653499506289199e-11 -7.5001450192885004 -2.1506385919462501  -1.30743380145718e-12 -7.5005972366781801 -2.1628218822889398  9.1013925979410801e-13 -7.5012160658272098 -2.1750723504997702  -3.5907369085452799e-13 -7.5021586643434004 -2.1890303764546002  1.01904111708853e-13 -7.5039011925009103 -2.2075383071108599  -3.04636159972583e-15 -7.5054984797055404 -2.2207799458319899  1.7927825695639499e-15 -7.5071854850167004 -2.2332208846484898  -1.0083635162528601e-15 -7.50905307095623 -2.2457649679557701  2.0407976141340401e-16 -7.5121655468588102 -2.2637164126222702  1.2257200589685601e-16 -7.51522565222945 -2.2790395129146201  -8.3642925910027899e-17 -7.5179792981486404 -2.2916402809412699  1.65971419297485e-16 -7.52098101104463 -2.3045995742133498  -2.0719967158756e-16 -7.5253150164998299 -2.32174521058168  1.7397219349518801e-16 -7.5299762336946303 -2.3383438429793499  -1.1899518634656401e-16 -7.5343370014667803 -2.35281624884278  -7.2378017538694695e-18 -7.5392169700441203 -2.3682159764049899  1.81528338131481e-16 -7.5458854750288999 -2.3876983069761102  -3.30087557136673e-16 -7.5541732704458697 -2.4099197475315499  8.7134677211924804e-16 -7.5646465934566098 -2.4359350397678399  -4.5341099407732902e-15 -7.5782369081958896 -2.4667246762835999  1.40166836469295e-14 -7.5927428301770403 -2.4963608368578099  -5.8637047627076601e-14 -7.6157834849592998 -2.5401186107685301  5.8970324485123504e-13 -7.6350796441157396 -2.5726595971595501  -8.10626395494047e-13 -7.6705574999662396 -2.62775590026942  6.0052695389713002e-11 -7.6955290356630099 -2.6630603989092498  -6.2395358011211704e-11 -7.7328679610726603 -2.7116180412511701  7.6054399858503102e-10 -7.75955389874962 -2.7446460153000301  -1.02542128043553e-10 -7.7885416731312196 -2.7785414497474901  1.4985886281735099e-12 -7.80571146988897 -2.7979486171700101  -9.7141951466009698e-13 -7.8173420316116102 -2.8109366880094  4.3553121682003502e-13 -7.8284722496603196 -2.82323665999035  -1.1441824514486401e-13 -7.8443034804520204 -2.8404292318402899  2.9015825374438697e-14 -7.8601313474262904 -2.8573485018545699  -7.7221548730069305e-15 -7.8756699660056899 -2.87373370830985  2.0457699877975001e-15 -7.8910842888911903 -2.8897962204002599  -4.8588981632062901e-16 -7.9065548411651099 -2.9057513996292799  -2.19752134228968e-16 -7.9171496136763198 -2.91658188493258  1.8275811067034901e-16 -7.9274991230762302 -2.9271209650899999  -2.1667086807707901e-16 -7.9378555002400697 -2.9376287668992802  1.57438876364432e-16 -7.9531791039961401 -2.9530876176063501  -7.4093863696631902e-17 -7.96877592481394 -2.96875307529305  -3.5442421989220802e-17 -7.9817533902118596 -2.9817495377099301  7.8054441882671606e-17 -7.99216262208245 -2.9921626225710201  -1.8225174009110999e-16 -7.9973670544892501 -2.9973670539003998  -4.4408920985006301e-16 -8 -3 
 0 4 0.017679408570295999 1 0.030737648232263898 1 0.035489968068588298 1 0.053414149098081502 1 0.071526785590182301 1 0.089747945236759399 1 0.092371660005858294 1 0.10820913945656301 1 0.126807381051665 1 0.145613937762784 1 0.15386330322146299 1 0.16448281999512099 1 0.18446148411803501 1 0.205489410327515 1 0.21479407970306699 1 0.228564036931487 1 0.25261736314715799 1 0.27485519034438899 1 0.29773544438944899 1 0.33440845112162898 1 0.37300878522303799 1 0.393974241987674 1 0.47870964640618502 1 0.48334113048318 1 0.58521917734485496 1 0.60480943582838598 1 0.66210848467482197 1 0.709135951785695 1 0.734987480041848 1 0.73774031580642097 1 0.760020993693441 1 0.78339972419285198 1 0.80593912546260904 1 0.82761816865767701 1 0.84927269218981405 1 0.87086922515731602 1 0.89243227817167503 1 0.89346079781393695 1 0.91395362751021902 1 0.93546947501275601 1 0.956974621114562 1 0.97848415143846701 1 0.98911282845196502 1 1 4
1 0 -7.5 3.5 0 -1.5764686273563199e-16 -1 
2 0 -9.5 3.5 -1 0 0 0 -1 0 0 0 1 2
1 0 -11.5 -2.13397459541943 0 0 1 
7 0 0  3 47 45  -3.8302139238055596e-12 -11.5 -2.1339745957179801  -3.8302139238055596e-12 -11.4999999756892 -2.14006237297603  -3.8302139238055596e-12 -11.4998550023788 -2.1506375780960698  -3.8302139238055596e-12 -11.499402686210299 -2.1628244763984199  -3.8302139238055596e-12 -11.4987828162933 -2.1750933999998598  -3.8302139238055596e-12 -11.497836597247099 -2.1890954501608002  -3.8302139238055596e-12 -11.496084716754099 -2.20767683433544  -3.8302139238055596e-12 -11.4944861004236 -2.2209010757419101  -3.8302139238055596e-12 -11.492785084508199 -2.2334301962171601  -3.8302139238055596e-12 -11.4908957743808 -2.2460963064516002  -3.8302139238055596e-12 -11.487721297307401 -2.2643323404981901  -3.8302139238055596e-12 -11.484672504697601 -2.2795219619150999  -3.8302139238055596e-12 -11.4818722503868 -2.2923015830804898  -3.8302139238055596e-12 -11.4788709545342 -2.3052152569123101  -3.8302139238055596e-12 -11.4745498533629 -2.32222461701731  -3.8302139238055596e-12 -11.4699900433947 -2.33844989637478  -3.8302139238055596e-12 -11.465994365264899 -2.3517223272376802  -3.8302139238055596e-12 -11.4617412774379 -2.3652287056716901  -3.8302139238055596e-12 -11.455180337263 -2.3847467393550001  -3.8302139238055596e-12 -11.448655116829 -2.40243345878083  -3.8302139238055596e-12 -11.438384736341799 -2.4286826156854899  -3.8302139238055596e-12 -11.4303663129066 -2.4474691336048902  -3.8302139238055596e-12 -11.4160527830948 -2.4785247645056199  -3.8302139238055596e-12 -11.4061256373763 -2.4986096701288298  -3.8302139238055596e-12 -11.391932510925001 -2.5253360953622499  -3.8302139238055596e-12 -11.377619977001199 -2.55101748652686  -3.8302139238055596e-12 -11.361835383385399 -2.5772687526520199  -3.8302139238055596e-12 -11.3428877410502 -2.60702812994088  -3.8302139238055596e-12 -11.3163967297304 -2.6464836125926299  -3.8302139238055596e-12 -11.2914797742094 -2.680168444789  -3.8302139238055596e-12 -11.257234567162101 -2.7241198459410998  -3.8302139238055596e-12 -11.2283003779837 -2.7593223646348402  -3.8302139238055596e-12 -11.194873342168499 -2.7973877386082902  -3.8302139238055596e-12 -11.169959402983901 -2.82499536193927  -3.8302139238055596e-12 -11.148933833061299 -2.8477604138264501  -3.8302139238055596e-12 -11.123255778161999 -2.8749004520120098  -3.8302139238055596e-12 -11.1003241315232 -2.8987073783540498  -3.8302139238055596e-12 -11.0846770623599 -2.9147227273468701  -3.8302139238055596e-12 -11.071571446495399 -2.9280666170929699  -3.8302139238055596e-12 -11.061729066656101 -2.9380477177934901  -3.8302139238055596e-12 -11.0478434326059 -2.9520539969933401  -3.8302139238055596e-12 -11.0356433749447 -2.9643165057712202  -3.8302139238055596e-12 -11.0236144036037 -2.9763757732794698  -3.8302139238055596e-12 -11.0143953070358 -2.9856025109238402  -3.8302139238055596e-12 -11.006538692397999 -2.9934613077608798  -3.8302139238055596e-12 -11.0026331281796 -2.9973668715955002  -3.8302139238055596e-12 -11 -3 
 0 4 0.017671075481702599 1 0.030732194602146101 1 0.035495700969284102 1 0.0534562165175737 1 0.071648082169034996 1 0.089970263161421704 1 0.0923659393685545 1 0.10859398178120699 1 0.127395099841937 1 0.14646465841569001 1 0.15386477605075599 1 0.16561526616529099 1 0.18518676873036999 1 0.20510047798978601 1 0.21479841574608299 1 0.22562680361213799 1 0.246406512865292 1 0.27484714782355202 1 0.28059269494768802 1 0.32860535128173102 1 0.33440241358067602 1 0.38037870676221702 1 0.39399216579739599 1 0.42272578450263898 1 0.46617084615658799 1 0.48334556120766697 1 0.52565636822832096 1 0.60481761674529899 1 0.60561372924994095 1 0.68826259858662697 1 0.73772551732319003 1 0.75347000174096201 1 0.79680746670214198 1 0.82817529649781496 1 0.86250491443743305 1 0.89325520302789696 1 0.893494050123392 1 0.91706887814276095 1 0.93414965506286296 1 0.95103946503458503 1 0.967547533519447 1 0.98386710574297198 1 0.98912177756198305 1 1 4
1 0 11 3 0 -1 4.4408920985006301e-16 
7 0 0  3 47 45  -1.72360931083304e-10 7.5 2.1339745957179801  -5.3012550832649503e-11 7.5000000229118298 2.1400636962020001  1.8653463250430698e-11 7.5001450192885004 2.1506385919462399  -1.30729687903437e-12 7.5005972366781801 2.1628218822889398  9.1009900787852108e-13 7.5012160658272098 2.1750723504997702  -3.5920556301845701e-13 7.5021586643433897 2.18903037645459  1.0211252196914501e-13 7.5039011925009103 2.2075383071108599  -3.0108784742730698e-15 7.5054984797055404 2.2207799458319899  1.9988605700439401e-15 7.5071854850167004 2.23322088464848  -1.2111680843994199e-15 7.5090530709562398 2.2457649679557599  4.7073322573470597e-16 7.5121655468587996 2.26371641262226  -1.04537610319845e-16 7.5152256522294403 2.2790395129146099  1.05402928484147e-16 7.5179792981486404 2.2916402809412602  -7.3265157758746897e-17 7.5209810110446398 2.3045995742133498  1.12603499648801e-16 7.5253150164998299 2.3217452105816698  1.8167667861256299e-17 7.5299762336946303 2.3383438429793499  -1.3697630601750899e-16 7.5343370014667803 2.35281624884278  1.7456079235143099e-16 7.5392169700441096 2.3682159764049899  -4.0292749138145298e-17 7.5458854750288999 2.3876983069761102  -2.8794525192870403e-17 7.5541732704458697 2.4099197475315499  6.1471142593750204e-16 7.5646465934566098 2.4359350397678399  -4.57503042071836e-15 7.5782369081958896 2.4667246762835999  1.4131494064762e-14 7.5927428301770403 2.4963608368578099  -5.8795437784502601e-14 7.61578348495929 2.5401186107685301  5.9033507927206997e-13 7.63507964411576 2.5726595971595501  -8.1162657672144201e-13 7.6705574999662298 2.62775590026942  6.0052986194554994e-11 7.6955290356630099 2.6630603989092498  -6.2395433731522699e-11 7.7328679610726603 2.7116180412511701  7.6054362923341397e-10 7.75955389874962 2.7446460153000198  -1.02541636591641e-10 7.7885416731312302 2.7785414497474901  1.49800635095198e-12 7.80571146988897 2.7979486171700101  -9.7104405945122107e-13 7.8173420316116102 2.8109366880094  4.3555252360383302e-13 7.8284722496603196 2.8232366599903398  -1.14557563693217e-13 7.8443034804520204 2.8404292318402802  2.90468424839678e-14 7.8601313474262904 2.8573485018545699  -7.7154162944419804e-15 7.8756699660056997 2.87373370830985  2.32062028343035e-15 7.8910842888911903 2.8897962204002501  -9.2423156353297702e-16 7.9065548411651303 2.9057513996292799  6.49550835798622e-16 7.9171496136763002 2.9165818849325702  -5.9050301902674501e-16 7.9274991230762497 2.9271209650899901  3.8274999403481301e-16 7.9378555002400697 2.9376287668992802  -1.13016320535857e-16 7.9531791039961499 2.9530876176063399  6.1532839488743998e-17 7.9687759248139498 2.9687530752930398  -1.0031920031753599e-16 7.9817533902118596 2.9817495377099301  8.4855398487960895e-17 7.99216262208249 2.9921626225709899  6.1766252435145095e-17 7.9973670544892697 2.9973670539003798  0 8 3 
 0 4 0.0176794085702951 1 0.030737648232263801 1 0.035489968068586702 1 0.053414149098080399 1 0.071526785590181205 1 0.089747945236758997 1 0.092371660005857004 1 0.10820913945656099 1 0.126807381051664 1 0.145613937762783 1 0.15386330322146299 1 0.16448281999512099 1 0.18446148411803401 1 0.205489410327515 1 0.21479407970306699 1 0.228564036931487 1 0.25261736314715999 1 0.27485519034438999 1 0.29773544438944899 1 0.33440845112162798 1 0.37300878522303699 1 0.393974241987672 1 0.47870964640618402 1 0.48334113048317701 1 0.58521917734485596 1 0.60480943582838698 1 0.66210848467482297 1 0.709135951785695 1 0.734987480041848 1 0.73774031580641397 1 0.760020993693442 1 0.78339972419285298 1 0.80593912546260804 1 0.82761816865767701 1 0.84927269218981405 1 0.87086922515731302 1 0.89243227817167203 1 0.89346079781392895 1 0.91395362751021902 1 0.93546947501275901 1 0.956974621114563 1 0.97848415143846801 1 0.98911282845196202 1 1 4
1 0 7.5 -3.5 0 3.1529372547126399e-16 1 
2 0 9.5 -3.5 1 0 0 0 -1 0 0 0 -1 2
1 0 11.5 2.13397459541943 0 -3.1529372547126399e-16 -1 
7 0 0  3 47 45  -1.7235954330452299e-10 11.5 2.1339745957179801  -5.3012365553692098e-11 11.4999999770882 2.1400636962020001  1.8653233972506201e-11 11.4998549807115 2.1506385919462399  -1.30708394678134e-12 11.4994027633218 2.1628218822889398  9.0988693789816097e-13 11.498783934172801 2.1750723504997702  -3.5877000267350398e-13 11.4978413356566 2.1890303764546002  1.01790479402827e-13 11.4960988074991 2.2075383071108599  -2.7334504008593001e-15 11.4945015202945 2.2207799458319899  1.64905980448638e-15 11.4928145149833 2.23322088464848  -9.1879864446601996e-16 11.490946929043799 2.2457649679557599  3.0403401700286602e-16 11.4878344531412 2.26371641262226  -1.24809917931968e-16 11.4847743477706 2.2790395129146201  6.8202890914913997e-18 11.4820207018514 2.2916402809412602  -1.4068658705545701e-16 11.479018988955399 2.3045995742133498  -3.0198842894343402e-17 11.4746849835002 2.3217452105816698  -4.1751338871572001e-17 11.470023766305401 2.3383438429793499  -1.3916098553991499e-18 11.465662998533199 2.35281624884278  1.10543194532366e-16 11.4607830299559 2.3682159764049899  -1.13510809112344e-16 11.4541145249711 2.3876983069761102  -1.30714677858619e-17 11.445826729554099 2.4099197475315499  6.24436252586635e-16 11.435353406543401 2.4359350397678301  -4.3824702144879302e-15 11.421763091804101 2.4667246762835999  1.40834651977859e-14 11.407257169823 2.4963608368578099  -5.8993050110485905e-14 11.3842165150407 2.5401186107685301  5.9130304201620899e-13 11.3649203558842 2.5726595971595501  -8.1269237728257501e-13 11.329442500033799 2.62775590026942  6.0053016390659204e-11 11.304470964337 2.6630603989092498  -6.2395525395068395e-11 11.267132038927301 2.7116180412511701  7.6054371247709298e-10 11.2404461012504 2.7446460153000198  -1.0254200354103499e-10 11.211458326868801 2.7785414497474901  1.49826739174594e-12 11.194288530111001 2.7979486171699999  -9.7116541253554995e-13 11.1826579683884 2.8109366880094  4.3544473360395601e-13 11.171527750339701 2.8232366599903398  -1.14490491967253e-13 11.155696519548 2.8404292318402802  2.88941124489007e-14 11.1398686525737 2.8573485018545601  -7.5088891296649098e-15 11.124330033994299 2.87373370830985  1.9763684925503101e-15 11.1089157111088 2.8897962204002501  -4.2104970957594798e-16 11.0934451588349 2.9057513996292799  -4.4229564595798002e-16 11.082850386323701 2.9165818849325702  3.6734035656978701e-16 11.0725008769237 2.9271209650899901  -1.98365108332755e-16 11.062144499759899 2.9376287668992802  1.4162328592958099e-16 11.046820896003799 2.9530876176063399  -2.9697596166111097e-17 11.031224075186 2.9687530752930398  -2.3999404479517899e-17 11.0182466097881 2.9817495377099199  -3.4109585328580099e-17 11.0078373779175 2.9921626225709699  1.0036243359239e-16 11.002632945510699 2.9973670539003701  2.2204460492503101e-16 11 3 
 0 4 0.017679408570295901 1 0.0307376482322636 1 0.035489968068588597 1 0.053414149098082099 1 0.071526785590183606 1 0.089747945236760496 1 0.092371660005858197 1 0.10820913945656301 1 0.126807381051665 1 0.145613937762784 1 0.15386330322146299 1 0.16448281999511999 1 0.18446148411803401 1 0.205489410327516 1 0.21479407970306699 1 0.228564036931488 1 0.25261736314716099 1 0.27485519034438999 1 0.29773544438945099 1 0.33440845112162598 1 0.37300878522303799 1 0.393974241987672 1 0.47870964640618802 1 0.483341130483183 1 0.58521917734485795 1 0.60480943582838997 1 0.66210848467482497 1 0.70913595178569599 1 0.73498748004184999 1 0.73774031580642496 1 0.760020993693442 1 0.78339972419285497 1 0.80593912546261104 1 0.82761816865768301 1 0.84927269218981905 1 0.87086922515732001 1 0.89243227817167903 1 0.89346079781393795 1 0.91395362751022202 1 0.93546947501276001 1 0.95697462111456499 1 0.97848415143846901 1 0.98911282845196102 1 1 4
2 0 4.5999999999999996 -9.5 -1 0 0 0 1 1.8369701987210299e-16 0 1.8369701987210299e-16 -1 0.84999999999999998
2 0 8.1317279836902099 8.1317279836003795 -1 0 0 0 1 0 0 0 -1 0.291746824500001
7 0 0  1 2 2  -0.25000000000000022 5.1999999999999993 -9.5  -1.3877787807814457e-16 5.4499999999999993 -9.5 
 -0.17677669529663712 2 0.17677669529663662 2
2 -0.25 4.5999999999999996 -9.5 -1 -7.4987989133092894e-33 -6.1232339957367697e-17 -7.4987989133092894e-33 1 -4.5916900433169403e-49 6.1232339957367697e-17 -1.5192908393215678e-64 -1 0.59999999999999998
7 0 0  1 2 2  -0.24999999999999997 5.1999999999999993 -9.5  -1.3499999999999999 5.1999999999999993 -9.5 
 0.25000000000000056 2 1.3500000000000005 2
2 -1.3500000000000001 4.5999999999999996 -9.5 -1 -7.4987989133092894e-33 -6.1232339957367697e-17 -7.4987989133092894e-33 1 -4.5916900433169403e-49 6.1232339957367697e-17 -1.5192908393215678e-64 -1 0.59999999999999998
2 -0.5 11 2 1 0 0 -0 1 6.1232339957367697e-17 0 -6.1232339957367697e-17 1 0.5
2 -0.5 11 3 0 1 -3.3306690738754701e-16 1 0 0 0 -3.3306690738754701e-16 -1 0.5
2 -0.5 11.5 3 0 1 -1.8369701987210299e-16 0.49999999965528114 -1.5908628584529608e-16 -0.86602540398346217 -0.86602540398346217 -9.1848509872727672e-17 -0.49999999965528114 1
2 -1.1000000000000001 11 2 1 1.2657065788666901e-31 6.8901856967953301e-16 -4.3255637006767344e-31 1 4.4408920985006301e-16 -6.8901856967953301e-16 -4.4408920985006301e-16 1 0.5
1 -0.5 11 2.5 -1 0 0 
1 -0.5 11.5 2 -1 0 0 
1 -0.5 11 2.5 1.8503717077085901e-17 -1 2.9605947323337501e-16 
1 -1.1000000000000001 8 2.5 1 0 0 
1 -1.1000000000000001 11 2.5 0 -1 2.9605947323337501e-16 
2 -0.500000000000003 8 2 -1 4.6697078970095296e-31 2.5420705791856402e-15 -4.6697078970095296e-31 -1 1.18707270583788e-45 2.5420705791856402e-15 2.6447814930909852e-60 1 0.5
2 -1.1000000000000001 8 2 -1 0 0 -0 -1 -1.6081226496766401e-16 0 -1.6081226496766401e-16 1 0.5
1 -1.1000000000000001 7.5 2 1 0 0 
2 -0.5 8 3 0 -1 3.3306690738754701e-16 2.8327694488239898e-16 -3.3306690738754701e-16 -1 1 9.4350175966173238e-32 2.8327694488239898e-16 0.5
2 -0.5 7.5 3 0 -1 1.8369701987210299e-16 -1.11022302462516e-16 -1.8369701987210299e-16 -1 1 -2.039446610170343e-32 -1.11022302462516e-16 1
2 -0.5 -11 -2 1 0 0 0 -1 -6.1232339957367697e-17 0 6.1232339957367697e-17 -1 0.5
2 -0.5 -11 -3 0 -1 1.8503717077085899e-16 1 0 0 -0 1.8503717077085899e-16 1 0.5
2 -0.5 -11.5 -3 0 -1 6.1232339957367697e-17 0.49999999965528003 5.30287619484321e-17 0.86602540398346295 -0.86602540398346295 3.0616169957575835e-17 0.49999999965528003 1
2 -1.1000000000000001 -11 -2 1 -7.4987989133092894e-33 -1.22464679914735e-16 -6.1884041851184832e-32 -1 -4.4408920985006301e-16 -1.22464679914735e-16 4.4408920985006301e-16 -1 0.5
1 -0.5 -11 -2.5 -1 0 0 
1 -0.5 -11.5 -2 -1 0 0 
1 -0.5 -11 -2.5 -1.8503717077085901e-17 1 -1.48029736616688e-16 
1 -1.1000000000000001 -8 -2.5 1 0 0 
1 -1.1000000000000001 -11 -2.5 0 1 -1.48029736616688e-16 
2 -0.500000000000001 -8 -2 -1 -6.7981553672344599e-32 -1.1102230246251601e-15 1.904170709380191e-30 1 -1.7763568394002501e-15 1.1102230246251601e-15 -1.7763568394002501e-15 -1 0.5
2 -1.1000000000000001 -8 -2 -1 0 0 0 1 1.6081226496766401e-16 0 1.6081226496766401e-16 -1 0.5
1 -1.1000000000000001 -7.5 -2 1 0 0 
2 -0.5 -8 -3 0 1 -1.8503717077085899e-16 2.8327694488239898e-16 1.8503717077085899e-16 1 1 -5.2416764425651672e-32 -2.8327694488239898e-16 0.5
2 -0.5 -7.5 -3 0 1 -6.1232339957367697e-17 -1.11022302462516e-16 6.1232339957367697e-17 1 1 6.7981553672344799e-33 1.11022302462516e-16 0.999999999999998
2 -0.5 -2 11 1 0 0 0 -6.1232339957367697e-17 1 0 -1 -6.1232339957367697e-17 0.5
2 -0.5 -3 11 0 1.11022302462516e-16 1 1 8.8817841970012504e-16 -9.860761315262676e-32 -8.8817841970012504e-16 1 -1.11022302462516e-16 0.5
2 -0.5 -3 11.5 0 0 1 0.49999999965527919 0.86602540398346328 -0 -0.86602540398346328 0.49999999965527919 0 1
2 -1.1000000000000001 -2 11 1 -2.8327694488239898e-16 0 -1.2580023462156441e-31 -4.4408920985006301e-16 1 -2.8327694488239898e-16 -1 -4.4408920985006301e-16 0.5
1 -0.5 -2.5 11 -1 0 0 
1 -0.5 -2 11.5 -1 0 0 
1 -0.5 -2.5 11 1.8503717077085901e-17 -1.48029736616688e-16 -1 
1 -1.1000000000000001 -2.5 8 1 0 0 
1 -1.1000000000000001 -2.5 11 0 -1.48029736616688e-16 -1 
2 -0.499999999999999 -2 8 -1 6.0490147481772596e-16 0 -1.0745208719557657e-30 -1.7763568394002501e-15 -1 -6.0490147481772596e-16 -1 1.7763568394002501e-15 0.5
2 -1.1000000000000001 -2 8 -1 0 0 0 1.6081226496766401e-16 -1 -0 -1 -1.6081226496766401e-16 0.5
1 -1.1000000000000001 -2 7.5 1 0 0 
2 -0.5 -3 8 0 -1.11022302462516e-16 -1 9.49410759657493e-16 1 -1.11022302462516e-16 1 -9.49410759657493e-16 1.0540576851986127e-31 0.5
2 -0.5 -3 7.5 0 0 -1 -1.11022302462516e-16 1 0 1 1.11022302462516e-16 0 0.999999999999998
2 1 0 0 -1 0 0 -0 -1 -6.1232339957367697e-17 0 -6.1232339957367697e-17 1 6
7 0 0  1 2 2  1 -6 -3.6739403974420559e-16  0 -6 -3.6739403974420559e-16 
 0 2 1 2
7 0 0  1 2 2  -0.25000000000000022 -5.1999999999999993 9.5  -1.3877787807814457e-16 -5.4499999999999993 9.5 
 -0.17677669529663712 2 0.17677669529663662 2
2 -0.25 -4.5999999999999996 9.5 -1 -6.8422776578360201e-49 6.1232339957367697e-17 6.8422776578360201e-49 -1 -4.1896867162731701e-65 6.1232339957367697e-17 -2.5301275063753256e-80 1 0.59999999999999998
7 0 0  1 2 2  -0.24999999999999997 -5.1999999999999993 9.5  -1.3499999999999999 -5.1999999999999993 9.5 
 0.25000000000000056 2 1.3500000000000005 2
2 -1.3500000000000001 -4.5999999999999996 9.5 -1 -6.8422776578360201e-49 6.1232339957367697e-17 6.8422776578360201e-49 -1 -4.1896867162731701e-65 6.1232339957367697e-17 -2.5301275063753256e-80 1 0.59999999999999998
2 -0.5 2 -11 1 0 0 0 6.1232339957367697e-17 -1 -0 1 6.1232339957367697e-17 0.5
2 -0.5 3 -11 0 -2.2204460492503101e-16 -1 1 -8.8817841970012504e-16 1.9721522630525264e-31 -8.8817841970012504e-16 -1 2.2204460492503101e-16 0.5
2 -0.5 3 -11.5 0 -1.22464679914735e-16 -1 0.49999999965528003 -0.86602540398346295 1.0605752389686386e-16 -0.86602540398346295 -0.49999999965528003 6.1232339915151473e-17 1
2 -1.1000000000000001 2 -11 1 4.0574162479713398e-16 -4.9689018208865702e-32 -2.2987449576830566e-31 4.4408920985006301e-16 -1 -4.0574162479713398e-16 1 4.4408920985006301e-16 0.5
1 -0.5 2.5 -11 -1 0 0 
1 -0.5 2 -11.5 -1 0 0 
1 -0.5 2.5 -11 -1.8503717077085901e-17 2.9605947323337501e-16 1 
1 -1.1000000000000001 2.5 -8 1 0 0 
1 -1.1000000000000001 2.5 -11 0 2.9605947323337501e-16 1 
2 -0.500000000000001 2 -8 -1 8.2694607974275795e-16 -1.0127168696244201e-31 6.332039753206943e-31 8.8817841970012504e-16 1 8.2694607974275795e-16 1 -8.8817841970012504e-16 0.5
2 -1.1000000000000001 2 -8 -1 0 0 0 -1.6081226496766401e-16 1 0 1 1.6081226496766401e-16 0.5
1 -1.1000000000000001 2 -7.5 1 0 0 
2 -0.5 3 -8 0 2.2204460492503101e-16 1 -1.6081226496766401e-16 -1 2.2204460492503101e-16 1 -1.6081226496766401e-16 3.5707495841844357e-32 0.5
2 -0.5 3 -7.5 0 1.22464679914735e-16 1 -1.11022302462516e-16 -1 1.22464679914735e-16 1 -1.11022302462516e-16 1.3596310734468916e-32 0.999999999999999
7 0 0  1 2 2  -0.25000000000000022 -9.5 -5.1999999999999993  -1.3877787807814457e-16 -9.5 -5.4499999999999993 
 -0.17677669529663712 2 0.17677669529663662 2
2 -0.25 -9.5 -4.5999999999999996 -1 -6.1232339957367697e-17 3.7493994566546399e-33 -3.7493994566546399e-33 -2.2958450216584702e-49 -1 6.1232339957367697e-17 -1 3.7982270983039195e-64 0.59999999999999998
7 0 0  1 2 2  -0.24999999999999997 -9.5 -5.1999999999999993  -1.3499999999999999 -9.5 -5.1999999999999993 
 0.25000000000000056 2 1.3500000000000005 2
2 -1.3500000000000001 -9.5 -4.5999999999999996 -1 -6.1232339957367697e-17 3.7493994566546399e-33 -3.7493994566546399e-33 -2.2958450216584702e-49 -1 6.1232339957367697e-17 -1 3.7982270983039195e-64 0.59999999999999998
7 0 0  1 2 2  -0.25000000000000022 9.5000000000000018 5.1999999999999993  -1.3877787807814457e-16 9.5000000000000018 5.4499999999999993 
 -0.17677669529663712 2 0.17677669529663662 2
2 -0.25 9.5 4.5999999999999996 -1 6.1232339957367697e-17 -1.1248198369963901e-32 -1.1248198369963901e-32 6.8875350649754002e-49 1 6.1232339957367697e-17 1 -1.2154326714572542e-63 0.59999999999999998
7 0 0  1 2 2  -0.24999999999999997 9.5 5.1999999999999993  -1.3499999999999999 9.5 5.1999999999999993 
 0.25000000000000056 2 1.3500000000000005 2
2 -1.3500000000000001 9.5 4.5999999999999996 -1 6.1232339957367697e-17 -1.1248198369963901e-32 -1.1248198369963901e-32 6.8875350649754002e-49 1 6.1232339957367697e-17 1 -1.2154326714572542e-63 0.59999999999999998
7 0 0  1 2 2  0 8.4234748081902104 8.1317279836003795  -1.6000000000000001 8.4234748081902104 8.1317279836003795 
 1 2 2.6000000000000001 2
7 0 0  1 2 2  -1.3499999999999999 5.1999999999999993 -9.5  -1.5999999999999999 5.4499999999999993 -9.5 
 -0.17677669529663712 2 0.17677669529663662 2
2 -1.1000000000000001 11.5 3 0 1 -1.8369701987210299e-16 0 -1.8369701987210299e-16 -1 -1 0 -0 1
1 -1.6000000000000001 11.5 -3.5 1 0 0 
1 -1.6000000000000001 7.5 -3.5 1 0 0 
2 -1.1000000000000001 7.5 3 0 -1 1.8369701987210299e-16 -0.49999999965528003 -1.5908628584529623e-16 -0.86602540398346295 0.86602540398346295 -9.1848509872727462e-17 -0.49999999965528003 1
2 -1.1000000000000001 8 3 0 -1 3.3306690738754701e-16 -1 0 0 -0 -3.3306690738754701e-16 -1 0.5
2 -1.1000000000000001 11 3 0 1 -3.3306690738754701e-16 6.0490147481772596e-16 -3.3306690738754701e-16 -1 -1 -2.0147266349170615e-31 -6.0490147481772596e-16 0.5
2 -1.1000000000000001 -11.5 -3 0 -1 6.1232339957367697e-17 0 6.1232339957367697e-17 1 -1 0 0 1
1 8.8817841970012504e-16 -11.5 3.5 -1 0 0 
1 8.8817841970012504e-16 -7.5 3.5 -1 0 0 
2 -1.1000000000000001 -7.5 -3 0 1 -6.1232339957367697e-17 -0.49999999965528003 5.30287619484321e-17 0.86602540398346295 0.86602540398346295 3.0616169957575835e-17 0.49999999965528003 1
2 -1.1000000000000001 -8 -3 0 1 -1.8503717077085899e-16 -1 3.2869204384208739e-31 1.7763568394002501e-15 1.7763568394002501e-15 1.8503717077085899e-16 1 0.5
2 -1.1000000000000001 -11 -3 0 -1 1.8503717077085899e-16 1.6081226496766401e-16 1.8503717077085899e-16 1 -1 2.9756246534870269e-32 1.6081226496766401e-16 0.5
2 -1.1000000000000001 -3 11.5 0 0 1 0 1 0 -1 0 0 1
1 -1.6000000000000001 3.5 11.5 1 0 0 
1 -1.6000000000000001 3.5 7.5 1 0 0 
2 -1.1000000000000001 -3 7.5 0 0 -1 -0.49999999965528003 0.86602540398346295 0 0.86602540398346295 0.49999999965528003 0 1
2 -1.1000000000000001 -3 8 0 -1.11022302462516e-16 -1 -1 1.7763568394002501e-15 -1.9721522630525352e-31 1.7763568394002501e-15 1 -1.11022302462516e-16 0.5
2 -1.1000000000000001 -3 11 0 1.11022302462516e-16 1 -6.1232339957367697e-17 1 -1.11022302462516e-16 -1 -6.1232339957367697e-17 6.7981553672344799e-33 0.5
7 0 0  1 2 2  -1.3499999999999999 -5.1999999999999993 9.5  -1.5999999999999999 -5.4499999999999993 9.5 
 -0.17677669529663712 2 0.17677669529663662 2
2 -1.1000000000000001 3 -11.5 0 -1.22464679914735e-16 -1 0 -1 1.22464679914735e-16 -1 -0 0 1
1 0 -3.5 -11.5 -1 0 0 
1 0 -3.5 -7.5 -1 0 0 
2 -1.1000000000000001 3 -7.5 0 1.22464679914735e-16 1 -0.49999999965528003 -0.86602540398346295 1.0605752389686386e-16 0.86602540398346295 -0.49999999965528003 6.1232339915151473e-17 1
2 -1.1000000000000001 3 -8 0 2.2204460492503101e-16 1 -1 -8.8817841970012504e-16 1.9721522630525264e-31 8.8817841970012504e-16 -1 2.2204460492503101e-16 0.5
2 -1.1000000000000001 3 -11 0 -2.2204460492503101e-16 -1 -6.1232339957367697e-17 -1 2.2204460492503101e-16 -1 6.1232339957367697e-17 -1.35963107344689e-32 0.5
7 0 0  1 2 2  -1.3499999999999999 -9.5 -5.1999999999999993  -1.5999999999999999 -9.5 -5.4499999999999993 
 -0.17677669529663712 2 0.17677669529663662 2
7 0 0  1 2 2  -1.3499999999999999 9.5 5.1999999999999993  -1.5999999999999999 9.5 5.4499999999999993 
 -0.17677669529663712 2 0.17677669529663662 2
7 0 0  1 2 2  0 -7.8399811591430408 8.1317279836475507  -1.6000000000000001 -7.8399811591430408 8.1317279836475507 
 1 2 2.6000000000000001 2
7 0 0  1 2 2  0 -7.8399811591902102 -8.1317279836003795  -1.6000000000000001 -7.8399811591902102 -8.1317279836003795 
 1 2 2.6000000000000001 2
1 -15.330005158420704 10 17.417337114076329 0 1 0 
7 0 0  1 2 2  -5.0646835306250004 1.3199959419183406e-10 -4.50000000000081  -5.0646835306250004 1.3199992725874145e-10 -6.0000000000100471 
 57.163009762805409 2 58.663009762814646 2
7 0 0  1 2 2  -4.7000000000000002 -4.4978275179307197 -0.13981279968481999  -4.7000000000000002 -5.9983708105658309 -0.13981279968482047 
 10.49782751793072 2 11.998370810565831 2
Polygon3D 0
PolygonOnTriangulations 0
Surfaces 77
10 0 6.2831853071795862 1 10.199999999999999
2 2 0 0 -1 0 0 -0 -1 -6.1232339957367697e-17 0 -6.1232339957367697e-17 1 4.5
1 1 0 0 -1 0 0 -0 -1 -6.1232339957367697e-17 0 -6.1232339957367697e-17 1 
10 0 6.2831853071795862 10.353230441580518 12.00000038857284
2 -5.7000000000000002 6 -0.139812799684816 0 -1 -3.05311331771918e-16 1 2.4440122547304462e-31 -8.0049837670494297e-16 8.0049837670494297e-16 -3.05311331771918e-16 1 1
1 -8.1999999999999993 0 0 -1 0 0 -0 -1 -6.1232339957367697e-17 0 -6.1232339957367697e-17 1 
10 3.6585134921551798e-10 6.2831853075454376 57.148201993301527 58.663015923102613
2 -4.7000000000000002 -8.5857166038101399e-13 52.663009762804599 0 2.2204460492503101e-16 -1 -1 -1.5753072274867201e-12 -3.4978847096283473e-28 -1.5753072274867201e-12 1 2.2204460492503101e-16 0.36468353062499997
10 2.016512290481387e-09 6.2831853091960985 -1.5483086947008164e-05 1.6467694698476385
2 -5.7000000000000002 6 -0.139812799684816 0 -1 -3.05311331771918e-16 1 2.4440122547304462e-31 -8.0049837670494297e-16 8.0049837670494297e-16 -3.05311331771918e-16 1 1
10 0 6.2831853071795862 2.6000000000000001 9.1999999999999993
2 1 0 0 -1 0 0 -0 -1 -6.1232339957367599e-17 0 -6.1232339957367599e-17 1 6
1 -1.6000000000000001 0 0 -1 0 0 0 0 -1 -0 -1 -0 
1 -15.3300051584207 11.6 3.0673371140879149 1.8745972946433001e-16 1 7.240664215073951e-12 0.21753864152658209 7.0672219046540309e-12 -0.97605170941030028 -0.97605170941030028 1.5753072274867122e-12 -0.21753864152658209 
2 -15.3300051584207 10 3.0673371140763299 0 1 0 0 -0 1 1 0 -0 14.35
10 0 6.2831853071795862 1 2.6000000000000001
2 1 -8.1317279836902099 -8.1317279836003795 -1 0 0 0 1 0 0 0 -1 0.2917468245
10 0 6.2831853071795862 1 2.6000000000000001
2 1 -8.1317279836430405 8.1317279836475507 -1 0 0 0 1 0 0 0 -1 0.2917468245
10 0 6.2831853071795862 -0.17677669529663712 0.17677669529663662
3 -1.4750000000000001 9.5 4.5999999999999996 -1 0 0 0 0 1 0 1 -0 0.72499999999999998
0.78539816339744795
10 0 6.2831853071795862 -0.17677669529663712 0.17677669529663662
3 -1.4750000000000001 -9.5 -4.5999999999999996 -1 0 0 0 0 -1 -0 -1 -0 0.72499999999999998
0.78539816339744795
5 -1.1000000000000001 3 -11 0 -1.22464679914735e-16 -1 1 1.22464679914735e-16 -1.4997597826618499e-32 1.22464679914735e-16 -1 1.22464679914735e-16 1 0.5
2 -1.1000000000000001 3 -15.5 0 2.2204460492503101e-16 1 -1 0 0 0 -1 2.2204460492503101e-16 0.5
5 -1.1000000000000001 3 -8 0 1.22464679914735e-16 1 3.9968028886505604e-15 1 -1.22464679914735e-16 -1 3.9968028886505604e-15 -4.8946718644087913e-31 1 0.5
1 1 -5.5 -7.5 0 1.22464679914735e-16 1 0 1 -1.22464679914735e-16 -1 0 0 
2 -1.6000000000000001 -3.5 -9.5 1 0 0 0 4.4408920985006301e-16 -1 -0 1 4.4408920985006301e-16 2
1 1 5.5 -11.5 0 -1.22464679914735e-16 -1 0 -1 1.22464679914735e-16 -1 -0 0 
10 0 6.2831853071795862 -0.17677669529663712 0.17677669529663662
3 -1.4750000000000001 -4.5999999999999996 9.5 -1 0 0 0 -1 0 0 0 1 0.72499999999999998
0.78539816339744795
5 -1.1000000000000001 -3 11 0 0 1 1 0 -0 -0 1 0 1 0.5
2 -1.1000000000000001 -3 15.5 0 -1.11022302462516e-16 -1 -1 -0 0 -0 1 -1.11022302462516e-16 0.5
5 -1.1000000000000001 -3 8 0 0 -1 3.9968028886505604e-15 -1 0 -1 -3.9968028886505604e-15 -0 1 0.5
1 1 5.5 7.5 0 0 -1 0 -1 0 -1 -0 -0 
2 0 3.5 9.5 -1 0 0 0 0 -1 -0 -1 -0 2
1 1 -5.5 11.5 0 0 1 0 1 0 -1 0 0 
5 -1.1000000000000001 -11 -3 0 -1 6.1232339957367697e-17 1 -3.7493994566546488e-33 -6.1232339957367697e-17 6.1232339957367697e-17 6.1232339957367697e-17 1 1 0.5
2 -1.1000000000000001 -15.5 -3 0 1 -1.8503717077085899e-16 -1 0 0 0 1.8503717077085899e-16 1 0.5
5 -1.1000000000000001 -8 -3 0 1 -6.1232339957367697e-17 3.9968028886505604e-15 -6.1232339957367697e-17 -1 -1 -2.4473359322044035e-31 -3.9968028886505604e-15 1 0.5
1 1 -7.5 5.5 0 1 -6.1232339957367697e-17 0 -6.1232339957367697e-17 -1 -1 0 -0 
2 -1.6000000000000001 -9.5 3.5 1 0 0 0 -1 0 0 0 -1 2
1 1 -11.5 -5.5 0 -1 6.1232339957367697e-17 0 6.1232339957367697e-17 1 -1 0 0 
5 -1.1000000000000001 11 3 0 1 -1.8369701987210299e-16 1 1.9690032392351906e-31 1.0718754395722299e-15 1.0718754395722299e-15 -1.8369701987210299e-16 -1 1 0.5
2 -1.1000000000000001 15.5 3 0 -1 3.3306690738754701e-16 -1 0 0 -0 -3.3306690738754701e-16 -1 0.5
5 -1.1000000000000001 8 3 0 -1 1.8369701987210299e-16 3.9968028886505604e-15 1.8369701987210299e-16 1 -1 7.3420077966132066e-31 3.9968028886505604e-15 1 0.5
1 1 7.5 -5.5 0 -1 1.8369701987210299e-16 0 1.8369701987210299e-16 1 -1 0 0 
2 4.4408920985006301e-16 9.5 -3.5 -1 0 0 0 -1 2.2204460492503101e-16 0 2.2204460492503101e-16 1 2
1 1 11.5 5.5 0 1 -1.8369701987210299e-16 0 -1.8369701987210299e-16 -1 -1 0 -0 
10 0 6.2831853071795862 -0.17677669529663712 0.17677669529663662
3 -1.4750000000000001 4.5999999999999996 -9.5 -1 0 0 0 1 0 0 0 -1 0.72499999999999998
0.78539816339744795
10 0 6.2831853071795862 1 2.6000000000000001
2 1 8.1317279836902099 8.1317279836003795 -1 0 0 0 1 0 0 0 -1 0.291746824500001
10 0 6.2831853071795862 1 2.6000000000000001
2 1 8.1317279836430405 -8.1317279836475507 -1 0 0 0 1 0 0 0 -1 0.291746824500001
1 0 0 0 -1 0 0 0 0 -1 -0 -1 -0 
1 -15.3300051584207 10 3.0673371140763299 1.8745972946433001e-16 1 7.240664215073951e-12 0.21753864152658209 7.0672219046540309e-12 -0.97605170941030028 -0.97605170941030028 1.5753072274867122e-12 -0.21753864152658209 
10 3.1415926535897909 9.4247779607693776 -0.17677669529663712 0.17677669529663662
3 -0.125 9.5 4.5999999999999996 1 0 0 0 0 -1 -0 1 0 0.72499999999999998
0.78539816339744795
10 3.1415926535897931 9.4247779607693793 -0.17677669529663712 0.17677669529663662
3 -0.125 -9.5 -4.5999999999999996 1 0 0 0 0 1 0 -1 0 0.72499999999999998
0.78539816339744795
2 -0.5 3 -15.5 0 -2.2204460492503101e-16 -1 1 0 0 0 -1 2.2204460492503101e-16 0.5
5 -0.5 3 -8 0 1.22464679914735e-16 1 -1 7.6571373978538999e-16 -9.3772888049132468e-32 -7.6571373978538999e-16 -1 1.22464679914735e-16 1 0.5
5 -0.5 3 -11 0 -1.22464679914735e-16 -1 -1.9984014443252802e-15 1 -1.22464679914735e-16 1 1.9984014443252802e-15 -2.4473359322043956e-31 1 0.5
10 3.1415926535897931 9.4247779607693793 -0.17677669529663712 0.17677669529663662
3 -0.125 -4.5999999999999996 9.5 1 0 0 -0 1 0 0 -0 1 0.72499999999999998
0.78539816339744795
10 0 6.2831853071795862 0 1
2 1 0 0 -1 0 0 -0 -1 -6.1232339957367599e-17 0 -6.1232339957367599e-17 1 6
2 -0.5 -3 15.5 0 1.11022302462516e-16 1 1 0 -0 -0 1 -1.11022302462516e-16 0.5
5 -0.5 -3 8 0 0 -1 -1 0 0 0 1 0 0.999999999999999 0.5
5 -0.5 -3 11 0 0 1 -2.8865798640254102e-15 -1 0 1 -2.8865798640254102e-15 0 1 0.5
2 -0.5 -15.5 -3 0 -1 1.8503717077085899e-16 1 0 0 -0 1.8503717077085899e-16 1 0.5
5 -0.5 -8 -3 0 1 -6.1232339957367697e-17 -1 -5.0635843481221113e-32 -8.2694607974275904e-16 -8.2694607974275904e-16 6.1232339957367697e-17 1 0.999999999999999 0.5
5 -0.5 -11 -3 0 -1 6.1232339957367697e-17 -4.4408920985006301e-16 -6.1232339957367697e-17 -1 1 -2.7192621468937859e-32 -4.4408920985006301e-16 1 0.5
2 -0.5 15.5 3 0 1 -3.3306690738754701e-16 1 0 0 0 -3.3306690738754701e-16 -1 0.5
5 -0.5 8 3 0 -1 1.8369701987210299e-16 -1 4.5572259133098847e-31 2.4808382392282698e-15 -2.4808382392282698e-15 -1.8369701987210299e-16 -1 1 0.5
5 -0.5 11 3 0 1 -1.8369701987210299e-16 -1.33226762955019e-15 1.8369701987210299e-16 1 1 2.4473359322044079e-31 1.33226762955019e-15 1 0.5
10 3.1415926535897931 9.4247779607693793 -0.17677669529663712 0.17677669529663662
3 -0.125 4.5999999999999996 -9.5 1 0 0 0 -1 0 0 0 -1 0.72499999999999998
0.78539816339744795
10 0 6.2831853071795862 0.25000000000000056 1.3500000000000005
2 5.8170722959499304e-16 4.5999999999999996 -9.5 -1 -7.4987989133092894e-33 -6.1232339957367697e-17 3.7493994566546509e-33 1 -1.8369701987210299e-16 6.1232339957367697e-17 -1.8369701987210299e-16 -1 0.59999999999999998
2 1.5 11 2 -1 0 0 0 0 1 0 1 -0 0.5
1 7.0417190950972799e-16 11.5 2.5 0 -2.9471932233461902e-16 -1 -6.1232339957367599e-17 -1 2.9471932233461902e-16 -1 6.1232339957367599e-17 -1.8046353737198394e-32 
2 -3.1000000000000001 8 2 1 0 0 0 0 1 0 -1 0 0.5
2 1.5 -11 -2 -1 0 0 0 0 -1 -0 -1 -0 0.5
1 7.0417190950972799e-16 -11.5 -2.5 0 1.7225464241988301e-16 1 -6.1232339957367599e-17 1 -1.7225464241988301e-16 -1 -6.1232339957367599e-17 1.0547554823889071e-32 
2 -3.1000000000000001 -8 -2 1 0 0 0 0 -1 -0 1 0 0.5
2 1.5 -2 11 -1 0 0 0 -1 0 0 0 1 0.5
1 7.0417190950972799e-16 -2.5 11.5 0 1 -1.11022302462516e-16 -6.1232339957367599e-17 -1.11022302462516e-16 -1 -1 6.798155367234469e-33 6.1232339957367599e-17 
2 -3.1000000000000001 -2 8 1 0 0 0 -1 0 0 0 -1 0.5
10 0 6.2831853071795862 0.25000000000000056 1.3500000000000005
2 5.8170722959499304e-16 -4.5999999999999996 9.5 -1 0 6.1232339957367697e-17 3.7493994566546488e-33 -1 6.1232339957367697e-17 6.1232339957367697e-17 6.1232339957367697e-17 1 0.59999999999999998
2 1.5 2 -11 -1 0 0 0 1 0 0 0 -1 0.5
1 7.0417190950972799e-16 2.5 -11.5 0 -1 2.33486982377251e-16 -6.1232339957367599e-17 2.33486982377251e-16 1 -1 -1.4296954280543731e-32 -6.1232339957367599e-17 
2 -3.1000000000000001 2 -8 1 0 0 -0 1 0 0 -0 1 0.5
10 0 6.2831853071795862 0.25000000000000056 1.3500000000000005
2 5.8170722959499304e-16 -9.5 -4.5999999999999996 -1 -6.1232339957367697e-17 3.7493994566546399e-33 3.7493994566546331e-33 -1.22464679914735e-16 -1 6.1232339957367697e-17 -1 1.22464679914735e-16 0.59999999999999998
10 0 6.2831853071795862 0.25000000000000056 1.3500000000000005
2 5.8170722959499304e-16 9.5 4.5999999999999996 -1 6.1232339957367697e-17 -1.1248198369963901e-32 3.7493994566547056e-33 2.4492935982947099e-16 1 6.1232339957367697e-17 1 -2.4492935982947099e-16 0.59999999999999998
Triangulations 0

TShapes 501
Ve
1e-05
1 -4.5 -8.26636589424463e-16
0 0

0101101
*
Ed
 1e-07 1 1 0
1  1 0 0 6.28318530717959
2  1 1 0 0 6.28318530717959
4 C0 1 0 2 0
0

0101000
+501 0 -501 0 *
Ve
1e-05
-4.70982204526045 -4.5 -8.26636589424463e-16
0 0

0101101
*
Ed
 1e-05 1 1 0
1  2 0 1 6.70982204551244
3  2 3CN 1 0 1 6.70982204551244
0

0101000
+501 0 -499 0 *
Ve
1e-05
-4.7 -4.49782751793188 -0.13981279968482
0 0

0101101
*
Ed
 6.6562995596883e-07 1 1 0
1  3 0 0 1
2  4 1 0 0 1
2  5 3 0 0 1
4 C0 1 0 3 0
0

0101000
-497 0 +499 0 *
Ve
1e-05
-6.69017795423062 -4.5 -8.26636589424463e-16
0 0

0101101
*
Ed
 1.63425391214761e-06 1 1 0
1  4 0 0 1
2  6 1 0 0 1
2  7 3 0 0 1
4 C0 1 0 3 0
0

0101000
-495 0 +497 0 *
Ve
1e-05
-8.2 -4.5 -8.26636589424463e-16
0 0

0101101
*
Ed
 1e-05 1 1 0
1  5 0 8.69017795423061 10.2
3  8 9CN 1 0 8.69017795423061 10.2
0

0101000
+495 0 -493 0 *
Ed
 1e-07 1 1 0
1  6 0 0 6.28318530717959
2  10 1 0 0 6.28318530717959
4 C0 1 0 4 0
0

0101000
-493 0 +493 0 *
Ed
 9.230221241555e-07 1 1 0
1  7 0 0 1
2  11 1 0 0 1
2  12 3 0 0 1
4 C0 1 0 3 0
0

0101000
+499 0 -495 0 *
Wi

0101100
+500 0 +498 0 +496 0 +494 0 +492 0 -491 0 -492 0 -490 0 -498 0 *
Ve
1e-05
-5.064683530625 -1.42041218485269e-12 -4.50000000000179
0 0

0101101
*
Ed
 2.06859129887315e-06 1 1 0
1  8 0 0 1
2  13 1 0 0 1
2  14 5 0 0 1
4 C0 1 0 5 0
0

0101000
+488 0 -488 0 *
Wi

0101100
-487 0 *
Ve
1e-05
-4.7 4.49782751793485 -0.139812799684818
0 0

0101101
*
Ed
 1.87238027197219e-06 1 1 0
1  9 0 0 1
2  15 1 0 0 1
2  16 6 0 0 1
4 C0 1 0 6 0
0

0101000
+485 0 -485 0 *
Wi

0101100
-484 0 *
Fa
0  1e-07 1 0

0111000
+489 0 +486 0 +483 0 *
Ve
1e-05
-4.7 5.99837081294298 -0.139812799684817
0 0

0101101
*
Ed
 3.86699447274632e-06 1 1 0
1  10 0 0 1
2  17 7 0 0 1
2  18 6 0 0 1
4 C0 7 0 6 0
0

0101000
-481 0 +481 0 *
Ed
 1e-05 1 1 0
1  11 0 0.00162918819875694 1.50217248200512
3  19 20CN 6 0 0.00162918819875694 1.50217248200512
0

0101000
+481 0 -485 0 *
Wi

0101100
-480 0 +479 0 +484 0 -479 0 *
Fa
0  1e-07 6 0

0111000
+478 0 *
Ve
1e-05
-1.6 -6 -1.10218211923262e-15
0 0

0101101
*
Ed
 1e-07 1 1 0
1  12 0 0 6.28318530717959
2  21 7 0 0 6.28318530717959
4 C0 7 0 8 0
0

0101000
+476 0 -476 0 *
Ve
1e-05
-4.70982204576761 -6 -1.10218211923262e-15
0 0

0101101
*
Ed
 1e-05 1 1 0
1  13 0 2.6 5.70982204575731
3  22 23CN 7 0 2.6 5.70982204575731
0

0101000
+476 0 -474 0 *
Ve
1e-05
-4.7 -5.99837081056616 -0.139812799684821
0 0

0101101
*
Ed
 6.6608574409872e-07 1 1 0
1  14 0 0 1
2  24 7 0 0 1
2  25 3 0 0 1
4 C0 7 0 3 0
0

0101000
+474 0 -472 0 *
Ve
1e-05
-6.69017795423061 -6 -1.10218211923262e-15
0 0

0101101
*
Ed
 9.48624155890617e-07 1 1 0
1  15 0 0 1
2  26 7 0 0 1
2  27 3 0 0 1
4 C0 7 0 3 0
0

0101000
+472 0 -470 0 *
Ve
1e-05
-8.2 -6 -1.10218211923262e-15
0 0

0101101
*
Ed
 1e-05 1 1 0
1  16 0 7.69017795427949 9.2
3  28 29CN 7 0 7.69017795427949 9.2
0

0101000
+470 0 -468 0 *
Ed
 1e-07 1 1 0
1  17 0 0 6.28318530717959
2  30 7 0 0 6.28318530717959
4 C0 7 0 4 0
0

0101000
-468 0 +468 0 *
Ed
 1.58808329768668e-06 1 1 0
1  18 0 0 1
2  31 7 0 0 1
2  32 3 0 0 1
4 C0 7 0 3 0
0

0101000
-470 0 +474 0 *
Wi

0101100
+475 0 +473 0 +471 0 +469 0 +467 0 -466 0 -467 0 -465 0 -473 0 *
Ve
1e-05
-5.064683530625 -1.4200791179453e-12 -6.00000000002012
0 0

0101101
*
Ed
 1.87002304645263e-06 1 1 0
1  19 0 0 1
2  33 7 0 0 1
2  34 5 0 0 1
4 C0 7 0 5 0
0

0101000
-463 0 +463 0 *
Wi

0101100
-462 0 *
Wi

0101100
-480 0 *
Fa
0  1e-07 7 0

0111000
+464 0 +461 0 +460 0 *
Ve
1.00000001776357e-07
-15.3300051584207 11.6 17.4173371140763
0 0

0101101
*
Ed
 1e-07 1 1 0
1  20 0 0 6.28318530717959
2  35 9 0 0 6.28318530717959
2  36 10 0 0 6.28318530717959
4 C0 9 0 10 0
0

0101000
+458 0 -458 0 *
Wi

0101100
+457 0 *
Ve
1e-05
-1.6 -7.83998115919021 -8.13172798360038
0 0

0101101
*
Ed
 1e-07 1 1 0
1  21 0 0 6.28318530717959
2  37 11 0 0 6.28318530717959
4 C0 8 0 11 0
0

0101000
-455 0 +455 0 *
Wi

0101100
-454 0 *
Ve
1e-05
-1.6 -7.83998115914304 8.13172798364755
0 0

0101101
*
Ed
 1e-07 1 1 0
1  22 0 0 6.28318530717959
2  38 12 0 0 6.28318530717959
4 C0 8 0 12 0
0

0101000
-452 0 +452 0 *
Wi

0101100
-451 0 *
Ve
1e-05
-1.6 9.5 5.45
0 0

0101101
*
Ed
 1e-07 1 1 0
1  23 0 0 6.28318530717959
2  39 13 0 0 6.28318530717959
4 C0 8 0 13 0
0

0101000
-449 0 +449 0 *
Wi

0101100
-448 0 *
Ve
1e-05
-1.6 -9.5 -5.45
0 0

0101101
*
Ed
 1e-07 1 1 0
1  24 0 0 6.28318530717959
2  40 14 0 0 6.28318530717959
4 C0 8 0 14 0
0

0101000
-446 0 +446 0 *
Wi

0101100
-445 0 *
Ve
1.67705000432901e-07
-1.59999999982764 2.13397459571798 -11.5
0 0

0101101
*
Ve
1.67705000432901e-07
-1.6 3 -11
0 0

0101101
*
Ed
 1.67705000432901e-07 1 1 0
1  25 0 0 1
2  41 15 0 0 1
4 C0 8 0 15 0
0

0101000
+443 0 -442 0 *
Ve
1.67704988637073e-07
-1.6 3 -8
0 0

0101101
*
Ed
 1e-07 1 1 0
1  26 0 0 3
2  42 16 0 0 3
4 G1 8 0 16 0
0

0101000
+442 0 -440 0 *
Ve
1.67704988637073e-07
-1.59999999982764 2.13397459571798 -7.5
0 0

0101101
*
Ed
 1.67704988637073e-07 1 1 0
1  27 0 0 1
2  43 17 0 0 1
4 C0 8 0 17 0
0

0101000
+438 0 -440 0 *
Ve
1e-07
-1.6 -3.5 -7.5
0 0

0101101
*
Ed
 1e-07 1 1 0
1  28 0 0 5.63397459571798
4 C0 8 0 18 0
0

0101000
+436 0 -438 0 *
Ve
1e-07
-1.6 -3.5 -11.5
0 0

0101101
*
Ed
 1e-07 1 1 0
1  29 0 0 3.14159265358979
2  44 19 0 0 3.14159265358979
4 C0 8 0 19 0
0

0101000
+434 0 -436 0 *
Ed
 1e-07 1 1 0
1  30 0 -2.98550073551951e-10 5.63397459541943
4 C0 8 0 20 0
0

0101000
+443 0 -434 0 *
Wi

0101100
+441 0 +439 0 -437 0 -435 0 -433 0 -432 0 *
Ve
1e-05
-1.6 -5.45 9.5
0 0

0101101
*
Ed
 1e-07 1 1 0
1  31 0 0 6.28318530717959
2  45 21 0 0 6.28318530717959
4 C0 8 0 21 0
0

0101000
-430 0 +430 0 *
Wi

0101100
-429 0 *
Wi

0101100
-475 0 *
Ve
1.67704980677992e-07
-1.59999999982764 -2.13397459571798 11.5
0 0

0101101
*
Ve
1.67704980677992e-07
-1.6 -3 11
0 0

0101101
*
Ed
 1.67704980677992e-07 1 1 0
1  32 0 0 1
2  46 22 0 0 1
4 C0 8 0 22 0
0

0101000
+426 0 -425 0 *
Ve
1.67704987314974e-07
-1.6 -3 8
0 0

0101101
*
Ed
 1e-07 1 1 0
1  33 0 0 3
2  47 23 0 0 3
4 G1 8 0 23 0
0

0101000
+425 0 -423 0 *
Ve
1.67704987314974e-07
-1.59999999982764 -2.13397459571798 7.5
0 0

0101101
*
Ed
 1.67704987314974e-07 1 1 0
1  34 0 0 1
2  48 24 0 0 1
4 C0 8 0 24 0
0

0101000
+421 0 -423 0 *
Ve
1e-07
-1.6 3.5 7.5
0 0

0101101
*
Ed
 1e-07 1 1 0
1  35 0 0 5.63397459571798
4 C0 8 0 25 0
0

0101000
+419 0 -421 0 *
Ve
1e-07
-1.6 3.5 11.5
0 0

0101101
*
Ed
 1e-07 1 1 0
1  36 0 0 3.14159265358979
2  49 26 0 0 3.14159265358979
4 C0 8 0 26 0
0

0101000
+419 0 -417 0 *
Ed
 1e-07 1 1 0
1  37 0 -2.98550073551951e-10 5.63397459541943
4 C0 8 0 27 0
0

0101000
+426 0 -417 0 *
Wi

0101100
+424 0 +422 0 -420 0 -418 0 +416 0 -415 0 *
Ve
1.67705001599947e-07
-1.59999999982764 -11.5 -2.13397459571798
0 0

0101101
*
Ve
1.67705001599947e-07
-1.6 -11 -3
0 0

0101101
*
Ed
 1.67705001599947e-07 1 1 0
1  38 0 0 1
2  50 28 0 0 1
4 C0 8 0 28 0
0

0101000
+413 0 -412 0 *
Ve
1.67704991971387e-07
-1.6 -8 -3
0 0

0101101
*
Ed
 1e-07 1 1 0
1  39 0 0 3
2  51 29 0 0 3
4 G1 8 0 29 0
0

0101000
+412 0 -410 0 *
Ve
1.67704991971387e-07
-1.59999999982764 -7.5 -2.13397459571798
0 0

0101101
*
Ed
 1.67704991971387e-07 1 1 0
1  40 0 0 1
2  52 30 0 0 1
4 C0 8 0 30 0
0

0101000
+408 0 -410 0 *
Ve
1e-07
-1.6 -7.5 3.5
0 0

0101101
*
Ed
 1e-07 1 1 0
1  41 0 0 5.63397459571798
4 C0 8 0 31 0
0

0101000
+406 0 -408 0 *
Ve
1e-07
-1.6 -11.5 3.5
0 0

0101101
*
Ed
 1e-07 1 1 0
1  42 0 0 3.14159265358979
2  53 32 0 0 3.14159265358979
4 C0 8 0 32 0
0

0101000
+404 0 -406 0 *
Ed
 1e-07 1 1 0
1  43 0 -2.98550073551951e-10 5.63397459541943
4 C0 8 0 33 0
0

0101000
+413 0 -404 0 *
Wi

0101100
+411 0 +409 0 -407 0 -405 0 -403 0 -402 0 *
Ve
1.67704978629298e-07
-1.59999999982764 11.5 2.13397459571798
0 0

0101101
*
Ve
1.67704978629298e-07
-1.6 11 3
0 0

0101101
*
Ed
 1.67704978629298e-07 1 1 0
1  44 0 0 1
2  54 34 0 0 1
4 C0 8 0 34 0
0

0101000
+400 0 -399 0 *
Ve
1.67704985731267e-07
-1.6 8 3
0 0

0101101
*
Ed
 1e-07 1 1 0
1  45 0 0 3
2  55 35 0 0 3
4 G1 8 0 35 0
0

0101000
+399 0 -397 0 *
Ve
1.67704985731267e-07
-1.59999999982764 7.5 2.13397459571798
0 0

0101101
*
Ed
 1.67704985731267e-07 1 1 0
1  46 0 0 1
2  56 36 0 0 1
4 C0 8 0 36 0
0

0101000
+395 0 -397 0 *
Ve
1e-07
-1.6 7.5 -3.5
0 0

0101101
*
Ed
 1e-07 1 1 0
1  47 0 0 5.63397459571798
4 C0 8 0 37 0
0

0101000
+393 0 -395 0 *
Ve
1e-07
-1.6 11.5 -3.5
0 0

0101101
*
Ed
 1e-07 1 1 0
1  48 0 0 3.14159265358979
2  57 38 0 0 3.14159265358979
4 C0 8 0 38 0
0

0101000
+393 0 -391 0 *
Ed
 1e-07 1 1 0
1  49 0 -2.98550073551951e-10 5.63397459541943
4 C0 8 0 39 0
0

0101000
+400 0 -391 0 *
Wi

0101100
+398 0 +396 0 -394 0 -392 0 +390 0 -389 0 *
Ve
1e-05
-1.6 5.45 -9.5
0 0

0101101
*
Ed
 1e-07 1 1 0
1  50 0 0 6.28318530717959
2  58 40 0 0 6.28318530717959
4 C0 8 0 40 0
0

0101000
-387 0 +387 0 *
Wi

0101100
-386 0 *
Ve
1e-05
-1.6 8.42347480819021 8.13172798360038
0 0

0101101
*
Ed
 1e-07 1 1 0
1  51 0 0 6.28318530717959
2  59 41 0 0 6.28318530717959
4 C0 8 0 41 0
0

0101000
-384 0 +384 0 *
Wi

0101100
-383 0 *
Ve
1e-05
-1.6 8.42347480814304 -8.13172798364755
0 0

0101101
*
Ed
 1e-07 1 1 0
1  52 0 0 6.28318530717959
2  60 42 0 0 6.28318530717959
4 C0 8 0 42 0
0

0101000
-381 0 +381 0 *
Wi

0101100
-380 0 *
Fa
0  1e-07 9 0

0111000
+456 0 +453 3 +450 3 +447 3 +444 3 +431 3 +428 3 +427 3 +414 3 +401 3 
+388 3 +385 3 +382 3 +379 3 *
Ve
1e-05
0 8.42347480814304 -8.13172798364755
0 0

0101101
*
Ed
 1e-07 1 1 0
1  53 0 0 6.28318530717959
2  61 42 0 0 6.28318530717959
4 C0 42 0 43 0
0

0101000
+377 0 -377 0 *
Ed
 1e-05 1 1 0
1  54 0 1 2.6
3  62 63CN 42 0 1 2.6
0

0101000
+377 0 -381 0 *
Wi

0101100
+376 0 +375 0 -380 0 -375 0 *
Fa
0  1e-07 42 0

0111000
+374 0 *
Ve
1.00000001776357e-07
-15.3300051584207 10 17.4173371140763
0 0

0101101
*
Ed
 1e-07 1 1 0
1  55 0 0 6.28318530717959
2  64 44 0 0 6.28318530717959
2  65 10 0 0 6.28318530717959
4 C0 44 0 10 0
0

0101000
+372 0 -372 0 *
Wi

0101100
+371 0 *
Ve
1e-05
0 -7.83998115919021 -8.13172798360038
0 0

0101101
*
Ed
 1e-07 1 1 0
1  56 0 0 6.28318530717959
2  66 11 0 0 6.28318530717959
4 C0 11 0 43 0
0

0101000
+369 0 -369 0 *
Wi

0101100
-368 3 *
Ve
1e-05
0 -7.83998115914304 8.13172798364755
0 0

0101101
*
Ed
 1e-07 1 1 0
1  57 0 0 6.28318530717959
2  67 12 0 0 6.28318530717959
4 C0 12 0 43 0
0

0101000
+366 0 -366 0 *
Wi

0101100
-365 3 *
Ve
1e-05
0 9.5 5.45
0 0

0101101
*
Ed
 1e-07 1 1 0
1  58 0 0 6.28318530717959
2  68 45 0 0 6.28318530717959
4 C0 43 0 45 0
0

0101000
+363 0 -363 0 *
Wi

0101100
-362 3 *
Ve
1e-05
0 -9.5 -5.45
0 0

0101101
*
Ed
 1e-07 1 1 0
1  59 0 0 6.28318530717959
2  69 46 0 0 6.28318530717959
4 C0 43 0 46 0
0

0101000
+360 0 -360 0 *
Wi

0101100
-359 3 *
Ve
1e-07
1.48029736616688e-16 3 -11
0 0

0101101
*
Ve
1.67704987084087e-07
-1.48029736616688e-16 3 -8
0 0

0101101
*
Ed
 1e-07 1 1 0
1  60 0 0 3
2  70 47 0 0 3
4 G1 43 0 47 0
0

0101000
+357 0 -356 0 *
Ve
1.67704987084087e-07
-1.72360126171611e-10 2.13397459571798 -7.5
0 0

0101101
*
Ed
 1.67704987084087e-07 1 1 0
1  61 0 0 1
2  71 48 0 0 1
4 C0 43 0 48 0
0

0101000
+354 0 -356 0 *
Ve
1e-07
0 -3.5 -7.5
0 0

0101101
*
Ed
 1e-07 1 1 0
1  62 0 0 5.63397459571798
4 C0 18 0 43 0
0

0101000
+352 0 -354 0 *
Ve
1e-07
0 -3.5 -11.5
0 0

0101101
*
Ed
 1e-07 1 1 0
1  63 0 0 3.14159265358979
2  72 19 0 0 3.14159265358979
4 C0 19 0 43 0
0

0101000
+350 0 -352 0 *
Ve
1e-07
-1.72360015149309e-10 2.13397459571798 -11.5
0 0

0101101
*
Ed
 1e-07 1 1 0
1  64 0 -2.98550073551951e-10 5.63397459541943
4 C0 20 0 43 0
0

0101000
+348 0 -350 0 *
Ed
 1e-07 1 1 0
1  65 0 0 1
2  73 49 0 0 1
4 C0 43 0 49 0
0

0101000
+348 0 -357 0 *
Wi

0101100
+355 3 -353 3 -351 3 -349 3 -347 3 +346 3 *
Ve
1e-05
0 -5.45 9.5
0 0

0101101
*
Ed
 1e-07 1 1 0
1  66 0 0 6.28318530717959
2  74 50 0 0 6.28318530717959
4 C0 43 0 50 0
0

0101000
+344 0 -344 0 *
Wi

0101100
-343 3 *
Ve
1e-05
1.11022302462516e-16 -6 -1.10218211923262e-15
0 0

0101101
*
Ed
 1e-07 1 1 0
1  67 0 0 6.28318530717959
2  75 51 0 0 6.28318530717959
4 C0 51 0 43 0
0

0101000
-341 0 +341 0 *
Wi

0101100
-340 3 *
Ve
1.67704979770261e-07
0 -3 11
0 0

0101101
*
Ve
1.67704988021606e-07
-2.96059473233375e-16 -3 8
0 0

0101101
*
Ed
 1e-07 1 1 0
1  68 0 0 3
2  76 52 0 0 3
4 G1 43 0 52 0
0

0101000
+338 0 -337 0 *
Ve
1.67704988021606e-07
-1.7236020018648e-10 -2.13397459571798 7.5
0 0

0101101
*
Ed
 1.67704988021606e-07 1 1 0
1  69 0 0 1
2  77 53 0 0 1
4 C0 43 0 53 0
0

0101000
+335 0 -337 0 *
Ve
1e-07
-3.84877315203388e-16 3.5 7.5
0 0

0101101
*
Ed
 1e-07 1 1 0
1  70 0 0 5.63397459571798
4 C0 25 0 43 0
0

0101000
+333 0 -335 0 *
Ve
1e-07
-3.84877315203388e-16 3.5 11.5
0 0

0101101
*
Ed
 1e-07 1 1 0
1  71 0 0 3.14159265358979
2  78 26 0 0 3.14159265358979
4 C0 26 0 43 0
0

0101000
+333 0 -331 0 *
Ve
1.67704979770261e-07
-1.72360098416036e-10 -2.13397459571798 11.5
0 0

0101101
*
Ed
 1e-07 1 1 0
1  72 0 -2.98550073551951e-10 5.63397459541943
4 C0 27 0 43 0
0

0101000
+329 0 -331 0 *
Ed
 1.67704979770261e-07 1 1 0
1  73 0 0 1
2  79 54 0 0 1
4 C0 43 0 54 0
0

0101000
+329 0 -338 0 *
Wi

0101100
+336 3 -334 3 -332 3 +330 3 -328 3 +327 3 *
Ve
1e-07
0 -11 -3
0 0

0101101
*
Ve
1.67704991163699e-07
-2.96059473233375e-16 -8 -3
0 0

0101101
*
Ed
 1e-07 1 1 0
1  74 0 0 3
2  80 55 0 0 3
4 G1 43 0 55 0
0

0101000
+325 0 -324 0 *
Ve
1.67704991163699e-07
-1.72360126171611e-10 -7.5 -2.13397459571798
0 0

0101101
*
Ed
 1.67704991163699e-07 1 1 0
1  75 0 0 1
2  81 56 0 0 1
4 C0 43 0 56 0
0

0101000
+322 0 -324 0 *
Ve
1e-07
2.96059473233375e-16 -7.5 3.5
0 0

0101101
*
Ed
 1e-07 1 1 0
1  76 0 0 5.63397459571798
4 C0 31 0 43 0
0

0101000
+320 0 -322 0 *
Ve
1e-07
2.96059473233375e-16 -11.5 3.5
0 0

0101101
*
Ed
 1e-07 1 1 0
1  77 0 0 3.14159265358979
2  82 32 0 0 3.14159265358979
4 C0 32 0 43 0
0

0101000
+318 0 -320 0 *
Ve
1e-07
-1.72359830112138e-10 -11.5 -2.13397459571798
0 0

0101101
*
Ed
 1e-07 1 1 0
1  78 0 -2.98550073551951e-10 5.63397459541943
4 C0 33 0 43 0
0

0101000
+316 0 -318 0 *
Ed
 1e-07 1 1 0
1  79 0 0 1
2  83 57 0 0 1
4 C0 43 0 57 0
0

0101000
+316 0 -325 0 *
Wi

0101100
+323 3 -321 3 -319 3 -317 3 -315 3 +314 3 *
Ve
1.67704981174108e-07
1.48029736616688e-16 11 3
0 0

0101101
*
Ve
1.67704987340439e-07
0 8 3
0 0

0101101
*
Ed
 1e-07 1 1 0
1  80 0 0 3
2  84 58 0 0 3
4 G1 43 0 58 0
0

0101000
+312 0 -311 0 *
Ve
1.67704987340439e-07
-1.72360690534982e-10 7.5 2.13397459571798
0 0

0101101
*
Ed
 1.67704987340439e-07 1 1 0
1  81 0 0 1
2  85 59 0 0 1
4 C0 43 0 59 0
0

0101000
+309 0 -311 0 *
Ve
1e-07
1.48029736616688e-16 7.5 -3.5
0 0

0101101
*
Ed
 1e-07 1 1 0
1  82 0 0 5.63397459571798
4 C0 37 0 43 0
0

0101000
+307 0 -309 0 *
Ve
1e-07
1.48029736616688e-16 11.5 -3.5
0 0

0101101
*
Ed
 1e-07 1 1 0
1  83 0 0 3.14159265358979
2  86 38 0 0 3.14159265358979
4 C0 38 0 43 0
0

0101000
+307 0 -305 0 *
Ve
1.67704981174108e-07
-1.72359552556382e-10 11.5 2.13397459571798
0 0

0101101
*
Ed
 1e-07 1 1 0
1  84 0 -2.98550073551951e-10 5.63397459541943
4 C0 39 0 43 0
0

0101000
+303 0 -305 0 *
Ed
 1.67704981174108e-07 1 1 0
1  85 0 0 1
2  87 60 0 0 1
4 C0 43 0 60 0
0

0101000
+303 0 -312 0 *
Wi

0101100
+310 3 -308 3 -306 3 +304 3 -302 3 +301 3 *
Ve
1e-05
0 5.45 -9.5
0 0

0101101
*
Ed
 1e-07 1 1 0
1  86 0 0 6.28318530717959
2  88 61 0 0 6.28318530717959
4 C0 43 0 61 0
0

0101000
+299 0 -299 0 *
Wi

0101100
-298 3 *
Ve
1e-05
0 8.42347480819021 8.13172798360038
0 0

0101101
*
Ed
 1e-07 1 1 0
1  87 0 0 6.28318530717959
2  89 41 0 0 6.28318530717959
4 C0 41 0 43 0
0

0101000
+296 0 -296 0 *
Wi

0101100
-295 3 *
Wi

0101100
-376 3 *
Fa
0  1e-07 44 0

0111000
+370 0 +367 0 +364 0 +361 0 +358 0 +345 0 +342 0 +339 0 +326 0 +313 0 
+300 0 +297 0 +294 0 +293 0 *
Ve
1e-05
-0.25 5.2 -9.5
0 0

0101101
*
Ed
 1e-05 1 1 0
1  88 0 -0.176776695296637 0.176776695296637
3  90 91CN 61 0 -0.176776695296637 0.176776695296637
0

0101000
-299 0 +291 0 *
Ed
 1e-07 1 1 0
1  89 0 0 6.28318530717959
2  92 62 0 0 6.28318530717959
2  93 61 0 0 6.28318530717959
4 C0 62 0 61 0
0

0101000
-291 0 +291 0 *
Wi

0101100
+298 0 -290 0 -289 0 +290 0 *
Fa
0  1e-07 61 0

0111000
+288 0 *
Ve
1e-05
-1.35 5.2 -9.5
0 0

0101101
*
Ed
 1e-05 1 1 0
1  90 0 0.250000000000001 1.35
3  94 95CN 62 0 0.250000000000001 1.35
0

0101000
+291 0 -286 0 *
Ed
 1e-07 1 1 0
1  91 0 0 6.28318530717959
2  96 40 0 0 6.28318530717959
2  97 62 0 0 6.28318530717959
4 C0 40 0 62 0
0

0101000
-286 0 +286 0 *
Wi

0101100
+289 0 +285 0 -284 0 -285 0 *
Fa
0  1e-07 62 0

0111000
+283 0 *
Ve
1e-07
-0.499999999999999 11.5 2
0 0

0101101
*
Ve
1e-07
-0.5 11 2.5
0 0

0101101
*
Ed
 1e-07 1 1 0
1  92 0 0 1.5707963267949
2  98 63 0 0 1.5707963267949
2  99 60 0 0 1.5707963267949
4 G1 63 0 60 0
0

0101000
+281 0 -280 0 *
Ed
 1e-07 1 1 0
1  93 0 0 1.5707963267949
2  100 60 0 0 1.5707963267949
2  101 58 0 0 1.5707963267949
4 G1 60 0 58 0
0

0101000
+312 0 -280 0 *
Ed
 1e-07 1 1 0
1  94 0 0 0.523598775200251
2  102 60 0 0 0.523598775200251
4 G1 39 0 60 0
0

0101000
+303 0 -281 0 *
Wi

0101100
+279 0 -278 0 -301 0 +277 0 *
Fa
0  1e-07 60 0

0111000
+276 0 *
Ve
1e-07
-1.1 11.5 2
0 0

0101101
*
Ve
1e-07
-1.1 11 2.5
0 0

0101101
*
Ed
 1e-07 1 1 0
1  95 0 0 1.5707963267949
2  103 34 0 0 1.5707963267949
2  104 63 0 0 1.5707963267949
4 G1 34 0 63 0
0

0101000
+274 0 -273 0 *
Ed
 1e-07 1 1 0
1  96 0 0 0.6
2  105 63 0 0 0.6
4 G1 63 0 64 0
0

0101000
+280 0 -273 0 *
Ed
 1e-07 1 1 0
1  97 0 -9.99200722162641e-16 0.6
2  106 63 0 -9.99200722162641e-16 0.6
4 G1 39 0 63 0
0

0101000
+281 0 -274 0 *
Wi

0101100
+272 0 -271 0 -279 0 +270 0 *
Fa
0  1e-07 63 0

0111000
+269 0 *
Ve
1e-07
-0.5 8 2.5
0 0

0101101
*
Ed
 1e-07 1 1 0
1  98 0 0 3
2  107 58 0 0 3
4 G1 64 0 58 0
0

0101000
+280 0 -267 0 *
Ve
1e-07
-1.1 8 2.5
0 0

0101101
*
Ed
 1e-07 1 1 0
1  99 0 0 0.6
2  108 65 0 0 0.6
4 G1 64 0 65 0
0

0101000
+265 0 -267 0 *
Ed
 1e-07 1 1 0
1  100 0 0 3
2  109 35 0 0 3
4 G1 35 0 64 0
0

0101000
+273 0 -265 0 *
Wi

0101100
-271 0 +266 0 -264 0 -263 0 *
Fa
0  1e-07 64 0

0111000
+262 0 *
Ve
1e-07
-0.500000000000001 7.5 2
0 0

0101101
*
Ed
 1e-07 1 1 0
1  101 0 0 1.5707963267949
2  110 65 0 0 1.5707963267949
2  111 59 0 0 1.5707963267949
4 G1 65 0 59 0
0

0101000
+260 0 -267 0 *
Ve
1e-07
-1.1 7.5 2
0 0

0101101
*
Ed
 1e-07 1 1 0
1  102 0 0 1.5707963267949
2  112 36 0 0 1.5707963267949
2  113 65 0 0 1.5707963267949
4 G1 36 0 65 0
0

0101000
+258 0 -265 0 *
Ed
 1e-07 1 1 0
1  103 0 0 0.599999999999999
2  114 65 0 0 0.599999999999999
4 G1 37 0 65 0
0

0101000
+258 0 -260 0 *
Wi

0101100
+259 0 -264 0 -257 0 +256 0 *
Fa
0  1e-07 65 0

0111000
+255 0 *
Ed
 1e-07 1 1 0
1  104 0 0 1.5707963267949
2  115 59 0 0 1.5707963267949
2  116 58 0 0 1.5707963267949
4 G1 59 0 58 0
0

0101000
+267 0 -311 0 *
Ed
 1e-07 1 1 0
1  105 0 0 0.52359877520024
2  117 59 0 0 0.52359877520024
4 G1 37 0 59 0
0

0101000
+260 0 -309 0 *
Wi

0101100
+308 0 -253 0 -259 0 +252 0 *
Fa
0  1e-07 59 0

0111000
+251 0 *
Wi

0101100
-278 0 +310 0 -253 0 -266 0 *
Fa
0  1e-07 58 0

0111000
+249 0 *
Ve
1e-07
-0.499999999999999 -11.5 -2
0 0

0101101
*
Ve
1e-07
-0.5 -11 -2.5
0 0

0101101
*
Ed
 1e-07 1 1 0
1  106 0 0 1.5707963267949
2  118 66 0 0 1.5707963267949
2  119 57 0 0 1.5707963267949
4 G1 66 0 57 0
0

0101000
+247 0 -246 0 *
Ed
 1e-07 1 1 0
1  107 0 0 1.5707963267949
2  120 57 0 0 1.5707963267949
2  121 55 0 0 1.5707963267949
4 G1 57 0 55 0
0

0101000
+325 0 -246 0 *
Ed
 1e-07 1 1 0
1  108 0 0 0.523598775200249
2  122 57 0 0 0.523598775200249
4 G1 33 0 57 0
0

0101000
+316 0 -247 0 *
Wi

0101100
+245 0 -244 0 -314 0 +243 0 *
Fa
0  1e-07 57 0

0111000
+242 0 *
Ve
1e-07
-1.1 -11.5 -2
0 0

0101101
*
Ve
1e-07
-1.1 -11 -2.5
0 0

0101101
*
Ed
 1e-07 1 1 0
1  109 0 0 1.5707963267949
2  123 28 0 0 1.5707963267949
2  124 66 0 0 1.5707963267949
4 G1 28 0 66 0
0

0101000
+240 0 -239 0 *
Ed
 1e-07 1 1 0
1  110 0 0 0.6
2  125 66 0 0 0.6
4 G1 66 0 67 0
0

0101000
+246 0 -239 0 *
Ed
 1e-07 1 1 0
1  111 0 -9.99200722162641e-16 0.6
2  126 66 0 -9.99200722162641e-16 0.6
4 G1 33 0 66 0
0

0101000
+247 0 -240 0 *
Wi

0101100
+238 0 -237 0 -245 0 +236 0 *
Fa
0  1e-07 66 0

0111000
+235 0 *
Ve
1e-07
-0.5 -8 -2.5
0 0

0101101
*
Ed
 1e-07 1 1 0
1  112 0 0 3
2  127 55 0 0 3
4 G1 67 0 55 0
0

0101000
+246 0 -233 0 *
Ve
1e-07
-1.1 -8 -2.5
0 0

0101101
*
Ed
 1e-07 1 1 0
1  113 0 0 0.6
2  128 68 0 0 0.6
4 G1 67 0 68 0
0

0101000
+231 0 -233 0 *
Ed
 1e-07 1 1 0
1  114 0 0 3
2  129 29 0 0 3
4 G1 29 0 67 0
0

0101000
+239 0 -231 0 *
Wi

0101100
-237 0 +232 0 -230 0 -229 0 *
Fa
0  1e-07 67 0

0111000
+228 0 *
Ve
1e-07
-0.500000000000001 -7.5 -2
0 0

0101101
*
Ed
 1e-07 1 1 0
1  115 0 0 1.57079632679489
2  130 68 0 0 1.57079632679489
2  131 56 0 0 1.57079632679489
4 G1 68 0 56 0
0

0101000
+226 0 -233 0 *
Ve
1e-07
-1.1 -7.5 -2
0 0

0101101
*
Ed
 1e-07 1 1 0
1  116 0 0 1.5707963267949
2  132 30 0 0 1.5707963267949
2  133 68 0 0 1.5707963267949
4 G1 30 0 68 0
0

0101000
+224 0 -231 0 *
Ed
 1e-07 1 1 0
1  117 0 0 0.599999999999999
2  134 68 0 0 0.599999999999999
4 G1 31 0 68 0
0

0101000
+224 0 -226 0 *
Wi

0101100
+225 0 -230 0 -223 0 +222 0 *
Fa
0  1e-07 68 0

0111000
+221 0 *
Ed
 1e-07 1 1 0
1  118 0 0 1.5707963267949
2  135 56 0 0 1.5707963267949
2  136 55 0 0 1.5707963267949
4 G1 56 0 55 0
0

0101000
+233 0 -324 0 *
Ed
 1e-07 1 1 0
1  119 0 0 0.52359877520024
2  137 56 0 0 0.52359877520024
4 G1 31 0 56 0
0

0101000
+226 0 -322 0 *
Wi

0101100
+321 0 -219 0 -225 0 +218 0 *
Fa
0  1e-07 56 0

0111000
+217 0 *
Wi

0101100
-244 0 +323 0 -219 0 -232 0 *
Fa
0  1e-07 55 0

0111000
+215 0 *
Ve
1e-07
-0.5 -2 11.5
0 0

0101101
*
Ve
1e-07
-0.5 -2.5 11
0 0

0101101
*
Ed
 1e-07 1 1 0
1  120 0 0 1.5707963267949
2  138 69 0 0 1.5707963267949
2  139 54 0 0 1.5707963267949
4 G1 69 0 54 0
0

0101000
+213 0 -212 0 *
Ed
 1e-07 1 1 0
1  121 0 0 1.5707963267949
2  140 54 0 0 1.5707963267949
2  141 52 0 0 1.5707963267949
4 G1 54 0 52 0
0

0101000
+338 0 -212 0 *
Ed
 1e-07 1 1 0
1  122 0 0 0.52359877520025
2  142 54 0 0 0.52359877520025
4 G1 27 0 54 0
0

0101000
+329 0 -213 0 *
Wi

0101100
+211 0 -210 0 -327 0 +209 0 *
Fa
0  1e-07 54 0

0111000
+208 0 *
Ve
1e-07
-1.1 -2 11.5
0 0

0101101
*
Ve
1e-07
-1.1 -2.5 11
0 0

0101101
*
Ed
 1e-07 1 1 0
1  123 0 0 1.5707963267949
2  143 22 0 0 1.5707963267949
2  144 69 0 0 1.5707963267949
4 G1 22 0 69 0
0

0101000
+206 0 -205 0 *
Ed
 1e-07 1 1 0
1  124 0 0 0.6
2  145 69 0 0 0.6
4 G1 69 0 70 0
0

0101000
+212 0 -205 0 *
Ed
 1e-07 1 1 0
1  125 0 0 0.6
2  146 69 0 0 0.6
4 G1 27 0 69 0
0

0101000
+213 0 -206 0 *
Wi

0101100
+204 0 -203 0 -211 0 +202 0 *
Fa
0  1e-07 69 0

0111000
+201 0 *
Ve
1e-07
-0.5 -2.5 8
0 0

0101101
*
Ed
 1e-07 1 1 0
1  126 0 0 3
2  147 52 0 0 3
4 G1 70 0 52 0
0

0101000
+212 0 -199 0 *
Ve
1e-07
-1.1 -2.5 8
0 0

0101101
*
Ed
 1e-07 1 1 0
1  127 0 0 0.6
2  148 71 0 0 0.6
4 G1 70 0 71 0
0

0101000
+197 0 -199 0 *
Ed
 1e-07 1 1 0
1  128 0 0 3
2  149 23 0 0 3
4 G1 23 0 70 0
0

0101000
+205 0 -197 0 *
Wi

0101100
-203 0 +198 0 -196 0 -195 0 *
Fa
0  1e-07 70 0

0111000
+194 0 *
Ve
1e-07
-0.5 -2 7.5
0 0

0101101
*
Ed
 1e-07 1 1 0
1  129 0 0 1.57079632679489
2  150 71 0 0 1.57079632679489
2  151 53 0 0 1.57079632679489
4 G1 71 0 53 0
0

0101000
+192 0 -199 0 *
Ve
1e-07
-1.1 -2 7.5
0 0

0101101
*
Ed
 1e-07 1 1 0
1  130 0 0 1.5707963267949
2  152 24 0 0 1.5707963267949
2  153 71 0 0 1.5707963267949
4 G1 24 0 71 0
0

0101000
+190 0 -197 0 *
Ed
 1e-07 1 1 0
1  131 0 0 0.6
2  154 71 0 0 0.6
4 G1 25 0 71 0
0

0101000
+190 0 -192 0 *
Wi

0101100
+191 0 -196 0 -189 0 +188 0 *
Fa
0  1e-07 71 0

0111000
+187 0 *
Ed
 1e-07 1 1 0
1  132 0 0 1.5707963267949
2  155 53 0 0 1.5707963267949
2  156 52 0 0 1.5707963267949
4 G1 53 0 52 0
0

0101000
+199 0 -337 0 *
Ed
 1e-07 1 1 0
1  133 0 0 0.52359877520024
2  157 53 0 0 0.52359877520024
4 G1 25 0 53 0
0

0101000
+192 0 -335 0 *
Wi

0101100
+334 0 -185 0 -191 0 +184 0 *
Fa
0  1e-07 53 0

0111000
+183 0 *
Wi

0101100
-210 0 +336 0 -185 0 -198 0 *
Fa
0  1e-07 52 0

0111000
+181 0 *
Ve
1e-05
1 -6 -1.10218211923262e-15
0 0

0101101
*
Ed
 1e-07 1 1 0
1  134 0 0 6.28318530717959
2  158 51 0 0 6.28318530717959
4 C0 2 0 51 0
0

0101000
+179 0 -179 0 *
Ed
 1e-05 1 1 0
1  135 0 0 1
3  159 160CN 51 0 0 1
0

0101000
+179 0 -341 0 *
Wi

0101100
+178 0 +177 0 -340 0 -177 0 *
Fa
0  1e-07 51 0

0111000
+176 0 *
Ve
1e-05
-0.25 -5.2 9.5
0 0

0101101
*
Ed
 1e-05 1 1 0
1  136 0 -0.176776695296637 0.176776695296637
3  161 162CN 50 0 -0.176776695296637 0.176776695296637
0

0101000
-344 0 +174 0 *
Ed
 1e-07 1 1 0
1  137 0 0 6.28318530717959
2  163 72 0 0 6.28318530717959
2  164 50 0 0 6.28318530717959
4 C0 72 0 50 0
0

0101000
-174 0 +174 0 *
Wi

0101100
+343 0 -173 0 -172 0 +173 0 *
Fa
0  1e-07 50 0

0111000
+171 0 *
Ve
1e-05
-1.35 -5.2 9.5
0 0

0101101
*
Ed
 1e-05 1 1 0
1  138 0 0.250000000000001 1.35
3  165 166CN 72 0 0.250000000000001 1.35
0

0101000
+174 0 -169 0 *
Ed
 1e-07 1 1 0
1  139 0 0 6.28318530717959
2  167 21 0 0 6.28318530717959
2  168 72 0 0 6.28318530717959
4 C0 21 0 72 0
0

0101000
-169 0 +169 0 *
Wi

0101100
+172 0 +168 0 -167 0 -168 0 *
Fa
0  1e-07 72 0

0111000
+166 0 *
Ve
1e-07
-0.499999999999999 2 -11.5
0 0

0101101
*
Ve
1e-07
-0.5 2.5 -11
0 0

0101101
*
Ed
 1e-07 1 1 0
1  140 0 0 1.5707963267949
2  169 73 0 0 1.5707963267949
2  170 49 0 0 1.5707963267949
4 G1 73 0 49 0
0

0101000
+164 0 -163 0 *
Ed
 1e-07 1 1 0
1  141 0 0 1.5707963267949
2  171 49 0 0 1.5707963267949
2  172 47 0 0 1.5707963267949
4 G1 49 0 47 0
0

0101000
+357 0 -163 0 *
Ed
 1e-07 1 1 0
1  142 0 0 0.523598775200249
2  173 49 0 0 0.523598775200249
4 G1 20 0 49 0
0

0101000
+348 0 -164 0 *
Wi

0101100
+162 0 -161 0 -346 0 +160 0 *
Fa
0  1e-07 49 0

0111000
+159 0 *
Ve
1e-07
-1.1 2 -11.5
0 0

0101101
*
Ve
1e-07
-1.1 2.5 -11
0 0

0101101
*
Ed
 1e-07 1 1 0
1  143 0 0 1.5707963267949
2  174 15 0 0 1.5707963267949
2  175 73 0 0 1.5707963267949
4 G1 15 0 73 0
0

0101000
+157 0 -156 0 *
Ed
 1e-07 1 1 0
1  144 0 0 0.6
2  176 73 0 0 0.6
4 G1 73 0 74 0
0

0101000
+163 0 -156 0 *
Ed
 1e-07 1 1 0
1  145 0 -9.99200722162641e-16 0.6
2  177 73 0 -9.99200722162641e-16 0.6
4 G1 20 0 73 0
0

0101000
+164 0 -157 0 *
Wi

0101100
+155 0 -154 0 -162 0 +153 0 *
Fa
0  1e-07 73 0

0111000
+152 0 *
Ve
1e-07
-0.5 2.5 -8
0 0

0101101
*
Ed
 1e-07 1 1 0
1  146 0 0 3
2  178 47 0 0 3
4 G1 74 0 47 0
0

0101000
+163 0 -150 0 *
Ve
1e-07
-1.1 2.5 -8
0 0

0101101
*
Ed
 1e-07 1 1 0
1  147 0 0 0.6
2  179 75 0 0 0.6
4 G1 74 0 75 0
0

0101000
+148 0 -150 0 *
Ed
 1e-07 1 1 0
1  148 0 0 3
2  180 16 0 0 3
4 G1 16 0 74 0
0

0101000
+156 0 -148 0 *
Wi

0101100
-154 0 +149 0 -147 0 -146 0 *
Fa
0  1e-07 74 0

0111000
+145 0 *
Ve
1e-07
-0.5 2 -7.5
0 0

0101101
*
Ed
 1e-07 1 1 0
1  149 0 0 1.5707963267949
2  181 75 0 0 1.5707963267949
2  182 48 0 0 1.5707963267949
4 G1 75 0 48 0
0

0101000
+143 0 -150 0 *
Ve
1e-07
-1.1 2 -7.5
0 0

0101101
*
Ed
 1e-07 1 1 0
1  150 0 0 1.5707963267949
2  183 17 0 0 1.5707963267949
2  184 75 0 0 1.5707963267949
4 G1 17 0 75 0
0

0101000
+141 0 -148 0 *
Ed
 1e-07 1 1 0
1  151 0 0 0.6
2  185 75 0 0 0.6
4 G1 18 0 75 0
0

0101000
+141 0 -143 0 *
Wi

0101100
+142 0 -147 0 -140 0 +139 0 *
Fa
0  1e-07 75 0

0111000
+138 0 *
Ed
 1e-07 1 1 0
1  152 0 0 1.5707963267949
2  186 48 0 0 1.5707963267949
2  187 47 0 0 1.5707963267949
4 G1 48 0 47 0
0

0101000
+150 0 -356 0 *
Ed
 1e-07 1 1 0
1  153 0 0 0.52359877520024
2  188 48 0 0 0.52359877520024
4 G1 18 0 48 0
0

0101000
+143 0 -354 0 *
Wi

0101100
+353 0 -136 0 -142 0 +135 0 *
Fa
0  1e-07 48 0

0111000
+134 0 *
Wi

0101100
-161 0 +355 0 -136 0 -149 0 *
Fa
0  1e-07 47 0

0111000
+132 0 *
Ve
1e-05
-0.25 -9.5 -5.2
0 0

0101101
*
Ed
 1e-05 1 1 0
1  154 0 -0.176776695296637 0.176776695296637
3  189 190CN 46 0 -0.176776695296637 0.176776695296637
0

0101000
-360 0 +130 0 *
Ed
 1e-07 1 1 0
1  155 0 0 6.28318530717959
2  191 76 0 0 6.28318530717959
2  192 46 0 0 6.28318530717959
4 C0 76 0 46 0
0

0101000
-130 0 +130 0 *
Wi

0101100
+359 0 -129 0 -128 0 +129 0 *
Fa
0  1e-07 46 0

0111000
+127 0 *
Ve
1e-05
-1.35 -9.5 -5.2
0 0

0101101
*
Ed
 1e-05 1 1 0
1  156 0 0.250000000000001 1.35
3  193 194CN 76 0 0.250000000000001 1.35
0

0101000
+130 0 -125 0 *
Ed
 1e-07 1 1 0
1  157 0 0 6.28318530717959
2  195 14 0 0 6.28318530717959
2  196 76 0 0 6.28318530717959
4 C0 14 0 76 0
0

0101000
-125 0 +125 0 *
Wi

0101100
+128 0 +124 0 -123 0 -124 0 *
Fa
0  1e-07 76 0

0111000
+122 0 *
Ve
1e-05
-0.25 9.5 5.2
0 0

0101101
*
Ed
 1e-05 1 1 0
1  158 0 -0.176776695296637 0.176776695296637
3  197 198CN 45 0 -0.176776695296637 0.176776695296637
0

0101000
-363 0 +120 0 *
Ed
 1e-07 1 1 0
1  159 0 0 6.28318530717959
2  199 77 0 0 6.28318530717959
2  200 45 0 0 6.28318530717959
4 C0 77 0 45 0
0

0101000
-120 0 +120 0 *
Wi

0101100
+362 0 -119 0 -118 0 +119 0 *
Fa
0  1e-07 45 0

0111000
+117 0 *
Ve
1e-05
-1.35 9.5 5.2
0 0

0101101
*
Ed
 1e-05 1 1 0
1  160 0 0.250000000000001 1.35
3  201 202CN 77 0 0.250000000000001 1.35
0

0101000
+120 0 -115 0 *
Ed
 1e-07 1 1 0
1  161 0 0 6.28318530717959
2  203 13 0 0 6.28318530717959
2  204 77 0 0 6.28318530717959
4 C0 13 0 77 0
0

0101000
-115 0 +115 0 *
Wi

0101100
+118 0 +114 0 -113 0 -114 0 *
Fa
0  1e-07 77 0

0111000
+112 0 *
Ed
 1e-05 1 1 0
1  162 0 1 2.6
3  205 206CN 41 0 1 2.6
0

0101000
+296 0 -384 0 *
Wi

0101100
+295 0 +110 0 -383 0 -110 0 *
Fa
0  1e-07 41 0

0111000
+109 0 *
Ed
 1e-05 1 1 0
1  163 0 -0.176776695296637 0.176776695296637
3  207 208CN 40 0 -0.176776695296637 0.176776695296637
0

0101000
+286 0 -387 0 *
Wi

0101100
+284 0 +107 0 -386 0 -107 0 *
Fa
0  1e-07 40 0

0111000
+106 0 *
Ed
 1e-07 1 1 0
1  164 0 0 0.52359877520024
2  209 34 0 0 0.52359877520024
4 G1 34 0 39 0
0

0101000
+274 0 -400 0 *
Ed
 1e-07 1 1 0
1  165 0 0 1.6
2  210 38 0 0 1.6
4 G1 38 0 39 0
0

0101000
+391 0 -305 0 *
Wi

0101100
+104 0 +389 0 +103 0 -302 0 +277 0 +270 0 *
Fa
0  1e-07 39 0

0111000
-102 0 *
Ed
 1e-07 1 1 0
1  166 0 0 1.6
2  211 38 0 0 1.6
4 G1 37 0 38 0
0

0101000
+393 0 -307 0 *
Wi

0101100
+390 0 +103 0 -304 0 -100 0 *
Fa
0  1e-07 38 0

0111000
+99 0 *
Ed
 1e-07 1 1 0
1  167 0 0 0.523598775200251
2  212 36 0 0 0.523598775200251
4 G1 36 0 37 0
0

0101000
+395 0 -258 0 *
Wi

0101100
+252 0 -306 0 -100 0 +392 0 +97 0 +256 0 *
Fa
0  1e-07 37 0

0111000
-96 0 *
Ed
 1e-07 1 1 0
1  168 0 0 1.5707963267949
2  213 35 0 0 1.5707963267949
2  214 36 0 0 1.5707963267949
4 G1 35 0 36 0
0

0101000
+397 0 -265 0 *
Wi

0101100
+257 0 -94 0 -394 0 +97 0 *
Fa
0  1e-07 36 0

0111000
+93 0 *
Ed
 1e-07 1 1 0
1  169 0 0 1.5707963267949
2  215 34 0 0 1.5707963267949
2  216 35 0 0 1.5707963267949
4 G1 34 0 35 0
0

0101000
+273 0 -399 0 *
Wi

0101100
-91 0 +263 0 -94 0 -396 0 *
Fa
0  1e-07 35 0

0111000
+90 0 *
Wi

0101100
+398 0 -91 0 -272 0 +104 0 *
Fa
0  1e-07 34 0

0111000
+88 0 *
Ed
 1e-07 1 1 0
1  170 0 0 0.52359877520024
2  217 28 0 0 0.52359877520024
4 G1 28 0 33 0
0

0101000
+240 0 -413 0 *
Ed
 1e-07 1 1 0
1  171 0 5.9211894646675e-16 1.6
2  218 32 0 5.9211894646675e-16 1.6
4 G1 32 0 33 0
0

0101000
+318 0 -404 0 *
Wi

0101100
+86 0 +402 0 -85 0 -315 0 +243 0 +236 0 *
Fa
0  1e-07 33 0

0111000
-84 0 *
Ed
 1e-07 1 1 0
1  172 0 5.9211894646675e-16 1.6
2  219 32 0 5.9211894646675e-16 1.6
4 G1 31 0 32 0
0

0101000
+320 0 -406 0 *
Wi

0101100
+317 0 +82 0 -403 0 -85 0 *
Fa
0  1e-07 32 0

0111000
+81 0 *
Ed
 1e-07 1 1 0
1  173 0 0 0.523598775200251
2  220 30 0 0 0.523598775200251
4 G1 30 0 31 0
0

0101000
+408 0 -224 0 *
Wi

0101100
+218 0 -319 0 +82 0 +405 0 +79 0 +222 0 *
Fa
0  1e-07 31 0

0111000
-78 0 *
Ed
 1e-07 1 1 0
1  174 0 0 1.57079632679489
2  221 29 0 0 1.57079632679489
2  222 30 0 0 1.57079632679489
4 G1 29 0 30 0
0

0101000
+410 0 -231 0 *
Wi

0101100
+223 0 -76 0 -407 0 +79 0 *
Fa
0  1e-07 30 0

0111000
+75 0 *
Ed
 1e-07 1 1 0
1  175 0 0 1.5707963267949
2  223 28 0 0 1.5707963267949
2  224 29 0 0 1.5707963267949
4 G1 28 0 29 0
0

0101000
+239 0 -412 0 *
Wi

0101100
-73 0 +229 0 -76 0 -409 0 *
Fa
0  1e-07 29 0

0111000
+72 0 *
Wi

0101100
+411 0 -73 0 -238 0 +86 0 *
Fa
0  1e-07 28 0

0111000
+70 0 *
Ed
 1e-07 1 1 0
1  176 0 0 0.52359877520024
2  225 22 0 0 0.52359877520024
4 G1 22 0 27 0
0

0101000
+206 0 -426 0 *
Ed
 1e-07 1 1 0
1  177 0 0 1.6
2  226 26 0 0 1.6
4 G1 26 0 27 0
0

0101000
+417 0 -331 0 *
Wi

0101100
+68 0 +415 0 +67 0 -328 0 +209 0 +202 0 *
Fa
0  1e-07 27 0

0111000
-66 0 *
Ed
 1e-07 1 1 0
1  178 0 0 1.6
2  227 26 0 0 1.6
4 G1 25 0 26 0
0

0101000
+419 0 -333 0 *
Wi

0101100
+416 0 +67 0 -330 0 -64 0 *
Fa
0  1e-07 26 0

0111000
+63 0 *
Ed
 1e-07 1 1 0
1  179 0 0 0.523598775200251
2  228 24 0 0 0.523598775200251
4 G1 24 0 25 0
0

0101000
+421 0 -190 0 *
Wi

0101100
+184 0 -332 0 -64 0 +418 0 +61 0 +188 0 *
Fa
0  1e-07 25 0

0111000
-60 0 *
Ed
 1e-07 1 1 0
1  180 0 0 1.57079632679489
2  229 23 0 0 1.57079632679489
2  230 24 0 0 1.57079632679489
4 G1 23 0 24 0
0

0101000
+423 0 -197 0 *
Wi

0101100
+189 0 -58 0 -420 0 +61 0 *
Fa
0  1e-07 24 0

0111000
+57 0 *
Ed
 1e-07 1 1 0
1  181 0 0 1.5707963267949
2  231 22 0 0 1.5707963267949
2  232 23 0 0 1.5707963267949
4 G1 22 0 23 0
0

0101000
+205 0 -425 0 *
Wi

0101100
-55 0 +195 0 -58 0 -422 0 *
Fa
0  1e-07 23 0

0111000
+54 0 *
Wi

0101100
+424 0 -55 0 -204 0 +68 0 *
Fa
0  1e-07 22 0

0111000
+52 0 *
Ed
 1e-05 1 1 0
1  182 0 -0.176776695296637 0.176776695296637
3  233 234CN 21 0 -0.176776695296637 0.176776695296637
0

0101000
+169 0 -430 0 *
Wi

0101100
+167 0 +50 0 -429 0 -50 0 *
Fa
0  1e-07 21 0

0111000
+49 0 *
Ed
 1e-07 1 1 0
1  183 0 0 0.52359877520024
2  235 15 0 0 0.52359877520024
4 G1 15 0 20 0
0

0101000
+157 0 -443 0 *
Ed
 1e-07 1 1 0
1  184 0 0 1.6
2  236 19 0 0 1.6
4 G1 19 0 20 0
0

0101000
+350 0 -434 0 *
Wi

0101100
+47 0 +432 0 -46 0 -347 0 +160 0 +153 0 *
Fa
0  1e-07 20 0

0111000
-45 0 *
Ed
 1e-07 1 1 0
1  185 0 0 1.6
2  237 19 0 0 1.6
4 G1 18 0 19 0
0

0101000
+352 0 -436 0 *
Wi

0101100
+349 0 +43 0 -433 0 -46 0 *
Fa
0  1e-07 19 0

0111000
+42 0 *
Ed
 1e-07 1 1 0
1  186 0 0 0.523598775200251
2  238 17 0 0 0.523598775200251
4 G1 17 0 18 0
0

0101000
+438 0 -141 0 *
Wi

0101100
+135 0 -351 0 +43 0 +435 0 +40 0 +139 0 *
Fa
0  1e-07 18 0

0111000
-39 0 *
Ed
 1e-07 1 1 0
1  187 0 0 1.5707963267949
2  239 16 0 0 1.5707963267949
2  240 17 0 0 1.5707963267949
4 G1 16 0 17 0
0

0101000
+440 0 -148 0 *
Wi

0101100
+140 0 -37 0 -437 0 +40 0 *
Fa
0  1e-07 17 0

0111000
+36 0 *
Ed
 1e-07 1 1 0
1  188 0 0 1.5707963267949
2  241 15 0 0 1.5707963267949
2  242 16 0 0 1.5707963267949
4 G1 15 0 16 0
0

0101000
+156 0 -442 0 *
Wi

0101100
-34 0 +146 0 -37 0 -439 0 *
Fa
0  1e-07 16 0

0111000
+33 0 *
Wi

0101100
+441 0 -34 0 -155 0 +47 0 *
Fa
0  1e-07 15 0

0111000
+31 0 *
Ed
 1e-05 1 1 0
1  189 0 -0.176776695296637 0.176776695296637
3  243 244CN 14 0 -0.176776695296637 0.176776695296637
0

0101000
+125 0 -446 0 *
Wi

0101100
+123 0 +29 0 -445 0 -29 0 *
Fa
0  1e-07 14 0

0111000
+28 0 *
Ed
 1e-05 1 1 0
1  190 0 -0.176776695296637 0.176776695296637
3  245 246CN 13 0 -0.176776695296637 0.176776695296637
0

0101000
+115 0 -449 0 *
Wi

0101100
+113 0 +26 0 -448 0 -26 0 *
Fa
0  1e-07 13 0

0111000
+25 0 *
Ed
 1e-05 1 1 0
1  191 0 1 2.6
3  247 248CN 12 0 1 2.6
0

0101000
+366 0 -452 0 *
Wi

0101100
+365 0 +23 0 -451 0 -23 0 *
Fa
0  1e-07 12 0

0111000
+22 0 *
Ed
 1e-05 1 1 0
1  192 0 1 2.6
3  249 250CN 11 0 1 2.6
0

0101000
+369 0 -455 0 *
Wi

0101100
+368 0 +20 0 -454 0 -20 0 *
Fa
0  1e-07 11 0

0111000
+19 0 *
Ed
 1e-07 1 1 0
1  193 0 0 1.6
3  251 252CN 10 0 0 1.6
0

0101000
-458 0 +372 0 *
Wi

0101100
-457 0 +17 0 +371 0 -17 0 *
Fa
0  1e-07 10 0

0101000
+16 0 *
Ed
 1e-05 1 1 0
1  194 0 57.1630097628054 58.6630097628146
3  253 254CN 5 0 57.1630097628054 58.6630097628146
0

0101000
+488 0 -463 0 *
Wi

0101100
+487 0 +14 0 -462 0 -14 0 *
Fa
0  1e-07 5 0

0111000
+13 0 *
Wi

0101100
+466 0 *
Wi

0101100
-491 0 *
Fa
0  1e-07 4 0

0111000
+11 0 +10 0 *
Ed
 1e-05 1 1 0
1  195 0 10.4978275179307 11.9983708105658
3  255 256CN 3 0 10.4978275179307 11.9983708105658
0

0101000
+497 0 -472 0 *
Wi

0101100
-496 0 +490 0 -494 0 +8 0 +469 0 -465 0 +471 0 -8 0 *
Fa
0  1e-07 3 0

0111000
+7 0 *
Wi

0101100
-178 0 *
Wi

0101100
+500 0 *
Fa
0  1e-07 2 0

0111000
-5 0 -4 0 *
Sh

0101100
-482 3 -477 3 +459 3 +378 0 -373 3 -292 0 -287 3 -282 3 -275 3 -268 3 
+261 3 -254 3 -250 3 +248 3 -241 3 -234 3 +227 3 -220 3 -216 3 +214 3 
-207 3 -200 3 +193 3 -186 3 -182 3 +180 3 +175 3 -170 3 -165 3 -158 3 
-151 3 +144 3 -137 3 -133 3 +131 3 -126 3 -121 3 -116 3 -111 3 -108 3 
-105 3 -101 3 -98 3 -95 3 -92 3 +89 3 -87 3 -83 3 -80 3 -77 3 
-74 3 +71 3 -69 3 -65 3 -62 3 -59 3 -56 3 +53 3 -51 3 -48 3 
-44 3 -41 3 -38 3 -35 3 +32 3 -30 3 -27 3 -24 3 -21 3 -18 3 
+15 0 -12 3 +9 3 -6 3 -3 3 *
So

1100000
+2 0 *

+1 0 