DBRep_DrawableShape

CASCADE Topology V3, (c) Open Cascade
Locations 3
1
              1               0               0            -1.6 
              0               1               0               0 
              0               0               1               0 
1
-1.8745972946433e-16 0.9760517094103 -0.217538641526582 -15.3300051584207 
             -1 -1.57530722748671e-12 -7.06722190465403e-12              10 
-7.24066421507395e-12 0.217538641526582 0.9760517094103 3.06733711407633 
2  1 1 2 1 0
Curve2ds 266
2 1.1307515343344622e-11 2.5201754201304758e-12 -0.97605170941030028 -0.21753864152658209 0.21753864152658209 -0.97605170941030028 14.35
1 0 1.5999999999999996 1 0 
1 0 10 1 0 
1 0 10 1 0 
1 0 10 1 0 
1 0 -10 1 0 
1 0 10 1 0 
1 0 10 1 0 
1 0 10 1 0 
1 0 -10 1 0 
1 0 10 1 0 
1 0 10 1 0 
1 0 10 1 0 
1 0 -10 1 0 
1 9.4247779607693793 0.17677669529663664 -1 0 
1 9.4247779607693793 0.17677669529663664 -1 0 
7 0 0  3 179 177  2.6179938783895556 1.5707963261054203  2.6170154190369619 1.5741858070693469  2.6150492458357188 1.5809566235505641  2.6120719687867622 1.5910889036504974  2.6090664210166539 1.6011977369253594  2.6060323480543266 1.6112835998961477  2.6029694948547686 1.6213469551078226  2.5998776064663875 1.6313882467556462  2.5967564244115167 1.6414079144441054  2.5936056947684833 1.6514063684453368  2.5904251658177615 1.6613839976879614  2.5872145851506754 1.6713411790269423  2.5839737012467454 1.6812782743745025  2.5807022624848859 1.6911956344699881  2.5774000198879539 1.7010935898446136  2.5740667150060776 1.7109724890142786  2.5707020746064382 1.7208327132363948  2.5673058280101122 1.7306746226331284  2.563877704353176 1.7404985658792445  2.5604174336069931 1.7503048799760359  2.5569247454335025 1.7600938917071161  2.5533993700380306 1.7698659156973195  2.5498410394590865 1.7796212537061975  2.546249486542123 1.7893601964841888  2.5426244451727773 1.7990830232759534  2.5389656499602711 1.8087900047955705  2.5352728392269781 1.8184813955597641  2.5315457440114097 1.8281574624309465  2.5277841339039147 1.8378183661670571  2.5239878484883551 1.8474640903532655  2.5201567208372717 1.8570946406554301  2.5162905929711674 1.8667100074614609  2.5123893087935141 1.8763101784314571  2.5084527183813545 1.8858951345957571  2.5044806815216911 1.8954648447476112  2.500473051207734 1.9050192984236975  2.4964296751657389 1.9145585010893851  2.4923504105504199 1.9240824460478816  2.4882351218638967 1.9335911204253913  2.4840836746037134 1.9430845124399967  2.4798959408007222 1.9525626041416884  2.4756717990315695 1.9620253710014899  2.4714111398828629 1.9714727758482766  2.4671138352303523 1.9809048256518138  2.4627797578363331 1.9903215329547284  2.4584087891372275 1.9997229025041159  2.4540008234859041 2.0091089246320544  2.4495557400275096 2.0184796275468613  2.4450734053306831 2.0278350695831588  2.4405536982108806 2.0371752937232528  2.4359965050666808 2.0465003388184861  2.4314017184783281 2.0558102349922907  2.4267692388290256 2.0651050036958143  2.4220989739466861 2.074384663922463  2.4173908488475888 2.0836492149551797  2.4126447572360856 2.0928987230705487  2.4078605741093564 2.1021332945041342  2.4030381886875771 2.1113530174493178  2.3981774969866549 2.1205579762345761  2.3932784041554158 2.1297482478316478  2.3883408245014106 2.1389239034108485  2.3833646810084836 2.148085007376491  2.3783499009290492 2.1572316121260413  2.3732964218924217 2.166363764061475  2.3682041914045877 2.1754815037050186  2.3630731682208825 2.1845848647180284  2.357903319413857 2.1936738795970387  2.3526946328048353 2.2027485597621435  2.3474470679729977 2.211808978546618  2.3421605154450633 2.2208553325659497  2.3368348870434268 2.2298877885585919  2.3314700997757773 2.2389065129918113  2.3260660777319546 2.2479116612334233  2.320622752318839 2.2569033808309413  2.3151400643707492 2.265881812817665  2.3096179639839143 2.2748470916610692  2.3040564109307855 2.2837993455424148  2.2984553749209855 2.2927386965507166  2.2928148359053862 2.3016652609014834  2.2871347843686771 2.3105791491522596  2.281415221630315 2.3194804664147681  2.2756561601267027 2.3283693125895533  2.2698576237609855 2.3372457825177406  2.26401964799958 2.3461099664431977  2.2581422809099991 2.3549619493143115  2.2522255806799256 2.3638018144134398  2.246269626260351 2.3726296308302355  2.240274451633276 2.3814455351088837  2.2342400816343151 2.3902496775467328  2.2281665563225146 2.3990421969377205  2.2220539256697815 2.4078232280769591  2.2159022513084983 2.416592899976358  2.209711606385139 2.425351336569558  2.2034820759181608 2.4340986567499119  2.1972137570170371 2.4428349745868476  2.1909067591341538 2.4515603994936455  2.1845612043029727 2.4602750364070283  2.1781772273743139 2.4689789859618405  2.1717549762469521 2.4776723446650522  2.1652946120929535 2.4863552050673889  2.1587963095767222 2.4950276559322031  2.1522602570683613 2.5036897824035362  2.1456866568467343 2.5123416661634055  2.1390757253068462 2.5209833856146573  2.1324276931143209 2.5296150159513231  2.1257428055180703 2.5382366296312915  2.1190212352206146 2.5468483826767607  2.1122631669102994 2.5554504261943709  2.1054687969049897 2.5640429061297003  2.0986383363116667 2.5726259665948157  2.0917720107682651 2.5811997496894517  2.0848700581533564 2.5897643930262748  2.0779327292878169 2.5983200304603615  2.0709602879021292 2.606866792066771  2.0639530108342776 2.6154048042683669  2.0569111879884345 2.6239341901028852  2.0498351229662588 2.6324550687704953  2.0427251311906689 2.6409675579055669  2.0355815473283889 2.6494717656561115  2.0284046930818787 2.6579678261301347  2.0211948722879045 2.6664559030139654  2.0139524072604305 2.6749361495539516  2.0066776310296826 2.6834087173237369  1.9993708894549964 2.6918737540580606  1.9920325408481006 2.7003314042136881  1.9846629556225999 2.7087818095458127  1.9772625182679593 2.717225106884904  1.9698316197168502 2.7256614373445829  1.9623706340993621 2.734090972878394  1.9548799505762482 2.7425138783429279  1.9473599691575301 2.7509303166084944  1.9398111018787376 2.7593404473157253  1.9322337720929232 2.7677444273371439  1.9246284149409758 2.7761424109670636  1.9169954771478637 2.7845345499101684  1.9093354172869941 2.7929209930622774  1.9016487044143302 2.8013018878850438  1.8939358153081718 2.8096773830130028  1.8861972384269901 2.8180476243628805  1.8784334736278614 2.8264127553924268  1.8706450305897568 2.834772918713671  1.8628324188859371 2.8431282659126449  1.8549961595854014 2.8514789455715581  1.8471367840432424 2.8598251045107319  1.8392548339738377 2.868166887541153  1.8313508598871482 2.876504438571073  1.8234254237857583 2.884837898196416  1.8154790924598829 2.8931674108393417  1.8075124633585593 2.9014930964246957  1.799526187252652 2.9098150266711951  1.7915209176120124 2.9181332801868676  1.7834973198801001 2.9264479325928665  1.7754560674706379 2.9347590580472072  1.7673978422489718 2.9430667286409258  1.7593233350514363 2.9513710157139568  1.7512332454445532 2.9596719896507309  1.7431282797148357 2.9679697195672978  1.7350091514803387 2.9762642735219513  1.7268765819373852 2.9845557187397129  1.7187312995135084 2.9928441214502017  1.710574038950913 3.0011295460536358  1.7024055408108687 3.009412056628185  1.6942265522307345 3.0176917157895624  1.6860378238718621 3.0259685873588498  1.6778400978532091 3.0342427478806093  1.6696341221800581 3.0425142717945888  1.6614206487045711 3.0507832329770728  1.6532004333234922 3.0590497046245742  1.6449742355090993 3.0673137596403279  1.636742817836464 3.075575469932708  1.6285069447755394 3.0838349070360747  1.6202673862517525 3.0920921396888481  1.6120249163192992 3.1003472343822804  1.6037803097375734 3.1086002572624656  1.5955343421792505 3.1168512733655516  1.5872877899746445 3.1251003492695264  1.5790414295716328 3.1333475515535203  1.5735445007401918 3.1388444800926956  1.5707963267948992 3.1415926535897931 
 0 4 0.005681818181818182 1 0.011363636363636364 1 0.017045454545454544 1 0.022727272727272728 1 0.028409090909090912 1 0.034090909090909088 1 0.039772727272727272 1 0.045454545454545456 1 0.05113636363636364 1 0.056818181818181823 1 0.0625 1 0.068181818181818177 1 0.073863636363636367 1 0.079545454545454544 1 0.085227272727272735 1 0.090909090909090912 1 0.096590909090909088 1 0.10227272727272728 1 0.10795454545454546 1 0.11363636363636365 1 0.11931818181818182 1 0.125 1 0.13068181818181818 1 0.13636363636363635 1 0.14204545454545456 1 0.14772727272727273 1 0.15340909090909091 1 0.15909090909090909 1 0.16477272727272727 1 0.17045454545454547 1 0.17613636363636365 1 0.18181818181818182 1 0.1875 1 0.19318181818181818 1 0.19886363636363638 1 0.20454545454545456 1 0.21022727272727273 1 0.21590909090909091 1 0.22159090909090909 1 0.22727272727272729 1 0.23295454545454547 1 0.23863636363636365 1 0.24431818181818182 1 0.25 1 0.25568181818181818 1 0.26136363636363635 1 0.26704545454545453 1 0.27272727272727271 1 0.27840909090909094 1 0.28409090909090912 1 0.28977272727272729 1 0.29545454545454547 1 0.30113636363636365 1 0.30681818181818182 1 0.3125 1 0.31818181818181818 1 0.32386363636363635 1 0.32954545454545453 1 0.33522727272727276 1 0.34090909090909094 1 0.34659090909090912 1 0.35227272727272729 1 0.35795454545454547 1 0.36363636363636365 1 0.36931818181818182 1 0.375 1 0.38068181818181818 1 0.38636363636363635 1 0.39204545454545453 1 0.39772727272727276 1 0.40340909090909094 1 0.40909090909090912 1 0.41477272727272729 1 0.42045454545454547 1 0.42613636363636365 1 0.43181818181818182 1 0.4375 1 0.44318181818181818 1 0.44886363636363635 1 0.45454545454545459 1 0.46022727272727276 1 0.46590909090909094 1 0.47159090909090912 1 0.47727272727272729 1 0.48295454545454547 1 0.48863636363636365 1 0.49431818181818182 1 0.5 1 0.50568181818181823 1 0.51136363636363635 1 0.51704545454545459 1 0.52272727272727271 1 0.52840909090909094 1 0.53409090909090906 1 0.53977272727272729 1 0.54545454545454541 1 0.55113636363636365 1 0.55681818181818188 1 0.5625 1 0.56818181818181823 1 0.57386363636363635 1 0.57954545454545459 1 0.58522727272727271 1 0.59090909090909094 1 0.59659090909090906 1 0.60227272727272729 1 0.60795454545454553 1 0.61363636363636365 1 0.61931818181818188 1 0.625 1 0.63068181818181823 1 0.63636363636363635 1 0.64204545454545459 1 0.64772727272727271 1 0.65340909090909094 1 0.65909090909090906 1 0.66477272727272729 1 0.67045454545454553 1 0.67613636363636365 1 0.68181818181818188 1 0.6875 1 0.69318181818181823 1 0.69886363636363635 1 0.70454545454545459 1 0.71022727272727271 1 0.71590909090909094 1 0.72159090909090906 1 0.72727272727272729 1 0.73295454545454553 1 0.73863636363636365 1 0.74431818181818188 1 0.75 1 0.75568181818181823 1 0.76136363636363635 1 0.76704545454545459 1 0.77272727272727271 1 0.77840909090909094 1 0.78409090909090906 1 0.78977272727272729 1 0.79545454545454553 1 0.80113636363636365 1 0.80681818181818188 1 0.8125 1 0.81818181818181823 1 0.82386363636363635 1 0.82954545454545459 1 0.83522727272727271 1 0.84090909090909094 1 0.84659090909090906 1 0.85227272727272729 1 0.85795454545454553 1 0.86363636363636365 1 0.86931818181818188 1 0.875 1 0.88068181818181823 1 0.88636363636363635 1 0.89204545454545459 1 0.89772727272727271 1 0.90340909090909094 1 0.90909090909090917 1 0.91477272727272729 1 0.92045454545454553 1 0.92613636363636365 1 0.93181818181818188 1 0.9375 1 0.94318181818181823 1 0.94886363636363635 1 0.95454545454545459 1 0.96022727272727271 1 0.96590909090909094 1 0.97159090909090917 1 0.97727272727272729 1 0.98295454545454553 1 0.98863636363636365 1 0.99431818181818188 1 1 4
1 6.2831853071795862 1.6000000000000005 -1 0 
7 0 0  3 179 177  2.0943951019951368 1.5707963261054185  2.0953735613477309 1.5741858070693451  2.0973397345489748 1.5809566235505632  2.1003170115979293 1.5910889036504976  2.1033225593680398 1.6011977369253576  2.1063566323303653 1.6112835998961461  2.1094194855299255 1.6213469551078201  2.1125113739183043 1.6313882467556449  2.1156325559731766 1.6414079144441038  2.1187832856162077 1.6514063684453359  2.1219638145669313 1.661383997687959  2.1251743952340174 1.671341179026943  2.1284152791379469 1.6812782743745003  2.131686717899806 1.6911956344699894  2.1349889604967394 1.7010935898446171  2.1383222653786138 1.7109724890142846  2.1416869057782555 1.7208327132364047  2.1450831523745788 1.730674622633132  2.1485112760315173 1.7404985658792498  2.1519715467777001 1.7503048799760423  2.1554642349511903 1.7600938917071225  2.1589896103466653 1.7698659156973329  2.162547940925609 1.7796212537062095  2.1661394938425738 1.7893601964842005  2.1697645352119181 1.799083023275954  2.1734233304244248 1.8087900047955601  2.177116141157716 1.8184813955597512  2.1808432363732817 1.8281574624309358  2.1846048464807786 1.8378183661670735  2.1884011318963363 1.8474640903532833  2.1922322595474224 1.8570946406554507  2.1960983874135276 1.8667100074614815  2.199999671591184 1.8763101784314853  2.2039362620033423 1.8858951345957835  2.207908298863007 1.8954648447476419  2.2119159291769641 1.9050192984237222  2.2159593052189566 1.9145585010894024  2.2200385698342728 1.9240824460478867  2.2241538585207969 1.9335911204253919  2.2283053057809776 1.9430845124399863  2.2324930395839719 1.9525626041416819  2.2367171813531233 1.9620253710014883  2.2409778405018308 1.9714727758482828  2.2452751451543409 1.980904825651818  2.249609222548361 1.9903215329547312  2.2539801912474662 1.9997229025041183  2.2583881568987909 2.009108924632053  2.2628332403571845 2.0184796275468542  2.2673155750540119 2.0278350695831473  2.2718352821738144 2.0371752937232324  2.2763924753180151 2.0465003388184728  2.2809872619063665 2.0558102349922707  2.2856197415556694 2.0651050036958063  2.2902900064380081 2.0743846639224577  2.2949981315371053 2.083649214955174  2.2997442231486098 2.0928987230705474  2.3045284062753364 2.1021332945041276  2.309350791697117 2.1113530174493178  2.3142114833980378 2.1205579762345752  2.3191105762292783 2.1297482478316447  2.3240481558832835 2.1389239034108529  2.3290242993762122 2.1480850073764985  2.334039079455644 2.1572316121260542  2.3390925584922702 2.1663637640614963  2.3441847889801068 2.1754815037050466  2.349315812163812 2.1845848647180608  2.3544856609708344 2.1936738795970729  2.3596943475798584 2.2027485597621821  2.364941912411695 2.2118089785466446  2.3702284649396308 2.2208553325659839  2.3755540933412673 2.2298877885586155  2.3809188806089154 2.2389065129918224  2.3863229026527404 2.247911661233438  2.3917662280658534 2.2569033808309373  2.3972489160139445 2.2658818128176605  2.4027710164007803 2.274847091661051  2.4083325694539064 2.2837993455423913  2.4139336054637082 2.2927386965506833  2.4195741444793062 2.3016652609014496  2.4252541960160179 2.3105791491522192  2.4309737587543805 2.3194804664147202  2.4367328202579901 2.3283693125895089  2.4425313566237081 2.3372457825176993  2.4483693323851132 2.3461099664431471  2.4542466994746945 2.3549619493142799  2.4601633997047672 2.3638018144134123  2.4661193541243414 2.3726296308302159  2.4721145287514155 2.3814455351088775  2.4781488987503786 2.390249677546731  2.4842224240621764 2.3990421969377311  2.490335054714913 2.4078232280769698  2.496486729076195 2.4165928999763797  2.5026773739995534 2.4253513365695825  2.508906904466532 2.4340986567499314  2.5151752233676552 2.4428349745868716  2.5214822212505399 2.4515603994936694  2.5278277760817192 2.4602750364070416  2.534211753010378 2.4689789859618552  2.5406340041377415 2.4776723446650593  2.5470943682917389 2.4863552050673916  2.5535926708079741 2.4950276559321987  2.5601287233163292 2.5036897824035247  2.5667023235379602 2.5123416661633868  2.573313255077847 2.52098338561464  2.5799612872703763 2.529615015951296  2.5866461748666221 2.5382366296312489  2.5933677451640786 2.5468483826767261  2.6001258134743934 2.5554504261943212  2.6069201834797027 2.564042906129655  2.6137506440730278 2.5726259665947642  2.620616969616425 2.5811997496894099  2.6275189222313386 2.5897643930262317  2.6344562510968763 2.5983200304603313  2.6414286924825636 2.606866792066739  2.6484359695504134 2.6154048042683504  2.6554777923962596 2.6239341901028688  2.6625538574184344 2.6324550687704975  2.6696638491940248 2.6409675579055745  2.6768074330563034 2.6494717656561213  2.6839842873028137 2.6579678261301671  2.6911941080967878 2.6664559030139912  2.6984365731242606 2.6749361495539814  2.7057113493550093 2.6834087173237742  2.7130180909296984 2.6918737540580984  2.7203564395365918 2.7003314042137099  2.727726024762092 2.7087818095458354  2.7351264621167375 2.7172251068849014  2.7425573606678428 2.7256614373445571  2.7500183462853354 2.7340909728783647  2.7575090298084497 2.7425138783428746  2.7650290112271665 2.7509303166084615  2.7725778785059627 2.7593404473157146  2.780155208291772 2.7677444273371603  2.7877605654437176 2.77614241096708  2.7953935032368253 2.7845345499101914  2.803053563097698 2.7929209930623067  2.8107402759703577 2.80130188788507  2.8184531650765257 2.8096773830130353  2.8261917419577083 2.8180476243629062  2.8339555067568423 2.8264127553924525  2.8417439497949433 2.8347729187136768  2.8495565614987632 2.8431282659126502  2.8573928207992951 2.8514789455715324  2.8652521963414515 2.8598251045107053  2.8731341464108535 2.8681668875411277  2.8810381204975428 2.8765044385710552  2.8889635565989336 2.8848378981964005  2.8969098879248043 2.8931674108393297  2.9048765170261341 2.9014930964246832  2.9128627931320383 2.9098150266711782  2.9208680627726817 2.9181332801868631  2.9288916605045974 2.9264479325928545  2.9369329129140631 2.9347590580472169  2.9449911381357317 2.9430667286409391  2.9530656453332682 2.951371015713979  2.9611557349401485 2.9596719896507517  2.9692607006698624 2.9679697195673262  2.9773798289043563 2.9762642735219482  2.9855123984473058 2.9845557187396765  2.9936576808711863 2.9928441214501058  3.0018149414337785 3.0011295460535474  3.0099834395738263 3.0094120566281042  3.0181624281539645 3.0176917157895082  3.0263511565128343 3.0259685873588453  3.0345488825314972 3.0342427478806164  3.0427548582046491 3.0425142717946181  3.0509683316801386 3.0507832329771003  3.0591885470612215 3.0590497046245728  3.0674147448756153 3.0673137596402964  3.075646162548253 3.0755754699326339  3.0838820356091716 3.0838349070359978  3.0921215941329643 3.0920921396887651  3.1003640640654195 3.1003472343821992  3.1086086706471607 3.1086002572623821  3.1168546382055031 3.1168512733654663  3.1251011904101311 3.1251003492694309  3.1333475508131285 3.1333475515534119  3.1388444796445301 3.1388444800926418  3.1415926535897931 3.1415926535897931 
 0 4 0.005681818181818182 1 0.011363636363636364 1 0.017045454545454544 1 0.022727272727272728 1 0.028409090909090912 1 0.034090909090909088 1 0.039772727272727272 1 0.045454545454545456 1 0.05113636363636364 1 0.056818181818181823 1 0.0625 1 0.068181818181818177 1 0.073863636363636367 1 0.079545454545454544 1 0.085227272727272735 1 0.090909090909090912 1 0.096590909090909088 1 0.10227272727272728 1 0.10795454545454546 1 0.11363636363636365 1 0.11931818181818182 1 0.125 1 0.13068181818181818 1 0.13636363636363635 1 0.14204545454545456 1 0.14772727272727273 1 0.15340909090909091 1 0.15909090909090909 1 0.16477272727272727 1 0.17045454545454547 1 0.17613636363636365 1 0.18181818181818182 1 0.1875 1 0.19318181818181818 1 0.19886363636363638 1 0.20454545454545456 1 0.21022727272727273 1 0.21590909090909091 1 0.22159090909090909 1 0.22727272727272729 1 0.23295454545454547 1 0.23863636363636365 1 0.24431818181818182 1 0.25 1 0.25568181818181818 1 0.26136363636363635 1 0.26704545454545453 1 0.27272727272727271 1 0.27840909090909094 1 0.28409090909090912 1 0.28977272727272729 1 0.29545454545454547 1 0.30113636363636365 1 0.30681818181818182 1 0.3125 1 0.31818181818181818 1 0.32386363636363635 1 0.32954545454545453 1 0.33522727272727276 1 0.34090909090909094 1 0.34659090909090912 1 0.35227272727272729 1 0.35795454545454547 1 0.36363636363636365 1 0.36931818181818182 1 0.375 1 0.38068181818181818 1 0.38636363636363635 1 0.39204545454545453 1 0.39772727272727276 1 0.40340909090909094 1 0.40909090909090912 1 0.41477272727272729 1 0.42045454545454547 1 0.42613636363636365 1 0.43181818181818182 1 0.4375 1 0.44318181818181818 1 0.44886363636363635 1 0.45454545454545459 1 0.46022727272727276 1 0.46590909090909094 1 0.47159090909090912 1 0.47727272727272729 1 0.48295454545454547 1 0.48863636363636365 1 0.49431818181818182 1 0.5 1 0.50568181818181823 1 0.51136363636363635 1 0.51704545454545459 1 0.52272727272727271 1 0.52840909090909094 1 0.53409090909090906 1 0.53977272727272729 1 0.54545454545454541 1 0.55113636363636365 1 0.55681818181818188 1 0.5625 1 0.56818181818181823 1 0.57386363636363635 1 0.57954545454545459 1 0.58522727272727271 1 0.59090909090909094 1 0.59659090909090906 1 0.60227272727272729 1 0.60795454545454553 1 0.61363636363636365 1 0.61931818181818188 1 0.625 1 0.63068181818181823 1 0.63636363636363635 1 0.64204545454545459 1 0.64772727272727271 1 0.65340909090909094 1 0.65909090909090906 1 0.66477272727272729 1 0.67045454545454553 1 0.67613636363636365 1 0.68181818181818188 1 0.6875 1 0.69318181818181823 1 0.69886363636363635 1 0.70454545454545459 1 0.71022727272727271 1 0.71590909090909094 1 0.72159090909090906 1 0.72727272727272729 1 0.73295454545454553 1 0.73863636363636365 1 0.74431818181818188 1 0.75 1 0.75568181818181823 1 0.76136363636363635 1 0.76704545454545459 1 0.77272727272727271 1 0.77840909090909094 1 0.78409090909090906 1 0.78977272727272729 1 0.79545454545454553 1 0.80113636363636365 1 0.80681818181818188 1 0.8125 1 0.81818181818181823 1 0.82386363636363635 1 0.82954545454545459 1 0.83522727272727271 1 0.84090909090909094 1 0.84659090909090906 1 0.85227272727272729 1 0.85795454545454553 1 0.86363636363636365 1 0.86931818181818188 1 0.875 1 0.88068181818181823 1 0.88636363636363635 1 0.89204545454545459 1 0.89772727272727271 1 0.90340909090909094 1 0.90909090909090917 1 0.91477272727272729 1 0.92045454545454553 1 0.92613636363636365 1 0.93181818181818188 1 0.9375 1 0.94318181818181823 1 0.94886363636363635 1 0.95454545454545459 1 0.96022727272727271 1 0.96590909090909094 1 0.97159090909090917 1 0.97727272727272729 1 0.98295454545454553 1 0.98863636363636365 1 0.99431818181818188 1 1 4
1 0 -4.5 0 -1 
1 9.4247779607693793 0.17677669529663664 -1 0 
1 0 1 1 0 
7 0 0  3 179 177  2.0943951019951372 1.5707963261054187  2.0953735613477309 1.5741858070693453  2.0973397345489748 1.580956623550563  2.1003170115979306 1.5910889036504963  2.103322559368038 1.6011977369253576  2.1063566323303657 1.6112835998961452  2.1094194855299246 1.6213469551078183  2.1125113739183048 1.6313882467556431  2.1156325559731752 1.6414079144441007  2.118783285616209 1.6514063684453337  2.1219638145669313 1.6613839976879565  2.1251743952340156 1.6713411790269381  2.128415279137946 1.6812782743744963  2.1316867178998056 1.6911956344699863  2.1349889604967394 1.7010935898446129  2.1383222653786125 1.7109724890142803  2.141686905778255 1.7208327132364019  2.1450831523745819 1.7306746226331373  2.1485112760315213 1.7404985658792596  2.151971546777705 1.7503048799760546  2.1554642349511965 1.7600938917071369  2.1589896103466679 1.7698659156973402  2.1625479409256116 1.7796212537062157  2.1661394938425738 1.7893601964841981  2.1697645352119186 1.7990830232759569  2.1734233304244248 1.8087900047955598  2.1771161411577142 1.818481395559751  2.180843236373283 1.8281574624309365  2.1846048464807777 1.8378183661670708  2.1884011318963368 1.8474640903532831  2.1922322595474228 1.8570946406554494  2.1960983874135254 1.8667100074614762  2.1999996715911805 1.8763101784314768  2.2039362620033374 1.8858951345957713  2.2079082988630039 1.8954648447476312  2.2119159291769592 1.9050192984237129  2.2159593052189557 1.9145585010893991  2.2200385698342724 1.9240824460478845  2.2241538585207974 1.9335911204253933  2.2283053057809785 1.943084512439984  2.2324930395839719 1.9525626041416806  2.2367171813531241 1.9620253710014894  2.2409778405018304 1.9714727758482795  2.2452751451543409 1.9809048256518154  2.2496092225483602 1.9903215329547306  2.2539801912474653 1.999722902504117  2.25838815689879 2.0091089246320499  2.2628332403571836 2.0184796275468484  2.267315575054011 2.027835069583146  2.2718352821738139 2.0371752937232315  2.2763924753180143 2.0465003388184688  2.2809872619063665 2.0558102349922738  2.285619741555668 2.0651050036958081  2.2902900064380067 2.0743846639224577  2.2949981315371053 2.0836492149551833  2.2997442231486085 2.0928987230705496  2.3045284062753368 2.1021332945041351  2.3093507916971161 2.11135301744932  2.3142114833980387 2.1205579762345783  2.3191105762292796 2.1297482478316483  2.3240481558832826 2.1389239034108556  2.3290242993762122 2.1480850073764954  2.3340390794556436 2.1572316121260529  2.3390925584922697 2.1663637640614981  2.3441847889801073 2.1754815037050443  2.3493158121638125 2.1845848647180612  2.3544856609708344 2.1936738795970694  2.3596943475798584 2.2027485597621794  2.364941912411695 2.2118089785466459  2.3702284649396304 2.2208553325659794  2.3755540933412682 2.2298877885586181  2.3809188806089163 2.2389065129918233  2.3863229026527417 2.2479116612334371  2.3917662280658547 2.2569033808309347  2.3972489160139454 2.2658818128176614  2.4027710164007789 2.2748470916610453  2.4083325694539086 2.2837993455423855  2.4139336054637082 2.2927386965506793  2.4195741444793071 2.3016652609014439  2.425254196016017 2.3105791491522103  2.4309737587543805 2.3194804664147131  2.4367328202579923 2.3283693125895044  2.4425313566237068 2.3372457825176958  2.4483693323851132 2.3461099664431417  2.4542466994746945 2.3549619493142804  2.4601633997047672 2.3638018144134132  2.4661193541243422 2.3726296308302253  2.4721145287514168 2.3814455351088859  2.4781488987503795 2.3902496775467443  2.4842224240621791 2.3990421969377445  2.4903350547149121 2.4078232280769898  2.4964867290761958 2.4165928999763939  2.5026773739995551 2.4253513365695984  2.508906904466532 2.434098656749951  2.515175223367657 2.4428349745868863  2.5214822212505408 2.4515603994936881  2.5278277760817209 2.4602750364070549  2.5342117530103812 2.468978985961868  2.5406340041377433 2.4776723446650726  2.5470943682917424 2.4863552050674045  2.5535926708079741 2.4950276559322022  2.5601287233163337 2.5036897824035353  2.5667023235379647 2.5123416661633944  2.5733132550778497 2.5209833856146413  2.5799612872703803 2.5296150159512996  2.5866461748666292 2.5382366296312573  2.5933677451640835 2.546848382676727  2.600125813474401 2.5554504261943261  2.6069201834797089 2.5640429061296577  2.613750644073034 2.5726259665947735  2.6206169696164308 2.581199749689417  2.6275189222313431 2.5897643930262424  2.6344562510968808 2.5983200304603362  2.6414286924825694 2.6068667920667532  2.648435969550416 2.6154048042683598  2.6554777923962627 2.6239341901028848  2.6625538574184331 2.6324550687705082  2.6696638491940266 2.6409675579055816  2.6768074330563025 2.6494717656561315  2.6839842873028128 2.6579678261301747  2.6911941080967892 2.6664559030139987  2.6984365731242583 2.6749361495539881  2.7057113493550098 2.6834087173237742  2.7130180909296957 2.6918737540581006  2.7203564395365909 2.7003314042137156  2.7277260247620907 2.708781809545834  2.7351264621167379 2.7172251068849  2.7425573606678419 2.7256614373445576  2.7500183462853327 2.7340909728783629  2.7575090298084497 2.7425138783428795  2.765029011227166 2.750930316608462  2.7725778785059614 2.759340447315727  2.7801552082917738 2.7677444273371781  2.7877605654437221 2.7761424109670862  2.7953935032368342 2.7845345499101999  2.8030535630977069 2.7929209930623093  2.8107402759703679 2.8013018878850766  2.8184531650765323 2.8096773830130291  2.8261917419577096 2.8180476243629138  2.8339555067568472 2.8264127553924481  2.841743949794945 2.8347729187136839  2.8495565614987619 2.8431282659126573  2.8573928207992978 2.8514789455715484  2.865252196341451 2.8598251045107181  2.8731341464108549 2.8681668875411437  2.8810381204975433 2.8765044385710588  2.8889635565989358 2.8848378981964102  2.8969098879248056 2.8931674108393342  2.9048765170261373 2.9014930964246881  2.9128627931320388 2.9098150266711773  2.9208680627726835 2.9181332801868618  2.928891660504596 2.9264479325928594  2.9369329129140596 2.9347590580472196  2.9449911381357241 2.9430667286409466  2.9530656453332642 2.9513710157139843  2.9611557349401521 2.9596719896507553  2.9692607006698699 2.9679697195673285  2.9773798289043718 2.9762642735219482  2.985512398447312 2.9845557187396774  2.9936576808711779 2.992844121450112  3.0018149414337758 3.0011295460535417  3.0099834395738303 3.009412056628098  3.0181624281539756 3.0176917157895069  3.0263511565128494 3.02596858735884  3.0345488825315088 3.0342427478806195  3.042754858204658 3.0425142717946274  3.0509683316801457 3.0507832329771127  3.0591885470612223 3.0590497046245857  3.0674147448756202 3.0673137596403062  3.0756461625482534 3.0755754699326343  3.0838820356091756 3.0838349070359992  3.0921215941329647 3.09209213968875  3.1003640640654231 3.1003472343821938  3.1086086706471621 3.1086002572623737  3.1168546382055076 3.1168512733654752  3.1251011904101338 3.1251003492694442  3.1333475508131308 3.1333475515534222  3.1388444796445323 3.1388444800926454  3.141592653589794 3.1415926535897931 
 0 4 0.005681818181818182 1 0.011363636363636364 1 0.017045454545454544 1 0.022727272727272728 1 0.028409090909090912 1 0.034090909090909088 1 0.039772727272727272 1 0.045454545454545456 1 0.05113636363636364 1 0.056818181818181823 1 0.0625 1 0.068181818181818177 1 0.073863636363636367 1 0.079545454545454544 1 0.085227272727272735 1 0.090909090909090912 1 0.096590909090909088 1 0.10227272727272728 1 0.10795454545454546 1 0.11363636363636365 1 0.11931818181818182 1 0.125 1 0.13068181818181818 1 0.13636363636363635 1 0.14204545454545456 1 0.14772727272727273 1 0.15340909090909091 1 0.15909090909090909 1 0.16477272727272727 1 0.17045454545454547 1 0.17613636363636365 1 0.18181818181818182 1 0.1875 1 0.19318181818181818 1 0.19886363636363638 1 0.20454545454545456 1 0.21022727272727273 1 0.21590909090909091 1 0.22159090909090909 1 0.22727272727272729 1 0.23295454545454547 1 0.23863636363636365 1 0.24431818181818182 1 0.25 1 0.25568181818181818 1 0.26136363636363635 1 0.26704545454545453 1 0.27272727272727271 1 0.27840909090909094 1 0.28409090909090912 1 0.28977272727272729 1 0.29545454545454547 1 0.30113636363636365 1 0.30681818181818182 1 0.3125 1 0.31818181818181818 1 0.32386363636363635 1 0.32954545454545453 1 0.33522727272727276 1 0.34090909090909094 1 0.34659090909090912 1 0.35227272727272729 1 0.35795454545454547 1 0.36363636363636365 1 0.36931818181818182 1 0.375 1 0.38068181818181818 1 0.38636363636363635 1 0.39204545454545453 1 0.39772727272727276 1 0.40340909090909094 1 0.40909090909090912 1 0.41477272727272729 1 0.42045454545454547 1 0.42613636363636365 1 0.43181818181818182 1 0.4375 1 0.44318181818181818 1 0.44886363636363635 1 0.45454545454545459 1 0.46022727272727276 1 0.46590909090909094 1 0.47159090909090912 1 0.47727272727272729 1 0.48295454545454547 1 0.48863636363636365 1 0.49431818181818182 1 0.5 1 0.50568181818181823 1 0.51136363636363635 1 0.51704545454545459 1 0.52272727272727271 1 0.52840909090909094 1 0.53409090909090906 1 0.53977272727272729 1 0.54545454545454541 1 0.55113636363636365 1 0.55681818181818188 1 0.5625 1 0.56818181818181823 1 0.57386363636363635 1 0.57954545454545459 1 0.58522727272727271 1 0.59090909090909094 1 0.59659090909090906 1 0.60227272727272729 1 0.60795454545454553 1 0.61363636363636365 1 0.61931818181818188 1 0.625 1 0.63068181818181823 1 0.63636363636363635 1 0.64204545454545459 1 0.64772727272727271 1 0.65340909090909094 1 0.65909090909090906 1 0.66477272727272729 1 0.67045454545454553 1 0.67613636363636365 1 0.68181818181818188 1 0.6875 1 0.69318181818181823 1 0.69886363636363635 1 0.70454545454545459 1 0.71022727272727271 1 0.71590909090909094 1 0.72159090909090906 1 0.72727272727272729 1 0.73295454545454553 1 0.73863636363636365 1 0.74431818181818188 1 0.75 1 0.75568181818181823 1 0.76136363636363635 1 0.76704545454545459 1 0.77272727272727271 1 0.77840909090909094 1 0.78409090909090906 1 0.78977272727272729 1 0.79545454545454553 1 0.80113636363636365 1 0.80681818181818188 1 0.8125 1 0.81818181818181823 1 0.82386363636363635 1 0.82954545454545459 1 0.83522727272727271 1 0.84090909090909094 1 0.84659090909090906 1 0.85227272727272729 1 0.85795454545454553 1 0.86363636363636365 1 0.86931818181818188 1 0.875 1 0.88068181818181823 1 0.88636363636363635 1 0.89204545454545459 1 0.89772727272727271 1 0.90340909090909094 1 0.90909090909090917 1 0.91477272727272729 1 0.92045454545454553 1 0.92613636363636365 1 0.93181818181818188 1 0.9375 1 0.94318181818181823 1 0.94886363636363635 1 0.95454545454545459 1 0.96022727272727271 1 0.96590909090909094 1 0.97159090909090917 1 0.97727272727272729 1 0.98295454545454553 1 0.98863636363636365 1 0.99431818181818188 1 1 4
1 0 -4.5 0 -1 
7 0 0  3 179 177  2.6179938783895547 1.5707963261054203  2.617015419036961 1.5741858070693473  2.6150492458357171 1.5809566235505652  2.6120719687867604 1.591088903650498  2.609066421016653 1.6011977369253594  2.6060323480543262 1.6112835998961483  2.6029694948547673 1.6213469551078203  2.5998776064663875 1.6313882467556462  2.5967564244115167 1.6414079144441021  2.5936056947684825 1.6514063684453366  2.5904251658177619 1.6613839976879603  2.5872145851506745 1.6713411790269412  2.5839737012467463 1.6812782743744998  2.5807022624848841 1.6911956344699905  2.5774000198879539 1.7010935898446105  2.5740667150060776 1.7109724890142786  2.5707020746064382 1.7208327132363954  2.5673058280101118 1.7306746226331224  2.5638777043531764 1.7404985658792427  2.5604174336069918 1.7503048799760352  2.556924745433502 1.7600938917071154  2.5533993700380306 1.7698659156973153  2.5498410394590865 1.7796212537061957  2.5462494865421226 1.7893601964841805  2.5426244451727764 1.7990830232759369  2.5389656499602715 1.8087900047955399  2.5352728392269768 1.8184813955597339  2.5315457440114097 1.8281574624309145  2.5277841339039124 1.837818366167054  2.5239878484883538 1.847464090353264  2.5201567208372699 1.8570946406554318  2.5162905929711665 1.8667100074614591  2.512389308793511 1.8763101784314629  2.5084527183813545 1.8858951345957538  2.5044806815216885 1.8954648447476143  2.5004730512077322 1.905019298423696  2.4964296751657367 1.914558501089388  2.4923504105504199 1.9240824460478803  2.4882351218638941 1.9335911204253933  2.4840836746037134 1.9430845124399976  2.4798959408007208 1.9525626041416888  2.4756717990315682 1.9620253710014945  2.4714111398828615 1.9714727758482795  2.467113835230351 1.980904825651816  2.4627797578363309 1.9903215329547272  2.4584087891372262 1.9997229025041228  2.4540008234859014 2.009108924632061  2.4495557400275074 2.0184796275468613  2.4450734053306817 2.0278350695831633  2.4405536982108784 2.0371752937232541  2.4359965050666812 2.0465003388184826  2.431401718478329 2.055810234992288  2.4267692388290265 2.0651050036958094  2.4220989739466892 2.0743846639224626  2.4173908488475924 2.0836492149551726  2.4126447572360878 2.0928987230705469  2.4078605741093595 2.1021332945041258  2.4030381886875785 2.1113530174493143  2.3981774969866572 2.1205579762345756  2.393278404155414 2.1297482478316461  2.3883408245014119 2.1389239034108467  2.3833646810084814 2.1480850073764892  2.3783499009290479 2.1572316121260413  2.3732964218924217 2.1663637640614777  2.368204191404585 2.1754815037050181  2.3630731682208808 2.1845848647180302  2.357903319413857 2.1936738795970374  2.3526946328048335 2.2027485597621483  2.3474470679729986 2.2118089785466126  2.3421605154450615 2.2208553325659532  2.3368348870434268 2.229887788558591  2.3314700997757773 2.2389065129918087  2.3260660777319537 2.2479116612334265  2.3206227523188394 2.256903380830936  2.3151400643707487 2.2658818128176672  2.3096179639839138 2.2748470916610608  2.3040564109307859 2.2837993455424157  2.2984553749209851 2.2927386965507162  2.2928148359053857 2.3016652609014825  2.2871347843686771 2.3105791491522618  2.2814152216303141 2.3194804664147601  2.2756561601267009 2.3283693125895555  2.2698576237609864 2.3372457825177428  2.264019647999576 2.346109966443191  2.2581422809099969 2.354961949314319  2.2522255806799225 2.3638018144134421  2.2462696262603492 2.3726296308302302  2.2402744516332702 2.3814455351088855  2.2342400816343102 2.3902496775467328  2.2281665563225084 2.3990421969377174  2.222053925669774 2.40782322807696  2.2159022513084938 2.4165928999763615  2.2097116063851332 2.4253513365695603  2.2034820759181555 2.4340986567499154  2.1972137570170314 2.442834974586845  2.1909067591341493 2.451560399493649  2.1845612043029692 2.4602750364070243  2.1781772273743121 2.4689789859618458  2.1717549762469499 2.4776723446650419  2.1652946120929517 2.4863552050673938  2.1587963095767209 2.4950276559321951  2.1522602570683635 2.5036897824035313  2.1456866568467361 2.5123416661634068  2.1390757253068484 2.5209833856146471  2.1324276931143236 2.5296150159513191  2.1257428055180716 2.5382366296312773  2.1190212352206186 2.5468483826767621  2.1122631669103025 2.5554504261943554  2.1054687969049959 2.5640429061296937  2.0986383363116721 2.5726259665948064  2.0917720107682731 2.5811997496894468  2.0848700581533648 2.5897643930262682  2.0779327292878245 2.598320030460358  2.070960287902138 2.6068667920667572  2.0639530108342896 2.6154048042683669  2.0569111879884447 2.6239341901028777  2.0498351229662708 2.6324550687704842  2.0427251311906791 2.6409675579055594  2.0355815473284018 2.6494717656561098  2.0284046930818889 2.6579678261301307  2.0211948722879156 2.6664559030139636  2.0139524072604416 2.6749361495539481  2.006677631029691 2.6834087173237338  1.9993708894550024 2.6918737540580646  1.9920325408481112 2.7003314042136828  1.9846629556226087 2.708781809545814  1.9772625182679653 2.7172251068848934  1.969831619716863 2.7256614373445722  1.9623706340993754 2.7340909728783966  1.9548799505762597 2.7425138783429128  1.9473599691575447 2.7509303166084975  1.9398111018787418 2.7593404473157168  1.9322337720929261 2.7677444273371474  1.9246284149409829 2.7761424109670569  1.9169954771478728 2.7845345499101621  1.909335417287003 2.7929209930622827  1.9016487044143418 2.8013018878850402  1.8939358153081787 2.8096773830130033  1.8861972384269969 2.8180476243628738  1.8784334736278665 2.8264127553924276  1.8706450305897644 2.8347729187136701  1.8628324188859446 2.8431282659126453  1.8549961595854119 2.851478945571551  1.8471367840432524 2.8598251045107337  1.8392548339738459 2.868166887541149  1.8313508598871553 2.8765044385710818  1.8234254237857626 2.8848378981964231  1.8154790924598847 2.8931674108393457  1.8075124633585622 2.9014930964246934  1.7995261872526591 2.9098150266711964  1.7915209176120215 2.9181332801868836  1.7834973198801078 2.9264479325928594  1.7754560674706441 2.9347590580472205  1.7673978422489747 2.9430667286409209  1.7593233350514328 2.9513710157139648  1.7512332454445529 2.9596719896507255  1.7431282797148351 2.9679697195673089  1.7350091514803374 2.9762642735219127  1.7268765819373928 2.9845557187396259  1.718731299513522 2.9928441214500605  1.710574038950925 3.0011295460535035  1.7024055408108745 3.0094120566280917  1.6942265522307365 3.0176917157895162  1.6860378238718619 3.0259685873588476  1.6778400978532084 3.0342427478806  1.6696341221800552 3.0425142717945857  1.6614206487045711 3.0507832329770745  1.6532004333234898 3.0590497046245702  1.6449742355090986 3.0673137596403426  1.6367428178364589 3.0755754699326969  1.6285069447755318 3.0838349070360849  1.6202673862517414 3.0920921396888401  1.6120249163192877 3.1003472343822818  1.6037803097375611 3.1086002572624669  1.5955343421792421 3.1168512733655445  1.5872877899746427 3.1251003492695335  1.5790414295716335 3.133347551553523  1.573544500740192 3.1388444800926973  1.5707963267948983 3.1415926535897931 
 0 4 0.005681818181818182 1 0.011363636363636364 1 0.017045454545454544 1 0.022727272727272728 1 0.028409090909090912 1 0.034090909090909088 1 0.039772727272727272 1 0.045454545454545456 1 0.05113636363636364 1 0.056818181818181823 1 0.0625 1 0.068181818181818177 1 0.073863636363636367 1 0.079545454545454544 1 0.085227272727272735 1 0.090909090909090912 1 0.096590909090909088 1 0.10227272727272728 1 0.10795454545454546 1 0.11363636363636365 1 0.11931818181818182 1 0.125 1 0.13068181818181818 1 0.13636363636363635 1 0.14204545454545456 1 0.14772727272727273 1 0.15340909090909091 1 0.15909090909090909 1 0.16477272727272727 1 0.17045454545454547 1 0.17613636363636365 1 0.18181818181818182 1 0.1875 1 0.19318181818181818 1 0.19886363636363638 1 0.20454545454545456 1 0.21022727272727273 1 0.21590909090909091 1 0.22159090909090909 1 0.22727272727272729 1 0.23295454545454547 1 0.23863636363636365 1 0.24431818181818182 1 0.25 1 0.25568181818181818 1 0.26136363636363635 1 0.26704545454545453 1 0.27272727272727271 1 0.27840909090909094 1 0.28409090909090912 1 0.28977272727272729 1 0.29545454545454547 1 0.30113636363636365 1 0.30681818181818182 1 0.3125 1 0.31818181818181818 1 0.32386363636363635 1 0.32954545454545453 1 0.33522727272727276 1 0.34090909090909094 1 0.34659090909090912 1 0.35227272727272729 1 0.35795454545454547 1 0.36363636363636365 1 0.36931818181818182 1 0.375 1 0.38068181818181818 1 0.38636363636363635 1 0.39204545454545453 1 0.39772727272727276 1 0.40340909090909094 1 0.40909090909090912 1 0.41477272727272729 1 0.42045454545454547 1 0.42613636363636365 1 0.43181818181818182 1 0.4375 1 0.44318181818181818 1 0.44886363636363635 1 0.45454545454545459 1 0.46022727272727276 1 0.46590909090909094 1 0.47159090909090912 1 0.47727272727272729 1 0.48295454545454547 1 0.48863636363636365 1 0.49431818181818182 1 0.5 1 0.50568181818181823 1 0.51136363636363635 1 0.51704545454545459 1 0.52272727272727271 1 0.52840909090909094 1 0.53409090909090906 1 0.53977272727272729 1 0.54545454545454541 1 0.55113636363636365 1 0.55681818181818188 1 0.5625 1 0.56818181818181823 1 0.57386363636363635 1 0.57954545454545459 1 0.58522727272727271 1 0.59090909090909094 1 0.59659090909090906 1 0.60227272727272729 1 0.60795454545454553 1 0.61363636363636365 1 0.61931818181818188 1 0.625 1 0.63068181818181823 1 0.63636363636363635 1 0.64204545454545459 1 0.64772727272727271 1 0.65340909090909094 1 0.65909090909090906 1 0.66477272727272729 1 0.67045454545454553 1 0.67613636363636365 1 0.68181818181818188 1 0.6875 1 0.69318181818181823 1 0.69886363636363635 1 0.70454545454545459 1 0.71022727272727271 1 0.71590909090909094 1 0.72159090909090906 1 0.72727272727272729 1 0.73295454545454553 1 0.73863636363636365 1 0.74431818181818188 1 0.75 1 0.75568181818181823 1 0.76136363636363635 1 0.76704545454545459 1 0.77272727272727271 1 0.77840909090909094 1 0.78409090909090906 1 0.78977272727272729 1 0.79545454545454553 1 0.80113636363636365 1 0.80681818181818188 1 0.8125 1 0.81818181818181823 1 0.82386363636363635 1 0.82954545454545459 1 0.83522727272727271 1 0.84090909090909094 1 0.84659090909090906 1 0.85227272727272729 1 0.85795454545454553 1 0.86363636363636365 1 0.86931818181818188 1 0.875 1 0.88068181818181823 1 0.88636363636363635 1 0.89204545454545459 1 0.89772727272727271 1 0.90340909090909094 1 0.90909090909090917 1 0.91477272727272729 1 0.92045454545454553 1 0.92613636363636365 1 0.93181818181818188 1 0.9375 1 0.94318181818181823 1 0.94886363636363635 1 0.95454545454545459 1 0.96022727272727271 1 0.96590909090909094 1 0.97159090909090917 1 0.97727272727272729 1 0.98295454545454553 1 0.98863636363636365 1 0.99431818181818188 1 1 4
1 6.2831853071795862 0 -1 0 
7 0 0  3 179 177  2.0943951019951368 1.5707963261054207  2.0953735613477305 1.5741858070693473  2.0973397345489739 1.580956623550563  2.1003170115979271 1.5910889036504927  2.1033225593680371 1.6011977369253527  2.1063566323303662 1.6112835998961512  2.1094194855299282 1.621346955107835  2.1125113739183083 1.6313882467556584  2.1156325559731761 1.6414079144441078  2.1187832856162085 1.6514063684453384  2.1219638145669313 1.6613839976879614  2.1251743952340165 1.671341179026943  2.128415279137946 1.6812782743745043  2.131686717899806 1.6911956344699905  2.1349889604967394 1.7010935898446204  2.1383222653786134 1.7109724890142868  2.141686905778255 1.7208327132364061  2.1450831523745788 1.7306746226331353  2.1485112760315164 1.7404985658792513  2.1519715467777023 1.7503048799760517  2.155464234951193 1.760093891707134  2.1589896103466657 1.7698659156973389  2.1625479409256081 1.7796212537062086  2.1661394938425698 1.7893601964841912  2.1697645352119137 1.7990830232759463  2.1734233304244213 1.8087900047955552  2.1771161411577142 1.8184813955597501  2.1808432363732844 1.8281574624309422  2.1846048464807817 1.837818366167085  2.1884011318963399 1.8474640903532948  2.1922322595474233 1.8570946406554576  2.1960983874135263 1.8667100074614855  2.1999996715911823 1.8763101784314828  2.2039362620033405 1.88589513459578  2.2079082988630052 1.8954648447476361  2.2119159291769614 1.9050192984237153  2.2159593052189543 1.9145585010893984  2.2200385698342711 1.9240824460478867  2.2241538585207947 1.9335911204253866  2.2283053057809754 1.9430845124399858  2.2324930395839688 1.952562604141677  2.2367171813531224 1.9620253710014894  2.2409778405018286 1.9714727758482773  2.2452751451543378 1.980904825651816  2.2496092225483588 1.9903215329547277  2.2539801912474631 1.9997229025041159  2.2583881568987878 2.0091089246320468  2.2628332403571814 2.0184796275468453  2.2673155750540088 2.0278350695831384  2.2718352821738113 2.0371752937232239  2.276392475318012 2.0465003388184639  2.2809872619063638 2.0558102349922658  2.2856197415556658 2.0651050036958001  2.290290006438005 2.0743846639224564  2.2949981315371031 2.0836492149551789  2.2997442231486058 2.0928987230705483  2.3045284062753342 2.102133294504132  2.3093507916971134 2.1113530174493205  2.3142114833980365 2.1205579762345756  2.3191105762292765 2.1297482478316465  2.32404815588328 2.1389239034108529  2.3290242993762096 2.1480850073764959  2.3340390794556414 2.1572316121260511  2.3390925584922684 2.1663637640614946  2.3441847889801051 2.175481503705043  2.3493158121638094 2.1845848647180577  2.354485660970834 2.1936738795970703  2.3596943475798584 2.2027485597621794  2.3649419124116959 2.2118089785466437  2.3702284649396321 2.2208553325659812  2.3755540933412713 2.2298877885586155  2.3809188806089181 2.2389065129918215  2.3863229026527448 2.2479116612334393  2.3917662280658583 2.2569033808309369  2.397248916013949 2.2658818128176677  2.4027710164007829 2.2748470916610564  2.4083325694539113 2.2837993455423979  2.4139336054637113 2.2927386965506931  2.4195741444793097 2.3016652609014612  2.4252541960160192 2.3105791491522316  2.43097375875438 2.319480466414733  2.4367328202579923 2.3283693125895208  2.4425313566237077 2.3372457825177166  2.4483693323851115 2.3461099664431542  2.454246699474695 2.3549619493142928  2.4601633997047645 2.363801814413415  2.4661193541243387 2.3726296308302142  2.4721145287514141 2.3814455351088748  2.4781488987503768 2.3902496775467266  2.4842224240621773 2.39904219693772  2.4903350547149095 2.40782322807696  2.4964867290761941 2.4165928999763668  2.5026773739995511 2.4253513365695643  2.5089069044665306 2.4340986567499243  2.5151752233676552 2.4428349745868521  2.5214822212505377 2.4515603994936543  2.5278277760817169 2.4602750364070278  2.5342117530103798 2.4689789859618458  2.5406340041377398 2.4776723446650495  2.5470943682917406 2.4863552050673809  2.5535926708079706 2.495027655932188  2.560128723316331 2.503689782403522  2.5667023235379598 2.512341666163374  2.5733132550778461 2.520983385614632  2.5799612872703777 2.5296150159512831  2.5866461748666234 2.5382366296312444  2.5933677451640822 2.5468483826767168  2.6001258134743961 2.5554504261943105  2.6069201834797044 2.5640429061296466  2.6137506440730314 2.5726259665947553  2.6206169696164281 2.5811997496894032  2.6275189222313404 2.5897643930262313  2.6344562510968763 2.5983200304603256  2.6414286924825658 2.6068667920667372  2.6484359695504138 2.6154048042683562  2.6554777923962587 2.6239341901028723  2.6625538574184318 2.6324550687704993  2.6696638491940234 2.6409675579055807  2.6768074330563034 2.6494717656561293  2.6839842873028115 2.6579678261301689  2.6911941080967865 2.6664559030140045  2.6984365731242601 2.6749361495539827  2.7057113493550085 2.6834087173237773  2.7130180909296953 2.6918737540580979  2.7203564395365905 2.7003314042137112  2.7277260247620898 2.7087818095458349  2.7351264621167353 2.7172251068848978  2.7425573606678419 2.7256614373445616  2.7500183462853318 2.7340909728783624  2.757509029808447 2.7425138783428724  2.7650290112271634 2.7509303166084562  2.7725778785059618 2.7593404473157106  2.7801552082917715 2.7677444273371656  2.7877605654437203 2.7761424109670769  2.7953935032368293 2.7845345499102043  2.8030535630977025 2.7929209930623156  2.8107402759703599 2.8013018878850851  2.8184531650765203 2.8096773830130428  2.8261917419576963 2.8180476243629196  2.8339555067568281 2.8264127553924565  2.8417439497949291 2.8347729187136852  2.8495565614987526 2.8431282659126618  2.8573928207992867 2.851478945571543  2.8652521963414452 2.8598251045107217  2.873134146410854 2.8681668875411437  2.8810381204975402 2.8765044385710583  2.8889635565989322 2.8848378981964125  2.8969098879248052 2.8931674108393315  2.9048765170261346 2.9014930964246872  2.9128627931320374 2.9098150266711764  2.9208680627726809 2.9181332801868689  2.9288916605045956 2.9264479325928585  2.936932912914056 2.93475905804722  2.9449911381357219 2.9430667286409431  2.9530656453332642 2.9513710157139821  2.9611557349401494 2.95967198965075  2.9692607006698695 2.9679697195673325  2.9773798289043674 2.9762642735219522  2.9855123984473115 2.984555718739677  2.9936576808711739 2.9928441214501111  3.0018149414337691 3.001129546053547  3.0099834395738192 3.0094120566281108  3.0181624281539583 3.0176917157895122  3.0263511565128272 3.0259685873588436  3.034548882531487 3.03424274788062  3.0427548582046389 3.0425142717946159  3.050968331680127 3.0507832329771039  3.0591885470612081 3.0590497046245742  3.0674147448756104 3.0673137596402991  3.0756461625482463 3.0755754699326343  3.0838820356091743 3.0838349070359965  3.0921215941329612 3.0920921396887495  3.1003640640654173 3.1003472343821881  3.1086086706471514 3.1086002572623763  3.1168546382054956 3.116851273365469  3.1251011904101125 3.1251003492694465  3.1333475508131095 3.1333475515534199  3.1388444796445216 3.1388444800926432  3.1415926535897931 3.1415926535897931 
 0 4 0.005681818181818182 1 0.011363636363636364 1 0.017045454545454544 1 0.022727272727272728 1 0.028409090909090912 1 0.034090909090909088 1 0.039772727272727272 1 0.045454545454545456 1 0.05113636363636364 1 0.056818181818181823 1 0.0625 1 0.068181818181818177 1 0.073863636363636367 1 0.079545454545454544 1 0.085227272727272735 1 0.090909090909090912 1 0.096590909090909088 1 0.10227272727272728 1 0.10795454545454546 1 0.11363636363636365 1 0.11931818181818182 1 0.125 1 0.13068181818181818 1 0.13636363636363635 1 0.14204545454545456 1 0.14772727272727273 1 0.15340909090909091 1 0.15909090909090909 1 0.16477272727272727 1 0.17045454545454547 1 0.17613636363636365 1 0.18181818181818182 1 0.1875 1 0.19318181818181818 1 0.19886363636363638 1 0.20454545454545456 1 0.21022727272727273 1 0.21590909090909091 1 0.22159090909090909 1 0.22727272727272729 1 0.23295454545454547 1 0.23863636363636365 1 0.24431818181818182 1 0.25 1 0.25568181818181818 1 0.26136363636363635 1 0.26704545454545453 1 0.27272727272727271 1 0.27840909090909094 1 0.28409090909090912 1 0.28977272727272729 1 0.29545454545454547 1 0.30113636363636365 1 0.30681818181818182 1 0.3125 1 0.31818181818181818 1 0.32386363636363635 1 0.32954545454545453 1 0.33522727272727276 1 0.34090909090909094 1 0.34659090909090912 1 0.35227272727272729 1 0.35795454545454547 1 0.36363636363636365 1 0.36931818181818182 1 0.375 1 0.38068181818181818 1 0.38636363636363635 1 0.39204545454545453 1 0.39772727272727276 1 0.40340909090909094 1 0.40909090909090912 1 0.41477272727272729 1 0.42045454545454547 1 0.42613636363636365 1 0.43181818181818182 1 0.4375 1 0.44318181818181818 1 0.44886363636363635 1 0.45454545454545459 1 0.46022727272727276 1 0.46590909090909094 1 0.47159090909090912 1 0.47727272727272729 1 0.48295454545454547 1 0.48863636363636365 1 0.49431818181818182 1 0.5 1 0.50568181818181823 1 0.51136363636363635 1 0.51704545454545459 1 0.52272727272727271 1 0.52840909090909094 1 0.53409090909090906 1 0.53977272727272729 1 0.54545454545454541 1 0.55113636363636365 1 0.55681818181818188 1 0.5625 1 0.56818181818181823 1 0.57386363636363635 1 0.57954545454545459 1 0.58522727272727271 1 0.59090909090909094 1 0.59659090909090906 1 0.60227272727272729 1 0.60795454545454553 1 0.61363636363636365 1 0.61931818181818188 1 0.625 1 0.63068181818181823 1 0.63636363636363635 1 0.64204545454545459 1 0.64772727272727271 1 0.65340909090909094 1 0.65909090909090906 1 0.66477272727272729 1 0.67045454545454553 1 0.67613636363636365 1 0.68181818181818188 1 0.6875 1 0.69318181818181823 1 0.69886363636363635 1 0.70454545454545459 1 0.71022727272727271 1 0.71590909090909094 1 0.72159090909090906 1 0.72727272727272729 1 0.73295454545454553 1 0.73863636363636365 1 0.74431818181818188 1 0.75 1 0.75568181818181823 1 0.76136363636363635 1 0.76704545454545459 1 0.77272727272727271 1 0.77840909090909094 1 0.78409090909090906 1 0.78977272727272729 1 0.79545454545454553 1 0.80113636363636365 1 0.80681818181818188 1 0.8125 1 0.81818181818181823 1 0.82386363636363635 1 0.82954545454545459 1 0.83522727272727271 1 0.84090909090909094 1 0.84659090909090906 1 0.85227272727272729 1 0.85795454545454553 1 0.86363636363636365 1 0.86931818181818188 1 0.875 1 0.88068181818181823 1 0.88636363636363635 1 0.89204545454545459 1 0.89772727272727271 1 0.90340909090909094 1 0.90909090909090917 1 0.91477272727272729 1 0.92045454545454553 1 0.92613636363636365 1 0.93181818181818188 1 0.9375 1 0.94318181818181823 1 0.94886363636363635 1 0.95454545454545459 1 0.96022727272727271 1 0.96590909090909094 1 0.97159090909090917 1 0.97727272727272729 1 0.98295454545454553 1 0.98863636363636365 1 0.99431818181818188 1 1 4
1 0 -4.5 0 -1 
7 0 0  3 179 177  2.6179938783895529 1.5707963261054203  2.6170154190369583 1.5741858070693471  2.6150492458357149 1.5809566235505648  2.61207196878676 1.591088903650498  2.6090664210166512 1.6011977369253572  2.6060323480543244 1.6112835998961488  2.6029694948547664 1.6213469551078208  2.5998776064663853 1.6313882467556466  2.5967564244115153 1.6414079144441021  2.5936056947684807 1.6514063684453359  2.5904251658177602 1.6613839976879585  2.5872145851506736 1.6713411790269401  2.5839737012467441 1.6812782743744989  2.5807022624848841 1.6911956344699846  2.5774000198879516 1.7010935898446116  2.5740667150060772 1.7109724890142717  2.5707020746064364 1.7208327132363934  2.5673058280101118 1.7306746226331213  2.5638777043531742 1.7404985658792416  2.5604174336069891 1.7503048799760383  2.5569247454334958 1.760093891707124  2.5533993700380244 1.7698659156973313  2.5498410394590789 1.7796212537062095  2.5462494865421159 1.7893601964841945  2.5426244451727724 1.7990830232759456  2.5389656499602657 1.808790004795547  2.5352728392269754 1.818481395559733  2.5315457440114089 1.8281574624309151  2.5277841339039115 1.8378183661670522  2.5239878484883533 1.847464090353262  2.520156720837269 1.8570946406554312  2.5162905929711652 1.866710007461458  2.5123893087935114 1.87631017843146  2.5084527183813523 1.8858951345957538  2.504480681521688 1.8954648447476137  2.5004730512077309 1.9050192984236971  2.4964296751657353 1.9145585010893869  2.4923504105504182 1.9240824460478798  2.4882351218638923 1.9335911204253955  2.4840836746037112 1.943084512439998  2.4798959408007186 1.9525626041416912  2.4756717990315651 1.9620253710014919  2.4714111398828584 1.9714727758482831  2.4671138352303483 1.980904825651816  2.4627797578363286 1.9903215329547301  2.4584087891372226 1.9997229025041281  2.4540008234858997 2.0091089246320548  2.4495557400275052 2.0184796275468657  2.4450734053306795 2.0278350695831593  2.4405536982108766 2.0371752937232541  2.4359965050666776 2.0465003388184875  2.431401718478325 2.055810234992292  2.4267692388290225 2.065105003695817  2.4220989739466821 2.0743846639224679  2.4173908488475857 2.0836492149551837  2.4126447572360812 2.0928987230705496  2.4078605741093546 2.1021332945041329  2.4030381886875731 2.1113530174493187  2.3981774969866523 2.1205579762345814  2.3932784041554118 2.129748247831643  2.3883408245014093 2.1389239034108551  2.3833646810084814 2.1480850073764897  2.3783499009290465 2.1572316121260418  2.3732964218924195 2.1663637640614746  2.3682041914045846 2.1754815037050177  2.3630731682208794 2.1845848647180297  2.3579033194138557 2.193673879597037  2.3526946328048322 2.2027485597621443  2.3474470679729977 2.211808978546614  2.3421605154450598 2.2208553325659492  2.3368348870434241 2.2298877885585893  2.3314700997757782 2.2389065129917944  2.326066077731952 2.24791166123341  2.3206227523188403 2.2569033808309151  2.3151400643707492 2.2658818128176343  2.3096179639839152 2.2748470916610204  2.3040564109307886 2.2837993455423566  2.2984553749209877 2.2927386965506544  2.2928148359053893 2.3016652609014048  2.2871347843686807 2.3105791491521788  2.281415221630319 2.3194804664146726  2.2756561601267085 2.32836931258946  2.26985762376099 2.3372457825176474  2.2640196479995831 2.3461099664430849  2.2581422809100022 2.3549619493142195  2.2522255806799261 2.3638018144133586  2.2462696262603514 2.3726296308301507  2.2402744516332724 2.381445535108822  2.234240081634312 2.3902496775466782  2.2281665563225097 2.3990421969376738  2.2220539256697749 2.4078232280769236  2.2159022513084916 2.4165928999763366  2.2097116063851314 2.4253513365695345  2.2034820759181541 2.4340986567498972  2.1972137570170296 2.4428349745868339  2.1909067591341462 2.4515603994936459  2.1845612043029661 2.4602750364070189  2.1781772273743085 2.4689789859618392  2.1717549762469464 2.4776723446650459  2.1652946120929482 2.4863552050673903  2.1587963095767178 2.495027655932196  2.1522602570683591 2.5036897824035353  2.1456866568467317 2.5123416661633993  2.139075725306844 2.5209833856146644  2.132427693114316 2.5296150159513191  2.125742805518068 2.5382366296312866  2.1190212352206141 2.5468483826767634  2.1122631669102967 2.5554504261943656  2.1054687969049888 2.5640429061296963  2.0986383363116654 2.5726259665948108  2.0917720107682651 2.5811997496894517  2.0848700581533537 2.5897643930262739  2.0779327292878151 2.5983200304603637  2.0709602879021278 2.6068667920667603  2.063953010834275 2.6154048042683655  2.0569111879884328 2.6239341901028808  2.0498351229662561 2.6324550687704962  2.0427251311906676 2.640967557905566  2.0355815473283863 2.6494717656561098  2.0284046930818778 2.6579678261301392  2.0211948722879045 2.6664559030139667  2.0139524072604269 2.6749361495539388  2.0066776310296826 2.6834087173237444  1.9993708894549935 2.6918737540580637  1.992032540848101 2.7003314042136899  1.9846629556225996 2.7087818095458189  1.9772625182679544 2.7172251068848947  1.9698316197168473 2.7256614373445749  1.9623706340993603 2.734090972878398  1.9548799505762433 2.7425138783429208  1.9473599691575278 2.7509303166084997  1.9398111018787318 2.7593404473157164  1.9322337720929188 2.7677444273371581  1.9246284149409705 2.7761424109670583  1.9169954771478623 2.784534549910175  1.9093354172869894 2.7929209930622756  1.9016487044143291 2.8013018878850451  1.8939358153081711 2.8096773830129984  1.8861972384269918 2.8180476243628769  1.8784334736278643 2.8264127553924241  1.8706450305897593 2.8347729187136625  1.8628324188859406 2.8431282659126396  1.8549961595854036 2.8514789455715461  1.8471367840432482 2.8598251045107204  1.839254833973841 2.8681668875411472  1.8313508598871531 2.8765044385710636  1.8234254237857648 2.8848378981964147  1.8154790924598885 2.8931674108393333  1.8075124633585644 2.9014930964246854  1.7995261872526556 2.909815026671176  1.7915209176120179 2.9181332801868702  1.7834973198801058 2.9264479325928501  1.7754560674706408 2.9347590580472063  1.7673978422489796 2.9430667286409231  1.7593233350514368 2.9513710157139474  1.7512332454445589 2.9596719896507251  1.7431282797148382 2.9679697195672867  1.7350091514803381 2.9762642735219145  1.7268765819373864 2.9845557187396183  1.7187312995135096 2.9928441214500476  1.7105740389509139 3.0011295460535026  1.7024055408108687 3.0094120566281113  1.6942265522307347 3.0176917157895451  1.686037823871865 3.0259685873589048  1.6778400978532122 3.0342427478807026  1.6696341221800586 3.0425142717947131  1.6614206487045757 3.0507832329772069  1.6532004333234953 3.059049704624679  1.644974235509103 3.067313759640411  1.6367428178364658 3.07557546993274  1.6285069447755429 3.0838349070361004  1.6202673862517527 3.0920921396888423  1.6120249163192999 3.1003472343822782  1.6037803097375756 3.1086002572624563  1.5955343421792512 3.1168512733655489  1.5872877899746447 3.1251003492695268  1.5790414295716306 3.1333475515535198  1.5735445007401891 3.1388444800926956  1.5707963267948966 3.1415926535897931 
 0 4 0.005681818181818182 1 0.011363636363636364 1 0.017045454545454544 1 0.022727272727272728 1 0.028409090909090912 1 0.034090909090909088 1 0.039772727272727272 1 0.045454545454545456 1 0.05113636363636364 1 0.056818181818181823 1 0.0625 1 0.068181818181818177 1 0.073863636363636367 1 0.079545454545454544 1 0.085227272727272735 1 0.090909090909090912 1 0.096590909090909088 1 0.10227272727272728 1 0.10795454545454546 1 0.11363636363636365 1 0.11931818181818182 1 0.125 1 0.13068181818181818 1 0.13636363636363635 1 0.14204545454545456 1 0.14772727272727273 1 0.15340909090909091 1 0.15909090909090909 1 0.16477272727272727 1 0.17045454545454547 1 0.17613636363636365 1 0.18181818181818182 1 0.1875 1 0.19318181818181818 1 0.19886363636363638 1 0.20454545454545456 1 0.21022727272727273 1 0.21590909090909091 1 0.22159090909090909 1 0.22727272727272729 1 0.23295454545454547 1 0.23863636363636365 1 0.24431818181818182 1 0.25 1 0.25568181818181818 1 0.26136363636363635 1 0.26704545454545453 1 0.27272727272727271 1 0.27840909090909094 1 0.28409090909090912 1 0.28977272727272729 1 0.29545454545454547 1 0.30113636363636365 1 0.30681818181818182 1 0.3125 1 0.31818181818181818 1 0.32386363636363635 1 0.32954545454545453 1 0.33522727272727276 1 0.34090909090909094 1 0.34659090909090912 1 0.35227272727272729 1 0.35795454545454547 1 0.36363636363636365 1 0.36931818181818182 1 0.375 1 0.38068181818181818 1 0.38636363636363635 1 0.39204545454545453 1 0.39772727272727276 1 0.40340909090909094 1 0.40909090909090912 1 0.41477272727272729 1 0.42045454545454547 1 0.42613636363636365 1 0.43181818181818182 1 0.4375 1 0.44318181818181818 1 0.44886363636363635 1 0.45454545454545459 1 0.46022727272727276 1 0.46590909090909094 1 0.47159090909090912 1 0.47727272727272729 1 0.48295454545454547 1 0.48863636363636365 1 0.49431818181818182 1 0.5 1 0.50568181818181823 1 0.51136363636363635 1 0.51704545454545459 1 0.52272727272727271 1 0.52840909090909094 1 0.53409090909090906 1 0.53977272727272729 1 0.54545454545454541 1 0.55113636363636365 1 0.55681818181818188 1 0.5625 1 0.56818181818181823 1 0.57386363636363635 1 0.57954545454545459 1 0.58522727272727271 1 0.59090909090909094 1 0.59659090909090906 1 0.60227272727272729 1 0.60795454545454553 1 0.61363636363636365 1 0.61931818181818188 1 0.625 1 0.63068181818181823 1 0.63636363636363635 1 0.64204545454545459 1 0.64772727272727271 1 0.65340909090909094 1 0.65909090909090906 1 0.66477272727272729 1 0.67045454545454553 1 0.67613636363636365 1 0.68181818181818188 1 0.6875 1 0.69318181818181823 1 0.69886363636363635 1 0.70454545454545459 1 0.71022727272727271 1 0.71590909090909094 1 0.72159090909090906 1 0.72727272727272729 1 0.73295454545454553 1 0.73863636363636365 1 0.74431818181818188 1 0.75 1 0.75568181818181823 1 0.76136363636363635 1 0.76704545454545459 1 0.77272727272727271 1 0.77840909090909094 1 0.78409090909090906 1 0.78977272727272729 1 0.79545454545454553 1 0.80113636363636365 1 0.80681818181818188 1 0.8125 1 0.81818181818181823 1 0.82386363636363635 1 0.82954545454545459 1 0.83522727272727271 1 0.84090909090909094 1 0.84659090909090906 1 0.85227272727272729 1 0.85795454545454553 1 0.86363636363636365 1 0.86931818181818188 1 0.875 1 0.88068181818181823 1 0.88636363636363635 1 0.89204545454545459 1 0.89772727272727271 1 0.90340909090909094 1 0.90909090909090917 1 0.91477272727272729 1 0.92045454545454553 1 0.92613636363636365 1 0.93181818181818188 1 0.9375 1 0.94318181818181823 1 0.94886363636363635 1 0.95454545454545459 1 0.96022727272727271 1 0.96590909090909094 1 0.97159090909090917 1 0.97727272727272729 1 0.98295454545454553 1 0.98863636363636365 1 0.99431818181818188 1 1 4
1 6.2831853071795862 0 -1 0 
7 0 0  3 179 177  2.6179938783895533 1.5707963261054207  2.6170154190369597 1.5741858070693475  2.6150492458357157 1.5809566235505648  2.6120719687867591 1.5910889036504976  2.6090664210166525 1.6011977369253558  2.6060323480543262 1.6112835998961479  2.6029694948547655 1.6213469551078203  2.5998776064663862 1.6313882467556444  2.5967564244115167 1.6414079144441029  2.5936056947684816 1.6514063684453351  2.5904251658177606 1.6613839976879603  2.5872145851506736 1.6713411790269399  2.583973701246745 1.6812782743744992  2.5807022624848841 1.6911956344699874  2.5774000198879516 1.7010935898446122  2.5740667150060772 1.7109724890142741  2.5707020746064364 1.7208327132363943  2.5673058280101118 1.7306746226331224  2.5638777043531746 1.7404985658792436  2.5604174336069883 1.750304879976043  2.5569247454334967 1.7600938917071247  2.5533993700380231 1.7698659156973324  2.5498410394590802 1.7796212537062102  2.5462494865421155 1.7893601964841959  2.5426244451727729 1.7990830232759456  2.5389656499602657 1.8087900047955481  2.5352728392269754 1.8184813955597334  2.5315457440114062 1.82815746243092  2.5277841339039071 1.837818366167064  2.5239878484883502 1.8474640903532713  2.5201567208372668 1.8570946406554358  2.5162905929711634 1.8667100074614633  2.5123893087935092 1.8763101784314618  2.5084527183813488 1.8858951345957635  2.504480681521684 1.8954648447476208  2.5004730512077296 1.9050192984237029  2.4964296751657344 1.9145585010893866  2.4923504105504186 1.9240824460478823  2.4882351218638941 1.9335911204253904  2.4840836746037125 1.9430845124399967  2.4798959408007195 1.9525626041416884  2.4756717990315673 1.9620253710014899  2.4714111398828598 1.9714727758482793  2.4671138352303501 1.9809048256518114  2.46277975783633 1.9903215329547299  2.4584087891372244 1.9997229025041194  2.4540008234859023 2.0091089246320539  2.4495557400275061 2.0184796275468626  2.4450734053306804 2.0278350695831593  2.4405536982108784 2.0371752937232523  2.4359965050666776 2.046500338818487  2.4314017184783259 2.0558102349922875  2.4267692388290234 2.065105003695817  2.4220989739466838 2.0743846639224679  2.4173908488475866 2.0836492149551771  2.4126447572360821 2.0928987230705509  2.4078605741093542 2.1021332945041333  2.4030381886875745 2.1113530174493178  2.3981774969866523 2.1205579762345779  2.3932784041554136 2.1297482478316447  2.3883408245014093 2.1389239034108485  2.383364681008481 2.1480850073764928  2.378349900929047 2.1572316121260395  2.3732964218924186 2.1663637640614795  2.3682041914045855 2.1754815037050172  2.3630731682208794 2.1845848647180302  2.3579033194138552 2.1936738795970379  2.3526946328048335 2.2027485597621497  2.3474470679729955 2.2118089785466131  2.3421605154450598 2.2208553325659532  2.3368348870434246 2.2298877885585942  2.3314700997757769 2.2389065129918038  2.3260660777319515 2.2479116612334327  2.3206227523188381 2.2569033808309329  2.3151400643707465 2.2658818128176712  2.3096179639839116 2.2748470916610652  2.3040564109307833 2.2837993455424113  2.2984553749209842 2.2927386965507148  2.2928148359053844 2.3016652609014914  2.2871347843686745 2.3105791491522596  2.2814152216303119 2.319480466414761  2.2756561601267014 2.3283693125895555  2.2698576237609851 2.3372457825177371  2.2640196479995787 2.346109966443191  2.2581422809099978 2.3549619493143146  2.2522255806799247 2.3638018144134323  2.2462696262603492 2.3726296308302297  2.2402744516332747 2.3814455351088823  2.2342400816343146 2.390249677546727  2.2281665563225137 2.3990421969377218  2.2220539256697798 2.4078232280769534  2.2159022513084961 2.4165928999763588  2.2097116063851372 2.425351336569558  2.2034820759181604 2.4340986567499114  2.197213757017034 2.4428349745868463  2.1909067591341502 2.4515603994936463  2.1845612043029701 2.4602750364070278  2.1781772273743116 2.4689789859618423  2.1717549762469477 2.4776723446650526  2.1652946120929499 2.4863552050673916  2.1587963095767178 2.4950276559321991  2.1522602570683569 2.5036897824035425  2.1456866568467303 2.5123416661634024  2.1390757253068431 2.5209833856146684  2.1324276931143151 2.5296150159513213  2.125742805518064 2.538236629631295  2.1190212352206124 2.5468483826767718  2.1122631669102945 2.5554504261943629  2.1054687969049883 2.5640429061297079  2.0986383363116632 2.5726259665948121  2.0917720107682647 2.581199749689457  2.0848700581533559 2.5897643930262699  2.0779327292878165 2.5983200304603726  2.0709602879021309 2.6068667920667625  2.0639530108342821 2.6154048042683784  2.0569111879884368 2.623934190102875  2.0498351229662624 2.6324550687704966  2.0427251311906707 2.6409675579055594  2.035581547328392 2.6494717656561102  2.02840469308188 2.6579678261301392  2.0211948722879045 2.6664559030139636  2.0139524072604273 2.6749361495539525  2.0066776310296768 2.6834087173237351  1.9993708894549886 2.6918737540580722  1.9920325408480954 2.7003314042136899  1.9846629556225961 2.7087818095458154  1.9772625182679517 2.7172251068848965  1.9698316197168519 2.7256614373445731  1.962370634099365 2.7340909728784011  1.9548799505762557 2.742513878342923  1.9473599691575372 2.7509303166084962  1.9398111018787367 2.7593404473157168  1.9322337720929206 2.7677444273371528  1.9246284149409718 2.7761424109670605  1.9169954771478612 2.784534549910175  1.9093354172869876 2.7929209930622765  1.9016487044143255 2.8013018878850415  1.8939358153081647 2.8096773830129957  1.8861972384269836 2.8180476243628751  1.8784334736278543 2.8264127553924183  1.8706450305897511 2.8347729187136523  1.862832418885936 2.8431282659126493  1.8549961595854014 2.851478945571539  1.8471367840432464 2.8598251045107212  1.8392548339738406 2.8681668875411526  1.8313508598871509 2.8765044385710601  1.8234254237857632 2.8848378981964276  1.815479092459886 2.8931674108393293  1.8075124633585622 2.9014930964246917  1.799526187252652 2.9098150266711782  1.7915209176120133 2.9181332801868733  1.7834973198801005 2.9264479325928536  1.7754560674706361 2.9347590580472103  1.767397842248974 2.9430667286409244  1.7593233350514328 2.9513710157139594  1.7512332454445543 2.9596719896507189  1.7431282797148335 2.9679697195672992  1.7350091514803312 2.9762642735219136  1.7268765819373799 2.984555718739633  1.7187312995135053 2.9928441214500539  1.7105740389509072 3.0011295460535048  1.7024055408108638 3.0094120566280966  1.6942265522307256 3.0176917157895193  1.6860378238718596 3.0259685873588542  1.6778400978532015 3.0342427478805951  1.6696341221800521 3.0425142717945812  1.6614206487045635 3.0507832329770364  1.6532004333234804 3.0590497046244942  1.6449742355090862 3.0673137596402182  1.6367428178364434 3.0755754699325695  1.6285069447755265 3.083834907035953  1.62026738625174 3.0920921396887522  1.6120249163192877 3.1003472343822338  1.6037803097375618 3.1086002572624452  1.5955343421792232 3.1168512733655516  1.5872877899746101 3.1251003492695273  1.5790414295715891 3.1333475515535159  1.5735445007401678 3.1388444800926916  1.5707963267948966 3.1415926535897931 
 0 4 0.005681818181818182 1 0.011363636363636364 1 0.017045454545454544 1 0.022727272727272728 1 0.028409090909090912 1 0.034090909090909088 1 0.039772727272727272 1 0.045454545454545456 1 0.05113636363636364 1 0.056818181818181823 1 0.0625 1 0.068181818181818177 1 0.073863636363636367 1 0.079545454545454544 1 0.085227272727272735 1 0.090909090909090912 1 0.096590909090909088 1 0.10227272727272728 1 0.10795454545454546 1 0.11363636363636365 1 0.11931818181818182 1 0.125 1 0.13068181818181818 1 0.13636363636363635 1 0.14204545454545456 1 0.14772727272727273 1 0.15340909090909091 1 0.15909090909090909 1 0.16477272727272727 1 0.17045454545454547 1 0.17613636363636365 1 0.18181818181818182 1 0.1875 1 0.19318181818181818 1 0.19886363636363638 1 0.20454545454545456 1 0.21022727272727273 1 0.21590909090909091 1 0.22159090909090909 1 0.22727272727272729 1 0.23295454545454547 1 0.23863636363636365 1 0.24431818181818182 1 0.25 1 0.25568181818181818 1 0.26136363636363635 1 0.26704545454545453 1 0.27272727272727271 1 0.27840909090909094 1 0.28409090909090912 1 0.28977272727272729 1 0.29545454545454547 1 0.30113636363636365 1 0.30681818181818182 1 0.3125 1 0.31818181818181818 1 0.32386363636363635 1 0.32954545454545453 1 0.33522727272727276 1 0.34090909090909094 1 0.34659090909090912 1 0.35227272727272729 1 0.35795454545454547 1 0.36363636363636365 1 0.36931818181818182 1 0.375 1 0.38068181818181818 1 0.38636363636363635 1 0.39204545454545453 1 0.39772727272727276 1 0.40340909090909094 1 0.40909090909090912 1 0.41477272727272729 1 0.42045454545454547 1 0.42613636363636365 1 0.43181818181818182 1 0.4375 1 0.44318181818181818 1 0.44886363636363635 1 0.45454545454545459 1 0.46022727272727276 1 0.46590909090909094 1 0.47159090909090912 1 0.47727272727272729 1 0.48295454545454547 1 0.48863636363636365 1 0.49431818181818182 1 0.5 1 0.50568181818181823 1 0.51136363636363635 1 0.51704545454545459 1 0.52272727272727271 1 0.52840909090909094 1 0.53409090909090906 1 0.53977272727272729 1 0.54545454545454541 1 0.55113636363636365 1 0.55681818181818188 1 0.5625 1 0.56818181818181823 1 0.57386363636363635 1 0.57954545454545459 1 0.58522727272727271 1 0.59090909090909094 1 0.59659090909090906 1 0.60227272727272729 1 0.60795454545454553 1 0.61363636363636365 1 0.61931818181818188 1 0.625 1 0.63068181818181823 1 0.63636363636363635 1 0.64204545454545459 1 0.64772727272727271 1 0.65340909090909094 1 0.65909090909090906 1 0.66477272727272729 1 0.67045454545454553 1 0.67613636363636365 1 0.68181818181818188 1 0.6875 1 0.69318181818181823 1 0.69886363636363635 1 0.70454545454545459 1 0.71022727272727271 1 0.71590909090909094 1 0.72159090909090906 1 0.72727272727272729 1 0.73295454545454553 1 0.73863636363636365 1 0.74431818181818188 1 0.75 1 0.75568181818181823 1 0.76136363636363635 1 0.76704545454545459 1 0.77272727272727271 1 0.77840909090909094 1 0.78409090909090906 1 0.78977272727272729 1 0.79545454545454553 1 0.80113636363636365 1 0.80681818181818188 1 0.8125 1 0.81818181818181823 1 0.82386363636363635 1 0.82954545454545459 1 0.83522727272727271 1 0.84090909090909094 1 0.84659090909090906 1 0.85227272727272729 1 0.85795454545454553 1 0.86363636363636365 1 0.86931818181818188 1 0.875 1 0.88068181818181823 1 0.88636363636363635 1 0.89204545454545459 1 0.89772727272727271 1 0.90340909090909094 1 0.90909090909090917 1 0.91477272727272729 1 0.92045454545454553 1 0.92613636363636365 1 0.93181818181818188 1 0.9375 1 0.94318181818181823 1 0.94886363636363635 1 0.95454545454545459 1 0.96022727272727271 1 0.96590909090909094 1 0.97159090909090917 1 0.97727272727272729 1 0.98295454545454553 1 0.98863636363636365 1 0.99431818181818188 1 1 4
1 6.2831853071795862 0 -1 0 
7 0 0  3 179 177  2.0943951019951368 1.5707963261054194  2.0953735613477305 1.574185807069346  2.0973397345489748 1.5809566235505643  2.1003170115979302 1.5910889036504992  2.1033225593680398 1.6011977369253616  2.1063566323303688 1.611283599896157  2.1094194855299291 1.6213469551078348  2.1125113739183101 1.6313882467556622  2.1156325559731792 1.641407914444116  2.1187832856162117 1.6514063684453462  2.1219638145669331 1.661383997687965  2.1251743952340179 1.6713411790269448  2.1284152791379483 1.6812782743745089  2.13168671789981 1.6911956344699994  2.1349889604967416 1.7010935898446216  2.1383222653786156 1.7109724890142892  2.141686905778255 1.7208327132364034  2.145083152374581 1.7306746226331378  2.1485112760315208 1.7404985658792589  2.1519715467777045 1.7503048799760554  2.1554642349511952 1.7600938917071369  2.158989610346667 1.7698659156973375  2.1625479409256094 1.7796212537062126  2.1661394938425733 1.7893601964841968  2.1697645352119168 1.799083023275952  2.1734233304244226 1.8087900047955559  2.1771161411577142 1.8184813955597476  2.1808432363732835 1.8281574624309382  2.1846048464807821 1.8378183661670835  2.188401131896339 1.8474640903532897  2.1922322595474233 1.8570946406554514  2.1960983874135263 1.8667100074614811  2.1999996715911823 1.8763101784314793  2.2039362620033405 1.8858951345957813  2.2079082988630052 1.8954648447476372  2.211915929176961 1.9050192984237164  2.2159593052189557 1.9145585010893995  2.2200385698342719 1.9240824460478851  2.2241538585207947 1.9335911204253886  2.2283053057809767 1.9430845124399838  2.2324930395839697 1.952562604141679  2.2367171813531233 1.962025371001489  2.2409778405018308 1.9714727758482817  2.2452751451543427 1.9809048256518196  2.2496092225483637 1.9903215329547377  2.2539801912474697 1.999722902504123  2.2583881568987936 2.0091089246320566  2.2628332403571876 2.0184796275468533  2.2673155750540128 2.0278350695831464  2.2718352821738153 2.037175293723227  2.2763924753180138 2.0465003388184657  2.2809872619063656 2.0558102349922689  2.285619741555668 2.0651050036958041  2.2902900064380072 2.0743846639224586  2.2949981315371062 2.0836492149551824  2.2997442231486103 2.0928987230705545  2.3045284062753386 2.1021332945041382  2.3093507916971192 2.1113530174493276  2.3142114833980436 2.1205579762345868  2.3191105762292832 2.1297482478316558  2.3240481558832884 2.1389239034108645  2.3290242993762167 2.1480850073765034  2.3340390794556489 2.1572316121260613  2.3390925584922746 2.1663637640615043  2.3441847889801108 2.1754815037050497  2.3493158121638134 2.1845848647180648  2.354485660970838 2.1936738795970752  2.359694347579862 2.2027485597621888  2.3649419124116977 2.2118089785466504  2.3702284649396343 2.2208553325659866  2.3755540933412727 2.2298877885586257  2.3809188806089208 2.2389065129918264  2.3863229026527462 2.2479116612334464  2.3917662280658609 2.2569033808309458  2.3972489160139507 2.265881812817673  2.4027710164007852 2.2748470916610533  2.4083325694539144 2.2837993455423993  2.4139336054637117 2.2927386965506895  2.4195741444793124 2.3016652609014563  2.425254196016021 2.3105791491522232  2.4309737587543836 2.3194804664147251  2.4367328202579945 2.328369312589516  2.4425313566237099 2.3372457825177029  2.4483693323851146 2.3461099664431488  2.4542466994746959 2.3549619493142862  2.4601633997047676 2.3638018144134105  2.4661193541243414 2.3726296308302217  2.4721145287514164 2.3814455351088757  2.4781488987503795 2.3902496775467355  2.4842224240621769 2.3990421969377285  2.4903350547149139 2.4078232280769791  2.4964867290761954 2.4165928999763797  2.5026773739995538 2.4253513365695842  2.5089069044665329 2.4340986567499372  2.515175223367657 2.4428349745868738  2.5214822212505399 2.4515603994936739  2.5278277760817223 2.4602750364070451  2.5342117530103803 2.4689789859618605  2.5406340041377433 2.4776723446650646  2.5470943682917411 2.4863552050673929  2.5535926708079741 2.4950276559322044  2.5601287233163328 2.5036897824035296  2.5667023235379602 2.5123416661633882  2.573313255077847 2.5209833856146431  2.5799612872703768 2.529615015951296  2.5866461748666234 2.5382366296312577  2.5933677451640818 2.5468483826767327  2.6001258134743939 2.5554504261943185  2.606920183479704 2.5640429061296595  2.61375064407303 2.5726259665947682  2.620616969616425 2.5811997496894112  2.62751892223134 2.5897643930262348  2.6344562510968759 2.5983200304603344  2.641428692482565 2.6068667920667421  2.6484359695504147 2.6154048042683558  2.6554777923962614 2.6239341901028737  2.6625538574184331 2.6324550687704971  2.6696638491940252 2.6409675579055758  2.6768074330563048 2.6494717656561235  2.6839842873028146 2.6579678261301676  2.6911941080967874 2.6664559030139978  2.698436573124261 2.6749361495539823  2.7057113493550098 2.6834087173237742  2.7130180909296988 2.6918737540581006  2.7203564395365905 2.7003314042137103  2.727726024762092 2.7087818095458376  2.7351264621167384 2.717225106884904  2.7425573606678455 2.7256614373445589  2.7500183462853354 2.7340909728783678  2.757509029808451 2.7425138783428809  2.7650290112271687 2.750930316608466  2.7725778785059654 2.7593404473157177  2.780155208291776 2.7677444273371656  2.7877605654437274 2.7761424109670885  2.7953935032368369 2.7845345499101968  2.8030535630977096 2.7929209930623116  2.8107402759703728 2.8013018878850819  2.8184531650765341 2.8096773830130344  2.8261917419577141 2.8180476243629133  2.833955506756848 2.826412755392461  2.841743949794945 2.8347729187136874  2.849556561498765 2.8431282659126622  2.857392820799296 2.8514789455715475  2.8652521963414497 2.8598251045107252  2.8731341464108571 2.8681668875411388  2.8810381204975433 2.8765044385710645  2.8889635565989336 2.8848378981964129  2.8969098879248074 2.8931674108393306  2.9048765170261346 2.9014930964246917  2.9128627931320388 2.9098150266711778  2.9208680627726831 2.9181332801868658  2.928891660504596 2.9264479325928545  2.9369329129140649 2.934759058047224  2.9449911381357312 2.9430667286409422  2.9530656453332726 2.9513710157139892  2.9611557349401569 2.9596719896507717  2.9692607006698739 2.9679697195673524  2.9773798289043736 2.976264273521974  2.9855123984473191 2.9845557187396836  2.9936576808711908 2.9928441214500947  3.001814941433786 3.0011295460535217  3.0099834395738401 3.0094120566280922  3.018162428153977 3.0176917157895073  3.0263511565128494 3.0259685873588436  3.0345488825315057 3.0342427478806164  3.0427548582046589 3.0425142717946216  3.050968331680143 3.0507832329770954  3.0591885470612215 3.0590497046245675  3.0674147448756179 3.0673137596402893  3.0756461625482534 3.0755754699326237  3.0838820356091832 3.083834907035985  3.0921215941329709 3.092092139688742  3.1003640640654355 3.1003472343821876  3.1086086706471718 3.108600257262367  3.1168546382055156 3.1168512733654645  3.1251011904101342 3.1251003492694309  3.1333475508131299 3.133347551553415  3.1388444796445309 3.1388444800926432  3.1415926535897931 3.1415926535897931 
 0 4 0.005681818181818182 1 0.011363636363636364 1 0.017045454545454544 1 0.022727272727272728 1 0.028409090909090912 1 0.034090909090909088 1 0.039772727272727272 1 0.045454545454545456 1 0.05113636363636364 1 0.056818181818181823 1 0.0625 1 0.068181818181818177 1 0.073863636363636367 1 0.079545454545454544 1 0.085227272727272735 1 0.090909090909090912 1 0.096590909090909088 1 0.10227272727272728 1 0.10795454545454546 1 0.11363636363636365 1 0.11931818181818182 1 0.125 1 0.13068181818181818 1 0.13636363636363635 1 0.14204545454545456 1 0.14772727272727273 1 0.15340909090909091 1 0.15909090909090909 1 0.16477272727272727 1 0.17045454545454547 1 0.17613636363636365 1 0.18181818181818182 1 0.1875 1 0.19318181818181818 1 0.19886363636363638 1 0.20454545454545456 1 0.21022727272727273 1 0.21590909090909091 1 0.22159090909090909 1 0.22727272727272729 1 0.23295454545454547 1 0.23863636363636365 1 0.24431818181818182 1 0.25 1 0.25568181818181818 1 0.26136363636363635 1 0.26704545454545453 1 0.27272727272727271 1 0.27840909090909094 1 0.28409090909090912 1 0.28977272727272729 1 0.29545454545454547 1 0.30113636363636365 1 0.30681818181818182 1 0.3125 1 0.31818181818181818 1 0.32386363636363635 1 0.32954545454545453 1 0.33522727272727276 1 0.34090909090909094 1 0.34659090909090912 1 0.35227272727272729 1 0.35795454545454547 1 0.36363636363636365 1 0.36931818181818182 1 0.375 1 0.38068181818181818 1 0.38636363636363635 1 0.39204545454545453 1 0.39772727272727276 1 0.40340909090909094 1 0.40909090909090912 1 0.41477272727272729 1 0.42045454545454547 1 0.42613636363636365 1 0.43181818181818182 1 0.4375 1 0.44318181818181818 1 0.44886363636363635 1 0.45454545454545459 1 0.46022727272727276 1 0.46590909090909094 1 0.47159090909090912 1 0.47727272727272729 1 0.48295454545454547 1 0.48863636363636365 1 0.49431818181818182 1 0.5 1 0.50568181818181823 1 0.51136363636363635 1 0.51704545454545459 1 0.52272727272727271 1 0.52840909090909094 1 0.53409090909090906 1 0.53977272727272729 1 0.54545454545454541 1 0.55113636363636365 1 0.55681818181818188 1 0.5625 1 0.56818181818181823 1 0.57386363636363635 1 0.57954545454545459 1 0.58522727272727271 1 0.59090909090909094 1 0.59659090909090906 1 0.60227272727272729 1 0.60795454545454553 1 0.61363636363636365 1 0.61931818181818188 1 0.625 1 0.63068181818181823 1 0.63636363636363635 1 0.64204545454545459 1 0.64772727272727271 1 0.65340909090909094 1 0.65909090909090906 1 0.66477272727272729 1 0.67045454545454553 1 0.67613636363636365 1 0.68181818181818188 1 0.6875 1 0.69318181818181823 1 0.69886363636363635 1 0.70454545454545459 1 0.71022727272727271 1 0.71590909090909094 1 0.72159090909090906 1 0.72727272727272729 1 0.73295454545454553 1 0.73863636363636365 1 0.74431818181818188 1 0.75 1 0.75568181818181823 1 0.76136363636363635 1 0.76704545454545459 1 0.77272727272727271 1 0.77840909090909094 1 0.78409090909090906 1 0.78977272727272729 1 0.79545454545454553 1 0.80113636363636365 1 0.80681818181818188 1 0.8125 1 0.81818181818181823 1 0.82386363636363635 1 0.82954545454545459 1 0.83522727272727271 1 0.84090909090909094 1 0.84659090909090906 1 0.85227272727272729 1 0.85795454545454553 1 0.86363636363636365 1 0.86931818181818188 1 0.875 1 0.88068181818181823 1 0.88636363636363635 1 0.89204545454545459 1 0.89772727272727271 1 0.90340909090909094 1 0.90909090909090917 1 0.91477272727272729 1 0.92045454545454553 1 0.92613636363636365 1 0.93181818181818188 1 0.9375 1 0.94318181818181823 1 0.94886363636363635 1 0.95454545454545459 1 0.96022727272727271 1 0.96590909090909094 1 0.97159090909090917 1 0.97727272727272729 1 0.98295454545454553 1 0.98863636363636365 1 0.99431818181818188 1 1 4
1 0 -4.5 0 -1 
1 9.4247779607693793 0.17677669529663664 -1 0 
1 0 -10 1 0 
1 0 10 1 0 
1 0 10 1 0 
1 0 10 1 0 
1 3.1415928513143592 8.4000000000000004 0 1 
1 0 8.4000000000000004 0 1 
1 0.21782113835024575 -8.4000000000000004 0 -1 
1 0 8.4000000000000004 0 1 
1 0 8.4000000000000004 1 0 
2 0 0 -0.97605170941030028 -0.21753864152658209 0.21753864152658209 -0.97605170941030028 14.35
1 0 0 1 0 
1 0 8.4000000000000004 1 0 
1 0 8.4000000000000004 1 0 
1 0 -8.4000000000000004 1 0 
1 0 8.4000000000000004 1 0 
1 0 8.4000000000000004 1 0 
1 0 8.4000000000000004 1 0 
1 0 -8.4000000000000004 1 0 
1 0 8.4000000000000004 1 0 
1 0 8.4000000000000004 1 0 
1 0 8.4000000000000004 1 0 
1 0 -8.4000000000000004 1 0 
1 0 8.4000000000000004 1 0 
1 0 0.17677669529663664 1 0 
1 0 0.17677669529663664 1 0 
1 6.2831853071795862 4.4408920985006301e-16 -1 0 
7 0 0  3 179 177  2.6179938782436056 1.5707963259368909  2.6170151702374533 1.574186668372779  2.6150485250052355 1.5809590999101719  2.6120706142624006 1.5910934939946326  2.609064505711939 1.6012041477941401  2.6060299433149638 1.611291552702345  2.6029666703774583 1.6213561859114303  2.5998744302447183 1.6313985058633209  2.5967529623636008 1.6414189670179828  2.5936020103417476 1.6514179952584853  2.5904213198782005 1.661395994891095  2.5872106358348783 1.6713533579285988  2.5839697038235725 1.6812904613252599  2.5806982693067479 1.6912076705123358  2.5773960799516815 1.7011053313478417  2.5740628751456751 1.7109838034921141  2.570698380104774 1.7208434773079322  2.5673023222554421 1.7306847226366111  2.5638744289043429 1.7405078971642609  2.5604144282055161 1.7503133467010821  2.5569220477261516 1.7601014073028147  2.5533970153651913 1.7698724029109161  2.5498390620390974 1.7796266410654764  2.5462479196772105 1.78936441768231  2.5426233210209599 1.7990860174944761  2.5389649998558022 1.8087917155171316  2.5352726925224824 1.818481773595509  2.5315461324460466 1.8281564543580819  2.5277850712803733 1.8378159666609113  2.5239893295965641 1.8474603426267338  2.5201587241271164 1.8570896273097457  2.5162930793326601 1.8667038521774684  2.5123922224951376 1.8763030428904421  2.508455986274547 1.8858872174493764  2.5044842106852387 1.8954563849858543  2.5004767374341399 1.90501055519616  2.4964334075290115 1.9145497414740444  2.4923540699585569 1.9240739479242035  2.4882385807899792 1.9335831721164605  2.4840867980962256 1.9430774098869414  2.479898586977642 1.9525566497785352  2.475673819018303 1.9620208751779595  2.4714123772234098 1.971470052996386  2.4671141626041755 1.980904115373016  2.4627790827793326 1.9903229952123247  2.4584070608254649 1.9997266098169593  2.453998000055829 2.0091149223001326  2.4495517962784032 2.0184879170505212  2.4450683582774051 2.0278455655460133  2.4405476038367286 2.0371878343606071  2.4359894593069349 2.0465146866153421  2.4313938674404705 2.0558260708849283  2.4267607459048697 2.0651219847196001  2.4220900002958738 2.0744024508911423  2.4173815505265326 2.0836674777428037  2.4126353249688046 2.0929170691067198  2.4078512623080375 2.1021512224047654  2.4030293121404167 2.1113699285986147  2.398169432912812 2.1205731765666038  2.393271601775306 2.1297609379284936  2.3883357786749775 2.1389332269439745  2.3833617677181791 2.1480903206570074  2.3783494046006353 2.1572324703138035  2.3732985251639191 2.1663599252390964  2.3682089723996231 2.1754729246245956  2.3630805949003197 2.1845716998871061  2.357913247553368 2.1936564742997908  2.3527067918436693 2.2027274630013456  2.3474610955044102 2.211784874258536  2.3421760351991794 2.2208289053628221  2.3368515386614837 2.2298596759059288  2.331487541708229 2.2388773026362392  2.3260839887433806 2.2478818938153537  2.3206408332342936 2.2568735510821702  2.3151580391160804 2.2658523707507472  2.3096355807699958 2.2748184432301963  2.3040734436731918 2.2837718555918523  2.2984716233940841 2.2927126805100322  2.2928301262521709 2.3016409792903252  2.2871489704924737 2.3105568095732054  2.281428186410174 2.3194602238007662  2.2756678166755759 2.3283512699977593  2.2698679168076721 2.3372299917016228  2.2640285548456225 2.3460964289724036  2.258149814069542 2.3549506159215703  2.2522317388550444 2.3637926476487143  2.2462743832358352 2.3726226167461935  2.2402778142242625 2.3814406106454955  2.2342421072772569 2.3902467077627914  2.2281673502265429 2.399040981435089  2.2220536439042022 2.4078235004487114  2.2159011019831358 2.4165943296118848  2.2097098525944898 2.4253535281843952  2.2034800335951141 2.4341011568188464  2.1972118114288426 2.4428372525813571  2.1909052985723507 2.4515619411859468  2.1845605454028978 2.4602754414724703  2.1781776277087443 2.4689779459227119  2.1717566277857392 2.4776696469910195  2.1652976397715644 2.4863507302200207  2.1588007684818606 2.4950213762583693  2.1522661299842896 2.5036817604946369  2.1456938516998481 2.5123320533321283  2.1390840726358258 2.5209724202899975  2.1324369435410944 2.5296030221623811  2.1257526272142671 2.5382240151217168  2.1190312982492463 2.5468355509882663  2.1122731448472254 2.5554377768897663  2.1054783628916245 2.5640308371920395  2.0986471907309618 2.5726148756179983  2.0917798768393925 2.5811899861342917  2.0848766822401816 2.5897562659999891  2.0779378820439871 2.5983138071590712  2.0709637652011184 2.6068626987251089  2.0639546347196518 2.6154030264896218  2.0569108077459037 2.623934873222892  2.0498326156664546 2.6324583187590425  2.0427204041954883 2.6409734401279685  2.0355745334305624 2.6494803116904397  2.0283953779775845 2.6579790051871468  2.0211833267561778 2.6664695901011046  2.0139387839372733 2.6749521328235177  2.0066621655916634 2.6834267002622738  1.9993539122803907 2.691893346845017  1.9920143666426657 2.700352243616218  1.9846438675561533 2.7088035738558411  1.977242769392541 2.717247512968608  1.9698114369654069 2.7256842339267391  1.9623502469109684 2.7341139059492012  1.954859587311812 2.7425366949782957  1.9473398578602268 2.7509527637257598  1.9397914695631913 2.7593622716390227  1.9322148456988568 2.7677653756279446  1.9246104242541122 2.7761622341502901  1.916978656404154 2.7845530006609289  1.9093199960978848 2.7929378344494467  1.9016348940051271 2.8013169056128202  1.8939238143357042 2.8096903790740977  1.8861872314181383 2.8180584178635772  1.8784256305232312 2.826421182350245  1.8706395074930375 2.8347788305963499  1.862829368840816 2.8431315182601504  1.8549957310982996 2.8514793991745409  1.84713912413963 2.8598226222909489  1.8392600889257049 2.8681613337847485  1.8313591763080337 2.8764956780971618  1.8234369470156149 2.8848257978708314  1.8154939718907495 2.8931518336872033  1.8075308298441215 2.9014739257176876  1.7995481038826662 2.9097922168874311  1.791546386842594 2.9181068478884375  1.7835262800812126 2.92641795823977  1.7754883942722985 2.934725685314878  1.767433346220846 2.9430301676020227  1.7593617697768162 2.9513315326853515  1.7512743468907832 2.959629864139667  1.7431717630002594 2.9679252497168997  1.7350547126446279 2.976217774916027  1.7269238975936003 2.9845075246891106  1.7187800267291182 2.9927945832525227  1.7106238157129936 3.0010790311542799  1.7024559873547651 3.009360948152962  1.6942772704211757 3.0176404132215868  1.6860883993955151 3.0259175047625733  1.6778901143008147 3.0341922996244892  1.6696831596517778 3.0424648740080014  1.661468286384252 3.0507353016282166  1.6532462396681009 3.0590036655290715  1.6450177616343047 3.0672700548757525  1.6367835991941977 3.0755345565340249  1.6285445016971696 3.0837972575585058  1.6203012212214309 3.0920582443799147  1.6120545112422753 3.1003176032596658  1.6038051306511594 3.1085754169685593  1.595553840955626 3.1168317666948031  1.5873014041161493 3.1250867331250651  1.5790485821509093 3.133340398487753  1.5735469520496692 3.1388420284734724  1.5707963267949001 3.1415926535897931 
 0 4 0.005681818181818182 1 0.011363636363636364 1 0.017045454545454544 1 0.022727272727272728 1 0.028409090909090912 1 0.034090909090909088 1 0.039772727272727272 1 0.045454545454545456 1 0.05113636363636364 1 0.056818181818181823 1 0.0625 1 0.068181818181818177 1 0.073863636363636367 1 0.079545454545454544 1 0.085227272727272735 1 0.090909090909090912 1 0.096590909090909088 1 0.10227272727272728 1 0.10795454545454546 1 0.11363636363636365 1 0.11931818181818182 1 0.125 1 0.13068181818181818 1 0.13636363636363635 1 0.14204545454545456 1 0.14772727272727273 1 0.15340909090909091 1 0.15909090909090909 1 0.16477272727272727 1 0.17045454545454547 1 0.17613636363636365 1 0.18181818181818182 1 0.1875 1 0.19318181818181818 1 0.19886363636363638 1 0.20454545454545456 1 0.21022727272727273 1 0.21590909090909091 1 0.22159090909090909 1 0.22727272727272729 1 0.23295454545454547 1 0.23863636363636365 1 0.24431818181818182 1 0.25 1 0.25568181818181818 1 0.26136363636363635 1 0.26704545454545453 1 0.27272727272727271 1 0.27840909090909094 1 0.28409090909090912 1 0.28977272727272729 1 0.29545454545454547 1 0.30113636363636365 1 0.30681818181818182 1 0.3125 1 0.31818181818181818 1 0.32386363636363635 1 0.32954545454545453 1 0.33522727272727276 1 0.34090909090909094 1 0.34659090909090912 1 0.35227272727272729 1 0.35795454545454547 1 0.36363636363636365 1 0.36931818181818182 1 0.375 1 0.38068181818181818 1 0.38636363636363635 1 0.39204545454545453 1 0.39772727272727276 1 0.40340909090909094 1 0.40909090909090912 1 0.41477272727272729 1 0.42045454545454547 1 0.42613636363636365 1 0.43181818181818182 1 0.4375 1 0.44318181818181818 1 0.44886363636363635 1 0.45454545454545459 1 0.46022727272727276 1 0.46590909090909094 1 0.47159090909090912 1 0.47727272727272729 1 0.48295454545454547 1 0.48863636363636365 1 0.49431818181818182 1 0.5 1 0.50568181818181823 1 0.51136363636363635 1 0.51704545454545459 1 0.52272727272727271 1 0.52840909090909094 1 0.53409090909090906 1 0.53977272727272729 1 0.54545454545454541 1 0.55113636363636365 1 0.55681818181818188 1 0.5625 1 0.56818181818181823 1 0.57386363636363635 1 0.57954545454545459 1 0.58522727272727271 1 0.59090909090909094 1 0.59659090909090906 1 0.60227272727272729 1 0.60795454545454553 1 0.61363636363636365 1 0.61931818181818188 1 0.625 1 0.63068181818181823 1 0.63636363636363635 1 0.64204545454545459 1 0.64772727272727271 1 0.65340909090909094 1 0.65909090909090906 1 0.66477272727272729 1 0.67045454545454553 1 0.67613636363636365 1 0.68181818181818188 1 0.6875 1 0.69318181818181823 1 0.69886363636363635 1 0.70454545454545459 1 0.71022727272727271 1 0.71590909090909094 1 0.72159090909090906 1 0.72727272727272729 1 0.73295454545454553 1 0.73863636363636365 1 0.74431818181818188 1 0.75 1 0.75568181818181823 1 0.76136363636363635 1 0.76704545454545459 1 0.77272727272727271 1 0.77840909090909094 1 0.78409090909090906 1 0.78977272727272729 1 0.79545454545454553 1 0.80113636363636365 1 0.80681818181818188 1 0.8125 1 0.81818181818181823 1 0.82386363636363635 1 0.82954545454545459 1 0.83522727272727271 1 0.84090909090909094 1 0.84659090909090906 1 0.85227272727272729 1 0.85795454545454553 1 0.86363636363636365 1 0.86931818181818188 1 0.875 1 0.88068181818181823 1 0.88636363636363635 1 0.89204545454545459 1 0.89772727272727271 1 0.90340909090909094 1 0.90909090909090917 1 0.91477272727272729 1 0.92045454545454553 1 0.92613636363636365 1 0.93181818181818188 1 0.9375 1 0.94318181818181823 1 0.94886363636363635 1 0.95454545454545459 1 0.96022727272727271 1 0.96590909090909094 1 0.97159090909090917 1 0.97727272727272729 1 0.98295454545454553 1 0.98863636363636365 1 0.99431818181818188 1 1 4
1 0 4.5 0 1 
7 0 0  3 179 177  2.0943951021410876 1.5707963259368909  2.0953738101472408 1.5741866683727797  2.0973404553794586 1.5809590999101728  2.1003183661222908 1.5910934939946322  2.1033244746727568 1.6012041477941441  2.1063590370697303 1.6112915527023481  2.1094223100072358 1.6213561859114349  2.1125145501399754 1.63139850586333  2.1156360180210938 1.6414189670179899  2.1187869700429451 1.6514179952584931  2.1219676605064945 1.6613959948911039  2.1251783445498158 1.6713533579286075  2.1284192765611207 1.6812904613252684  2.1316907110779466 1.6912076705123447  2.1349929004330122 1.7011053313478515  2.1383261052390186 1.7109838034921223  2.1416906002799196 1.7208434773079362  2.1450866581292525 1.7306847226366122  2.1485145514803508 1.7405078971642507  2.1519745521791771 1.7503133467010767  2.1554669326585421 1.7601014073028161  2.158991965019502 1.7698724029109196  2.1625499183455967 1.7796266410654857  2.1661410607074822 1.7893644176823196  2.1697656593637311 1.7990860174944832  2.1734239805288875 1.8087917155171263  2.1771162878622081 1.8184817735955037  2.1808428479386426 1.8281564543580695  2.1846039091043186 1.8378159666609128  2.1883996507881278 1.8474603426267326  2.1922302562575777 1.8570896273097315  2.1960959010520322 1.8667038521774513  2.1999967578895565 1.8763030428904215  2.2039329941101462 1.8858872174493593  2.2079047696994549 1.8954563849858403  2.2119122429505542 1.9050105551961529  2.2159555728556817 1.914549741474042  2.2200349104261341 1.9240739479242042  2.2241503995947092 1.9335831721164656  2.228302182288461 1.9430774098869514  2.2324903934070472 1.9525566497785398  2.2367151613663889 1.9620208751779749  2.2409766031612826 1.9714700529963989  2.2452748177805177 1.9809041153730425  2.2496098976053593 1.9903229952123478  2.2539819195592288 1.9997266098169881  2.2583909803288638 2.0091149223001574  2.26283718410629 2.0184879170505425  2.267320622107289 2.0278455655460359  2.271841376547965 2.03718783436062  2.276399521077761 2.0465146866153665  2.2809951129442236 2.055826070884947  2.2856282344798231 2.0651219847196138  2.2902989800888198 2.0744024508911609  2.2950074298581606 2.0836674777428059  2.2997536554158886 2.0929170691067283  2.3045377180766562 2.1021512224047552  2.309359668244277 2.1113699285986081  2.3142195474718821 2.1205731765665892  2.3191173786093868 2.1297609379284892  2.3240532017097175 2.1389332269439745  2.3290272126665164 2.1480903206570217  2.3340395757840575 2.1572324703138235  2.3390904552207736 2.1663599252391217  2.3441800079850696 2.1754729246246312  2.349308385484373 2.1845716998871345  2.3544757328313231 2.1936564742998246  2.3596821885410222 2.2027274630013753  2.3649278848802804 2.2117848742585502  2.3702129451855121 2.2208289053628252  2.3755374417232082 2.2298596759059155  2.3809014386764642 2.2388773026362134  2.3863049916413117 2.2478818938153169  2.3917481471503979 2.2568735510821294  2.3972309412686101 2.2658523707507014  2.4027533996146961 2.2748184432301519  2.4083155367115006 2.2837718555918101  2.4139173569906065 2.2927126805099904  2.4195588541325215 2.3016409792902879  2.4252400098922169 2.3105568095731703  2.4309607939745188 2.3194602238007329  2.436721163709116 2.3283512699977362  2.4425210635770198 2.3372299917015953  2.4483604255390659 2.3460964289723738  2.4542391663151455 2.3549506159215348  2.4601572415296427 2.3637926476486677  2.4661145971488492 2.3726226167461437  2.4721111661604218 2.3814406106454458  2.4781468731074265 2.3902467077627456  2.4842216301581437 2.3990409814350429  2.4903353364804821 2.407823500448667  2.4964878784015538 2.4165943296118551  2.5026791277901963 2.4253535281843606  2.5089089467895755 2.4341011568188202  2.5151771689558471 2.4428372525813282  2.5214836818123407 2.4515619411859215  2.5278284349817945 2.4602754414724455  2.5342113526759489 2.468977945922683  2.5406323525989531 2.4776696469909885  2.5470913406131284 2.4863507302199852  2.5535882119028326 2.4950213762583289  2.5601228504004023 2.5036817604945889  2.5666951286848474 2.512332053332079  2.5733049077488648 2.5209724202899451  2.5799520368436002 2.5296030221623265  2.5866363531704244 2.5382240151216631  2.5933576821354474 2.5468355509882219  2.6001158355374665 2.5554377768897245  2.6069106174930687 2.5640308371920089  2.6137417896537283 2.572614875617973  2.620609103545299 2.5811899861342682  2.6275122981445111 2.5897562659999807  2.6344510983407039 2.5983138071590597  2.6414252151835749 2.6068626987251067  2.6484343456650379 2.6154030264896186  2.6554781726387922 2.6239348732228871  2.6625563647182364 2.6324583187590433  2.6696685761892036 2.6409734401279694  2.6768144469541317 2.6494803116904326  2.6839936024071087 2.6579790051871406  2.6912056536285154 2.6664695901010949  2.6984501964474195 2.6749521328235062  2.7057268147930302 2.6834267002622552  2.7130350681043014 2.6918933468449868  2.7203746137420275 2.7003522436161833  2.7277451128285404 2.7088035738558047  2.7351462109921516 2.7172475129685547  2.7425775434192854 2.7256842339266947  2.7500387334737262 2.7341139059491413  2.7575293930728773 2.742536694978245  2.765049122524466 2.7509527637256936  2.7725975108214969 2.759362271638973  2.7801741346858306 2.7677653756278864  2.7877785561305717 2.7761622341502394  2.7954103239805304 2.7845530006608805  2.8030689842867988 2.7929378344493956  2.810754086379557 2.8013169056127745  2.8184651660489819 2.8096903790740444  2.826201748966549 2.818058417863528  2.8339633498614547 2.8264211823501881  2.8417494728916513 2.8347788305962895  2.8495596115438793 2.8431315182600825  2.857393249286392 2.851479399174476  2.8652498562450628 2.8598226222908889  2.8731288914589901 2.8681613337846872  2.8810298040766611 2.8764956780971054  2.8889520333690832 2.8848257978707892  2.8968950084939493 2.8931518336871642  2.9048581505405777 2.9014739257176707  2.9128408765020373 2.9097922168874297  2.9208425935421114 2.9181068478884429  2.9288627003034944 2.9264179582397958  2.936900586112404 2.9347256853149006  2.9449556341638581 2.9430301676020352  2.9530272106078761 2.9513315326853449  2.9611146334939091 2.9596298641396501  2.9692172173844251 2.9679252497168682  2.9773342677400567 2.9762177749160017  2.985465082791086 2.9845075246891093  2.9936089536555728 2.9927945832525737  3.0017651646716974 3.0010790311543274  3.0099329930299215 3.0093609481529913  3.018111709963506 3.0176404132215899  3.0263005809891674 3.0259175047625511  3.0344988660838723 3.0341922996244457  3.0427058207329098 3.0424648740079432  3.0509206940004412 3.0507353016281655  3.0591427407165934 3.0590036655290067  3.0673712187503939 3.0672700548757112  3.0756053811904991 3.0755345565339773  3.0838444786875381 3.0837972575585062  3.0920877591632783 3.092058244379901  3.1003344691424291 3.1003176032596476  3.1085838497335461 3.1085754169685065  3.1168351394290776 3.1168317666947369  3.1250875762685815 3.1250867331249785  3.1333403982338108 3.133340398487757  3.1388420283350351 3.1388420284734919  3.1415926535897931 3.1415926535897931 
 0 4 0.005681818181818182 1 0.011363636363636364 1 0.017045454545454544 1 0.022727272727272728 1 0.028409090909090912 1 0.034090909090909088 1 0.039772727272727272 1 0.045454545454545456 1 0.05113636363636364 1 0.056818181818181823 1 0.0625 1 0.068181818181818177 1 0.073863636363636367 1 0.079545454545454544 1 0.085227272727272735 1 0.090909090909090912 1 0.096590909090909088 1 0.10227272727272728 1 0.10795454545454546 1 0.11363636363636365 1 0.11931818181818182 1 0.125 1 0.13068181818181818 1 0.13636363636363635 1 0.14204545454545456 1 0.14772727272727273 1 0.15340909090909091 1 0.15909090909090909 1 0.16477272727272727 1 0.17045454545454547 1 0.17613636363636365 1 0.18181818181818182 1 0.1875 1 0.19318181818181818 1 0.19886363636363638 1 0.20454545454545456 1 0.21022727272727273 1 0.21590909090909091 1 0.22159090909090909 1 0.22727272727272729 1 0.23295454545454547 1 0.23863636363636365 1 0.24431818181818182 1 0.25 1 0.25568181818181818 1 0.26136363636363635 1 0.26704545454545453 1 0.27272727272727271 1 0.27840909090909094 1 0.28409090909090912 1 0.28977272727272729 1 0.29545454545454547 1 0.30113636363636365 1 0.30681818181818182 1 0.3125 1 0.31818181818181818 1 0.32386363636363635 1 0.32954545454545453 1 0.33522727272727276 1 0.34090909090909094 1 0.34659090909090912 1 0.35227272727272729 1 0.35795454545454547 1 0.36363636363636365 1 0.36931818181818182 1 0.375 1 0.38068181818181818 1 0.38636363636363635 1 0.39204545454545453 1 0.39772727272727276 1 0.40340909090909094 1 0.40909090909090912 1 0.41477272727272729 1 0.42045454545454547 1 0.42613636363636365 1 0.43181818181818182 1 0.4375 1 0.44318181818181818 1 0.44886363636363635 1 0.45454545454545459 1 0.46022727272727276 1 0.46590909090909094 1 0.47159090909090912 1 0.47727272727272729 1 0.48295454545454547 1 0.48863636363636365 1 0.49431818181818182 1 0.5 1 0.50568181818181823 1 0.51136363636363635 1 0.51704545454545459 1 0.52272727272727271 1 0.52840909090909094 1 0.53409090909090906 1 0.53977272727272729 1 0.54545454545454541 1 0.55113636363636365 1 0.55681818181818188 1 0.5625 1 0.56818181818181823 1 0.57386363636363635 1 0.57954545454545459 1 0.58522727272727271 1 0.59090909090909094 1 0.59659090909090906 1 0.60227272727272729 1 0.60795454545454553 1 0.61363636363636365 1 0.61931818181818188 1 0.625 1 0.63068181818181823 1 0.63636363636363635 1 0.64204545454545459 1 0.64772727272727271 1 0.65340909090909094 1 0.65909090909090906 1 0.66477272727272729 1 0.67045454545454553 1 0.67613636363636365 1 0.68181818181818188 1 0.6875 1 0.69318181818181823 1 0.69886363636363635 1 0.70454545454545459 1 0.71022727272727271 1 0.71590909090909094 1 0.72159090909090906 1 0.72727272727272729 1 0.73295454545454553 1 0.73863636363636365 1 0.74431818181818188 1 0.75 1 0.75568181818181823 1 0.76136363636363635 1 0.76704545454545459 1 0.77272727272727271 1 0.77840909090909094 1 0.78409090909090906 1 0.78977272727272729 1 0.79545454545454553 1 0.80113636363636365 1 0.80681818181818188 1 0.8125 1 0.81818181818181823 1 0.82386363636363635 1 0.82954545454545459 1 0.83522727272727271 1 0.84090909090909094 1 0.84659090909090906 1 0.85227272727272729 1 0.85795454545454553 1 0.86363636363636365 1 0.86931818181818188 1 0.875 1 0.88068181818181823 1 0.88636363636363635 1 0.89204545454545459 1 0.89772727272727271 1 0.90340909090909094 1 0.90909090909090917 1 0.91477272727272729 1 0.92045454545454553 1 0.92613636363636365 1 0.93181818181818188 1 0.9375 1 0.94318181818181823 1 0.94886363636363635 1 0.95454545454545459 1 0.96022727272727271 1 0.96590909090909094 1 0.97159090909090917 1 0.97727272727272729 1 0.98295454545454553 1 0.98863636363636365 1 0.99431818181818188 1 1 4
1 0 0.17677669529663664 1 0 
1 0 2.6000000000000001 1 0 
1 0 4.5 0 1 
7 0 0  3 179 177  2.0943951019951368 1.5707963261054205  2.0953735613477296 1.5741858070693475  2.0973397345489735 1.5809566235505657  2.1003170115979297 1.591088903650498  2.1033225593680402 1.6011977369253558  2.1063566323303675 1.6112835998961443  2.109419485529926 1.6213469551078179  2.1125113739183052 1.6313882467556449  2.1156325559731748 1.6414079144441014  2.1187832856162085 1.6514063684453337  2.1219638145669313 1.6613839976879592  2.1251743952340165 1.6713411790269395  2.128415279137946 1.6812782743744972  2.1316867178998065 1.6911956344699848  2.1349889604967376 1.7010935898446105  2.138322265378612 1.7109724890142768  2.1416869057782519 1.7208327132363965  2.1450831523745806 1.7306746226331335  2.1485112760315213 1.7404985658792524  2.1519715467777014 1.7503048799760423  2.1554642349511903 1.7600938917071178  2.1589896103466613 1.7698659156973193  2.1625479409256032 1.779621253706194  2.1661394938425667 1.7893601964841832  2.169764535211911 1.7990830232759469  2.1734233304244168 1.8087900047955581  2.1771161411577094 1.8184813955597552  2.1808432363732768 1.8281574624309327  2.1846048464807772 1.8378183661670593  2.1884011318963359 1.8474640903532626  2.1922322595474211 1.8570946406554314  2.1960983874135254 1.8667100074614644  2.19999967159118 1.8763101784314575  2.2039362620033369 1.8858951345957584  2.2079082988630021 1.8954648447476155  2.2119159291769592 1.9050192984236989  2.2159593052189557 1.914558501089388  2.2200385698342719 1.9240824460478805  2.2241538585207969 1.9335911204253955  2.2283053057809776 1.9430845124399985  2.2324930395839719 1.9525626041416912  2.2367171813531241 1.9620253710014923  2.2409778405018312 1.9714727758482824  2.2452751451543405 1.980904825651816  2.2496092225483619 1.9903215329547326  2.2539801912474657 1.9997229025041219  2.25838815689879 2.0091089246320584  2.2628332403571831 2.0184796275468631  2.2673155750540115 2.0278350695831677  2.271835282173813 2.0371752937232523  2.2763924753180143 2.0465003388184924  2.2809872619063656 2.0558102349922933  2.2856197415556676 2.0651050036958187  2.2902900064380072 2.074384663922467  2.2949981315371044 2.0836492149551833  2.2997442231486072 2.092898723070554  2.3045284062753346 2.102133294504136  2.3093507916971134 2.1113530174493218  2.3142114833980361 2.1205579762345779  2.3191105762292756 2.1297482478316523  2.3240481558832804 2.1389239034108543  2.3290242993762096 2.1480850073764923  2.3340390794556414 2.1572316121260413  2.3390925584922697 2.1663637640614759  2.3441847889801073 2.1754815037050186  2.349315812163812 2.1845848647180266  2.3544856609708353 2.1936738795970339  2.3596943475798597 2.202748559762143  2.3649419124116973 2.2118089785466073  2.3702284649396321 2.2208553325659475  2.3755540933412687 2.2298877885585906  2.3809188806089154 2.2389065129918011  2.3863229026527413 2.2479116612334251  2.391766228065852 2.2569033808309356  2.3972489160139445 2.265881812817665  2.4027710164007781 2.2748470916610581  2.4083325694539064 2.2837993455424135  2.4139336054637055 2.2927386965507117  2.4195741444793044 2.3016652609014745  2.4252541960160139 2.3105791491522574  2.4309737587543769 2.319480466414761  2.436732820257987 2.3283693125895479  2.442531356623705 2.3372457825177428  2.4483693323851083 2.346109966443187  2.4542466994746901 2.3549619493143199  2.4601633997047623 2.3638018144134287  2.466119354124336 2.3726296308302341  2.4721145287514124 2.381445535108877  2.4781488987503741 2.3902496775467252  2.4842224240621746 2.3990421969377187  2.4903350547149103 2.4078232280769551  2.4964867290761927 2.4165928999763588  2.502677373999552 2.425351336569558  2.508906904466532 2.4340986567499088  2.515175223367657 2.4428349745868432  2.5214822212505412 2.4515603994936472  2.5278277760817236 2.4602750364070234  2.5342117530103834 2.4689789859618445  2.5406340041377473 2.4776723446650473  2.5470943682917455 2.4863552050673925  2.553592670807979 2.4950276559321996  2.5601287233163377 2.5036897824035345  2.5667023235379687 2.5123416661633944  2.5733132550778519 2.5209833856146622  2.579961287270383 2.5296150159513124  2.5866461748666274 2.5382366296312902  2.5933677451640826 2.5468483826767643  2.6001258134743996 2.5554504261943634  2.6069201834797067 2.5640429061296888  2.6137506440730296 2.5726259665948104  2.6206169696164285 2.5811997496894428  2.6275189222313413 2.5897643930262726  2.6344562510968785 2.5983200304603575  2.6414286924825667 2.6068667920667647  2.6484359695504156 2.6154048042683713  2.6554777923962605 2.6239341901028701  2.6625538574184353 2.6324550687704944  2.6696638491940257 2.6409675579055643  2.6768074330563061 2.6494717656561027  2.6839842873028132 2.65796782613014  2.69119410809679 2.6664559030139632  2.6984365731242592 2.6749361495539494  2.7057113493550116 2.6834087173237391  2.7130180909296944 2.6918737540580708  2.7203564395365878 2.7003314042136846  2.7277260247620858 2.7087818095458136  2.7351264621167282 2.7172251068849032  2.7425573606678308 2.7256614373445824  2.7500183462853194 2.7340909728783949  2.7575090298084324 2.742513878342919  2.7650290112271514 2.7509303166085028  2.7725778785059512 2.7593404473157199  2.7801552082917711 2.7677444273371585  2.7877605654437194 2.7761424109670596  2.7953935032368293 2.7845345499101777  2.8030535630977025 2.7929209930622818  2.8107402759703621 2.8013018878850544  2.8184531650765239 2.8096773830130144  2.8261917419577012 2.8180476243628831  2.8339555067568316 2.826412755392441  2.8417439497949286 2.8347729187136657  2.8495565614987508 2.8431282659126604  2.8573928207992845 2.8514789455715497  2.8652521963414386 2.8598251045107315  2.8731341464108504 2.8681668875411623  2.8810381204975393 2.8765044385710774  2.888963556598934 2.8848378981964302  2.8969098879248087 2.8931674108393404  2.9048765170261346 2.9014930964247032  2.9128627931320374 2.9098150266711995  2.920868062772672 2.9181332801868782  2.9288916605045854 2.9264479325928701  2.9369329129140471 2.93475905804722  2.9449911381357112 2.9430667286409302  2.953065645333254 2.9513710157139661  2.9611557349401432 2.9596719896507309  2.9692607006698668 2.9679697195673063  2.9773798289043687 2.9762642735219584  2.9855123984473133 2.9845557187397218  2.9936576808711788 2.9928441214502022  3.0018149414337691 3.0011295460536433  3.0099834395738174 3.009412056628193  3.0181624281539605 3.0176917157895624  3.026351156512828 3.02596858735886  3.0345488825314866 3.0342427478806102  3.0427548582046411 3.042514271794579  3.0509683316801239 3.0507832329770284  3.059188547061205 3.0590497046245071  3.0674147448755993 3.0673137596402191  3.0756461625482348 3.075575469932573  3.0838820356091614 3.0838349070359619  3.0921215941329527 3.0920921396887566  3.1003640640654133 3.100347234382228  3.1086086706471443 3.108600257262446  3.1168546382054725 3.1168512733655556  3.1251011904100836 3.1251003492695304  3.1333475508130837 3.1333475515535198  3.1388444796445096 3.1388444800926938  3.1415926535897931 3.1415926535897931 
 0 4 0.005681818181818182 1 0.011363636363636364 1 0.017045454545454544 1 0.022727272727272728 1 0.028409090909090912 1 0.034090909090909088 1 0.039772727272727272 1 0.045454545454545456 1 0.05113636363636364 1 0.056818181818181823 1 0.0625 1 0.068181818181818177 1 0.073863636363636367 1 0.079545454545454544 1 0.085227272727272735 1 0.090909090909090912 1 0.096590909090909088 1 0.10227272727272728 1 0.10795454545454546 1 0.11363636363636365 1 0.11931818181818182 1 0.125 1 0.13068181818181818 1 0.13636363636363635 1 0.14204545454545456 1 0.14772727272727273 1 0.15340909090909091 1 0.15909090909090909 1 0.16477272727272727 1 0.17045454545454547 1 0.17613636363636365 1 0.18181818181818182 1 0.1875 1 0.19318181818181818 1 0.19886363636363638 1 0.20454545454545456 1 0.21022727272727273 1 0.21590909090909091 1 0.22159090909090909 1 0.22727272727272729 1 0.23295454545454547 1 0.23863636363636365 1 0.24431818181818182 1 0.25 1 0.25568181818181818 1 0.26136363636363635 1 0.26704545454545453 1 0.27272727272727271 1 0.27840909090909094 1 0.28409090909090912 1 0.28977272727272729 1 0.29545454545454547 1 0.30113636363636365 1 0.30681818181818182 1 0.3125 1 0.31818181818181818 1 0.32386363636363635 1 0.32954545454545453 1 0.33522727272727276 1 0.34090909090909094 1 0.34659090909090912 1 0.35227272727272729 1 0.35795454545454547 1 0.36363636363636365 1 0.36931818181818182 1 0.375 1 0.38068181818181818 1 0.38636363636363635 1 0.39204545454545453 1 0.39772727272727276 1 0.40340909090909094 1 0.40909090909090912 1 0.41477272727272729 1 0.42045454545454547 1 0.42613636363636365 1 0.43181818181818182 1 0.4375 1 0.44318181818181818 1 0.44886363636363635 1 0.45454545454545459 1 0.46022727272727276 1 0.46590909090909094 1 0.47159090909090912 1 0.47727272727272729 1 0.48295454545454547 1 0.48863636363636365 1 0.49431818181818182 1 0.5 1 0.50568181818181823 1 0.51136363636363635 1 0.51704545454545459 1 0.52272727272727271 1 0.52840909090909094 1 0.53409090909090906 1 0.53977272727272729 1 0.54545454545454541 1 0.55113636363636365 1 0.55681818181818188 1 0.5625 1 0.56818181818181823 1 0.57386363636363635 1 0.57954545454545459 1 0.58522727272727271 1 0.59090909090909094 1 0.59659090909090906 1 0.60227272727272729 1 0.60795454545454553 1 0.61363636363636365 1 0.61931818181818188 1 0.625 1 0.63068181818181823 1 0.63636363636363635 1 0.64204545454545459 1 0.64772727272727271 1 0.65340909090909094 1 0.65909090909090906 1 0.66477272727272729 1 0.67045454545454553 1 0.67613636363636365 1 0.68181818181818188 1 0.6875 1 0.69318181818181823 1 0.69886363636363635 1 0.70454545454545459 1 0.71022727272727271 1 0.71590909090909094 1 0.72159090909090906 1 0.72727272727272729 1 0.73295454545454553 1 0.73863636363636365 1 0.74431818181818188 1 0.75 1 0.75568181818181823 1 0.76136363636363635 1 0.76704545454545459 1 0.77272727272727271 1 0.77840909090909094 1 0.78409090909090906 1 0.78977272727272729 1 0.79545454545454553 1 0.80113636363636365 1 0.80681818181818188 1 0.8125 1 0.81818181818181823 1 0.82386363636363635 1 0.82954545454545459 1 0.83522727272727271 1 0.84090909090909094 1 0.84659090909090906 1 0.85227272727272729 1 0.85795454545454553 1 0.86363636363636365 1 0.86931818181818188 1 0.875 1 0.88068181818181823 1 0.88636363636363635 1 0.89204545454545459 1 0.89772727272727271 1 0.90340909090909094 1 0.90909090909090917 1 0.91477272727272729 1 0.92045454545454553 1 0.92613636363636365 1 0.93181818181818188 1 0.9375 1 0.94318181818181823 1 0.94886363636363635 1 0.95454545454545459 1 0.96022727272727271 1 0.96590909090909094 1 0.97159090909090917 1 0.97727272727272729 1 0.98295454545454553 1 0.98863636363636365 1 0.99431818181818188 1 1 4
1 6.2831853071795862 1.6000000000000001 -1 0 
7 0 0  3 179 177  2.6179938783895564 1.5707963261054205  2.6170154190369637 1.5741858070693475  2.6150492458357211 1.5809566235505637  2.6120719687867648 1.5910889036504909  2.6090664210166565 1.6011977369253447  2.6060323480543284 1.6112835998961361  2.6029694948547668 1.6213469551078172  2.5998776064663889 1.6313882467556426  2.596756424411518 1.6414079144441047  2.5936056947684842 1.6514063684453362  2.5904251658177628 1.6613839976879596  2.5872145851506758 1.6713411790269384  2.5839737012467463 1.6812782743744985  2.5807022624848868 1.6911956344699892  2.5774000198879556 1.7010935898446158  2.5740667150060816 1.7109724890142877  2.5707020746064426 1.7208327132364061  2.5673058280101153 1.7306746226331324  2.5638777043531769 1.7404985658792442  2.5604174336069949 1.7503048799760359  2.5569247454335042 1.7600938917071216  2.5533993700380329 1.7698659156973253  2.54984103945909 1.7796212537061993  2.5462494865421252 1.7893601964841868  2.5426244451727804 1.799083023275944  2.5389656499602733 1.8087900047955534  2.5352728392269808 1.8184813955597494  2.5315457440114133 1.8281574624309358  2.5277841339039169 1.8378183661670715  2.5239878484883578 1.8474640903532804  2.5201567208372735 1.8570946406554478  2.5162905929711701 1.8667100074614758  2.512389308793515 1.8763101784314733  2.5084527183813567 1.8858951345957728  2.5044806815216911 1.8954648447476312  2.5004730512077362 1.9050192984237104  2.4964296751657398 1.9145585010893995  2.4923504105504231 1.9240824460478867  2.4882351218638989 1.9335911204253913  2.4840836746037165 1.9430845124399903  2.479895940800724 1.9525626041416855  2.4756717990315718 1.9620253710014917  2.4714111398828651 1.9714727758482817  2.4671138352303545 1.980904825651818  2.4627797578363331 1.9903215329547355  2.4584087891372293 1.9997229025041205  2.4540008234859045 2.0091089246320553  2.4495557400275101 2.0184796275468533  2.445073405330684 2.0278350695831504  2.4405536982108802 2.0371752937232355  2.4359965050666812 2.0465003388184702  2.4314017184783285 2.0558102349922764  2.4267692388290252 2.0651050036958085  2.4220989739466856 2.0743846639224652  2.4173908488475893 2.083649214955182  2.4126447572360847 2.0928987230705562  2.4078605741093586 2.1021332945041364  2.4030381886875785 2.1113530174493262  2.3981774969866576 2.1205579762345823  2.3932784041554176 2.1297482478316487  2.3883408245014146 2.1389239034108587  2.3833646810084845 2.1480850073764999  2.3783499009290501 2.1572316121260529  2.3732964218924235 2.1663637640614994  2.3682041914045846 2.1754815037050439  2.3630731682208812 2.1845848647180581  2.357903319413857 2.1936738795970681  2.352694632804833 2.2027485597621763  2.3474470679729964 2.2118089785466415  2.3421605154450607 2.220855332565979  2.336834887043425 2.229887788558611  2.3314700997757782 2.2389065129918175  2.3260660777319533 2.2479116612334336  2.3206227523188403 2.2569033808309329  2.3151400643707478 2.2658818128176583  2.3096179639839143 2.2748470916610475  2.3040564109307855 2.2837993455423895  2.2984553749209855 2.2927386965506824  2.2928148359053875 2.3016652609014439  2.2871347843686776 2.3105791491522178  2.2814152216303136 2.3194804664147175  2.2756561601267058 2.3283693125895053  2.2698576237609873 2.3372457825176975  2.2640196479995822 2.3461099664431488  2.2581422809100014 2.3549619493142759  2.2522255806799278 2.3638018144134141  2.2462696262603541 2.3726296308302124  2.2402744516332787 2.381445535108877  2.2342400816343195 2.3902496775467306  2.2281665563225177 2.399042196937732  2.2220539256697829 2.407823228076972  2.2159022513085009 2.416592899976381  2.2097116063851412 2.4253513365695838  2.203482075918163 2.4340986567499341  2.1972137570170367 2.4428349745868712  2.1909067591341547 2.4515603994936743  2.1845612043029727 2.460275036407042  2.1781772273743147 2.4689789859618596  2.1717549762469512 2.4776723446650597  2.1652946120929508 2.4863552050674009  2.1587963095767195 2.4950276559321924  2.1522602570683604 2.5036897824035318  2.1456866568467308 2.5123416661633886  2.1390757253068449 2.5209833856146444  2.1324276931143151 2.5296150159512978  2.1257428055180667 2.53823662963126  2.1190212352206137 2.5468483826767354  2.1122631669102954 2.5554504261943261  2.1054687969049892 2.5640429061296603  2.0986383363116641 2.5726259665947779  2.0917720107682651 2.5811997496894206  2.0848700581533572 2.5897643930262437  2.0779327292878178 2.5983200304603433  2.0709602879021323 2.6068667920667496  2.0639530108342834 2.6154048042683633  2.0569111879884394 2.6239341901028852  2.0498351229662664 2.6324550687705028  2.0427251311906738 2.640967557905586  2.0355815473283978 2.6494717656561297  2.0284046930818871 2.6579678261301756  2.0211948722879116 2.6664559030139978  2.0139524072604384 2.6749361495539903  2.0066776310296901 2.6834087173237742  1.999370889455 2.6918737540581059  1.9920325408481072 2.7003314042137152  1.9846629556226085 2.7087818095458389  1.977262518267964 2.7172251068849054  1.9698316197168602 2.7256614373445616  1.9623706340993743 2.734090972878362  1.9548799505762562 2.7425138783428804  1.9473599691575396 2.7509303166084593  1.9398111018787365 2.759340447315711  1.9322337720929232 2.7677444273371736  1.924628414940976 2.7761424109670898  1.916995477147871 2.7845345499102025  1.9093354172870027 2.7929209930623227  1.9016487044143409 2.8013018878850899  1.89393581530818 2.8096773830130455  1.8861972384269989 2.8180476243629173  1.8784334736278667 2.8264127553924605  1.8706450305897655 2.8347729187136919  1.8628324188859469 2.8431282659126578  1.8549961595854119 2.8514789455715532  1.8471367840432558 2.8598251045107186  1.8392548339738475 2.8681668875411477  1.8313508598871566 2.8765044385710619  1.8234254237857637 2.8848378981964116  1.8154790924598876 2.8931674108393337  1.8075124633585664 2.9014930964246846  1.7995261872526602 2.9098150266711804  1.7915209176120235 2.9181332801868689  1.7834973198801105 2.9264479325928558  1.7754560674706448 2.9347590580472209  1.7673978422489764 2.943066728640948  1.7593233350514352 2.9513710157139883  1.7512332454445532 2.9596719896507691  1.7431282797148322 2.9679697195673427  1.7350091514803367 2.976264273521966  1.7268765819373895 2.9845557187396956  1.7187312995135202 2.9928441214501191  1.7105740389509207 3.0011295460535483  1.7024055408108727 3.0094120566281082  1.6942265522307334 3.0176917157895224  1.6860378238718632 3.0259685873588493  1.6778400978532073 3.0342427478806302  1.6696341221800581 3.0425142717946354  1.6614206487045775 3.0507832329771238  1.6532004333234991 3.0590497046245964  1.6449742355091086 3.067313759640327  1.6367428178364725 3.0755754699326578  1.6285069447755471 3.0838349070360218  1.6202673862517503 3.0920921396887704  1.6120249163192946 3.1003472343822076  1.6037803097375671 3.108600257262407  1.5955343421792541 3.116851273365528  1.5872877899746585 3.1251003492695286  1.579041429571638 3.1333475515534817  1.5735445007401925 3.1388444800926689  1.5707963267949001 3.1415926535897931 
 0 4 0.005681818181818182 1 0.011363636363636364 1 0.017045454545454544 1 0.022727272727272728 1 0.028409090909090912 1 0.034090909090909088 1 0.039772727272727272 1 0.045454545454545456 1 0.05113636363636364 1 0.056818181818181823 1 0.0625 1 0.068181818181818177 1 0.073863636363636367 1 0.079545454545454544 1 0.085227272727272735 1 0.090909090909090912 1 0.096590909090909088 1 0.10227272727272728 1 0.10795454545454546 1 0.11363636363636365 1 0.11931818181818182 1 0.125 1 0.13068181818181818 1 0.13636363636363635 1 0.14204545454545456 1 0.14772727272727273 1 0.15340909090909091 1 0.15909090909090909 1 0.16477272727272727 1 0.17045454545454547 1 0.17613636363636365 1 0.18181818181818182 1 0.1875 1 0.19318181818181818 1 0.19886363636363638 1 0.20454545454545456 1 0.21022727272727273 1 0.21590909090909091 1 0.22159090909090909 1 0.22727272727272729 1 0.23295454545454547 1 0.23863636363636365 1 0.24431818181818182 1 0.25 1 0.25568181818181818 1 0.26136363636363635 1 0.26704545454545453 1 0.27272727272727271 1 0.27840909090909094 1 0.28409090909090912 1 0.28977272727272729 1 0.29545454545454547 1 0.30113636363636365 1 0.30681818181818182 1 0.3125 1 0.31818181818181818 1 0.32386363636363635 1 0.32954545454545453 1 0.33522727272727276 1 0.34090909090909094 1 0.34659090909090912 1 0.35227272727272729 1 0.35795454545454547 1 0.36363636363636365 1 0.36931818181818182 1 0.375 1 0.38068181818181818 1 0.38636363636363635 1 0.39204545454545453 1 0.39772727272727276 1 0.40340909090909094 1 0.40909090909090912 1 0.41477272727272729 1 0.42045454545454547 1 0.42613636363636365 1 0.43181818181818182 1 0.4375 1 0.44318181818181818 1 0.44886363636363635 1 0.45454545454545459 1 0.46022727272727276 1 0.46590909090909094 1 0.47159090909090912 1 0.47727272727272729 1 0.48295454545454547 1 0.48863636363636365 1 0.49431818181818182 1 0.5 1 0.50568181818181823 1 0.51136363636363635 1 0.51704545454545459 1 0.52272727272727271 1 0.52840909090909094 1 0.53409090909090906 1 0.53977272727272729 1 0.54545454545454541 1 0.55113636363636365 1 0.55681818181818188 1 0.5625 1 0.56818181818181823 1 0.57386363636363635 1 0.57954545454545459 1 0.58522727272727271 1 0.59090909090909094 1 0.59659090909090906 1 0.60227272727272729 1 0.60795454545454553 1 0.61363636363636365 1 0.61931818181818188 1 0.625 1 0.63068181818181823 1 0.63636363636363635 1 0.64204545454545459 1 0.64772727272727271 1 0.65340909090909094 1 0.65909090909090906 1 0.66477272727272729 1 0.67045454545454553 1 0.67613636363636365 1 0.68181818181818188 1 0.6875 1 0.69318181818181823 1 0.69886363636363635 1 0.70454545454545459 1 0.71022727272727271 1 0.71590909090909094 1 0.72159090909090906 1 0.72727272727272729 1 0.73295454545454553 1 0.73863636363636365 1 0.74431818181818188 1 0.75 1 0.75568181818181823 1 0.76136363636363635 1 0.76704545454545459 1 0.77272727272727271 1 0.77840909090909094 1 0.78409090909090906 1 0.78977272727272729 1 0.79545454545454553 1 0.80113636363636365 1 0.80681818181818188 1 0.8125 1 0.81818181818181823 1 0.82386363636363635 1 0.82954545454545459 1 0.83522727272727271 1 0.84090909090909094 1 0.84659090909090906 1 0.85227272727272729 1 0.85795454545454553 1 0.86363636363636365 1 0.86931818181818188 1 0.875 1 0.88068181818181823 1 0.88636363636363635 1 0.89204545454545459 1 0.89772727272727271 1 0.90340909090909094 1 0.90909090909090917 1 0.91477272727272729 1 0.92045454545454553 1 0.92613636363636365 1 0.93181818181818188 1 0.9375 1 0.94318181818181823 1 0.94886363636363635 1 0.95454545454545459 1 0.96022727272727271 1 0.96590909090909094 1 0.97159090909090917 1 0.97727272727272729 1 0.98295454545454553 1 0.98863636363636365 1 0.99431818181818188 1 1 4
1 0 4.5 0 1 
7 0 0  3 179 177  2.0943951019951363 1.5707963261054199  2.0953735613477296 1.5741858070693473  2.0973397345489735 1.5809566235505652  2.1003170115979293 1.5910889036504974  2.1033225593680411 1.6011977369253572  2.1063566323303675 1.6112835998961452  2.109419485529926 1.621346955107819  2.1125113739183057 1.6313882467556449  2.1156325559731752 1.6414079144441025  2.118783285616209 1.6514063684453355  2.1219638145669313 1.6613839976879583  2.1251743952340165 1.6713411790269401  2.128415279137946 1.6812782743744978  2.131686717899806 1.6911956344699846  2.1349889604967385 1.7010935898446116  2.138322265378612 1.7109724890142757  2.1416869057782524 1.7208327132363979  2.1450831523745797 1.730674622633132  2.1485112760315213 1.7404985658792549  2.1519715467777045 1.7503048799760481  2.155464234951193 1.7600938917071289  2.1589896103466648 1.7698659156973282  2.1625479409256068 1.7796212537062033  2.1661394938425675 1.7893601964841863  2.1697645352119141 1.7990830232759549  2.1734233304244204 1.8087900047955674  2.1771161411577129 1.8184813955597656  2.1808432363732813 1.8281574624309427  2.1846048464807772 1.8378183661670597  2.1884011318963363 1.847464090353264  2.1922322595474215 1.8570946406554305  2.1960983874135249 1.8667100074614638  2.19999967159118 1.8763101784314582  2.203936262003336 1.8858951345957577  2.2079082988630021 1.8954648447476155  2.2119159291769592 1.9050192984236993  2.2159593052189548 1.9145585010893866  2.2200385698342715 1.9240824460478823  2.2241538585207965 1.9335911204253962  2.2283053057809772 1.9430845124399974  2.2324930395839715 1.9525626041416919  2.2367171813531233 1.9620253710014948  2.2409778405018308 1.9714727758482788  2.2452751451543396 1.9809048256518154  2.2496092225483602 1.9903215329547308  2.2539801912474653 1.9997229025041188  2.2583881568987887 2.0091089246320561  2.2628332403571831 2.0184796275468635  2.2673155750540097 2.0278350695831611  2.2718352821738126 2.0371752937232528  2.276392475318012 2.0465003388184857  2.2809872619063651 2.0558102349922929  2.2856197415556667 2.0651050036958174  2.2902900064380058 2.0743846639224621  2.2949981315371026 2.0836492149551793  2.2997442231486063 2.0928987230705505  2.3045284062753333 2.1021332945041338  2.309350791697113 2.1113530174493205  2.3142114833980343 2.1205579762345788  2.3191105762292752 2.1297482478316474  2.3240481558832791 2.1389239034108516  2.3290242993762078 2.1480850073764937  2.3340390794556418 2.1572316121260409  2.3390925584922693 2.1663637640614755  2.3441847889801064 2.1754815037050172  2.3493158121638111 2.184584864718027  2.3544856609708358 2.1936738795970347  2.3596943475798597 2.202748559762143  2.3649419124116959 2.2118089785466069  2.3702284649396312 2.2208553325659466  2.3755540933412682 2.2298877885585902  2.3809188806089163 2.2389065129918038  2.3863229026527408 2.2479116612334207  2.3917662280658525 2.2569033808309378  2.3972489160139454 2.2658818128176632  2.4027710164007789 2.2748470916610635  2.4083325694539068 2.2837993455424126  2.4139336054637082 2.2927386965507108  2.4195741444793062 2.3016652609014829  2.4252541960160166 2.3105791491522596  2.4309737587543769 2.3194804664147597  2.4367328202579901 2.3283693125895524  2.4425313566237068 2.3372457825177451  2.4483693323851097 2.3461099664431906  2.4542466994746914 2.3549619493143186  2.4601633997047649 2.3638018144134336  2.4661193541243378 2.3726296308302359  2.4721145287514132 2.381445535108885  2.4781488987503759 2.3902496775467292  2.4842224240621746 2.3990421969377214  2.4903350547149095 2.4078232280769591  2.4964867290761936 2.4165928999763637  2.5026773739995507 2.4253513365695563  2.5089069044665306 2.4340986567499163  2.5151752233676552 2.4428349745868498  2.521482221250539 2.4515603994936481  2.5278277760817192 2.4602750364070296  2.5342117530103794 2.4689789859618436  2.5406340041377442 2.4776723446650504  2.5470943682917428 2.4863552050673903  2.5535926708079728 2.4950276559321947  2.5601287233163346 2.5036897824035451  2.5667023235379625 2.5123416661633979  2.5733132550778492 2.5209833856146613  2.5799612872703781 2.5296150159513178  2.5866461748666265 2.5382366296312924  2.5933677451640831 2.5468483826767643  2.6001258134743988 2.5554504261943598  2.6069201834797044 2.5640429061297016  2.6137506440730314 2.5726259665948144  2.6206169696164272 2.5811997496894517  2.6275189222313404 2.5897643930262668  2.6344562510968745 2.5983200304603677  2.6414286924825627 2.6068667920667612  2.6484359695504116 2.6154048042683686  2.6554777923962547 2.6239341901028772  2.6625538574184273 2.6324550687704971  2.6696638491940194 2.6409675579055549  2.6768074330562963 2.6494717656561075  2.6839842873028084 2.6579678261301392  2.6911941080967829 2.6664559030139716  2.6984365731242543 2.6749361495539445  2.7057113493550058 2.6834087173237449  2.7130180909296944 2.6918737540580677  2.7203564395365896 2.7003314042136917  2.7277260247620907 2.7087818095458238  2.7351264621167357 2.7172251068848983  2.7425573606678455 2.7256614373445851  2.7500183462853336 2.7340909728784051  2.757509029808451 2.7425138783429297  2.7650290112271665 2.7509303166085064  2.7725778785059614 2.7593404473157301  2.7801552082917715 2.7677444273371621  2.7877605654437154 2.7761424109670587  2.79539350323682 2.7845345499101755  2.8030535630976905 2.7929209930622823  2.8107402759703493 2.8013018878850473  2.8184531650765101 2.8096773830130095  2.8261917419576918 2.8180476243628805  2.8339555067568236 2.8264127553924294  2.8417439497949295 2.8347729187136723  2.8495565614987526 2.8431282659126484  2.8573928207992867 2.8514789455715497  2.8652521963414461 2.8598251045107252  2.8731341464108513 2.868166887541149  2.8810381204975402 2.8765044385710739  2.8889635565989322 2.884837898196416  2.8969098879247999 2.8931674108393399  2.9048765170261275 2.9014930964246943  2.9128627931320272 2.9098150266711937  2.9208680627726693 2.9181332801868645  2.9288916605045796 2.9264479325928687  2.9369329129140462 2.9347590580472165  2.9449911381357143 2.9430667286409227  2.9530656453332575 2.9513710157139568  2.9611557349401458 2.9596719896507331  2.9692607006698668 2.967969719567308  2.9773798289043714 2.9762642735219491  2.9855123984473106 2.9845557187397134  2.9936576808711757 2.9928441214502017  3.0018149414337678 3.0011295460536545  3.0099834395738196 3.0094120566281948  3.0181624281539623 3.0176917157896095  3.0263511565128356 3.0259685873589244  3.0345488825314959 3.0342427478807101  3.0427548582046509 3.0425142717947069  3.0509683316801373 3.0507832329771829  3.0591885470612121 3.0590497046246092  3.0674147448756068 3.0673137596403106  3.0756461625482383 3.0755754699326157  3.0838820356091667 3.0838349070359747  3.0921215941329518 3.0920921396887691  3.100364064065416 3.1003472343822298  3.1086086706471492 3.1086002572624456  3.1168546382054854 3.1168512733655538  3.1251011904101027 3.1251003492695366  3.133347550813105 3.133347551553519  3.1388444796445203 3.138844480092692  3.1415926535897922 3.1415926535897931 
 0 4 0.005681818181818182 1 0.011363636363636364 1 0.017045454545454544 1 0.022727272727272728 1 0.028409090909090912 1 0.034090909090909088 1 0.039772727272727272 1 0.045454545454545456 1 0.05113636363636364 1 0.056818181818181823 1 0.0625 1 0.068181818181818177 1 0.073863636363636367 1 0.079545454545454544 1 0.085227272727272735 1 0.090909090909090912 1 0.096590909090909088 1 0.10227272727272728 1 0.10795454545454546 1 0.11363636363636365 1 0.11931818181818182 1 0.125 1 0.13068181818181818 1 0.13636363636363635 1 0.14204545454545456 1 0.14772727272727273 1 0.15340909090909091 1 0.15909090909090909 1 0.16477272727272727 1 0.17045454545454547 1 0.17613636363636365 1 0.18181818181818182 1 0.1875 1 0.19318181818181818 1 0.19886363636363638 1 0.20454545454545456 1 0.21022727272727273 1 0.21590909090909091 1 0.22159090909090909 1 0.22727272727272729 1 0.23295454545454547 1 0.23863636363636365 1 0.24431818181818182 1 0.25 1 0.25568181818181818 1 0.26136363636363635 1 0.26704545454545453 1 0.27272727272727271 1 0.27840909090909094 1 0.28409090909090912 1 0.28977272727272729 1 0.29545454545454547 1 0.30113636363636365 1 0.30681818181818182 1 0.3125 1 0.31818181818181818 1 0.32386363636363635 1 0.32954545454545453 1 0.33522727272727276 1 0.34090909090909094 1 0.34659090909090912 1 0.35227272727272729 1 0.35795454545454547 1 0.36363636363636365 1 0.36931818181818182 1 0.375 1 0.38068181818181818 1 0.38636363636363635 1 0.39204545454545453 1 0.39772727272727276 1 0.40340909090909094 1 0.40909090909090912 1 0.41477272727272729 1 0.42045454545454547 1 0.42613636363636365 1 0.43181818181818182 1 0.4375 1 0.44318181818181818 1 0.44886363636363635 1 0.45454545454545459 1 0.46022727272727276 1 0.46590909090909094 1 0.47159090909090912 1 0.47727272727272729 1 0.48295454545454547 1 0.48863636363636365 1 0.49431818181818182 1 0.5 1 0.50568181818181823 1 0.51136363636363635 1 0.51704545454545459 1 0.52272727272727271 1 0.52840909090909094 1 0.53409090909090906 1 0.53977272727272729 1 0.54545454545454541 1 0.55113636363636365 1 0.55681818181818188 1 0.5625 1 0.56818181818181823 1 0.57386363636363635 1 0.57954545454545459 1 0.58522727272727271 1 0.59090909090909094 1 0.59659090909090906 1 0.60227272727272729 1 0.60795454545454553 1 0.61363636363636365 1 0.61931818181818188 1 0.625 1 0.63068181818181823 1 0.63636363636363635 1 0.64204545454545459 1 0.64772727272727271 1 0.65340909090909094 1 0.65909090909090906 1 0.66477272727272729 1 0.67045454545454553 1 0.67613636363636365 1 0.68181818181818188 1 0.6875 1 0.69318181818181823 1 0.69886363636363635 1 0.70454545454545459 1 0.71022727272727271 1 0.71590909090909094 1 0.72159090909090906 1 0.72727272727272729 1 0.73295454545454553 1 0.73863636363636365 1 0.74431818181818188 1 0.75 1 0.75568181818181823 1 0.76136363636363635 1 0.76704545454545459 1 0.77272727272727271 1 0.77840909090909094 1 0.78409090909090906 1 0.78977272727272729 1 0.79545454545454553 1 0.80113636363636365 1 0.80681818181818188 1 0.8125 1 0.81818181818181823 1 0.82386363636363635 1 0.82954545454545459 1 0.83522727272727271 1 0.84090909090909094 1 0.84659090909090906 1 0.85227272727272729 1 0.85795454545454553 1 0.86363636363636365 1 0.86931818181818188 1 0.875 1 0.88068181818181823 1 0.88636363636363635 1 0.89204545454545459 1 0.89772727272727271 1 0.90340909090909094 1 0.90909090909090917 1 0.91477272727272729 1 0.92045454545454553 1 0.92613636363636365 1 0.93181818181818188 1 0.9375 1 0.94318181818181823 1 0.94886363636363635 1 0.95454545454545459 1 0.96022727272727271 1 0.96590909090909094 1 0.97159090909090917 1 0.97727272727272729 1 0.98295454545454553 1 0.98863636363636365 1 0.99431818181818188 1 1 4
1 6.2831853071795862 1.6000000000000001 -1 0 
7 0 0  3 179 177  2.6179938782436021 1.5707963259368907  2.6170151702374493 1.5741866683727788  2.6150485250052324 1.580959099910171  2.6120706142623975 1.5910934939946304  2.6090645057119355 1.6012041477941397  2.6060299433149599 1.6112915527023426  2.6029666703774548 1.621356185911428  2.5998744302447152 1.63139850586332  2.5967529623635976 1.6414189670179797  2.5936020103417441 1.6514179952584842  2.5904213198781973 1.6613959948910926  2.5872106358348748 1.6713533579285969  2.5839697038235689 1.6812904613252591  2.5806982693067448 1.6912076705123358  2.5773960799516784 1.7011053313478397  2.5740628751456707 1.7109838034921141  2.5706983801047714 1.7208434773079286  2.5673023222554368 1.7306847226366129  2.5638744289043403 1.7405078971642591  2.560414428205513 1.7503133467010814  2.5569220477261481 1.7601014073028161  2.553397015365189 1.7698724029109121  2.5498390620390938 1.7796266410654746  2.5462479196772083 1.7893644176823078  2.5426233210209563 1.7990860174944729  2.5389649998557995 1.8087917155171269  2.5352726925224789 1.8184817735955054  2.5315461324460449 1.8281564543580742  2.5277850712803707 1.83781596666091  2.5239893295965619 1.8474603426267322  2.5201587241271142 1.8570896273097415  2.5162930793326579 1.8667038521774673  2.5123922224951341 1.8763030428904393  2.5084559862745439 1.8858872174493757  2.5044842106852347 1.8954563849858537  2.5004767374341372 1.90501055519616  2.4964334075290076 1.9145497414740433  2.4923540699585569 1.9240739479241984  2.4882385807899792 1.933583172116452  2.4840867980962287 1.9430774098869279  2.4798985869776424 1.9525566497785267  2.4756738190183012 1.9620208751779551  2.471412377223408 1.9714700529963864  2.4671141626041715 1.9809041153730196  2.4627790827793308 1.9903229952123265  2.45840706082546 1.9997266098169664  2.4539980000558255 2.0091149223001339  2.4495517962783988 2.0184879170505248  2.4450683582774011 2.0278455655460186  2.440547603836722 2.0371878343606116  2.4359894593069265 2.0465146866153492  2.4313938674404607 2.0558260708849385  2.4267607459048608 2.0651219847196063  2.4220900002958636 2.0744024508911543  2.4173815505265241 2.0836674777428108  2.4126353249687975 2.0929170691067283  2.4078512623080299 2.1021512224047725  2.40302931214041 2.1113699285986169  2.3981694329128076 2.120573176566606  2.393271601775302 2.1297609379284936  2.3883357786749722 2.1389332269439776  2.3833617677181738 2.1480903206570123  2.3783494046006299 2.1572324703138035  2.3732985251639138 2.1663599252391013  2.3682089723996191 2.1754729246245956  2.3630805949003144 2.1845716998871074  2.3579132475533657 2.1936564742997904  2.3527067918436648 2.202727463001346  2.3474610955044071 2.2117848742585373  2.3421760351991758 2.2208289053628221  2.3368515386614805 2.229859675905927  2.3314875417082241 2.2388773026362414  2.3260839887433771 2.2478818938153515  2.32064083323429 2.2568735510821716  2.3151580391160778 2.2658523707507467  2.3096355807699935 2.2748184432301906  2.3040734436731882 2.2837718555918536  2.2984716233940827 2.2927126805100273  2.2928301262521678 2.3016409792903252  2.2871489704924728 2.3105568095731988  2.2814281864101731 2.3194602238007658  2.2756678166755728 2.3283512699977584  2.2698679168076694 2.3372299917016219  2.2640285548456207 2.3460964289724018  2.2581498140695389 2.3549506159215703  2.2522317388550412 2.3637926476487103  2.2462743832358343 2.3726226167461872  2.2402778142242594 2.3814406106454942  2.2342421072772547 2.3902467077627882  2.2281673502265389 2.3990409814350877  2.2220536439042 2.4078235004487105  2.2159011019831327 2.4165943296118835  2.2097098525944872 2.4253535281843952  2.2034800335951119 2.4341011568188464  2.1972118114288395 2.4428372525813526  2.1909052985723494 2.4515619411859433  2.1845605454028951 2.460275441472465  2.1781776277087421 2.4689779459227124  2.1717566277857365 2.4776696469910182  2.165297639771564 2.486350730220019  2.1588007684818575 2.4950213762583693  2.152266129984286 2.5036817604946346  2.1456938516998436 2.5123320533321296  2.1390840726358236 2.5209724202899957  2.132436943541089 2.5296030221623833  2.1257526272142626 2.5382240151217079  2.1190312982492401 2.5468355509882676  2.1122731448472174 2.5554377768897676  2.1054783628916143 2.5640308371920404  2.0986471907309534 2.5726148756179974  2.0917798768393805 2.5811899861342913  2.0848766822401723 2.5897562659999886  2.0779378820439769 2.5983138071590699  2.0709637652011077 2.606862698725108  2.063954634719642 2.6154030264896195  2.0569108077458944 2.6239348732228946  2.0498326156664453 2.6324583187590402  2.0427204041954834 2.640973440127965  2.0355745334305571 2.6494803116904384  2.028395377977581 2.6579790051871419  2.0211833267561761 2.6664695901011033  2.0139387839372698 2.6749521328235168  2.0066621655916639 2.683426700262276  1.9993539122803903 2.6918933468450144  1.9920143666426664 2.7003522436162188  1.9846438675561557 2.708803573855842  1.9772427693925418 2.7172475129686129  1.9698114369654096 2.7256842339267506  1.9623502469109704 2.7341139059492048  1.9548595873118144 2.7425366949783037  1.9473398578602268 2.7509527637257674  1.9397914695631939 2.7593622716390294  1.9322148456988568 2.7677653756279428  1.9246104242541147 2.7761622341502927  1.9169786564041558 2.7845530006609254  1.9093199960978859 2.7929378344494449  1.9016348940051282 2.8013169056128167  1.8939238143357062 2.8096903790740915  1.8861872314181354 2.8180584178635817  1.8784256305232327 2.8264211823502321  1.8706395074930384 2.8347788305963419  1.862829368840814 2.8431315182601424  1.8549957310983003 2.8514793991745324  1.8471391241396291 2.8598226222909391  1.8392600889257049 2.8681613337847383  1.8313591763080319 2.876495678097148  1.8234369470156102 2.8848257978708136  1.8154939718907457 2.8931518336871949  1.8075308298441157 2.9014739257176787  1.799548103882658 2.9097922168874248  1.7915463868425816 2.918106847888434  1.7835262800811991 2.9264179582397722  1.7754883942722886 2.9347256853148753  1.7674333462208383 2.9430301676020107  1.759361769776816 2.9513315326853298  1.7512743468907854 2.9596298641396266  1.7431717630002663 2.9679252497168691  1.7350547126446336 2.9762177749159897  1.7269238975935992 2.9845075246890915  1.7187800267291065 2.9927945832525209  1.7106238157129841 3.0010790311542856  1.7024559873547618 3.009360948152962  1.6942772704211808 3.0176404132215713  1.6860883993955229 3.0259175047625613  1.6778901143008189 3.0341922996244666  1.6696831596517798 3.0424648740079774  1.6614682863842491 3.0507353016282082  1.6532462396680989 3.0590036655290569  1.6450177616343002 3.0672700548757454  1.6367835991941888 3.0755345565340138  1.6285445016971576 3.083797257558496  1.6203012212214132 3.0920582443799054  1.6120545112422728 3.1003176032596622  1.6038051306511609 3.1085754169685731  1.5955538409556322 3.1168317666948164  1.5873014041161289 3.1250867331250713  1.5790485821508986 3.1333403984877548  1.5735469520496643 3.1388420284734719  1.5707963267948966 3.1415926535897931 
 0 4 0.005681818181818182 1 0.011363636363636364 1 0.017045454545454544 1 0.022727272727272728 1 0.028409090909090912 1 0.034090909090909088 1 0.039772727272727272 1 0.045454545454545456 1 0.05113636363636364 1 0.056818181818181823 1 0.0625 1 0.068181818181818177 1 0.073863636363636367 1 0.079545454545454544 1 0.085227272727272735 1 0.090909090909090912 1 0.096590909090909088 1 0.10227272727272728 1 0.10795454545454546 1 0.11363636363636365 1 0.11931818181818182 1 0.125 1 0.13068181818181818 1 0.13636363636363635 1 0.14204545454545456 1 0.14772727272727273 1 0.15340909090909091 1 0.15909090909090909 1 0.16477272727272727 1 0.17045454545454547 1 0.17613636363636365 1 0.18181818181818182 1 0.1875 1 0.19318181818181818 1 0.19886363636363638 1 0.20454545454545456 1 0.21022727272727273 1 0.21590909090909091 1 0.22159090909090909 1 0.22727272727272729 1 0.23295454545454547 1 0.23863636363636365 1 0.24431818181818182 1 0.25 1 0.25568181818181818 1 0.26136363636363635 1 0.26704545454545453 1 0.27272727272727271 1 0.27840909090909094 1 0.28409090909090912 1 0.28977272727272729 1 0.29545454545454547 1 0.30113636363636365 1 0.30681818181818182 1 0.3125 1 0.31818181818181818 1 0.32386363636363635 1 0.32954545454545453 1 0.33522727272727276 1 0.34090909090909094 1 0.34659090909090912 1 0.35227272727272729 1 0.35795454545454547 1 0.36363636363636365 1 0.36931818181818182 1 0.375 1 0.38068181818181818 1 0.38636363636363635 1 0.39204545454545453 1 0.39772727272727276 1 0.40340909090909094 1 0.40909090909090912 1 0.41477272727272729 1 0.42045454545454547 1 0.42613636363636365 1 0.43181818181818182 1 0.4375 1 0.44318181818181818 1 0.44886363636363635 1 0.45454545454545459 1 0.46022727272727276 1 0.46590909090909094 1 0.47159090909090912 1 0.47727272727272729 1 0.48295454545454547 1 0.48863636363636365 1 0.49431818181818182 1 0.5 1 0.50568181818181823 1 0.51136363636363635 1 0.51704545454545459 1 0.52272727272727271 1 0.52840909090909094 1 0.53409090909090906 1 0.53977272727272729 1 0.54545454545454541 1 0.55113636363636365 1 0.55681818181818188 1 0.5625 1 0.56818181818181823 1 0.57386363636363635 1 0.57954545454545459 1 0.58522727272727271 1 0.59090909090909094 1 0.59659090909090906 1 0.60227272727272729 1 0.60795454545454553 1 0.61363636363636365 1 0.61931818181818188 1 0.625 1 0.63068181818181823 1 0.63636363636363635 1 0.64204545454545459 1 0.64772727272727271 1 0.65340909090909094 1 0.65909090909090906 1 0.66477272727272729 1 0.67045454545454553 1 0.67613636363636365 1 0.68181818181818188 1 0.6875 1 0.69318181818181823 1 0.69886363636363635 1 0.70454545454545459 1 0.71022727272727271 1 0.71590909090909094 1 0.72159090909090906 1 0.72727272727272729 1 0.73295454545454553 1 0.73863636363636365 1 0.74431818181818188 1 0.75 1 0.75568181818181823 1 0.76136363636363635 1 0.76704545454545459 1 0.77272727272727271 1 0.77840909090909094 1 0.78409090909090906 1 0.78977272727272729 1 0.79545454545454553 1 0.80113636363636365 1 0.80681818181818188 1 0.8125 1 0.81818181818181823 1 0.82386363636363635 1 0.82954545454545459 1 0.83522727272727271 1 0.84090909090909094 1 0.84659090909090906 1 0.85227272727272729 1 0.85795454545454553 1 0.86363636363636365 1 0.86931818181818188 1 0.875 1 0.88068181818181823 1 0.88636363636363635 1 0.89204545454545459 1 0.89772727272727271 1 0.90340909090909094 1 0.90909090909090917 1 0.91477272727272729 1 0.92045454545454553 1 0.92613636363636365 1 0.93181818181818188 1 0.9375 1 0.94318181818181823 1 0.94886363636363635 1 0.95454545454545459 1 0.96022727272727271 1 0.96590909090909094 1 0.97159090909090917 1 0.97727272727272729 1 0.98295454545454553 1 0.98863636363636365 1 0.99431818181818188 1 1 4
1 6.2831853071795862 1.6000000000000001 -1 0 
7 0 0  3 179 177  2.6179938783895564 1.5707963261054205  2.6170154190369632 1.5741858070693477  2.6150492458357197 1.5809566235505659  2.6120719687867626 1.5910889036504992  2.609066421016653 1.6011977369253554  2.6060323480543262 1.6112835998961443  2.6029694948547677 1.6213469551078161  2.5998776064663875 1.6313882467556438  2.5967564244115189 1.6414079144441014  2.5936056947684838 1.6514063684453355  2.5904251658177642 1.6613839976879565  2.5872145851506758 1.6713411790269395  2.5839737012467472 1.6812782743744978  2.5807022624848877 1.6911956344699866  2.5774000198879548 1.7010935898446153  2.5740667150060821 1.710972489014285  2.5707020746064408 1.7208327132364076  2.5673058280101122 1.7306746226331391  2.5638777043531715 1.7404985658792591  2.5604174336069878 1.7503048799760537  2.556924745433498 1.7600938917071376  2.5533993700380258 1.7698659156973442  2.5498410394590838 1.7796212537062166  2.546249486542119 1.7893601964842034  2.5426244451727755 1.7990830232759552  2.5389656499602697 1.8087900047955645  2.535272839226979 1.818481395559753  2.531545744011412 1.8281574624309391  2.5277841339039151 1.8378183661670739  2.5239878484883569 1.8474640903532866  2.5201567208372713 1.8570946406554558  2.5162905929711683 1.8667100074614849  2.5123893087935114 1.8763101784314875  2.5084527183813519 1.8858951345957848  2.5044806815216862 1.8954648447476408  2.5004730512077327 1.9050192984237178  2.4964296751657375 1.9145585010894015  2.4923504105504231 1.9240824460478856  2.4882351218638981 1.9335911204253902  2.4840836746037169 1.9430845124399845  2.4798959408007244 1.952562604141679  2.4756717990315718 1.9620253710014881  2.4714111398828651 1.9714727758482773  2.4671138352303545 1.9809048256518167  2.4627797578363335 1.9903215329547288  2.4584087891372288 1.9997229025041146  2.4540008234859041 2.0091089246320508  2.4495557400275101 2.0184796275468462  2.445073405330684 2.0278350695831415  2.4405536982108793 2.0371752937232266  2.4359965050666803 2.0465003388184666  2.431401718478329 2.0558102349922707  2.4267692388290252 2.0651050036958032  2.4220989739466869 2.0743846639224621  2.4173908488475879 2.0836492149551815  2.4126447572360861 2.0928987230705509  2.4078605741093577 2.1021332945041382  2.4030381886875798 2.1113530174493236  2.3981774969866558 2.1205579762345845  2.3932784041554185 2.1297482478316518  2.3883408245014128 2.1389239034108605  2.3833646810084854 2.1480850073764999  2.3783499009290501 2.1572316121260555  2.3732964218924231 2.1663637640615003  2.3682041914045846 2.1754815037050466  2.3630731682208803 2.1845848647180603  2.3579033194138552 2.1936738795970698  2.3526946328048322 2.202748559762183  2.3474470679729946 2.2118089785466446  2.3421605154450602 2.2208553325659794  2.3368348870434228 2.229887788558619  2.3314700997757756 2.2389065129918189  2.3260660777319511 2.2479116612334398  2.3206227523188372 2.2569033808309387  2.3151400643707469 2.2658818128176672  2.3096179639839112 2.2748470916610479  2.3040564109307846 2.2837993455423926  2.2984553749209842 2.2927386965506855  2.2928148359053844 2.3016652609014541  2.2871347843686749 2.3105791491522232  2.2814152216303132 2.3194804664147224  2.2756561601267022 2.3283693125895146  2.2698576237609855 2.3372457825177055  2.26401964799958 2.3461099664431546  2.2581422809099978 2.3549619493142888  2.2522255806799265 2.3638018144134216  2.2462696262603523 2.3726296308302253  2.2402744516332773 2.3814455351088921  2.2342400816343151 2.3902496775467443  2.2281665563225159 2.3990421969377462  2.2220539256697815 2.4078232280769858  2.2159022513085 2.4165928999763917  2.2097116063851385 2.4253513365695922  2.2034820759181621 2.434098656749951  2.1972137570170345 2.4428349745868805  2.1909067591341542 2.4515603994936828  2.1845612043029705 2.4602750364070514  2.1781772273743139 2.4689789859618672  2.1717549762469504 2.4776723446650641  2.1652946120929508 2.4863552050673996  2.1587963095767195 2.4950276559322  2.1522602570683582 2.5036897824035331  2.1456866568467303 2.5123416661633891  2.1390757253068444 2.5209833856146413  2.1324276931143151 2.5296150159512925  2.1257428055180667 2.5382366296312471  2.1190212352206115 2.5468483826767314  2.1122631669102963 2.5554504261943136  2.1054687969049892 2.5640429061296524  2.0986383363116636 2.5726259665947597  2.0917720107682669 2.5811997496894077  2.0848700581533572 2.5897643930262295  2.0779327292878191 2.5983200304603264  2.0709602879021332 2.6068667920667363  2.0639530108342834 2.6154048042683504  2.0569111879884412 2.623934190102867  2.0498351229662672 2.6324550687704944  2.0427251311906778 2.6409675579055696  2.0355815473283974 2.6494717656561235  2.0284046930818902 2.6579678261301689  2.0211948722879143 2.6664559030139974  2.0139524072604402 2.6749361495539885  2.0066776310296932 2.6834087173237764  1.9993708894550011 2.6918737540581108  1.9920325408481077 2.7003314042137219  1.9846629556226061 2.7087818095458434  1.97726251826796 2.7172251068849134  1.9698316197168513 2.7256614373445696  1.9623706340993636 2.7340909728783691  1.9548799505762444 2.7425138783428817  1.9473599691575294 2.7509303166084704  1.9398111018787318 2.7593404473157213  1.9322337720929201 2.7677444273371852  1.9246284149409736 2.7761424109670969  1.9169954771478606 2.7845345499102176  1.9093354172869927 2.7929209930623258  1.9016487044143247 2.8013018878850904  1.8939358153081676 2.8096773830130393  1.8861972384269836 2.8180476243629218  1.8784334736278547 2.8264127553924565  1.8706450305897526 2.8347729187136905  1.8628324188859335 2.8431282659126551  1.8549961595853994 2.8514789455715492  1.8471367840432447 2.8598251045107217  1.8392548339738388 2.8681668875411468  1.8313508598871517 2.876504438571057  1.8234254237857603 2.8848378981964125  1.8154790924598829 2.8931674108393368  1.8075124633585593 2.9014930964246837  1.7995261872526531 2.9098150266711822  1.7915209176120142 2.9181332801868622  1.7834973198800983 2.9264479325928612  1.7754560674706366 2.9347590580472209  1.7673978422489718 2.9430667286409462  1.759323335051431 2.9513710157139883  1.7512332454445438 2.9596719896507619  1.7431282797148222 2.96796971956734  1.735009151480321 2.9762642735219726  1.7268765819373775 2.9845557187396841  1.7187312995135124 2.9928441214501071  1.7105740389509214 3.0011295460535492  1.7024055408108691 3.0094120566281179  1.6942265522307309 3.0176917157895251  1.6860378238718603 3.0259685873588591  1.6778400978532038 3.0342427478806306  1.6696341221800541 3.0425142717946327  1.6614206487045686 3.0507832329771118  1.6532004333234898 3.0590497046245937  1.6449742355090966 3.0673137596403155  1.6367428178364569 3.0755754699326632  1.6285069447755325 3.0838349070360227  1.62026738625174 3.0920921396887731  1.6120249163192828 3.1003472343822156  1.6037803097375607 3.1086002572624021  1.5955343421792436 3.1168512733655196  1.5872877899746423 3.1251003492695153  1.5790414295716331 3.1333475515534777  1.5735445007401927 3.138844480092668  1.5707963267949001 3.1415926535897931 
 0 4 0.005681818181818182 1 0.011363636363636364 1 0.017045454545454544 1 0.022727272727272728 1 0.028409090909090912 1 0.034090909090909088 1 0.039772727272727272 1 0.045454545454545456 1 0.05113636363636364 1 0.056818181818181823 1 0.0625 1 0.068181818181818177 1 0.073863636363636367 1 0.079545454545454544 1 0.085227272727272735 1 0.090909090909090912 1 0.096590909090909088 1 0.10227272727272728 1 0.10795454545454546 1 0.11363636363636365 1 0.11931818181818182 1 0.125 1 0.13068181818181818 1 0.13636363636363635 1 0.14204545454545456 1 0.14772727272727273 1 0.15340909090909091 1 0.15909090909090909 1 0.16477272727272727 1 0.17045454545454547 1 0.17613636363636365 1 0.18181818181818182 1 0.1875 1 0.19318181818181818 1 0.19886363636363638 1 0.20454545454545456 1 0.21022727272727273 1 0.21590909090909091 1 0.22159090909090909 1 0.22727272727272729 1 0.23295454545454547 1 0.23863636363636365 1 0.24431818181818182 1 0.25 1 0.25568181818181818 1 0.26136363636363635 1 0.26704545454545453 1 0.27272727272727271 1 0.27840909090909094 1 0.28409090909090912 1 0.28977272727272729 1 0.29545454545454547 1 0.30113636363636365 1 0.30681818181818182 1 0.3125 1 0.31818181818181818 1 0.32386363636363635 1 0.32954545454545453 1 0.33522727272727276 1 0.34090909090909094 1 0.34659090909090912 1 0.35227272727272729 1 0.35795454545454547 1 0.36363636363636365 1 0.36931818181818182 1 0.375 1 0.38068181818181818 1 0.38636363636363635 1 0.39204545454545453 1 0.39772727272727276 1 0.40340909090909094 1 0.40909090909090912 1 0.41477272727272729 1 0.42045454545454547 1 0.42613636363636365 1 0.43181818181818182 1 0.4375 1 0.44318181818181818 1 0.44886363636363635 1 0.45454545454545459 1 0.46022727272727276 1 0.46590909090909094 1 0.47159090909090912 1 0.47727272727272729 1 0.48295454545454547 1 0.48863636363636365 1 0.49431818181818182 1 0.5 1 0.50568181818181823 1 0.51136363636363635 1 0.51704545454545459 1 0.52272727272727271 1 0.52840909090909094 1 0.53409090909090906 1 0.53977272727272729 1 0.54545454545454541 1 0.55113636363636365 1 0.55681818181818188 1 0.5625 1 0.56818181818181823 1 0.57386363636363635 1 0.57954545454545459 1 0.58522727272727271 1 0.59090909090909094 1 0.59659090909090906 1 0.60227272727272729 1 0.60795454545454553 1 0.61363636363636365 1 0.61931818181818188 1 0.625 1 0.63068181818181823 1 0.63636363636363635 1 0.64204545454545459 1 0.64772727272727271 1 0.65340909090909094 1 0.65909090909090906 1 0.66477272727272729 1 0.67045454545454553 1 0.67613636363636365 1 0.68181818181818188 1 0.6875 1 0.69318181818181823 1 0.69886363636363635 1 0.70454545454545459 1 0.71022727272727271 1 0.71590909090909094 1 0.72159090909090906 1 0.72727272727272729 1 0.73295454545454553 1 0.73863636363636365 1 0.74431818181818188 1 0.75 1 0.75568181818181823 1 0.76136363636363635 1 0.76704545454545459 1 0.77272727272727271 1 0.77840909090909094 1 0.78409090909090906 1 0.78977272727272729 1 0.79545454545454553 1 0.80113636363636365 1 0.80681818181818188 1 0.8125 1 0.81818181818181823 1 0.82386363636363635 1 0.82954545454545459 1 0.83522727272727271 1 0.84090909090909094 1 0.84659090909090906 1 0.85227272727272729 1 0.85795454545454553 1 0.86363636363636365 1 0.86931818181818188 1 0.875 1 0.88068181818181823 1 0.88636363636363635 1 0.89204545454545459 1 0.89772727272727271 1 0.90340909090909094 1 0.90909090909090917 1 0.91477272727272729 1 0.92045454545454553 1 0.92613636363636365 1 0.93181818181818188 1 0.9375 1 0.94318181818181823 1 0.94886363636363635 1 0.95454545454545459 1 0.96022727272727271 1 0.96590909090909094 1 0.97159090909090917 1 0.97727272727272729 1 0.98295454545454553 1 0.98863636363636365 1 0.99431818181818188 1 1 4
1 0 4.5 0 1 
7 0 0  3 179 177  2.0943951019951363 1.5707963261054201  2.0953735613477291 1.5741858070693466  2.0973397345489726 1.5809566235505643  2.1003170115979293 1.5910889036504987  2.1033225593680416 1.6011977369253598  2.1063566323303697 1.6112835998961537  2.1094194855299304 1.621346955107833  2.1125113739183079 1.6313882467556531  2.1156325559731757 1.6414079144441032  2.1187832856162077 1.6514063684453348  2.1219638145669313 1.6613839976879556  2.1251743952340152 1.6713411790269381  2.128415279137946 1.6812782743744963  2.131686717899806 1.6911956344699841  2.1349889604967371 1.7010935898446076  2.1383222653786116 1.7109724890142757  2.1416869057782519 1.7208327132363952  2.1450831523745801 1.7306746226331307  2.1485112760315208 1.7404985658792531  2.1519715467777032 1.7503048799760481  2.1554642349511939 1.7600938917071276  2.1589896103466666 1.7698659156973335  2.1625479409256099 1.7796212537062108  2.1661394938425715 1.7893601964841976  2.1697645352119168 1.7990830232759631  2.1734233304244226 1.8087900047955727  2.1771161411577151 1.8184813955597698  2.1808432363732844 1.8281574624309493  2.1846048464807835 1.8378183661670735  2.1884011318963399 1.847464090353272  2.1922322595474233 1.8570946406554361  2.1960983874135254 1.8667100074614655  2.19999967159118 1.8763101784314575  2.203936262003336 1.8858951345957577  2.2079082988630021 1.8954648447476143  2.2119159291769592 1.9050192984237  2.2159593052189548 1.9145585010893866  2.2200385698342724 1.9240824460478816  2.2241538585207965 1.9335911204253937  2.2283053057809781 1.9430845124400016  2.2324930395839715 1.9525626041416908  2.2367171813531241 1.9620253710014963  2.2409778405018317 1.9714727758482828  2.2452751451543409 1.9809048256518178  2.2496092225483619 1.9903215329547326  2.2539801912474657 1.9997229025041241  2.25838815689879 2.0091089246320633  2.2628332403571849 2.0184796275468662  2.2673155750540115 2.0278350695831628  2.2718352821738144 2.0371752937232572  2.2763924753180143 2.0465003388184897  2.2809872619063669 2.0558102349922929  2.2856197415556676 2.0651050036958201  2.2902900064380076 2.0743846639224675  2.2949981315371053 2.0836492149551851  2.299744223148608 2.0928987230705531  2.3045284062753351 2.1021332945041351  2.3093507916971134 2.1113530174493276  2.314211483398037 2.1205579762345814  2.3191105762292756 2.1297482478316501  2.3240481558832808 2.1389239034108596  2.3290242993762091 2.1480850073764941  2.3340390794556436 2.1572316121260435  2.3390925584922697 2.1663637640614817  2.3441847889801082 2.1754815037050186  2.3493158121638138 2.1845848647180306  2.3544856609708371 2.1936738795970347  2.3596943475798615 2.2027485597621466  2.3649419124116977 2.2118089785466117  2.370228464939633 2.2208553325659479  2.37555409334127 2.2298877885585919  2.3809188806089177 2.2389065129917931  2.386322902652743 2.2479116612334185  2.3917662280658547 2.2569033808309169  2.3972489160139463 2.2658818128176397  2.4027710164007803 2.2748470916610297  2.4083325694539091 2.2837993455423615  2.4139336054637091 2.2927386965506602  2.419574144479308 2.3016652609014137  2.4252541960160174 2.3105791491521854  2.4309737587543792 2.3194804664146789  2.436732820257991 2.3283693125894716  2.4425313566237068 2.3372457825176518  2.4483693323851123 2.3461099664430938  2.4542466994746941 2.3549619493142315  2.4601633997047667 2.3638018144133541  2.4661193541243414 2.3726296308301684  2.4721145287514164 2.3814455351088211  2.4781488987503786 2.3902496775466875  2.4842224240621764 2.3990421969376738  2.4903350547149148 2.4078232280769276  2.4964867290761958 2.4165928999763331  2.5026773739995547 2.4253513365695372  2.5089069044665337 2.434098656749895  2.5151752233676583 2.4428349745868405  2.5214822212505426 2.4515603994936424  2.5278277760817227 2.4602750364070154  2.534211753010382 2.4689789859618436  2.5406340041377451 2.4776723446650495  2.5470943682917442 2.4863552050673934  2.5535926708079781 2.4950276559322013  2.560128723316335 2.5036897824035398  2.5667023235379656 2.5123416661633997  2.5733132550778506 2.5209833856146653  2.5799612872703812 2.5296150159513235  2.586646174866627 2.5382366296312906  2.5933677451640849 2.5468483826767692  2.6001258134744005 2.5554504261943634  2.6069201834797067 2.5640429061297065  2.6137506440730327 2.5726259665948135  2.6206169696164268 2.5811997496894517  2.6275189222313413 2.589764393026269  2.6344562510968759 2.5983200304603637  2.6414286924825627 2.6068667920667616  2.6484359695504129 2.6154048042683722  2.6554777923962556 2.6239341901028816  2.66255385741843 2.6324550687704926  2.6696638491940194 2.6409675579055709  2.6768074330562994 2.6494717656561071  2.6839842873028088 2.6579678261301449  2.6911941080967856 2.6664559030139667  2.6984365731242552 2.6749361495539459  2.7057113493550093 2.6834087173237449  2.7130180909296935 2.6918737540580691  2.7203564395365918 2.7003314042136863  2.727726024762092 2.7087818095458345  2.7351264621167384 2.7172251068849032  2.7425573606678455 2.7256614373445958  2.7500183462853371 2.7340909728783989  2.7575090298084519 2.742513878342931  2.7650290112271709 2.75093031660851  2.7725778785059663 2.7593404473157372  2.7801552082917791 2.7677444273371572  2.7877605654437261 2.7761424109670756  2.795393503236836 2.7845345499101808  2.80305356309771 2.7929209930622974  2.8107402759703684 2.8013018878850557  2.8184531650765292 2.8096773830130188  2.8261917419577025 2.8180476243628885  2.8339555067568374 2.826412755392437  2.8417439497949348 2.8347729187136781  2.8495565614987517 2.8431282659126613  2.8573928207992889 2.8514789455715532  2.865252196341443 2.8598251045107412  2.8731341464108535 2.8681668875411637  2.8810381204975428 2.8765044385710823  2.8889635565989367 2.8848378981964289  2.8969098879248101 2.8931674108393421  2.9048765170261346 2.901493096424697  2.9128627931320361 2.9098150266712004  2.9208680627726769 2.9181332801868787  2.9288916605045885 2.9264479325928718  2.9369329129140533 2.9347590580472125  2.9449911381357197 2.9430667286409378  2.9530656453332611 2.9513710157139648  2.9611557349401463 2.959671989650726  2.9692607006698624 2.9679697195673072  2.9773798289043607 2.9762642735219615  2.9855123984473049 2.9845557187397276  2.9936576808711783 2.9928441214502151  3.001814941433774 3.0011295460536505  3.0099834395738263 3.0094120566281952  3.0181624281539641 3.01769171578957  3.0263511565128365 3.0259685873588698  3.034548882531491 3.0342427478806067  3.042754858204646 3.0425142717945839  3.0509683316801337 3.0507832329770368  3.0591885470612143 3.0590497046245084  3.0674147448756126 3.0673137596402236  3.0756461625482538 3.0755754699325757  3.0838820356091756 3.0838349070359654  3.0921215941329647 3.0920921396887597  3.1003640640654191 3.1003472343822325  3.1086086706471519 3.1086002572624465  3.1168546382054845 3.1168512733655489  3.1251011904101018 3.1251003492695344  3.1333475508131046 3.1333475515535141  3.1388444796445198 3.1388444800926898  3.1415926535897922 3.1415926535897931 
 0 4 0.005681818181818182 1 0.011363636363636364 1 0.017045454545454544 1 0.022727272727272728 1 0.028409090909090912 1 0.034090909090909088 1 0.039772727272727272 1 0.045454545454545456 1 0.05113636363636364 1 0.056818181818181823 1 0.0625 1 0.068181818181818177 1 0.073863636363636367 1 0.079545454545454544 1 0.085227272727272735 1 0.090909090909090912 1 0.096590909090909088 1 0.10227272727272728 1 0.10795454545454546 1 0.11363636363636365 1 0.11931818181818182 1 0.125 1 0.13068181818181818 1 0.13636363636363635 1 0.14204545454545456 1 0.14772727272727273 1 0.15340909090909091 1 0.15909090909090909 1 0.16477272727272727 1 0.17045454545454547 1 0.17613636363636365 1 0.18181818181818182 1 0.1875 1 0.19318181818181818 1 0.19886363636363638 1 0.20454545454545456 1 0.21022727272727273 1 0.21590909090909091 1 0.22159090909090909 1 0.22727272727272729 1 0.23295454545454547 1 0.23863636363636365 1 0.24431818181818182 1 0.25 1 0.25568181818181818 1 0.26136363636363635 1 0.26704545454545453 1 0.27272727272727271 1 0.27840909090909094 1 0.28409090909090912 1 0.28977272727272729 1 0.29545454545454547 1 0.30113636363636365 1 0.30681818181818182 1 0.3125 1 0.31818181818181818 1 0.32386363636363635 1 0.32954545454545453 1 0.33522727272727276 1 0.34090909090909094 1 0.34659090909090912 1 0.35227272727272729 1 0.35795454545454547 1 0.36363636363636365 1 0.36931818181818182 1 0.375 1 0.38068181818181818 1 0.38636363636363635 1 0.39204545454545453 1 0.39772727272727276 1 0.40340909090909094 1 0.40909090909090912 1 0.41477272727272729 1 0.42045454545454547 1 0.42613636363636365 1 0.43181818181818182 1 0.4375 1 0.44318181818181818 1 0.44886363636363635 1 0.45454545454545459 1 0.46022727272727276 1 0.46590909090909094 1 0.47159090909090912 1 0.47727272727272729 1 0.48295454545454547 1 0.48863636363636365 1 0.49431818181818182 1 0.5 1 0.50568181818181823 1 0.51136363636363635 1 0.51704545454545459 1 0.52272727272727271 1 0.52840909090909094 1 0.53409090909090906 1 0.53977272727272729 1 0.54545454545454541 1 0.55113636363636365 1 0.55681818181818188 1 0.5625 1 0.56818181818181823 1 0.57386363636363635 1 0.57954545454545459 1 0.58522727272727271 1 0.59090909090909094 1 0.59659090909090906 1 0.60227272727272729 1 0.60795454545454553 1 0.61363636363636365 1 0.61931818181818188 1 0.625 1 0.63068181818181823 1 0.63636363636363635 1 0.64204545454545459 1 0.64772727272727271 1 0.65340909090909094 1 0.65909090909090906 1 0.66477272727272729 1 0.67045454545454553 1 0.67613636363636365 1 0.68181818181818188 1 0.6875 1 0.69318181818181823 1 0.69886363636363635 1 0.70454545454545459 1 0.71022727272727271 1 0.71590909090909094 1 0.72159090909090906 1 0.72727272727272729 1 0.73295454545454553 1 0.73863636363636365 1 0.74431818181818188 1 0.75 1 0.75568181818181823 1 0.76136363636363635 1 0.76704545454545459 1 0.77272727272727271 1 0.77840909090909094 1 0.78409090909090906 1 0.78977272727272729 1 0.79545454545454553 1 0.80113636363636365 1 0.80681818181818188 1 0.8125 1 0.81818181818181823 1 0.82386363636363635 1 0.82954545454545459 1 0.83522727272727271 1 0.84090909090909094 1 0.84659090909090906 1 0.85227272727272729 1 0.85795454545454553 1 0.86363636363636365 1 0.86931818181818188 1 0.875 1 0.88068181818181823 1 0.88636363636363635 1 0.89204545454545459 1 0.89772727272727271 1 0.90340909090909094 1 0.90909090909090917 1 0.91477272727272729 1 0.92045454545454553 1 0.92613636363636365 1 0.93181818181818188 1 0.9375 1 0.94318181818181823 1 0.94886363636363635 1 0.95454545454545459 1 0.96022727272727271 1 0.96590909090909094 1 0.97159090909090917 1 0.97727272727272729 1 0.98295454545454553 1 0.98863636363636365 1 0.99431818181818188 1 1 4
1 0 0.17677669529663664 1 0 
1 0 8.4000000000000004 1 0 
1 0 8.4000000000000004 1 0 
1 0 -8.4000000000000004 1 0 
1 6.2831853071795862 0 0 1 
1 0 0 0 1 
1 0 -0.17677669529663712 1 0 
1 0 1.3500000000000001 1 0 
1 6.2831853071795862 0 0 1 
1 0 0 0 1 
1 9.4247779607693793 -0.17677669529663712 -1 0 
1 0 0.25 1 0 
1 1.5707963267948954 3.1415926535897931 1 0 
1 1.5707963267948968 4.5 -1 0 
1 1.5707963267948963 1.570796326794897 1.41357985842823e-16 1 
1 1.5707963267948957 2.6000000000000001 -1 0 
1 1.5707963267948963 1.5707963267948961 1 0 
1 0 2 0 1 
1 3.1415926535897931 1.5707963267948966 0 1 
1 1.5707963267948966 2 -1 0 
1 1.5707963267948966 2 0 1 
1 1.5707963267948957 -4.5 0 -1 
1 0 2 0 1 
1 1.5707963267948959 4.5 0 1 
1 1.5707963267948966 1.5707963267948968 2.8271597168564599e-16 1 
1 1.5707963267948948 2.6000000000000001 -1 2.8271597168564624e-16 
1 3.1415926535897967 1.5707963267948966 0 1 
1 1.5707963267948966 2 -1 0 
1 1.5707963267948966 2 1.4802973661668753e-15 1 
1 0 7.5 1 0 
1 1.5707963267949028 3.1415926535897931 1 0 
1 2.6179938783895462 1.5707963267948959 1 -4.2407395785085692e-16 
1 3.1415926535897931 1.5707963267948961 0 1 
1 1.5707963267948966 2 -1 0 
1 1.5707963267948983 3.1415926535897931 1 0 
1 0 7.5 1 0 
1 2.6179938783895427 1.5707963267948959 1 -4.2407395785085692e-16 
1 1.5707963267948966 1.5707963267948974 0 1 
1 1.5707963267948957 2.6000000000000001 -1 0 
1 0 2 0 1 
1 1.5707963267948966 2 1.4802973661668753e-15 1 
1 1.5707963267948959 4.5 0 1 
1 0 2 0 1 
1 1.5707963267948957 -4.5 0 -1 
1 1.5707963267948966 1.570796326794897 -1.41357985842823e-16 1 
1 1.5707963267948957 2.6000000000000001 -1 0 
1 3.1415926535897927 1.5707963267948961 0 1 
1 1.5707963267948966 2 -1 0 
1 1.5707963267948966 2 0 1 
1 1.5707963267948952 3.1415926535897931 1 0 
1 1.570796326794897 4.5 -1 0 
1 1.5707963267948966 1.5707963267948961 1 0 
1 3.1415926535897967 1.5707963267948966 0 1 
1 1.5707963267948966 2 -1 0 
1 1.570796326794901 3.1415926535897931 1 0 
1 0 7.5 1 0 
1 2.6179938783895462 1.5707963267948959 1 -4.2407395785085692e-16 
1 1.5707963267948974 1.5707963267948963 5.6543194337129179e-16 1 
1 1.5707963267948948 2.6000000000000001 -1 2.8271597168564624e-16 
1 0 2 0 1 
1 1.5707963267948966 2 0 1 
1 1.5707963267948966 4.5 0 1 
1 0 2 0 1 
1 1.5707963267948966 -4.5 0 -1 
1 1.5707963267948954 1.5707963267948974 -2.8271597168564609e-16 1 
1 1.5707963267948957 2.5999999999999992 -1 0 
1 3.1415926535897944 1.5707963267948961 0 1 
1 1.5707963267948966 2 -1 0 
1 1.5707963267948966 2 0 1 
1 1.5707963267948963 3.1415926535897931 1 0 
1 1.5707963267948968 4.5 -1 0 
1 1.5707963267948966 1.5707963267948966 1 4.2407395785086554e-16 
1 6.2831853071795862 0 0 1 
1 0 0 0 1 
1 0 -0.17677669529663712 1 0 
1 0 1.3500000000000001 1 0 
1 6.2831853071795862 0 0 1 
1 0 0 0 1 
1 9.4247779607693793 -0.17677669529663712 -1 0 
1 0 0.25 1 0 
1 1.5707963267948966 3.1415926535897931 1 0 
1 1.5707963267948966 4.5 -1 0 
1 1.5707963267948963 1.5707963267948974 1.4135798584282305e-16 1 
1 1.5707963267948957 2.6000000000000001 -1 0 
1 1.5707963267948963 1.5707963267948966 1 4.2407395785086535e-16 
1 0 2 0 1 
1 3.1415926535897953 1.5707963267948961 0 1 
1 1.5707963267948966 2 -1 0 
1 1.5707963267948966 2 0 1 
1 1.5707963267948966 -4.5 0 -1 
1 0 2 0 1 
1 1.5707963267948966 4.5 7.4014868308343765e-17 1 
1 1.5707963267948968 1.5707963267948963 4.2407395752846884e-16 1 
1 1.5707963267948948 2.6000000000000001 -1 2.8271597168564624e-16 
1 3.1415926535897967 1.5707963267948966 0 1 
1 1.5707963267948966 2 -1 0 
1 1.5707963267948966 2 0 1 
1 0 7.5 1 0 
1 1.5707963267949019 3.1415926535897931 1 0 
1 2.6179938783895462 1.5707963267948959 1 -4.2407395785085692e-16 
1 6.2831853071795862 0 0 1 
1 0 0 0 1 
1 0 -0.17677669529663712 1 0 
1 0 1.3500000000000001 1 0 
1 6.2831853071795862 0 0 1 
1 0 0 0 1 
1 9.4247779607693793 -0.17677669529663712 -1 0 
1 0 0.25 1 0 
1 6.2831853071795862 0 0 1 
1 0 0 0 1 
1 0 -0.17677669529663712 1 0 
1 0 1.3500000000000001 1 0 
1 6.2831853071795862 0 0 1 
1 0 0 0 1 
1 9.4247779607693793 -0.17677669529663712 -1 0 
1 0 0.25 1 0 
1 0.21782212820827135 8.4000000000000004 0 1 
1 0 8.4000000000000004 0 1 
1 0 -8.4000000000000004 0 -1 
1 3.1415926535897998 8.4000000000000004 0 1 
1 9.4247779607693793 0 0 1 
1 3.1415926535897931 0 0 1 
1 1.5707963267948974 3.1415926535897931 1 0 
1 0 -4.5 1 0 
1 1.5707963267948961 3.1415926535897931 1 0 
1 1.5707963267948961 -7.5 -1 0 
1 1.5707963267948963 1.5707963267948981 1 2.5444437471051898e-15 
1 6.2831853071795862 1.6000000000000003 0 -1 
1 3.1415926535897931 1.6000000000000003 0 -1 
1 2.6179938783895431 1.5707963267948961 1 0 
1 1.5707963267948963 1.5707963267948983 1 8.4814791570173e-16 
1 6.2831853071795862 1.5999999999999996 0 -1 
1 3.1415926535897931 1.5999999999999996 0 -1 
1 2.6179938783895427 1.5707963267948957 1 0 
1 0 -4.5 1 0 
1 1.5707963267948983 3.1415926535897931 1 0 
1 1.5707963267948957 3.1415926535897931 1 0 
1 1.5707963267948966 -7.5 -1 0 
1 1.5707963267948972 1.5707963267948981 1 1.2722218735525949e-15 
1 6.2831853071795862 1.5999999999999996 0 -1 
1 3.1415926535897931 1.5999999999999996 0 -1 
1 2.6179938783895431 1.5707963267948961 1 0 
1 0 -4.5 1 0 
1 1.5707963267948992 3.1415926535897931 1 0 
1 1.5707963267948974 3.1415926535897931 1 0 
1 1.5707963267948966 -7.5 -1 0 
1 6.2831853071795862 0 0 1 
1 0 0 0 1 
1 9.4247779607693793 0 0 1 
1 3.1415926535897931 0 0 1 
1 1.570796326794901 3.1415926535897931 1 0 
1 0 -4.5 1 0 
1 1.5707963267948974 3.1415926535897931 1 0 
1 1.5707963267948961 -7.5 -1 0 
1 1.5707963267948966 1.5707963267948981 1 4.240739578508652e-16 
1 3.1415926535897936 1.6000000000000005 0 -1 
1 6.2831853071795862 1.6000000000000005 0 -1 
1 2.6179938783895453 1.5707963267948957 1 0 
1 9.4247779607693793 0 0 1 
1 3.1415926535897931 0 0 1 
1 9.4247779607693793 0 0 1 
1 3.1415926535897931 0 0 1 
1 0.21782113835024597 -8.4000000000000004 0 -1 
1 0 8.4000000000000004 0 1 
1 0 -8.4000000000000004 0 -1 
1 3.1415926535897984 8.4000000000000004 0 1 
1 3.1415928513143716 8.4000000000000004 0 1 
1 0 8.4000000000000004 0 1 
1 0.21782212820827154 8.4000000000000004 0 1 
1 0 8.4000000000000004 0 1 
1 0.21782113835024575 -8.4000000000000004 0 -1 
1 0 8.4000000000000004 0 1 
1 0 -8.4000000000000004 0 -1 
1 3.1415926535898002 8.4000000000000004 0 1 
1 3.1415928513143592 8.4000000000000004 0 1 
1 0 8.4000000000000004 0 1 
1 0.21782212820827135 8.4000000000000004 0 1 
1 0 8.4000000000000004 0 1 
1 0.21782113835024575 -8.4000000000000004 0 -1 
1 0 8.4000000000000004 0 1 
1 0 -8.4000000000000004 0 -1 
1 3.1415926535898002 8.4000000000000004 0 1 
1 3.1415928513143592 8.4000000000000004 0 1 
1 0 8.4000000000000004 0 1 
1 0.21782212820827135 8.4000000000000004 0 1 
1 0 8.4000000000000004 0 1 
1 6.2831853071795862 -0 0 1 
1 0 -0 0 1 
Curves 210
2 -15.3300051584207 13.199999999999999 3.0673371140879149 0 1 0 0 -0 1 1 0 -0 14.35
2 -1.6000000000000001 -8.9674315835817193 -7.1996646306464198 -1 0 0 -0 -0.77977665944189023 -0.6260577939692521 0 -0.6260577939692521 0.77977665944189023 0.65000000000000002
2 -1.6000000000000001 0 0 -1 0 0 -0 -0.62605743420305315 -0.7797769482865532 0 -0.7797769482865532 0.62605743420305315 12.15
2 -1.6000000000000001 -7.1996646306119496 -8.9674315836093896 -1 0 0 0 0.62605091495763998 0.77978218233087504 0 0.77978218233087504 -0.62605091495763998 0.65000000000000002
2 -1.6000000000000001 0 0 1 0 0 0 -0.77977665944188879 -0.62605779396925387 0 0.62605779396925387 -0.77977665944188879 10.85
2 -1.6000000000000001 7.1996646306464198 -8.9674315835817193 -1 0 0 0 0.6260577939692521 -0.77977665944189023 -0 -0.77977665944189023 -0.6260577939692521 0.65000000000000002
2 -1.6000000000000001 0 0 -1 0 0 0 0.7797769482865532 -0.62605743420305315 -0 -0.62605743420305315 -0.7797769482865532 12.15
2 -1.6000000000000001 8.9674315836093896 -7.1996646306119496 -1 0 0 0 -0.77978218233087504 0.62605091495763998 0 0.62605091495763998 0.77978218233087504 0.65000000000000002
2 -1.6000000000000001 0 0 1 0 0 0 0.62605779396925387 -0.77977665944188879 -0 0.77977665944188879 0.62605779396925387 10.85
2 -1.6000000000000001 8.9674315835817193 7.1996646306464198 -1 0 0 0 0.77977665944189023 0.6260577939692521 0 0.6260577939692521 -0.77977665944189023 0.65000000000000002
2 -1.6000000000000001 -1.7763568394002501e-15 1.7763568394002501e-15 -1 0 0 0 0.62605743420305315 0.7797769482865532 0 0.7797769482865532 -0.62605743420305315 12.15
2 -1.6000000000000001 7.1996646306119496 8.9674315836093896 -1 0 0 -0 -0.62605091495763998 -0.77978218233087504 0 -0.77978218233087504 0.62605091495763998 0.65000000000000002
2 -1.6000000000000001 -1.7763568394002501e-15 1.7763568394002501e-15 1 0 0 -0 0.77977665944188879 0.62605779396925387 0 -0.62605779396925387 0.77977665944188879 10.85
2 -1.6000000000000001 9.5 -4.5999999999999996 1 0 0 0 0 -1 -0 1 0 0.84999999999999998
2 -1.6000000000000001 -9.5 4.5999999999999996 1 0 0 0 -1.22464679914735e-16 1 0 -1 -1.22464679914735e-16 0.84999999999999998
7 0 0  3 47 45  -1.59999999982764 -2.1339745957179801 -11.5  -1.59999999994699 -2.1400636962020001 -11.4999999770882  -1.6000000000186501 -2.1506385919462501 -11.4998549807115  -1.59999999999869 -2.1628218822889398 -11.4994027633218  -1.60000000000091 -2.1750723504997702 -11.498783934172801  -1.5999999999996399 -2.1890303764546002 -11.4978413356566  -1.6000000000001 -2.2075383071108599 -11.4960988074991  -1.6000000000000001 -2.2207799458319899 -11.4945015202945  -1.6000000000000001 -2.23322088464848 -11.4928145149833  -1.6000000000000001 -2.2457649679557599 -11.490946929043799  -1.6000000000000001 -2.26371641262226 -11.4878344531412  -1.6000000000000001 -2.2790395129146201 -11.4847743477705  -1.6000000000000001 -2.2916402809412602 -11.4820207018514  -1.6000000000000001 -2.3045995742133498 -11.479018988955399  -1.6000000000000001 -2.3217452105816698 -11.4746849835002  -1.6000000000000001 -2.3383438429793499 -11.470023766305401  -1.6000000000000001 -2.35281624884278 -11.465662998533199  -1.6000000000000001 -2.3682159764049899 -11.4607830299559  -1.6000000000000001 -2.3876983069761102 -11.4541145249711  -1.6000000000000001 -2.4099197475315499 -11.445826729554099  -1.6000000000000001 -2.4359350397678399 -11.435353406543401  -1.6000000000000001 -2.4667246762835999 -11.421763091804101  -1.6000000000000101 -2.4963608368578099 -11.407257169823  -1.5999999999999399 -2.5401186107685301 -11.3842165150407  -1.6000000000005901 -2.5726595971595501 -11.3649203558842  -1.5999999999991901 -2.62775590026942 -11.329442500033799  -1.6000000000600501 -2.6630603989092498 -11.304470964337  -1.5999999999376 -2.7116180412511701 -11.267132038927301  -1.6000000007605399 -2.7446460153000301 -11.2404461012504  -1.5999999998974599 -2.7785414497474901 -11.211458326868801  -1.6000000000015 -2.7979486171700101 -11.194288530111001  -1.59999999999903 -2.8109366880094 -11.1826579683884  -1.60000000000044 -2.82323665999035 -11.171527750339701  -1.59999999999989 -2.8404292318402802 -11.155696519548  -1.6000000000000301 -2.8573485018545699 -11.1398686525737  -1.5999999999999901 -2.87373370830985 -11.124330033994299  -1.6000000000000001 -2.8897962204002599 -11.1089157111088  -1.6000000000000001 -2.9057513996292799 -11.0934451588349  -1.6000000000000001 -2.9165818849325702 -11.082850386323701  -1.6000000000000001 -2.9271209650899999 -11.0725008769237  -1.6000000000000001 -2.9376287668992802 -11.062144499759899  -1.6000000000000001 -2.9530876176063399 -11.046820896003901  -1.6000000000000001 -2.9687530752930398 -11.031224075186  -1.6000000000000001 -2.9817495377099199 -11.0182466097881  -1.6000000000000001 -2.9921626225709699 -11.0078373779175  -1.6000000000000001 -2.9973670539003701 -11.002632945510699  -1.6000000000000001 -3 -11 
 0 4 0.017679408570295999 1 0.030737648232263801 1 0.035489968068587799 1 0.053414149098080697 1 0.071526785590181899 1 0.089747945236757595 1 0.092371660005856698 1 0.10820913945656099 1 0.126807381051664 1 0.145613937762783 1 0.15386330322146199 1 0.16448281999511999 1 0.18446148411803501 1 0.205489410327516 1 0.21479407970306599 1 0.228564036931488 1 0.25261736314716299 1 0.27485519034439099 1 0.29773544438945199 1 0.33440845112162698 1 0.37300878522303799 1 0.393974241987675 1 0.47870964640618302 1 0.483341130483181 1 0.58521917734485496 1 0.60480943582838897 1 0.66210848467482197 1 0.709135951785694 1 0.734987480041848 1 0.73774031580642596 1 0.760020993693442 1 0.78339972419285098 1 0.80593912546260804 1 0.82761816865767601 1 0.84927269218981505 1 0.87086922515731502 1 0.89243227817167503 1 0.89346079781393595 1 0.91395362751022002 1 0.93546947501275801 1 0.956974621114563 1 0.97848415143846701 1 0.98911282845196002 1 1 4
1 -1.6000000000000001 3.5 -11.5 0 -1 3.1529372547126399e-16 
2 -1.6000000000000001 3.5 -9.5 1 0 0 0 0 -1 -0 1 0 2
1 -1.6000000000000001 -2.13397459541943 -7.5 0 1 -1.5764686273563199e-16 
7 0 0  3 47 45  -1.59999999982764 -2.1339745957179801 -7.5  -1.59999999994699 -2.1400636962020001 -7.50000002291182  -1.6000000000186501 -2.1506385919462501 -7.5001450192885004  -1.59999999999869 -2.1628218822889398 -7.5005972366781801  -1.60000000000091 -2.1750723504997702 -7.5012160658272098  -1.5999999999996399 -2.1890303764546002 -7.5021586643433897  -1.6000000000001 -2.2075383071108599 -7.5039011925009103  -1.6000000000000001 -2.2207799458319899 -7.5054984797055404  -1.6000000000000001 -2.23322088464848 -7.5071854850167101  -1.6000000000000001 -2.2457649679557599 -7.50905307095623  -1.6000000000000001 -2.2637164126222702 -7.5121655468587996  -1.6000000000000001 -2.2790395129146201 -7.5152256522294403  -1.6000000000000001 -2.2916402809412602 -7.5179792981486404  -1.6000000000000001 -2.3045995742133498 -7.52098101104463  -1.6000000000000001 -2.32174521058168 -7.5253150164998299  -1.6000000000000001 -2.3383438429793499 -7.5299762336946197  -1.6000000000000001 -2.35281624884278 -7.5343370014667803  -1.6000000000000001 -2.3682159764049899 -7.5392169700441096  -1.6000000000000001 -2.3876983069761102 -7.5458854750288999  -1.6000000000000001 -2.4099197475315499 -7.5541732704458697  -1.6000000000000001 -2.4359350397678399 -7.5646465934566001  -1.6000000000000001 -2.4667246762835999 -7.5782369081958896  -1.6000000000000101 -2.4963608368578099 -7.5927428301770403  -1.5999999999999399 -2.5401186107685301 -7.6157834849592998  -1.6000000000005901 -2.5726595971595501 -7.6350796441157396  -1.5999999999991901 -2.62775590026942 -7.6705574999662396  -1.6000000000600501 -2.6630603989092498 -7.6955290356630002  -1.5999999999376 -2.7116180412511701 -7.7328679610726603  -1.6000000007605399 -2.7446460153000301 -7.7595538987496102  -1.5999999998974599 -2.7785414497474901 -7.7885416731312302  -1.6000000000015 -2.7979486171700101 -7.8057114698889603  -1.59999999999903 -2.8109366880094 -7.8173420316116102  -1.60000000000044 -2.8232366599903398 -7.8284722496603099  -1.59999999999989 -2.8404292318402899 -7.8443034804520204  -1.6000000000000301 -2.8573485018545699 -7.8601313474262797  -1.5999999999999901 -2.87373370830985 -7.8756699660056997  -1.6000000000000001 -2.8897962204002599 -7.8910842888911903  -1.6000000000000001 -2.9057513996292901 -7.9065548411651196  -1.6000000000000001 -2.9165818849325702 -7.91714961367631  -1.6000000000000001 -2.9271209650899999 -7.9274991230762399  -1.6000000000000001 -2.9376287668992802 -7.9378555002400697  -1.6000000000000001 -2.9530876176063501 -7.9531791039961401  -1.6000000000000001 -2.96875307529305 -7.96877592481394  -1.6000000000000001 -2.9817495377099301 -7.9817533902118702  -1.6000000000000001 -2.9921626225710201 -7.99216262208245  -1.6000000000000001 -2.9973670539003998 -7.9973670544892501  -1.6000000000000001 -3 -8 
 0 4 0.0176794085702951 1 0.030737648232263399 1 0.035489968068587098 1 0.053414149098080503 1 0.071526785590180803 1 0.089747945236757207 1 0.092371660005857295 1 0.10820913945655999 1 0.126807381051663 1 0.145613937762782 1 0.15386330322146199 1 0.16448281999511999 1 0.18446148411803101 1 0.205489410327514 1 0.21479407970306699 1 0.228564036931487 1 0.25261736314715799 1 0.27485519034438899 1 0.29773544438944899 1 0.33440845112162598 1 0.37300878522303799 1 0.393974241987671 1 0.47870964640618602 1 0.48334113048317801 1 0.58521917734485596 1 0.60480943582838598 1 0.66210848467482297 1 0.709135951785695 1 0.734987480041847 1 0.73774031580641397 1 0.76002099369344001 1 0.78339972419285198 1 0.80593912546260904 1 0.82761816865767801 1 0.84927269218981505 1 0.87086922515731602 1 0.89243227817167503 1 0.89346079781393495 1 0.91395362751022102 1 0.93546947501275601 1 0.956974621114561 1 0.97848415143846601 1 0.98911282845196702 1 1 4
1 -1.6000000000000001 -3 -11 0 -1.48029736616688e-16 1 
2 -1.6000000000000001 4.5999999999999996 9.5 1 0 0 -0 1 1.8369701987210299e-16 0 -1.8369701987210299e-16 1 0.84999999999999998
2 -1.6000000000000001 0 0 1 0 0 -0 1 6.1232339957367599e-17 0 -6.1232339957367599e-17 1 6
7 0 0  3 47 45  -1.59999999982764 2.1339745957179801 7.5  -1.59999999994699 2.1400636962020001 7.5000000229118298  -1.6000000000186501 2.1506385919462501 7.5001450192885004  -1.59999999999869 2.1628218822889398 7.5005972366781801  -1.60000000000091 2.1750723504997702 7.5012160658272098  -1.5999999999996399 2.1890303764546002 7.5021586643433897  -1.6000000000001 2.2075383071108599 7.5039011925009103  -1.6000000000000001 2.2207799458319899 7.5054984797055404  -1.6000000000000001 2.2332208846484898 7.5071854850167101  -1.6000000000000001 2.2457649679557701 7.50905307095623  -1.6000000000000001 2.2637164126222702 7.5121655468587996  -1.6000000000000001 2.2790395129146201 7.51522565222945  -1.6000000000000001 2.2916402809412602 7.5179792981486404  -1.6000000000000001 2.3045995742133498 7.52098101104463  -1.6000000000000001 2.3217452105816698 7.5253150164998299  -1.6000000000000001 2.3383438429793499 7.5299762336946197  -1.6000000000000001 2.35281624884278 7.5343370014667803  -1.6000000000000001 2.3682159764049899 7.5392169700441096  -1.6000000000000001 2.3876983069761102 7.5458854750288999  -1.6000000000000001 2.4099197475315499 7.5541732704458697  -1.6000000000000001 2.4359350397678399 7.5646465934566098  -1.6000000000000001 2.4667246762835999 7.5782369081958896  -1.6000000000000101 2.4963608368578099 7.5927428301770403  -1.5999999999999399 2.5401186107685301 7.6157834849592998  -1.6000000000005901 2.5726595971595501 7.6350796441157298  -1.5999999999991901 2.62775590026942 7.67055749996626  -1.6000000000600501 2.6630603989092498 7.6955290356630002  -1.59999999993761 2.7116180412511701 7.73286796107267  -1.6000000007605399 2.7446460153000301 7.75955389874962  -1.5999999998974599 2.7785414497474901 7.7885416731312302  -1.6000000000015 2.7979486171700101 7.8057114698889603  -1.59999999999903 2.8109366880094 7.81734203161162  -1.60000000000044 2.82323665999035 7.8284722496603099  -1.59999999999989 2.8404292318402899 7.8443034804520204  -1.6000000000000301 2.8573485018545699 7.8601313474262904  -1.5999999999999901 2.87373370830985 7.8756699660056997  -1.6000000000000001 2.8897962204002599 7.8910842888911903  -1.6000000000000001 2.9057513996292799 7.9065548411651196  -1.6000000000000001 2.91658188493258 7.91714961367631  -1.6000000000000001 2.9271209650899901 7.9274991230762399  -1.6000000000000001 2.93762876689929 7.9378555002400599  -1.6000000000000001 2.9530876176063501 7.9531791039961499  -1.6000000000000001 2.96875307529305 7.96877592481394  -1.6000000000000001 2.9817495377099301 7.9817533902118596  -1.6000000000000001 2.9921626225710201 7.9921626220824598  -1.6000000000000001 2.9973670539003998 7.9973670544892501  -1.6000000000000001 3 8 
 0 4 0.017679408570296401 1 0.0307376482322647 1 0.035489968068588 1 0.053414149098082501 1 0.0715267855901838 1 0.089747945236760204 1 0.092371660005859405 1 0.10820913945656201 1 0.126807381051664 1 0.145613937762784 1 0.15386330322146299 1 0.16448281999511999 1 0.18446148411803301 1 0.205489410327515 1 0.21479407970306699 1 0.228564036931487 1 0.25261736314716099 1 0.27485519034439099 1 0.29773544438944999 1 0.33440845112162598 1 0.37300878522303799 1 0.393974241987673 1 0.47870964640618402 1 0.483341130483179 1 0.58521917734485596 1 0.60480943582838598 1 0.66210848467482497 1 0.70913595178569699 1 0.734987480041849 1 0.73774031580641497 1 0.760020993693442 1 0.78339972419285397 1 0.80593912546260904 1 0.82761816865767701 1 0.84927269218981405 1 0.87086922515731202 1 0.89243227817167203 1 0.89346079781393495 1 0.91395362751021803 1 0.93546947501275401 1 0.95697462111456 1 0.97848415143846601 1 0.98911282845196402 1 1 4
1 -1.6000000000000001 3 11 0 1.4802973661668699e-16 -1 
7 0 0  3 47 45  -1.59999999982764 2.1339745957179801 11.5  -1.59999999994699 2.1400636962020001 11.4999999770882  -1.6000000000186501 2.1506385919462501 11.4998549807115  -1.59999999999869 2.1628218822889398 11.4994027633218  -1.60000000000091 2.1750723504997702 11.498783934172801  -1.5999999999996399 2.1890303764546002 11.4978413356566  -1.6000000000001 2.2075383071108599 11.4960988074991  -1.6000000000000001 2.2207799458319899 11.4945015202945  -1.6000000000000001 2.23322088464848 11.4928145149833  -1.6000000000000001 2.2457649679557599 11.490946929043799  -1.6000000000000001 2.26371641262226 11.4878344531412  -1.6000000000000001 2.2790395129146201 11.4847743477706  -1.6000000000000001 2.2916402809412602 11.4820207018514  -1.6000000000000001 2.3045995742133498 11.479018988955399  -1.6000000000000001 2.3217452105816698 11.4746849835002  -1.6000000000000001 2.3383438429793499 11.470023766305401  -1.6000000000000001 2.35281624884278 11.465662998533199  -1.6000000000000001 2.3682159764049899 11.4607830299559  -1.6000000000000001 2.3876983069761102 11.4541145249711  -1.6000000000000001 2.4099197475315499 11.445826729554099  -1.6000000000000001 2.4359350397678301 11.435353406543401  -1.6000000000000001 2.4667246762835999 11.421763091804101  -1.6000000000000101 2.4963608368578099 11.407257169823  -1.5999999999999399 2.5401186107685301 11.3842165150407  -1.6000000000005901 2.5726595971595501 11.3649203558842  -1.5999999999991901 2.6277559002694302 11.329442500033799  -1.6000000000600501 2.6630603989092498 11.304470964337  -1.5999999999376 2.7116180412511701 11.267132038927301  -1.6000000007605399 2.7446460153000198 11.2404461012504  -1.5999999998974599 2.7785414497474901 11.211458326868801  -1.6000000000015 2.7979486171699999 11.194288530111001  -1.59999999999903 2.8109366880094 11.1826579683884  -1.60000000000044 2.8232366599903398 11.171527750339701  -1.59999999999989 2.8404292318402802 11.155696519548  -1.6000000000000301 2.8573485018545601 11.1398686525737  -1.5999999999999901 2.87373370830985 11.124330033994299  -1.6000000000000001 2.8897962204002501 11.1089157111088  -1.6000000000000001 2.9057513996292799 11.0934451588349  -1.6000000000000001 2.9165818849325702 11.082850386323701  -1.6000000000000001 2.9271209650899901 11.072500876923799  -1.6000000000000001 2.9376287668992802 11.062144499759899  -1.6000000000000001 2.9530876176063399 11.046820896003901  -1.6000000000000001 2.9687530752930398 11.031224075186  -1.6000000000000001 2.9817495377099301 11.0182466097881  -1.6000000000000001 2.9921626225709699 11.0078373779175  -1.6000000000000001 2.9973670539003701 11.002632945510699  -1.6000000000000001 3 11 
 0 4 0.017679408570295801 1 0.030737648232263999 1 0.0354899680685885 1 0.053414149098081301 1 0.071526785590181594 1 0.089747945236759205 1 0.092371660005857795 1 0.10820913945656301 1 0.126807381051665 1 0.145613937762783 1 0.15386330322146199 1 0.16448281999511899 1 0.18446148411803401 1 0.205489410327515 1 0.21479407970306599 1 0.228564036931488 1 0.25261736314716099 1 0.27485519034438899 1 0.29773544438944999 1 0.33440845112162598 1 0.37300878522303799 1 0.393974241987675 1 0.47870964640618702 1 0.483341130483181 1 0.58521917734485995 1 0.60480943582839297 1 0.66210848467482497 1 0.709135951785695 1 0.73498748004184999 1 0.73774031580642496 1 0.760020993693442 1 0.78339972419285198 1 0.80593912546260704 1 0.82761816865767501 1 0.84927269218981105 1 0.87086922515731402 1 0.89243227817167303 1 0.89346079781393695 1 0.91395362751021902 1 0.93546947501275701 1 0.956974621114562 1 0.97848415143846801 1 0.98911282845196302 1 1 4
1 -1.6000000000000001 -3.5 11.5 0 1 0 
2 -1.6000000000000001 -3.5 9.5 -1 0 0 0 0 -1 -0 -1 -0 2
1 -1.6000000000000001 2.13397459541943 7.5 0 -1 0 
7 0 0  3 47 45  -1.59999999982764 -7.5 2.1339745957179801  -1.59999999994699 -7.5000000229118298 2.1400636962020001  -1.6000000000186501 -7.5001450192884898 2.1506385919462399  -1.59999999999869 -7.5005972366781801 2.16282188228895  -1.60000000000091 -7.5012160658272098 2.1750723504997702  -1.5999999999996399 -7.5021586643433897 2.1890303764546002  -1.6000000000001 -7.5039011925009103 2.2075383071108599  -1.6000000000000001 -7.5054984797055404 2.2207799458319899  -1.6000000000000001 -7.5071854850167101 2.23322088464848  -1.6000000000000001 -7.50905307095623 2.2457649679557701  -1.6000000000000001 -7.5121655468587996 2.26371641262226  -1.6000000000000001 -7.5152256522294403 2.2790395129146201  -1.6000000000000001 -7.5179792981486404 2.2916402809412699  -1.6000000000000001 -7.5209810110446398 2.3045995742133498  -1.6000000000000001 -7.5253150164998202 2.32174521058168  -1.6000000000000001 -7.5299762336946197 2.3383438429793499  -1.6000000000000001 -7.5343370014667803 2.35281624884278  -1.6000000000000001 -7.5392169700441096 2.3682159764049899  -1.6000000000000001 -7.5458854750288999 2.3876983069761102  -1.6000000000000001 -7.55417327044586 2.4099197475315499  -1.6000000000000001 -7.5646465934566098 2.4359350397678399  -1.6000000000000001 -7.5782369081958896 2.4667246762835999  -1.6000000000000101 -7.5927428301770403 2.4963608368578099  -1.5999999999999399 -7.61578348495929 2.5401186107685398  -1.6000000000005901 -7.63507964411576 2.5726595971595501  -1.5999999999991901 -7.67055749996622 2.62775590026942  -1.6000000000600501 -7.6955290356630002 2.6630603989092498  -1.59999999993761 -7.7328679610726603 2.7116180412511701  -1.6000000007605399 -7.75955389874962 2.7446460153000301  -1.5999999998974599 -7.7885416731312302 2.7785414497474901  -1.6000000000015 -7.8057114698889603 2.7979486171700101  -1.59999999999903 -7.8173420316116102 2.8109366880094  -1.60000000000044 -7.8284722496603196 2.82323665999035  -1.59999999999988 -7.8443034804520204 2.8404292318402802  -1.6000000000000301 -7.8601313474262904 2.8573485018545699  -1.5999999999999901 -7.8756699660056997 2.87373370830985  -1.6000000000000001 -7.8910842888911903 2.8897962204002599  -1.6000000000000001 -7.9065548411651196 2.9057513996292799  -1.6000000000000001 -7.91714961367631 2.91658188493258  -1.6000000000000001 -7.9274991230762399 2.9271209650899901  -1.6000000000000001 -7.9378555002400697 2.9376287668992802  -1.6000000000000001 -7.9531791039961401 2.9530876176063399  -1.6000000000000001 -7.96877592481394 2.96875307529305  -1.6000000000000001 -7.9817533902118596 2.9817495377099301  -1.6000000000000001 -7.9921626220824598 2.9921626225710098  -1.6000000000000001 -7.9973670544892501 2.99736705390039  -1.6000000000000001 -8 3 
 0 4 0.017679408570295999 1 0.030737648232263201 1 0.035489968068586702 1 0.053414149098080198 1 0.071526785590180803 1 0.089747945236757803 1 0.092371660005857198 1 0.10820913945655999 1 0.126807381051664 1 0.145613937762784 1 0.15386330322146299 1 0.16448281999512099 1 0.18446148411803501 1 0.205489410327517 1 0.21479407970306799 1 0.22856403693148999 1 0.25261736314716299 1 0.27485519034439099 1 0.29773544438945299 1 0.33440845112162898 1 0.37300878522303998 1 0.393974241987673 1 0.47870964640618602 1 0.483341130483179 1 0.58521917734485895 1 0.60480943582839097 1 0.66210848467482497 1 0.709135951785695 1 0.734987480041848 1 0.73774031580641897 1 0.760020993693441 1 0.78339972419285298 1 0.80593912546261004 1 0.82761816865767901 1 0.84927269218981405 1 0.87086922515731302 1 0.89243227817167203 1 0.89346079781393595 1 0.91395362751021803 1 0.93546947501275501 1 0.956974621114562 1 0.97848415143846601 1 0.98911282845196502 1 1 4
1 -1.6000000000000001 -11 3 0 1 0 
7 0 0  3 47 45  -1.59999999982764 -11.5 2.1339745957179801  -1.59999999994699 -11.4999999770882 2.1400636962020001  -1.6000000000186501 -11.4998549807115 2.1506385919462501  -1.59999999999869 -11.4994027633218 2.1628218822889398  -1.60000000000091 -11.498783934172801 2.1750723504997702  -1.5999999999996399 -11.4978413356566 2.1890303764546002  -1.6000000000001 -11.4960988074991 2.2075383071108599  -1.6000000000000001 -11.4945015202945 2.2207799458319899  -1.6000000000000001 -11.4928145149833 2.23322088464848  -1.6000000000000001 -11.490946929043799 2.2457649679557701  -1.6000000000000001 -11.4878344531412 2.2637164126222702  -1.6000000000000001 -11.4847743477706 2.2790395129146201  -1.6000000000000001 -11.4820207018514 2.2916402809412602  -1.6000000000000001 -11.479018988955399 2.3045995742133498  -1.6000000000000001 -11.4746849835002 2.3217452105816698  -1.6000000000000001 -11.470023766305401 2.3383438429793499  -1.6000000000000001 -11.465662998533199 2.35281624884278  -1.6000000000000001 -11.4607830299559 2.3682159764049899  -1.6000000000000001 -11.4541145249711 2.3876983069761102  -1.6000000000000001 -11.445826729554099 2.4099197475315499  -1.6000000000000001 -11.435353406543401 2.4359350397678399  -1.6000000000000001 -11.421763091804101 2.4667246762835999  -1.6000000000000101 -11.407257169823 2.4963608368578099  -1.5999999999999399 -11.3842165150407 2.5401186107685301  -1.6000000000005901 -11.364920355884299 2.5726595971595398  -1.5999999999991901 -11.329442500033799 2.6277559002694302  -1.6000000000600501 -11.304470964337 2.6630603989092498  -1.5999999999376 -11.267132038927301 2.7116180412511701  -1.6000000007605399 -11.2404461012504 2.7446460153000301  -1.5999999998974599 -11.211458326868801 2.7785414497474901  -1.6000000000015 -11.194288530111001 2.7979486171700101  -1.59999999999903 -11.1826579683884 2.8109366880094  -1.60000000000044 -11.171527750339701 2.82323665999035  -1.59999999999989 -11.155696519548 2.8404292318402802  -1.6000000000000301 -11.1398686525737 2.8573485018545699  -1.5999999999999901 -11.124330033994299 2.87373370830985  -1.6000000000000001 -11.1089157111088 2.8897962204002599  -1.6000000000000001 -11.0934451588349 2.9057513996292799  -1.6000000000000001 -11.082850386323701 2.9165818849325702  -1.6000000000000001 -11.072500876923799 2.9271209650899999  -1.6000000000000001 -11.062144499759899 2.9376287668992802  -1.6000000000000001 -11.046820896003799 2.9530876176063399  -1.6000000000000001 -11.031224075186 2.9687530752930398  -1.6000000000000001 -11.0182466097881 2.9817495377099199  -1.6000000000000001 -11.0078373779175 2.9921626225709699  -1.6000000000000001 -11.002632945510699 2.9973670539003701  -1.6000000000000001 -11 3 
 0 4 0.017679408570296599 1 0.030737648232263499 1 0.035489968068589103 1 0.053414149098082099 1 0.071526785590184105 1 0.089747945236760607 1 0.092371660005858197 1 0.108209139456564 1 0.126807381051666 1 0.145613937762784 1 0.15386330322146199 1 0.16448281999512099 1 0.18446148411803501 1 0.205489410327515 1 0.21479407970306599 1 0.228564036931485 1 0.25261736314715999 1 0.27485519034438999 1 0.29773544438945099 1 0.33440845112162698 1 0.37300878522303899 1 0.393974241987675 1 0.47870964640618702 1 0.48334113048318 1 0.58521917734485795 1 0.60480943582838897 1 0.66210848467482197 1 0.70913595178569599 1 0.73498748004184999 1 0.73774031580641897 1 0.760020993693443 1 0.78339972419285497 1 0.80593912546261304 1 0.82761816865768301 1 0.84927269218982004 1 0.87086922515732001 1 0.89243227817168003 1 0.89346079781393495 1 0.91395362751022302 1 0.93546947501276301 1 0.95697462111456799 1 0.97848415143846801 1 0.98911282845196202 1 1 4
1 -1.6000000000000001 -11.5 -3.5 0 0 1 
2 -1.6000000000000001 -9.5 -3.5 -1 0 0 0 1 2.2204460492503101e-16 0 2.2204460492503101e-16 -1 2
1 -1.6000000000000001 -7.5 2.13397459541943 0 0 -1 
7 0 0  3 47 45  -1.59999999982764 11.5 -2.1339745957179801  -1.59999999994699 11.4999999770882 -2.1400636962020001  -1.6000000000186501 11.4998549807115 -2.1506385919462501  -1.59999999999869 11.4994027633218 -2.1628218822889398  -1.60000000000091 11.498783934172801 -2.1750723504997702  -1.5999999999996399 11.4978413356566 -2.1890303764546002  -1.6000000000001 11.4960988074991 -2.2075383071108599  -1.6000000000000001 11.4945015202945 -2.2207799458319899  -1.6000000000000001 11.4928145149833 -2.23322088464848  -1.6000000000000001 11.490946929043799 -2.2457649679557701  -1.6000000000000001 11.4878344531412 -2.2637164126222702  -1.6000000000000001 11.4847743477706 -2.2790395129146201  -1.6000000000000001 11.4820207018514 -2.2916402809412699  -1.6000000000000001 11.479018988955399 -2.3045995742133498  -1.6000000000000001 11.4746849835002 -2.32174521058168  -1.6000000000000001 11.470023766305401 -2.3383438429793499  -1.6000000000000001 11.465662998533199 -2.35281624884278  -1.6000000000000001 11.4607830299559 -2.3682159764049899  -1.6000000000000001 11.4541145249711 -2.3876983069761102  -1.6000000000000001 11.445826729554099 -2.4099197475315499  -1.6000000000000001 11.435353406543401 -2.4359350397678399  -1.6000000000000001 11.421763091804101 -2.4667246762835999  -1.6000000000000101 11.407257169823 -2.4963608368578099  -1.5999999999999399 11.3842165150407 -2.5401186107685301  -1.6000000000005901 11.3649203558842 -2.5726595971595501  -1.5999999999991901 11.329442500033799 -2.62775590026942  -1.6000000000600501 11.304470964337 -2.6630603989092498  -1.5999999999376 11.267132038927301 -2.7116180412511701  -1.6000000007605399 11.2404461012504 -2.7446460153000198  -1.5999999998974599 11.211458326868801 -2.7785414497474998  -1.6000000000015 11.194288530111001 -2.7979486171699999  -1.59999999999903 11.1826579683884 -2.8109366880094  -1.60000000000044 11.171527750339701 -2.82323665999035  -1.59999999999989 11.155696519548 -2.8404292318402899  -1.6000000000000301 11.1398686525737 -2.8573485018545699  -1.5999999999999901 11.124330033994299 -2.87373370830985  -1.6000000000000001 11.1089157111088 -2.8897962204002599  -1.6000000000000001 11.0934451588349 -2.9057513996292799  -1.6000000000000001 11.082850386323701 -2.9165818849325702  -1.6000000000000001 11.072500876923799 -2.9271209650899999  -1.6000000000000001 11.062144499759899 -2.9376287668992802  -1.6000000000000001 11.046820896003901 -2.9530876176063399  -1.6000000000000001 11.031224075186101 -2.96875307529305  -1.6000000000000001 11.0182466097881 -2.9817495377099199  -1.6000000000000001 11.0078373779175 -2.9921626225709899  -1.6000000000000001 11.002632945510699 -2.99736705390039  -1.6000000000000001 11 -3 
 0 4 0.017679408570297098 1 0.030737648232264499 1 0.035489968068589603 1 0.0534141490980823 1 0.071526785590182301 1 0.089747945236760093 1 0.092371660005858294 1 0.10820913945656201 1 0.126807381051666 1 0.145613937762785 1 0.15386330322146299 1 0.16448281999512199 1 0.18446148411803601 1 0.205489410327516 1 0.21479407970306699 1 0.228564036931488 1 0.25261736314716199 1 0.27485519034439099 1 0.29773544438945199 1 0.33440845112162698 1 0.37300878522303899 1 0.393974241987673 1 0.47870964640618702 1 0.483341130483181 1 0.58521917734485496 1 0.60480943582838398 1 0.66210848467482197 1 0.70913595178569599 1 0.73498748004184999 1 0.73774031580641397 1 0.760020993693447 1 0.78339972419285997 1 0.80593912546261304 1 0.82761816865768001 1 0.84927269218981705 1 0.87086922515731702 1 0.89243227817167603 1 0.89346079781393095 1 0.91395362751021803 1 0.93546947501275701 1 0.956974621114563 1 0.97848415143846701 1 0.98911282845196102 1 1 4
1 -1.6000000000000001 11.5 3.5 0 -3.1529372547126399e-16 -1 
2 -1.6000000000000001 9.5 3.5 -1 0 0 0 -1 4.4408920985006202e-16 0 4.4408920985006202e-16 1 2
1 -1.6000000000000001 7.5 -2.13397459541943 0 0 1 
7 0 0  3 47 45  -1.59999999982764 7.5 -2.1339745957179801  -1.59999999994699 7.50000002291182 -2.1400636962020001  -1.6000000000186501 7.5001450192884898 -2.1506385919462501  -1.59999999999869 7.5005972366781801 -2.16282188228895  -1.60000000000091 7.5012160658272098 -2.17507235049978  -1.5999999999996399 7.5021586643433897 -2.1890303764546002  -1.6000000000001 7.5039011925009103 -2.2075383071108701  -1.6000000000000001 7.5054984797055297 -2.2207799458319899  -1.6000000000000001 7.5071854850167101 -2.2332208846484898  -1.6000000000000001 7.50905307095623 -2.2457649679557701  -1.6000000000000001 7.5121655468587996 -2.2637164126222702  -1.6000000000000001 7.5152256522294403 -2.2790395129146201  -1.6000000000000001 7.5179792981486404 -2.2916402809412699  -1.6000000000000001 7.52098101104463 -2.3045995742133498  -1.6000000000000001 7.5253150164998299 -2.32174521058168  -1.6000000000000001 7.5299762336946197 -2.3383438429793499  -1.6000000000000001 7.5343370014667803 -2.35281624884278  -1.6000000000000001 7.5392169700441096 -2.3682159764049899  -1.6000000000000001 7.5458854750288999 -2.38769830697612  -1.6000000000000001 7.55417327044586 -2.4099197475315499  -1.6000000000000001 7.5646465934566098 -2.4359350397678399  -1.6000000000000001 7.5782369081958896 -2.4667246762836101  -1.6000000000000101 7.5927428301770403 -2.4963608368578099  -1.5999999999999399 7.6157834849592998 -2.5401186107685398  -1.6000000000005901 7.6350796441157396 -2.5726595971595501  -1.5999999999991901 7.6705574999662396 -2.62775590026942  -1.6000000000600501 7.6955290356630002 -2.6630603989092498  -1.5999999999376 7.7328679610726603 -2.7116180412511701  -1.6000000007605399 7.7595538987496102 -2.7446460153000301  -1.5999999998974599 7.7885416731312302 -2.7785414497474901  -1.6000000000015 7.8057114698889603 -2.7979486171700101  -1.59999999999903 7.8173420316116102 -2.8109366880094  -1.60000000000044 7.8284722496603099 -2.82323665999035  -1.59999999999989 7.8443034804520204 -2.8404292318402899  -1.6000000000000301 7.8601313474262904 -2.8573485018545699  -1.5999999999999901 7.8756699660056997 -2.87373370830985  -1.6000000000000001 7.8910842888911903 -2.8897962204002599  -1.6000000000000001 7.9065548411651196 -2.9057513996292901  -1.6000000000000001 7.9171496136763304 -2.91658188493258  -1.6000000000000001 7.9274991230762204 -2.9271209650899999  -1.6000000000000001 7.9378555002400697 -2.93762876689929  -1.6000000000000001 7.9531791039961401 -2.9530876176063501  -1.6000000000000001 7.9687759248139303 -2.96875307529305  -1.6000000000000001 7.9817533902118596 -2.9817495377099399  -1.6000000000000001 7.99216262208245 -2.9921626225710201  -1.6000000000000001 7.9973670544892501 -2.9973670539003998  -1.6000000000000001 8 -3 
 0 4 0.0176794085702956 1 0.030737648232263801 1 0.035489968068588999 1 0.053414149098081599 1 0.071526785590182607 1 0.089747945236760301 1 0.092371660005857101 1 0.10820913945656301 1 0.126807381051667 1 0.145613937762787 1 0.15386330322146299 1 0.16448281999512199 1 0.18446148411803501 1 0.205489410327517 1 0.21479407970306699 1 0.228564036931489 1 0.25261736314716199 1 0.27485519034438999 1 0.29773544438945099 1 0.33440845112162598 1 0.37300878522303899 1 0.39397424198767 1 0.47870964640618502 1 0.48334113048317701 1 0.58521917734485596 1 0.60480943582838298 1 0.66210848467482397 1 0.709135951785695 1 0.734987480041847 1 0.73774031580640897 1 0.76002099369344001 1 0.78339972419285198 1 0.80593912546260704 1 0.82761816865767801 1 0.84927269218981405 1 0.87086922515731602 1 0.89243227817167503 1 0.89346079781393295 1 0.91395362751021803 1 0.93546947501275601 1 0.95697462111456 1 0.97848415143846501 1 0.98911282845196602 1 1 4
1 -1.6000000000000001 11 -3 0 -1 0 
2 -1.6000000000000001 -4.5999999999999996 -9.5 1 0 0 0 -1 -6.1232339957367697e-17 0 6.1232339957367697e-17 -1 0.84999999999999998
2 -1.6000000000000001 0 0 1 0 0 0 -0.62605779396925387 0.77977665944188879 0 -0.77977665944188879 -0.62605779396925387 10.85
2 -1.6000000000000001 -7.1996646306464198 8.9674315835817193 -1 0 0 0 -0.62605779396925321 0.77977665944188923 0 0.77977665944188923 0.62605779396925321 0.65000000000000002
2 -1.6000000000000001 0 0 -1 0 0 0 -0.7797769482865532 0.62605743420305315 0 0.62605743420305315 0.7797769482865532 12.15
2 -1.6000000000000001 -8.9674315836093896 7.1996646306119496 -1 0 0 0 0.77978218233087504 -0.62605091495763998 -0 -0.62605091495763998 -0.77978218233087504 0.65000000000000002
1 0 -9.4742899216637806 7.60659782555277 -1 0 0 
1 0 -8.4605731650734199 6.7927315358726998 -1 0 0 
2 0 -8.9674315836093896 7.1996646306119496 -1 0 0 0 0.77978218233087504 -0.62605091495763998 -0 -0.62605091495763998 -0.77978218233087504 0.65000000000000002
2 -15.3300051584207 11.6 3.0673371140879149 0 1 0 0 -0 1 1 0 -0 14.35
2 0 0 0 -1 0 0 -0 -0.62605743420305315 -0.7797769482865532 0 -0.7797769482865532 0.62605743420305315 12.15
2 0 -7.1996646306119496 -8.9674315836093896 -1 0 0 0 0.62605091495763998 0.77978218233087504 0 0.77978218233087504 -0.62605091495763998 0.65000000000000002
2 0 0 0 1 0 0 0 -0.77977665944188879 -0.62605779396925387 0 0.62605779396925387 -0.77977665944188879 10.85
2 0 -8.9674315835817193 -7.1996646306464198 -1 0 0 -0 -0.77977665944189023 -0.6260577939692521 0 -0.6260577939692521 0.77977665944189023 0.65000000000000002
2 0 0 0 -1 0 0 0 0.7797769482865532 -0.62605743420305315 -0 -0.62605743420305315 -0.7797769482865532 12.15
2 0 8.9674315836093896 -7.1996646306119496 -1 0 0 0 -0.77978218233087504 0.62605091495763998 0 0.62605091495763998 0.77978218233087504 0.65000000000000002
2 0 0 0 1 0 0 0 0.62605779396925387 -0.77977665944188879 -0 0.77977665944188879 0.62605779396925387 10.85
2 0 7.1996646306464198 -8.9674315835817193 -1 0 0 0 0.6260577939692521 -0.77977665944189023 -0 -0.77977665944189023 -0.6260577939692521 0.65000000000000002
2 0 -1.7763568394002501e-15 1.7763568394002501e-15 -1 0 0 0 0.62605743420305315 0.7797769482865532 0 0.7797769482865532 -0.62605743420305315 12.15
2 0 7.1996646306119496 8.9674315836093896 -1 0 0 -0 -0.62605091495763998 -0.77978218233087504 0 -0.77978218233087504 0.62605091495763998 0.65000000000000002
2 0 -1.7763568394002501e-15 1.7763568394002501e-15 1 0 0 -0 0.77977665944188879 0.62605779396925387 0 -0.62605779396925387 0.77977665944188879 10.85
2 0 8.9674315835817193 7.1996646306464198 -1 0 0 0 0.77977665944189023 0.6260577939692521 0 0.6260577939692521 -0.77977665944189023 0.65000000000000002
2 0 9.5 -4.5999999999999996 1 0 0 0 0 -1 -0 1 0 0.84999999999999998
2 0 -9.5 4.5999999999999996 1 0 0 0 -1.22464679914735e-16 1 0 -1 -1.22464679914735e-16 0.84999999999999998
1 -2.2204460492503101e-16 3.5 -11.5 0 -1 3.1529372547126399e-16 
2 0 3.5 -9.5 1 0 0 0 0 -1 -0 1 0 2
1 -2.2204460492503101e-16 -2.13397459541943 -7.5 3.9411715683908097e-17 1 0 
7 0 0  3 47 45  -3.8302182413395398e-12 -2.1339745957179801 -7.5  -3.8302182413395398e-12 -2.14006237297603 -7.5000000243107996  -3.8302182413395398e-12 -2.1506375780960698 -7.5001449976212404  -3.8302182413395398e-12 -2.1628244763984199 -7.5005973137897497  -3.8302182413395398e-12 -2.1750933999998598 -7.5012171837066601  -3.8302182413395398e-12 -2.1890954501608002 -7.5021634027528696  -3.8302182413395398e-12 -2.20767683433544 -7.5039152832458704  -3.8302182413395398e-12 -2.2209010757419101 -7.5055138995763802  -3.8302182413395398e-12 -2.2334301962171601 -7.5072149154918399  -3.8302182413395398e-12 -2.2460963064516002 -7.5091042256192004  -3.8302182413395398e-12 -2.2643323404981901 -7.5122787026925604  -3.8302182413395398e-12 -2.2795219619151101 -7.5153274953024098  -3.8302182413395398e-12 -2.2923015830804898 -7.51812774961319  -3.8302182413395398e-12 -2.3052152569123199 -7.5211290454658402  -3.8302182413395398e-12 -2.32222461701731 -7.5254501466371302  -3.8302182413395398e-12 -2.3384498963747902 -7.5300099566052996  -3.8302182413395398e-12 -2.3517223272376899 -7.5340056347350703  -3.8302182413395398e-12 -2.3652287056716901 -7.5382587225620901  -3.8302182413395398e-12 -2.3847467393550001 -7.5448196627369501  -3.8302182413395398e-12 -2.40243345878083 -7.55134488317099  -3.8302182413395398e-12 -2.4286826156854899 -7.5616152636581697  -3.8302182413395398e-12 -2.4474691336048902 -7.5696336870934298  -3.8302182413395398e-12 -2.4785247645056199 -7.5839472169051803  -3.8302182413395398e-12 -2.4986096701288298 -7.5938743626236498  -3.8302182413395398e-12 -2.5253360953622499 -7.6080674890750304  -3.8302182413395398e-12 -2.55101748652686 -7.6223800229988399  -3.8302182413395398e-12 -2.5772687526520199 -7.6381646166146098  -3.8302182413395398e-12 -2.6070281299408902 -7.6571122589498399  -3.8302182413395398e-12 -2.6464836125926201 -7.6836032702695896  -3.8302182413395398e-12 -2.6801684447890399 -7.7085202257905499  -3.8302182413395398e-12 -2.7241198459410598 -7.7427654328378903  -3.8302182413395398e-12 -2.7593223646348499 -7.7716996220162997  -3.8302182413395398e-12 -2.7973877386082902 -7.8051266578315399  -3.8302182413395398e-12 -2.82499536193927 -7.8300405970161204  -3.8302182413395398e-12 -2.8477604138264399 -7.8510661669387396  -3.8302182413395398e-12 -2.87490045201202 -7.8767442218380301  -3.8302182413395398e-12 -2.8987073783540001 -7.8996758684767601  -3.8302182413395398e-12 -2.91472272734695 -7.9153229376401404  -3.8302182413395398e-12 -2.9280666170929202 -7.9284285535045598  -3.8302182413395398e-12 -2.93804771779351 -7.9382709333439099  -3.8302182413395398e-12 -2.9520539969933401 -7.9521565673941303  -3.8302182413395398e-12 -2.9643165057712202 -7.9643566250553297  -3.8302182413395398e-12 -2.9763757732794698 -7.9763855963962902  -3.8302182413395398e-12 -2.98560251092385 -7.9856046929642401  -3.8302182413395398e-12 -2.9934613077608798 -7.9934613076020398  -3.8302182413395398e-12 -2.9973668715955002 -7.9973668718203799  -3.8302182413395398e-12 -3 -8 
 0 4 0.0176710754817027 1 0.030732194602146101 1 0.035495700969283402 1 0.053456216517574102 1 0.071648082169034399 1 0.089970263161422398 1 0.092365939368555194 1 0.10859398178120599 1 0.127395099841937 1 0.14646465841568901 1 0.15386477605075699 1 0.16561526616529201 1 0.18518676873037301 1 0.20510047798979 1 0.21479841574608599 1 0.22562680361214099 1 0.246406512865295 1 0.27484714782355202 1 0.28059269494768802 1 0.32860535128173102 1 0.33440241358067502 1 0.38037870676221702 1 0.39399216579739699 1 0.42272578450263598 1 0.46617084615658599 1 0.48334556120766398 1 0.52565636822831896 1 0.60481761674529499 1 0.60561372924993695 1 0.68826259858661998 1 0.73772551732318503 1 0.75347000174096201 1 0.79680746670213898 1 0.82817529649781296 1 0.86250491443743404 1 0.89325520302789596 1 0.89349405012339 1 0.91706887814275895 1 0.93414965506285896 1 0.95103946503458303 1 0.967547533519449 1 0.98386710574297698 1 0.98912177756198605 1 1 4
1 -5.5511151231257802e-17 -3 -11 1.8503717077085901e-17 -1.48029736616688e-16 1 
7 0 0  3 47 45  -3.8302200917112503e-12 -2.1339745957179801 -11.5  -3.8302200917112503e-12 -2.14006237297603 -11.4999999756892  -3.8302200917112503e-12 -2.1506375780960698 -11.4998550023788  -3.8302200917112503e-12 -2.1628244763984199 -11.4994026862102  -3.8302200917112503e-12 -2.1750933999998598 -11.4987828162933  -3.8302200917112503e-12 -2.1890954501608002 -11.497836597247099  -3.8302200917112503e-12 -2.20767683433544 -11.496084716754099  -3.8302200917112503e-12 -2.2209010757419101 -11.4944861004236  -3.8302200917112503e-12 -2.2334301962171601 -11.492785084508199  -3.8302200917112503e-12 -2.2460963064516002 -11.4908957743808  -3.8302200917112503e-12 -2.2643323404981901 -11.487721297307401  -3.8302200917112503e-12 -2.2795219619150999 -11.484672504697601  -3.8302200917112503e-12 -2.2923015830804898 -11.4818722503868  -3.8302200917112503e-12 -2.3052152569123199 -11.4788709545342  -3.8302200917112503e-12 -2.32222461701731 -11.4745498533629  -3.8302200917112503e-12 -2.3384498963747902 -11.4699900433947  -3.8302200917112503e-12 -2.3517223272376802 -11.465994365264899  -3.8302200917112503e-12 -2.3652287056716901 -11.4617412774379  -3.8302200917112503e-12 -2.3847467393550001 -11.455180337263  -3.8302200917112503e-12 -2.40243345878083 -11.448655116829  -3.8302200917112503e-12 -2.4286826156854899 -11.438384736341799  -3.8302200917112503e-12 -2.4474691336048902 -11.4303663129066  -3.8302200917112503e-12 -2.4785247645056199 -11.4160527830948  -3.8302200917112503e-12 -2.4986096701288298 -11.4061256373763  -3.8302200917112503e-12 -2.5253360953622499 -11.391932510925001  -3.8302200917112503e-12 -2.55101748652686 -11.377619977001199  -3.8302200917112503e-12 -2.5772687526520199 -11.361835383385399  -3.8302200917112503e-12 -2.60702812994088 -11.3428877410502  -3.8302200917112503e-12 -2.6464836125926201 -11.3163967297304  -3.8302200917112503e-12 -2.6801684447890399 -11.291479774209501  -3.8302200917112503e-12 -2.7241198459410598 -11.257234567162101  -3.8302200917112503e-12 -2.7593223646348499 -11.2283003779837  -3.8302200917112503e-12 -2.7973877386082902 -11.194873342168499  -3.8302200917112503e-12 -2.8249953619392598 -11.169959402983901  -3.8302200917112503e-12 -2.8477604138264399 -11.148933833061299  -3.8302200917112503e-12 -2.87490045201202 -11.123255778161999  -3.8302200917112503e-12 -2.8987073783540098 -11.1003241315232  -3.8302200917112503e-12 -2.9147227273469398 -11.0846770623599  -3.8302200917112503e-12 -2.9280666170929202 -11.071571446495399  -3.8302200917112503e-12 -2.9380477177934998 -11.061729066656101  -3.8302200917112503e-12 -2.9520539969933401 -11.0478434326059  -3.8302200917112503e-12 -2.9643165057712202 -11.0356433749447  -3.8302200917112503e-12 -2.97637577327948 -11.0236144036037  -3.8302200917112503e-12 -2.98560251092385 -11.0143953070358  -3.8302200917112503e-12 -2.9934613077608998 -11.006538692397999  -3.8302200917112503e-12 -2.99736687159551 -11.0026331281796  -3.8302200917112503e-12 -3 -11 
 0 4 0.017671075481701 1 0.030732194602145099 1 0.035495700969282 1 0.053456216517572701 1 0.0716480821690339 1 0.089970263161420705 1 0.092365939368554695 1 0.108593981781204 1 0.12739509984193501 1 0.14646465841568901 1 0.15386477605075699 1 0.16561526616529201 1 0.18518676873037301 1 0.205100477989788 1 0.21479841574608599 1 0.22562680361214099 1 0.246406512865294 1 0.27484714782355202 1 0.28059269494768702 1 0.32860535128172902 1 0.33440241358067402 1 0.38037870676221902 1 0.39399216579739799 1 0.42272578450263898 1 0.46617084615658699 1 0.48334556120766198 1 0.52565636822831796 1 0.604817616745293 1 0.60561372924993995 1 0.68826259858662397 1 0.73772551732317704 1 0.75347000174096401 1 0.79680746670213698 1 0.82817529649781196 1 0.86250491443743105 1 0.89325520302789396 1 0.89349405012338701 1 0.91706887814275795 1 0.93414965506285896 1 0.95103946503458303 1 0.967547533519447 1 0.98386710574297498 1 0.98912177756198505 1 1 4
2 0 4.5999999999999996 9.5 1 0 0 -0 1 1.8369701987210299e-16 0 -1.8369701987210299e-16 1 0.84999999999999998
2 0 0 0 1 0 0 -0 1 6.1232339957367599e-17 0 -6.1232339957367599e-17 1 6
1 0 3 11 0 1.4802973661668699e-16 -1 
7 0 0  3 47 45  -1.72359959638158e-10 2.1339745957179801 11.5  -5.3012325792781303e-11 2.1400636962020001 11.4999999770882  1.86533334772479e-11 2.1506385919462501 11.4998549807115  -1.3071972230869e-12 2.1628218822889398 11.4994027633218  9.1016808795831304e-13 2.1750723504997702 11.498783934172801  -3.59051943711522e-13 2.1890303764546002 11.4978413356566  1.01952807795413e-13 2.2075383071108599 11.4960988074991  -2.94867931974336e-15 2.2207799458319899 11.4945015202945  1.7303761093128401e-15 2.2332208846484898 11.4928145149833  -7.615051813322e-16 2.2457649679557599 11.490946929043799  2.7363009478657201e-16 2.26371641262226 11.4878344531412  1.0437734984528299e-16 2.2790395129146099 11.4847743477705  -6.3331902437020206e-17 2.2916402809412602 11.4820207018514  3.3301882477452198e-17 2.3045995742133498 11.479018988955399  2.13566991091811e-17 2.3217452105816698 11.4746849835002  -1.01926659570126e-16 2.3383438429793499 11.470023766305401  1.7338225909870801e-17 2.35281624884278 11.465662998533199  7.8679070366952799e-17 2.3682159764049899 11.4607830299559  3.9641491017428901e-17 2.3876983069761102 11.4541145249711  -2.1818053530624e-16 2.4099197475315499 11.445826729554099  6.7297717786667996e-16 2.4359350397678399 11.435353406543401  -4.4038417835734001e-15 2.4667246762835999 11.421763091804101  1.4101266359577501e-14 2.4963608368578099 11.407257169823  -5.8740380677797903e-14 2.5401186107685301 11.3842165150407  5.8999453883550803e-13 2.5726595971595501 11.3649203558842  -8.1115856786521495e-13 2.62775590026942 11.329442500033799  6.0053137879276302e-11 2.6630603989092601 11.304470964337  -6.2395499836574003e-11 2.7116180412511701 11.267132038927301  7.6054391278760796e-10 2.7446460153000301 11.2404461012504  -1.02542048912602e-10 2.7785414497474901 11.211458326868801  1.49849949497626e-12 2.7979486171699999 11.194288530111001  -9.7131580298347401e-13 2.8109366880094 11.1826579683884  4.3550667608751999e-13 2.82323665999035 11.171527750339701  -1.14487767847227e-13 2.8404292318402802 11.155696519548  2.8984432818302801e-14 2.8573485018545601 11.1398686525737  -7.5391806765289894e-15 2.87373370830985 11.124330033994299  2.0088077426158699e-15 2.8897962204002501 11.1089157111088  -6.8618218489242801e-16 2.9057513996292701 11.0934451588349  6.0954377906618795e-17 2.91658188493258 11.082850386323701  5.1217058993489502e-17 2.9271209650899901 11.0725008769237  -5.0401919125441402e-17 2.9376287668992802 11.062144499759899  1.04504610981286e-16 2.9530876176063399 11.046820896003901  -3.2075873549522697e-17 2.9687530752930398 11.031224075186101  1.4379480478600799e-17 2.9817495377099301 11.0182466097881  -1.9498788649692199e-17 2.9921626225709899 11.0078373779175  -7.1109755973952602e-17 2.9973670539003798 11.002632945510699  -1.11022302462516e-16 3 11 
 0 4 0.017679408570296502 1 0.0307376482322647 1 0.035489968068589103 1 0.0534141490980823 1 0.071526785590183495 1 0.089747945236759996 1 0.092371660005858197 1 0.10820913945656301 1 0.126807381051666 1 0.145613937762783 1 0.15386330322146299 1 0.16448281999511899 1 0.18446148411803301 1 0.205489410327514 1 0.21479407970306599 1 0.228564036931486 1 0.25261736314715899 1 0.27485519034438999 1 0.29773544438944999 1 0.33440845112162598 1 0.37300878522303899 1 0.393974241987674 1 0.47870964640618802 1 0.483341130483184 1 0.58521917734485696 1 0.60480943582839197 1 0.66210848467482197 1 0.709135951785692 1 0.734987480041848 1 0.73774031580642296 1 0.76002099369343701 1 0.78339972419284898 1 0.80593912546260504 1 0.82761816865767301 1 0.84927269218980805 1 0.87086922515730902 1 0.89243227817166904 1 0.89346079781393895 1 0.91395362751021503 1 0.93546947501275401 1 0.956974621114562 1 0.97848415143846401 1 0.98911282845196202 1 1 4
1 0 -3.5 11.5 0 1 0 
2 0 -3.5 9.5 -1 0 0 0 0 -1 -0 -1 -0 2
1 0 2.13397459541943 7.5 -3.9411715683908097e-17 -1 0 
7 0 0  3 47 45  -1.7235990412700599e-10 2.1339745957179801 7.5  -5.3012224667184202e-11 2.1400636962020001 7.50000002291182  1.8653321175629901e-11 2.1506385919462399 7.5001450192884898  -1.3073349082607901e-12 2.1628218822889398 7.5005972366781801  9.1011320053986508e-13 2.1750723504997702 7.5012160658272098  -3.58924677001388e-13 2.1890303764546002 7.5021586643433897  1.0205971550792199e-13 2.2075383071108599 7.5039011925009103  -3.4375808402339201e-15 2.2207799458319899 7.5054984797055502  2.1640421347829299e-15 2.23322088464848 7.5071854850167004  -1.1917761181969e-15 2.2457649679557599 7.50905307095623  4.6530291335705e-16 2.26371641262226 7.5121655468587996  -1.04922495489417e-16 2.2790395129146201 7.51522565222945  1.0692842458233101e-16 2.2916402809412602 7.5179792981486404  -8.4906931214808995e-17 2.3045995742133498 7.52098101104463  2.0209853637921299e-16 2.3217452105816698 7.5253150164998299  4.11938454097449e-17 2.3383438429793499 7.5299762336946197  -1.11050313156096e-16 2.35281624884278 7.5343370014667901  -1.1837343434243601e-16 2.3682159764049899 7.5392169700441096  2.7375741947363e-16 2.3876983069761102 7.5458854750289097  -2.40881548247921e-16 2.4099197475315499 7.5541732704458697  7.0532798768203097e-16 2.4359350397678399 7.5646465934566098  -4.5629898264633398e-15 2.4667246762835999 7.5782369081958896  1.41428279951213e-14 2.4963608368578099 7.5927428301770403  -5.8849799494365499e-14 2.5401186107685301 7.6157834849592998  5.90902528764297e-13 2.5726595971595501 7.6350796441157396  -8.1227448828667501e-13 2.62775590026942 7.6705574999662396  6.0052885810274598e-11 2.6630603989092498 7.6955290356630002  -6.2395411533993197e-11 2.7116180412511701 7.73286796107267  7.6054382725657303e-10 2.7446460153000198 7.75955389874962  -1.02541903653352e-10 2.7785414497474901 7.7885416731312302  1.49832324022935e-12 2.7979486171699999 7.8057114698889603  -9.7129198636829205e-13 2.8109366880094 7.8173420316116102  4.3531341630501102e-13 2.8232366599903398 7.8284722496603196  -1.1432776241605399e-13 2.8404292318402802 7.8443034804520204  2.88764749796178e-14 2.8573485018545601 7.8601313474262904  -7.7471436030769899e-15 2.87373370830985 7.8756699660056997  2.1166867877441598e-15 2.8897962204002501 7.8910842888911903  -4.1184862102588198e-16 2.9057513996292799 7.9065548411651196  -2.19356338014501e-16 2.9165818849325702 7.9171496136763198  1.82161991640769e-16 2.9271209650899901 7.9274991230762399  -8.8674332490690594e-17 2.9376287668992802 7.9378555002400697  3.4105794837713501e-17 2.9530876176063399 7.9531791039961499  -4.5802666826012798e-17 2.96875307529303 7.9687759248139596  -2.2212534390752299e-17 2.9817495377099301 7.9817533902118596  -3.4159171065988301e-17 2.9921626225709601 7.9921626220825104  9.9552467929874501e-17 2.9973670539003701 7.9973670544892697  2.2204460492503101e-16 3 8 
 0 4 0.017679408570296502 1 0.0307376482322647 1 0.0354899680685885 1 0.053414149098081599 1 0.071526785590182398 1 0.089747945236759594 1 0.092371660005858697 1 0.10820913945656201 1 0.126807381051666 1 0.145613937762785 1 0.15386330322146499 1 0.16448281999512199 1 0.18446148411803501 1 0.205489410327516 1 0.21479407970306799 1 0.22856403693148999 1 0.25261736314716199 1 0.27485519034438999 1 0.29773544438944899 1 0.33440845112162698 1 0.37300878522303899 1 0.393974241987674 1 0.47870964640618702 1 0.48334113048318 1 0.58521917734485496 1 0.60480943582838698 1 0.66210848467482297 1 0.709135951785694 1 0.734987480041846 1 0.73774031580641497 1 0.76002099369343901 1 0.78339972419284998 1 0.80593912546260704 1 0.82761816865767601 1 0.84927269218981305 1 0.87086922515731302 1 0.89243227817167203 1 0.89346079781392895 1 0.91395362751021803 1 0.93546947501275701 1 0.956974621114563 1 0.97848415143846701 1 0.98911282845196002 1 1 4
1 -5.5511151231257802e-17 -11 3 1.8503717077085901e-17 1 0 
7 0 0  3 47 45  -1.72360015149309e-10 -11.5 2.1339745957179801  -5.3012041481000397e-11 -11.4999999770882 2.1400636962020001  1.86534642647987e-11 -11.4998549807115 2.1506385919462501  -1.30742586374077e-12 -11.4994027633218 2.1628218822889398  9.1022692591671493e-13 -11.498783934172801 2.1750723504997702  -3.5900834249742e-13 -11.4978413356566 2.1890303764546002  1.01879276123795e-13 -11.4960988074991 2.2075383071108599  -2.79006548225573e-15 -11.4945015202945 2.2207799458319899  1.59214825691825e-15 -11.4928145149833 2.2332208846484898  -8.4744364454373395e-16 -11.490946929043799 2.2457649679557701  1.07934782873775e-16 -11.4878344531412 2.26371641262226  1.38672702737706e-16 -11.4847743477705 2.2790395129146201  -9.6122744957386605e-17 -11.4820207018514 2.2916402809412602  -5.9884780932334404e-17 -11.479018988955399 2.3045995742133498  1.7182652004974099e-16 -11.4746849835002 2.3217452105816698  -1.79227690567801e-16 -11.470023766305401 2.3383438429793499  -3.3133667215489698e-17 -11.465662998533199 2.35281624884278  2.7700115295324701e-17 -11.4607830299559 2.3682159764049899  -6.7608789106313901e-17 -11.4541145249711 2.3876983069761102  -9.4476274311570297e-17 -11.445826729554099 2.4099197475315499  5.7690145093568498e-16 -11.435353406543401 2.4359350397678399  -4.4146466301178801e-15 -11.421763091804101 2.4667246762835999  1.3942281809749e-14 -11.407257169823 2.4963608368578099  -5.8688225414222706e-14 -11.3842165150407 2.5401186107685301  5.9129998744749797e-13 -11.3649203558842 2.5726595971595501  -8.1268975530594903e-13 -11.329442500033799 2.62775590026942  6.0053188367753302e-11 -11.304470964337 2.6630603989092498  -6.2395588203085001e-11 -11.267132038927301 2.7116180412511701  7.6054381669201705e-10 -11.2404461012504 2.7446460153000198  -1.02541752973958e-10 -11.211458326868801 2.7785414497474901  1.49826503858023e-12 -11.194288530111001 2.7979486171700101  -9.71164570157624e-13 -11.1826579683884 2.8109366880094  4.3551002037064098e-13 -11.171527750339701 2.8232366599903398  -1.1456067274569201e-13 -11.155696519548 2.8404292318402802  2.89400594588709e-14 -11.1398686525737 2.8573485018545699  -7.6216917844180801e-15 -11.124330033994299 2.87373370830985  2.05043143405951e-15 -11.1089157111088 2.8897962204002501  -6.0421433134200201e-16 -11.0934451588349 2.9057513996292799  6.2161500854130206e-17 -11.082850386323701 2.91658188493258  4.9718075590638401e-17 -11.0725008769237 2.9271209650899901  1.8743828468837199e-16 -11.062144499759899 2.9376287668992802  -7.4015018072467906e-17 -11.046820896003799 2.9530876176063501  1.04473239512211e-16 -11.031224075186101 2.9687530752930398  8.6174820070074993e-18 -11.0182466097881 2.9817495377099301  -3.5910277585493201e-17 -11.0078373779175 2.9921626225710001  -1.3959559196265901e-16 -11.002632945510699 2.99736705390039  -2.2204460492503101e-16 -11 3 
 0 4 0.0176794085702957 1 0.030737648232263399 1 0.035489968068588201 1 0.053414149098081197 1 0.071526785590182496 1 0.089747945236760301 1 0.092371660005858197 1 0.10820913945656301 1 0.126807381051666 1 0.145613937762783 1 0.15386330322146299 1 0.16448281999511899 1 0.18446148411803301 1 0.205489410327513 1 0.21479407970306699 1 0.228564036931486 1 0.25261736314715899 1 0.27485519034439099 1 0.29773544438945199 1 0.33440845112162698 1 0.37300878522303799 1 0.393974241987673 1 0.47870964640618602 1 0.483341130483181 1 0.58521917734485296 1 0.60480943582838498 1 0.66210848467482197 1 0.709135951785693 1 0.734987480041845 1 0.73774031580641397 1 0.76002099369344001 1 0.78339972419285397 1 0.80593912546261104 1 0.82761816865767801 1 0.84927269218981405 1 0.87086922515731402 1 0.89243227817167303 1 0.89346079781393295 1 0.91395362751021902 1 0.93546947501275401 1 0.956974621114562 1 0.97848415143846301 1 0.98911282845196002 1 1 4
1 0 -11.5 -3.5 -3.9411715683907998e-17 0 1 
2 0 -9.5 -3.5 -1 0 0 0 1 2.2204460492503101e-16 0 2.2204460492503101e-16 -1 2
1 -4.4408920985006301e-16 -7.5 2.13397459541943 3.9411715683908097e-17 0 -1 
7 0 0  3 47 45  -3.8302188581301102e-12 -7.5 2.1339745957179801  -3.8302188581301102e-12 -7.5000000243107996 2.14006237297603  -3.8302188581301102e-12 -7.5001449976212298 2.1506375780960698  -3.8302188581301102e-12 -7.5005973137897497 2.1628244763984199  -3.8302188581301102e-12 -7.5012171837066504 2.1750933999998598  -3.8302188581301102e-12 -7.5021634027528696 2.1890954501608002  -3.8302188581301102e-12 -7.5039152832458704 2.20767683433544  -3.8302188581301102e-12 -7.5055138995763802 2.2209010757419101  -3.8302188581301102e-12 -7.5072149154918399 2.2334301962171601  -3.8302188581301102e-12 -7.5091042256192004 2.2460963064516002  -3.8302188581301102e-12 -7.5122787026925604 2.2643323404981901  -3.8302188581301102e-12 -7.5153274953024001 2.2795219619151101  -3.8302188581301102e-12 -7.51812774961319 2.2923015830804898  -3.8302188581301102e-12 -7.5211290454658402 2.3052152569123199  -3.8302188581301102e-12 -7.5254501466371302 2.32222461701731  -3.8302188581301102e-12 -7.5300099566052996 2.3384498963747902  -3.8302188581301102e-12 -7.5340056347350703 2.3517223272376802  -3.8302188581301102e-12 -7.5382587225620901 2.3652287056716901  -3.8302188581301102e-12 -7.5448196627369599 2.3847467393550001  -3.8302188581301102e-12 -7.55134488317099 2.40243345878083  -3.8302188581301102e-12 -7.5616152636581697 2.4286826156855001  -3.8302188581301102e-12 -7.5696336870934298 2.4474691336048902  -3.8302188581301102e-12 -7.5839472169051803 2.4785247645056199  -3.8302188581301102e-12 -7.5938743626236498 2.4986096701288298  -3.8302188581301102e-12 -7.6080674890750304 2.5253360953622499  -3.8302188581301102e-12 -7.6223800229988399 2.55101748652686  -3.8302188581301102e-12 -7.6381646166146098 2.5772687526520199  -3.8302188581301102e-12 -7.6571122589498399 2.6070281299408902  -3.8302188581301102e-12 -7.6836032702695896 2.6464836125926201  -3.8302188581301102e-12 -7.7085202257905499 2.6801684447890399  -3.8302188581301102e-12 -7.7427654328378903 2.72411984594107  -3.8302188581301102e-12 -7.7716996220162997 2.7593223646348499  -3.8302188581301102e-12 -7.8051266578315497 2.7973877386082902  -3.8302188581301102e-12 -7.8300405970161204 2.82499536193927  -3.8302188581301102e-12 -7.8510661669387396 2.8477604138264399  -3.8302188581301102e-12 -7.8767442218380204 2.87490045201202  -3.8302188581301102e-12 -7.8996758684767698 2.8987073783540098  -3.8302188581301102e-12 -7.9153229376401102 2.9147227273469398  -3.8302188581301102e-12 -7.9284285535045704 2.9280666170929299  -3.8302188581301102e-12 -7.9382709333439001 2.9380477177934998  -3.8302188581301102e-12 -7.9521565673941197 2.9520539969933401  -3.8302188581301102e-12 -7.9643566250553297 2.9643165057712202  -3.8302188581301102e-12 -7.9763855963962804 2.97637577327948  -3.8302188581301102e-12 -7.9856046929642499 2.9856025109238402  -3.8302188581301102e-12 -7.9934613076020398 2.99346130776089  -3.8302188581301102e-12 -7.9973668718203799 2.9973668715955002  -3.8302188581301102e-12 -8 3 
 0 4 0.017671075481703699 1 0.030732194602146198 1 0.035495700969283998 1 0.053456216517574401 1 0.071648082169035607 1 0.089970263161421898 1 0.092365939368555805 1 0.10859398178120599 1 0.127395099841938 1 0.14646465841569001 1 0.15386477605075899 1 0.16561526616529401 1 0.18518676873037301 1 0.205100477989789 1 0.21479841574608599 1 0.22562680361214199 1 0.246406512865295 1 0.27484714782355202 1 0.28059269494768702 1 0.32860535128172902 1 0.33440241358067402 1 0.38037870676221602 1 0.39399216579739699 1 0.42272578450263798 1 0.46617084615658799 1 0.48334556120766498 1 0.52565636822831896 1 0.60481761674529799 1 0.60561372924993895 1 0.68826259858662497 1 0.73772551732318903 1 0.75347000174096601 1 0.79680746670214198 1 0.82817529649781396 1 0.86250491443743404 1 0.89325520302789596 1 0.893494050123393 1 0.91706887814275895 1 0.93414965506285896 1 0.95103946503458403 1 0.96754753351945 1 0.98386710574297698 1 0.98912177756198505 1 1 4
1 -2.2204460492503101e-16 11.5 3.5 0 -3.1529372547126399e-16 -1 
2 0 9.5 3.5 -1 0 0 0 -1 0 0 0 1 2
1 2.2204460492503101e-16 7.5 -2.13397459541943 -3.9411715683907998e-17 0 1 
7 0 0  3 47 45  -1.72359931882582e-10 7.5 -2.1339745957179801  -5.3011930414418103e-11 7.50000002291182 -2.1400636962020001  1.8653408889752701e-11 7.5001450192884898 -2.1506385919462501  -1.3075865547052199e-12 7.5005972366781801 -2.1628218822889398  9.1044477282083492e-13 7.5012160658272098 -2.1750723504997702  -3.5929245412631398e-13 7.5021586643433897 -2.1890303764546002  1.0213568203193201e-13 7.5039011925009103 -2.2075383071108599  -3.2471847146657501e-15 7.5054984797055404 -2.2207799458319899  2.0460246560164599e-15 7.5071854850167004 -2.2332208846484898  -9.3359308459020302e-16 7.50905307095623 -2.2457649679557701  3.9313012084397099e-16 7.5121655468587996 -2.2637164126222702  -1.10432219477397e-16 7.51522565222945 -2.2790395129146201  1.2788289681100799e-16 7.5179792981486404 -2.2916402809412602  -2.4443946342931299e-16 7.5209810110446398 -2.3045995742133498  -1.2687131574190599e-16 7.5253150164998299 -2.32174521058168  2.2543463506670702e-16 7.5299762336946197 -2.3383438429793499  -6.0238266343393795e-17 7.5343370014667803 -2.35281624884278  2.7821750527344401e-17 7.5392169700441096 -2.3682159764049899  3.6929100258413402e-17 7.5458854750288999 -2.3876983069761102  -1.5848790060657499e-16 7.55417327044586 -2.4099197475315499  7.79581652576721e-16 7.5646465934566098 -2.4359350397678399  -4.4131935160654099e-15 7.5782369081958896 -2.4667246762835999  1.4016328387825099e-14 7.5927428301770403 -2.4963608368578099  -5.8688995559498901e-14 7.6157834849592998 -2.5401186107685301  5.9038520804091603e-13 7.6350796441157396 -2.5726595971595501  -8.1156392773314497e-13 7.6705574999662502 -2.62775590026942  6.0052574102756901e-11 7.6955290356630002 -2.6630603989092498  -6.2395240830590397e-11 7.7328679610726603 -2.7116180412511701  7.6054399884633996e-10 7.7595538987496102 -2.7446460153000198  -1.0254198197628e-10 7.78854167313124 -2.7785414497474901  1.4985345989018401e-12 7.8057114698889603 -2.7979486171700101  -9.7147829797157204e-13 7.81734203161162 -2.8109366880094  4.3569943877949001e-13 7.8284722496603196 -2.82323665999035  -1.1443083568224299e-13 7.8443034804520204 -2.8404292318402899  2.8908156249092301e-14 7.8601313474262904 -2.8573485018545699  -7.6164870461898395e-15 7.8756699660056997 -2.87373370830985  2.06097087951111e-15 7.8910842888911903 -2.8897962204002599  -6.5138489779890103e-16 7.9065548411651196 -2.9057513996292799  3.9563115735632e-16 7.9171496136763198 -2.91658188493258  -4.3024872394305899e-16 7.9274991230762302 -2.9271209650899901  1.7061999816780801e-16 7.9378555002400804 -2.9376287668992802  6.4110255570334095e-17 7.9531791039961401 -2.9530876176063399  -9.5565022681811794e-17 7.9687759248139596 -2.9687530752930398  -2.8510514181044298e-17 7.9817533902118596 -2.9817495377099301  -9.6075647637542405e-17 7.9921626220824997 -2.9921626225709699  3.4701553182969899e-17 7.9973670544892697 -2.9973670539003701  1.6653345369377299e-16 8 -3 
 0 4 0.0176794085702956 1 0.030737648232264499 1 0.035489968068588902 1 0.053414149098081898 1 0.071526785590183703 1 0.089747945236759899 1 0.092371660005857906 1 0.10820913945656201 1 0.126807381051665 1 0.145613937762783 1 0.15386330322146299 1 0.16448281999511999 1 0.18446148411803401 1 0.205489410327517 1 0.21479407970306799 1 0.22856403693148999 1 0.25261736314716199 1 0.27485519034438899 1 0.29773544438945099 1 0.33440845112162598 1 0.37300878522303899 1 0.39397424198767 1 0.47870964640618502 1 0.48334113048317701 1 0.58521917734485696 1 0.60480943582838398 1 0.66210848467482497 1 0.70913595178569699 1 0.73498748004185099 1 0.73774031580640997 1 0.760020993693444 1 0.78339972419285597 1 0.80593912546260804 1 0.82761816865767801 1 0.84927269218981405 1 0.87086922515731502 1 0.89243227817167303 1 0.89346079781392496 1 0.91395362751021703 1 0.93546947501275501 1 0.956974621114561 1 0.97848415143846501 1 0.98911282845196002 1 1 4
1 -5.5511151231257802e-17 11 -3 1.8503717077085901e-17 -1 0 
7 0 0  3 47 45  -1.72360153927187e-10 11.5 -2.1339745957179801  -5.30122497748968e-11 11.4999999770882 -2.1400636962020001  1.86534461667816e-11 11.4998549807115 -2.1506385919462501  -1.30726099384192e-12 11.4994027633218 -2.16282188228895  9.1011161328578904e-13 11.498783934172801 -2.1750723504997702  -3.58950486463302e-13 11.4978413356566 -2.1890303764546002  1.01820240162093e-13 11.4960988074991 -2.2075383071108599  -2.6793238114261e-15 11.4945015202945 -2.2207799458319899  1.7068508117602301e-15 11.4928145149833 -2.2332208846484898  -9.5270170455850509e-16 11.490946929043799 -2.2457649679557701  3.3628403795894402e-16 11.4878344531412 -2.2637164126222702  8.0283276423216201e-17 11.4847743477705 -2.2790395129146201  -3.1759556956813199e-17 11.4820207018514 -2.2916402809412699  1.18881536874431e-16 11.479018988955399 -2.3045995742133498  -6.0215137803349197e-17 11.4746849835002 -2.3217452105816698  5.7672541323187896e-17 11.470023766305401 -2.3383438429793499  -9.6575275562780306e-17 11.465662998533199 -2.35281624884278  5.8224272555491898e-17 11.4607830299559 -2.3682159764049899  -3.7388950696257497e-17 11.4541145249711 -2.3876983069761102  -2.3180613686140701e-16 11.445826729554099 -2.4099197475315499  8.4039649663444697e-16 11.435353406543401 -2.4359350397678399  -4.6178949807898403e-15 11.421763091804101 -2.4667246762835999  1.4027800794662e-14 11.407257169823 -2.4963608368578099  -5.8648084895027799e-14 11.3842165150407 -2.5401186107685301  5.8970834689240298e-13 11.364920355884299 -2.5726595971595501  -8.1063335440702995e-13 11.329442500033799 -2.62775590026942  6.0053197666487705e-11 11.304470964337 -2.6630603989092498  -6.2395589529768397e-11 11.267132038927301 -2.7116180412511701  7.6054378529344703e-10 11.2404461012504 -2.7446460153000198  -1.0254167577119e-10 11.211458326868801 -2.7785414497474901  1.49803054229163e-12 11.194288530111001 -2.7979486171700101  -9.7101162188361405e-13 11.1826579683884 -2.8109366880094  4.3535013844921902e-13 11.171527750339701 -2.82323665999035  -1.14551068391449e-13 11.155696519548 -2.8404292318402802  2.90512662043818e-14 11.1398686525737 -2.8573485018545601  -7.7382238995111301e-15 11.124330033994299 -2.87373370830985  2.0752442322711398e-15 11.1089157111088 -2.8897962204002501  -5.8739917547986004e-16 11.0934451588349 -2.9057513996292799  4.7842506874691999e-18 11.082850386323701 -2.9165818849325702  -3.91731935702112e-18 11.0725008769237 -2.9271209650899901  -2.46947759203928e-17 11.062144499759899 -2.9376287668992802  9.8398989703359103e-17 11.046820896003901 -2.9530876176063399  -3.3856398577896199e-17 11.031224075186101 -2.96875307529305  2.50795562761789e-17 11.0182466097881 -2.9817495377099301  -3.8333966339463599e-17 11.0078373779175 -2.9921626225710001  -1.41996543646269e-16 11.002632945510699 -2.99736705390039  -2.2204460492503101e-16 11 -3 
 0 4 0.017679408570296099 1 0.0307376482322641 1 0.035489968068589201 1 0.053414149098082897 1 0.071526785590183203 1 0.089747945236761398 1 0.092371660005858794 1 0.108209139456564 1 0.126807381051666 1 0.145613937762783 1 0.15386330322146299 1 0.16448281999511899 1 0.18446148411803301 1 0.205489410327514 1 0.21479407970306599 1 0.228564036931484 1 0.25261736314715799 1 0.27485519034438799 1 0.29773544438944899 1 0.33440845112162698 1 0.37300878522303499 1 0.393974241987672 1 0.47870964640618402 1 0.48334113048317801 1 0.58521917734485296 1 0.60480943582838198 1 0.66210848467482197 1 0.709135951785692 1 0.734987480041844 1 0.73774031580640897 1 0.76002099369343601 1 0.78339972419284498 1 0.80593912546260005 1 0.82761816865767202 1 0.84927269218980905 1 0.87086922515730902 1 0.89243227817166804 1 0.89346079781392995 1 0.91395362751021303 1 0.93546947501275002 1 0.956974621114559 1 0.97848415143846301 1 0.98911282845196202 1 1 4
2 0 -4.5999999999999996 -9.5 1 0 0 0 -1 -6.1232339957367697e-17 0 6.1232339957367697e-17 -1 0.84999999999999998
2 0 -7.1996646306464198 8.9674315835817193 -1 0 0 0 -0.62605779396925321 0.77977665944188923 0 0.77977665944188923 0.62605779396925321 0.65000000000000002
2 0 0 0 -1 0 0 0 -0.7797769482865532 0.62605743420305315 0 0.62605743420305315 0.7797769482865532 12.15
2 0 0 0 1 0 0 0 -0.62605779396925387 0.77977665944188879 0 -0.77977665944188879 -0.62605779396925387 10.85
7 0 0  1 2 2  -0.25000000000000022 -5.1999999999999993 -9.5  -1.3877787807814457e-16 -5.4499999999999993 -9.5 
 -0.17677669529663712 2 0.17677669529663662 2
2 -0.25 -4.5999999999999996 -9.5 1 0 0 0 -1 0 0 0 -1 0.59999999999999998
7 0 0  1 2 2  -1.3500000000000001 -5.1999999999999993 -9.5  -0.25 -5.1999999999999993 -9.5 
 0.25 2 1.3500000000000001 2
2 -1.3500000000000001 -4.5999999999999996 -9.5 1 0 0 0 -1 0 0 0 -1 0.59999999999999998
2 -0.5 11 -3 -9.2518585385431694e-18 1 -7.4014868308343802e-17 -8.2694607974275795e-16 7.401486830834379e-17 1 1 9.251858538543231e-18 8.2694607974275795e-16 0.5
2 -0.5 11 -2 -1 -1.82925354634789e-32 -9.9579925010295901e-17 2.5929834751271936e-32 1 -4.4408920985006301e-16 9.9579925010295901e-17 -4.4408920985006301e-16 -1 0.5
2 -0.5 11.5 -3 0 1 -1.8369701987210299e-16 0 1.8369701987210299e-16 1 1 -0 0 1
1 -1.1000000000000001 11 -2.5 1 0 0 
2 -1.1000000000000001 11 -2 -1 0 0 0 1 -6.1232339957367697e-17 -0 -6.1232339957367697e-17 -1 0.5
1 -1.1000000000000001 11.5 -2 1 0 0 
1 -1.1000000000000001 11 -2.5 0 -1 1.4802973661668699e-16 
1 -0.5 8 -2.5 -1 0 0 
1 -0.5 11 -2.5 0 -1 1.4802973661668699e-16 
2 -1.1000000000000001 8 -2 1 -8.5781725683262501e-32 -4.66973964754502e-16 -9.1529412179677346e-31 -1 -1.7763568394002501e-15 -4.66973964754502e-16 1.7763568394002501e-15 -1 0.5
2 -0.5 8 -2 1 0 0 0 -1 1.6081226496766401e-16 0 -1.6081226496766401e-16 -1 0.5
1 -0.5 7.5 -2 -1 0 7.4014868308343802e-16 
2 -0.5 8 -3 9.2518585385431694e-18 -1 7.4014868308343802e-17 1 9.2518585385433666e-18 2.66453525910038e-15 -2.66453525910038e-15 7.4014868308343778e-17 1 0.5
2 -0.5 7.5 -3 0 -1 1.8369701987210299e-16 0.49999999965528003 1.5908628584529623e-16 0.86602540398346295 -0.86602540398346295 9.1848509872727462e-17 0.49999999965528003 1
2 -0.5 -8 2 1 0 0 0 1 -1.6081226496766401e-16 -0 1.6081226496766401e-16 1 0.5
2 -0.5 -8 3 9.2518585385432295e-18 1 -2.3263744036642498e-46 1 -9.2518585385432295e-18 -1.7763568394002501e-15 -1.7763568394002501e-15 1.6434602192104636e-32 -1 0.5
2 -0.5 -7.5 3 0 1 -6.1232339957367697e-17 0.49999999965528003 -5.30287619484321e-17 -0.86602540398346295 -0.86602540398346295 -3.0616169957575835e-17 -0.49999999965528003 1
2 -1.1000000000000001 -8 2 1 7.4987989133092894e-33 1.22464679914735e-16 -1.1626928478906028e-31 1 8.8817841970012504e-16 -1.22464679914735e-16 -8.8817841970012504e-16 1 0.5
1 -0.5 -8 2.5 -1 0 0 
1 -0.5 -7.5 2 -1 0 -7.4014868308343802e-16 
1 -0.5 -11 2.5 0 1 0 
1 -1.1000000000000001 -11 2.5 1 0 0 
1 -1.1000000000000001 -11 2.5 0 1 0 
2 -0.5 -11 2 -1 -1.35963107344689e-32 -2.2204460492503101e-16 -8.501130241815753e-32 -1 4.4408920985006301e-16 -2.2204460492503101e-16 4.4408920985006301e-16 1 0.5
2 -1.1000000000000001 -11 2 -1 0 0 0 -1 6.1232339957367697e-17 0 6.1232339957367697e-17 1 0.5
1 -1.1000000000000001 -11.5 2 1 0 0 
2 -0.5 -11 3 -9.2518585385432295e-18 -1 2.3263744036642498e-46 -1.04899068466779e-15 9.7051134227957677e-33 -1 1 -9.2518585385432295e-18 -1.04899068466779e-15 0.5
2 -0.5 -11.5 3 0 -1 6.1232339957367697e-17 0 -6.1232339957367697e-17 -1 1 0 0 1
2 -0.5 2 8 1 0 0 0 -1.6081226496766401e-16 -1 0 1 -1.6081226496766401e-16 0.5
2 -0.5 3 8 0 1.11022302462516e-16 -1 1 -8.8817841970012504e-16 -9.860761315262676e-32 -8.8817841970012504e-16 -1 -1.11022302462516e-16 0.5
2 -0.5 3 7.5 0 0 -1 0.49999999965528003 -0.86602540398346295 0 -0.86602540398346295 -0.49999999965528003 -0 1
2 -1.1000000000000001 2 8 1 9.4941075965749399e-16 0 -1.6864922963177765e-30 1.7763568394002501e-15 -1 -9.4941075965749399e-16 1 1.7763568394002501e-15 0.5
1 -0.5 2.5 8 -1 0 0 
1 -0.5 2 7.5 -1 0 0 
1 -0.5 2.5 11 0 1.48029736616688e-16 -1 
1 -1.1000000000000001 2.5 11 1 0 0 
1 -1.1000000000000001 2.5 11 0 1.48029736616688e-16 -1 
2 -0.500000000000001 2 11 -1 5.0532154980742999e-16 0 2.2440784777419087e-31 4.4408920985006301e-16 1 5.0532154980742999e-16 1 -4.4408920985006301e-16 0.5
2 -1.1000000000000001 2 11 -1 0 0 0 6.1232339957367697e-17 1 0 1 -6.1232339957367697e-17 0.5
1 -1.1000000000000001 2 11.5 1 0 0 
2 -0.5 3 11 0 -1.11022302462516e-16 1 -1.6081226496766401e-16 -1 -1.11022302462516e-16 1 -1.6081226496766401e-16 -1.7853747920922258e-32 0.5
2 -0.5 3 11.5 0 0 1 0 -1 0 1 0 -0 1
7 0 0  1 2 2  -0.25000000000000022 5.1999999999999993 9.5  -1.3877787807814457e-16 5.4499999999999993 9.5 
 -0.17677669529663712 2 0.17677669529663662 2
2 -0.25 4.5999999999999996 9.5 1 0 0 -0 1 0 0 -0 1 0.59999999999999998
7 0 0  1 2 2  -1.3500000000000001 5.1999999999999993 9.5  -0.25 5.1999999999999993 9.5 
 0.25 2 1.3500000000000001 2
2 -1.3500000000000001 4.5999999999999996 9.5 1 0 0 -0 1 0 0 -0 1 0.59999999999999998
2 -0.5 -3 -11 -9.2518585385432295e-18 3.7007434154171901e-17 -1 6.1232339957367697e-17 1 3.7007434154171901e-17 1 -6.1232339957367697e-17 -9.251858538543231e-18 0.5
2 -0.5 -2 -11 -1 -1.6081226496766401e-16 1.96938225556285e-32 5.1721169128060384e-32 -4.4408920985006301e-16 -1 1.6081226496766401e-16 -1 4.4408920985006301e-16 0.5
2 -0.5 -3 -11.5 0 -1.22464679914735e-16 -1 0 1 -1.22464679914735e-16 1 0 0 1
1 -1.1000000000000001 -2.5 -11 1 0 0 
2 -1.1000000000000001 -2 -11 -1 0 0 -0 -6.1232339957367697e-17 -1 0 -1 6.1232339957367697e-17 0.5
1 -1.1000000000000001 -2 -11.5 1 0 0 
1 -1.1000000000000001 -2.5 -11 0 -1.4802973661668699e-16 1 
1 -0.5 -2.5 -8 -1 0 0 
1 -0.5 -2.5 -11 0 -1.4802973661668699e-16 1 
2 -1.1000000000000001 -2 -8 1 -4.0574162479713502e-16 4.9689018208865702e-32 -7.7043092844662657e-31 -1.7763568394002501e-15 1 -4.0574162479713502e-16 -1 -1.7763568394002501e-15 0.5
2 -0.5 -2 -8 1 0 0 -0 1.6081226496766401e-16 1 0 -1 1.6081226496766401e-16 0.5
1 -0.5 -2 -7.5 -1 0 0 
2 -0.5 -3 -8 9.2518585385432295e-18 -3.7007434154171901e-17 1 1 1.7763568394002501e-15 -9.2518585385431632e-18 -1.7763568394002501e-15 1 3.700743415417192e-17 0.5
2 -0.5 -3 -7.5 0 1.22464679914735e-16 1 0.49999999965528003 0.86602540398346295 -1.0605752389686386e-16 -0.86602540398346295 0.49999999965528003 -6.1232339915151473e-17 1
7 0 0  1 2 2  -0.25000000000000022 -9.5 5.1999999999999993  -1.3877787807814457e-16 -9.5 5.4499999999999993 
 -0.17677669529663712 2 0.17677669529663662 2
2 -0.25 -9.5 4.5999999999999996 1 0 0 0 0 1 0 -1 0 0.59999999999999998
7 0 0  1 2 2  -1.3500000000000001 -9.5 5.1999999999999993  -0.25 -9.5 5.1999999999999993 
 0.25 2 1.3500000000000001 2
2 -1.3500000000000001 -9.5 4.5999999999999996 1 0 0 0 0 1 0 -1 0 0.59999999999999998
7 0 0  1 2 2  -0.25000000000000022 9.5 -5.1999999999999993  -1.3877787807814457e-16 9.5 -5.4499999999999993 
 -0.17677669529663712 2 0.17677669529663662 2
2 -0.25 9.5 -4.5999999999999996 1 0 0 0 0 -1 -0 1 0 0.59999999999999998
7 0 0  1 2 2  -1.3500000000000001 9.5 -5.1999999999999993  -0.25 9.5 -5.1999999999999993 
 0.25 2 1.3500000000000001 2
2 -1.3500000000000001 9.5 -4.5999999999999996 1 0 0 0 0 -1 -0 1 0 0.59999999999999998
1 0 -7.6066021967264401 9.4742864122189498 -1 0 0 
1 0 -6.7927270645664102 8.4605767549444906 -1 0 0 
7 0 0  1 2 2  -1.3499999999999999 -5.1999999999999993 -9.5  -1.5999999999999999 -5.4499999999999993 -9.5 
 -0.17677669529663712 2 0.17677669529663662 2
2 -1.1000000000000001 11 -3 -6.5738408768417603e-32 1 -7.4014868308343802e-17 -1 6.56858655152258e-47 8.8817841970012504e-16 8.8817841970012504e-16 7.4014868308343802e-17 1 0.5
2 -1.1000000000000001 8 -3 6.5738408768417603e-32 -1 7.4014868308343802e-17 6.0490147481772596e-16 7.4014868308343802e-17 1 -1 -2.0966705770260673e-32 6.0490147481772596e-16 0.5
2 -1.1000000000000001 7.5 -3 0 -1 1.8369701987210299e-16 2.22044604925032e-16 1.8369701987210299e-16 1 -1 4.078893220340686e-32 2.22044604925032e-16 0.999999999999998
1 2.2204460492503101e-16 7.5 3.5 -1 0 0 
1 2.2204460492503101e-16 11.5 3.5 -1 0 0 
2 -1.1000000000000001 11.5 -3 0 1 -1.8369701987210299e-16 -0.49999999965528003 1.5908628584529623e-16 0.86602540398346295 0.86602540398346295 9.1848509872727462e-17 0.49999999965528003 1
2 -1.1000000000000001 -7.5 3 0 1 -6.1232339957367697e-17 2.22044604925032e-16 -6.1232339957367697e-17 -1 -1 -1.359631073446896e-32 -2.22044604925032e-16 0.999999999999999
1 -4.4408920985006301e-16 -7.5 -3.5 -1 0 0 
1 -4.4408920985006301e-16 -11.5 -3.5 -1 0 0 
2 -1.1000000000000001 -11.5 3 0 -1 6.1232339957367697e-17 -0.49999999965528003 -5.30287619484321e-17 -0.86602540398346295 0.86602540398346295 -3.0616169957575835e-17 -0.49999999965528003 1
2 -1.1000000000000001 -11 3 0 -1 0 -1 -0 -1.7763568394002501e-15 1.7763568394002501e-15 0 -1 0.5
2 -1.1000000000000001 -8 3 0 1 0 1.04899068466779e-15 0 -1 -1 0 -1.04899068466779e-15 0.5
2 -1.1000000000000001 3 7.5 0 0 -1 2.22044604925032e-16 -1 0 -1 -2.22044604925032e-16 -0 0.999999999999998
1 -3.3306690738754701e-16 -3.5 7.5 -1 0 0 
1 -3.3306690738754701e-16 -3.5 11.5 -1 0 0 
2 -1.1000000000000001 3 11.5 0 0 1 -0.49999999965528114 -0.86602540398346217 0 0.86602540398346217 -0.49999999965528114 0 1
2 -1.1000000000000001 3 11 0 -1.11022302462516e-16 1 -1 -8.8817841970012504e-16 -9.860761315262676e-32 8.8817841970012504e-16 -1 -1.11022302462516e-16 0.5
2 -1.1000000000000001 3 8 0 1.11022302462516e-16 -1 -6.1232339957367697e-17 -1 -1.11022302462516e-16 -1 6.1232339957367697e-17 6.7981553672344799e-33 0.5
7 0 0  1 2 2  -1.6000000000000001 6 -1.1021821192326181e-15  0 6 -1.1021821192326181e-15 
 1 2 2.6000000000000001 2
7 0 0  1 2 2  -1.3499999999999999 5.1999999999999993 9.5  -1.5999999999999999 5.4499999999999993 9.5 
 -0.17677669529663712 2 0.17677669529663662 2
2 -1.1000000000000001 -3 -11 4.8656196677944998e-48 3.7007434154171901e-17 -1 -1 1.7763568394002501e-15 6.5738408768417669e-32 1.7763568394002501e-15 1 3.7007434154171901e-17 0.5
2 -1.1000000000000001 -3 -8 -4.8656196677944998e-48 -3.7007434154171901e-17 1 -2.8327694488239898e-16 1 3.7007434154171901e-17 -1 -2.8327694488239898e-16 -1.0483352885130368e-32 0.5
2 -1.1000000000000001 -3 -7.5 0 1.22464679914735e-16 1 2.22044604925032e-16 1 -1.22464679914735e-16 -1 2.22044604925032e-16 -2.7192621468937832e-32 0.999999999999998
1 -1.6000000000000001 3.5 -7.5 1 0 0 
1 -1.6000000000000001 3.5 -11.5 1 0 0 
2 -1.1000000000000001 -3 -11.5 0 -1.22464679914735e-16 -1 -0.49999999965528003 0.86602540398346295 -1.0605752389686386e-16 0.86602540398346295 0.49999999965528003 -6.1232339915151473e-17 1
7 0 0  1 2 2  -1.3499999999999999 -9.5 5.1999999999999993  -1.5999999999999999 -9.5 5.4499999999999993 
 -0.17677669529663712 2 0.17677669529663662 2
7 0 0  1 2 2  -1.3499999999999999 9.5 -5.1999999999999993  -1.5999999999999999 9.5 -5.4499999999999993 
 -0.17677669529663712 2 0.17677669529663662 2
1 0 6.7927315358726998 8.4605731650734199 -1 0 0 
1 0 8.4605767549444906 6.7927270645664102 -1 0 0 
1 0 7.6065978255527797 9.4742899216637806 -1 0 0 
1 0 9.4742864122189498 7.6066021967264401 -1 0 0 
1 0 8.4605731650734199 -6.7927315358726998 -1 0 0 
1 0 6.7927270645664102 -8.4605767549444906 -1 0 0 
1 0 9.4742899216637806 -7.60659782555277 -1 0 0 
1 0 7.6066021967264401 -9.4742864122189498 -1 0 0 
1 0 -6.7927315358726998 -8.4605731650734199 -1 0 0 
1 0 -8.4605767549444906 -6.7927270645664102 -1 0 0 
1 0 -7.60659782555277 -9.4742899216637806 -1 0 0 
1 0 -9.4742864122189498 -7.6066021967264401 -1 0 0 
1 -15.330005158420704 11.6 17.417337114087914 0 1 0 
Polygon3D 0
PolygonOnTriangulations 0
Surfaces 82
1 -15.3300051584207 13.199999999999999 3.0673371140994998 1.8745972946433001e-16 1 7.240664215073951e-12 0.21753864152658209 7.0672219046540309e-12 -0.97605170941030028 -0.97605170941030028 1.5753072274867122e-12 -0.21753864152658209 
2 -15.3300051584207 11.6 3.0673371140879149 0 1 0 0 -0 1 1 0 -0 14.35
2 8.4000000000000004 -8.9674315835817193 -7.1996646306464198 -1 0 0 -0 -0.77977665944188923 -0.62605779396925321 0 -0.62605779396925321 0.77977665944188923 0.65000000000000002
1 -1.6000000000000001 0 0 -1 0 0 0 0 -1 -0 -1 -0 
2 8.4000000000000004 0 0 -1 0 0 -0 -0.62605743420305315 -0.7797769482865532 0 -0.7797769482865532 0.62605743420305315 12.15
2 8.4000000000000004 -7.1996646306119496 -8.9674315836093896 -1 0 0 0 0.62605091495763932 0.77978218233087548 0 0.77978218233087548 -0.62605091495763932 0.65000000000000002
2 8.4000000000000004 0 0 1 0 0 0 -0.77977665944188834 -0.62605779396925432 0 0.62605779396925432 -0.77977665944188834 10.85
2 8.4000000000000004 7.1996646306464198 -8.9674315835817193 -1 0 0 0 0.62605779396925321 -0.77977665944188923 -0 -0.77977665944188923 -0.62605779396925321 0.65000000000000002
2 8.4000000000000004 0 0 -1 0 0 0 0.7797769482865532 -0.62605743420305315 -0 -0.62605743420305315 -0.7797769482865532 12.15
2 8.4000000000000004 8.9674315836093896 -7.1996646306119496 -1 0 0 0 -0.77978218233087548 0.62605091495763932 0 0.62605091495763932 0.77978218233087548 0.65000000000000002
2 8.4000000000000004 0 0 1 0 0 0 0.62605779396925432 -0.77977665944188834 -0 0.77977665944188834 0.62605779396925432 10.85
2 8.4000000000000004 8.9674315835817193 7.1996646306464198 -1 0 0 0 0.77977665944188967 0.62605779396925265 0 0.62605779396925265 -0.77977665944188967 0.65000000000000002
2 8.4000000000000004 -1.7763568394002501e-15 1.7763568394002501e-15 -1 0 0 0 0.62605743420305315 0.7797769482865532 0 0.7797769482865532 -0.62605743420305315 12.15
2 8.4000000000000004 7.1996646306119496 8.9674315836093896 -1 0 0 -0 -0.62605091495763998 -0.77978218233087504 0 -0.77978218233087504 0.62605091495763998 0.65000000000000002
2 8.4000000000000004 -1.7763568394002501e-15 1.7763568394002501e-15 1 0 0 -0 0.77977665944188879 0.62605779396925387 0 -0.62605779396925387 0.77977665944188879 10.85
10 3.1415926535897931 9.4247779607693793 -0.17677669529663712 0.17677669529663662
3 -1.4750000000000001 9.5 -4.5999999999999996 -1 0 0 0 0 1 0 1 -0 0.72499999999999998
0.78539816339744795
10 3.1415926535897931 9.4247779607693793 -0.17677669529663712 0.17677669529663662
3 -1.4750000000000001 -9.5 4.5999999999999996 -1 0 0 0 0 -1 -0 -1 -0 0.72499999999999998
0.78539816339744795
5 -1.1000000000000001 -3 -11 0 -1.22464679914735e-16 -1 2.2204460492503099e-15 -1 1.22464679914735e-16 -1 -2.2204460492503099e-15 2.7192621468937713e-31 1 0.5
1 -2.6000000000000001 -5.5 -11.5 0 -1.22464679914735e-16 -1 0 1 -1.22464679914735e-16 1 0 0 
2 4.4408920985006301e-16 3.5 -9.5 -1 0 0 0 4.4408920985006202e-16 -1 -0 -1 -4.4408920985006202e-16 2
1 -2.6000000000000001 5.5 -7.5 0 1.22464679914735e-16 1 0 -1 1.22464679914735e-16 1 0 -0 
5 -1.1000000000000001 -3 -8 0 1.22464679914735e-16 1 1 -1.2246467991473601e-16 1.4997597826618623e-32 1.2246467991473601e-16 1 -1.22464679914735e-16 0.999999999999999 0.5
2 -1.1000000000000001 -3 -15.5 0 3.7007434154171901e-17 -1 -1 1.3147681753683501e-31 4.8656196677944949e-48 1.3147681753683501e-31 1 3.7007434154171901e-17 0.5
10 3.1415926535897931 9.4247779607693793 -0.17677669529663712 0.17677669529663662
3 -1.4750000000000001 4.5999999999999996 9.5 -1 0 0 0 -1 0 0 0 1 0.72499999999999998
0.78539816339744795
10 0 6.2831853071795862 1 2.6000000000000001
2 -2.6000000000000001 0 0 1 0 0 -0 1 6.1232339957367599e-17 0 -6.1232339957367599e-17 1 6
5 -1.1000000000000001 3 8 0 0 -1 1 8.8817841970012701e-16 0 8.8817841970012701e-16 -1 0 0.999999999999999 0.5
2 -1.1000000000000001 3 15.5 0 -1.11022302462516e-16 1 -1 0 0 -0 -1 -1.11022302462516e-16 0.5
5 -1.1000000000000001 3 11 0 0 1 1.33226762955019e-15 1 -0 -1 1.33226762955019e-15 0 1 0.5
1 -2.6000000000000001 5.5 11.5 0 0 1 0 -1 0 1 0 -0 
2 -1.6000000000000001 -3.5 9.5 1 0 0 0 0 -1 -0 1 0 2
1 -2.6000000000000001 -5.5 7.5 0 0 -1 0 1 0 1 -0 0 
5 -1.1000000000000001 -8 3 0 1 -6.1232339957367697e-17 1 3.7493994566546488e-33 6.1232339957367697e-17 6.1232339957367697e-17 -6.1232339957367697e-17 -1 1 0.5
2 -1.1000000000000001 -15.5 3 0 -1 0 -1 -0 -8.8817841970012504e-16 8.8817841970012504e-16 0 -1 0.5
5 -1.1000000000000001 -11 3 0 -1 6.1232339957367697e-17 -4.4408920985006202e-16 6.1232339957367697e-17 1 -1 -2.7192621468937799e-32 -4.4408920985006202e-16 1 0.5
1 -2.6000000000000001 -11.5 5.5 0 -1 6.1232339957367697e-17 0 -6.1232339957367697e-17 -1 1 0 0 
2 -1.6000000000000001 -9.5 -3.5 1 0 0 -0 1 0 0 -0 1 2
1 -2.6000000000000001 -7.5 -5.5 0 1 -6.1232339957367697e-17 0 6.1232339957367697e-17 1 1 -0 0 
5 -1.1000000000000001 11 -3 0 1 -1.8369701987210299e-16 0 -1.8369701987210299e-16 -1 -1 0 -0 1 0.5
1 -2.6000000000000001 11.5 -5.5 0 1 -1.8369701987210299e-16 0 1.8369701987210299e-16 1 1 -0 0 
2 -1.6000000000000001 9.5 3.5 1 0 0 0 -1 2.2204460492503101e-16 0 -2.2204460492503101e-16 -1 2
1 -2.6000000000000001 7.5 5.5 0 -1 1.8369701987210299e-16 0 -1.8369701987210299e-16 -1 1 0 0 
5 -1.1000000000000001 8 -3 0 -1 1.8369701987210299e-16 1 -3.3744595109891802e-32 -1.8369701987210299e-16 1.8369701987210299e-16 1.8369701987210299e-16 1 0.999999999999999 0.5
2 -1.1000000000000001 15.5 -3 0 1 -7.4014868308343802e-17 -1 6.5738408768417669e-32 8.8817841970012504e-16 8.8817841970012504e-16 7.4014868308343802e-17 1 0.5
10 3.1415926535897931 9.4247779607693793 -0.17677669529663712 0.17677669529663662
3 -1.4750000000000001 -4.5999999999999996 -9.5 -1 0 0 0 1 0 0 0 -1 0.72499999999999998
0.78539816339744795
2 8.4000000000000004 0 0 1 0 0 0 -0.62605779396925432 0.77977665944188834 0 -0.77977665944188834 -0.62605779396925432 10.85
2 8.4000000000000004 -7.1996646306464198 8.9674315835817193 -1 0 0 0 -0.62605779396925321 0.77977665944188923 0 0.77977665944188923 0.62605779396925321 0.65000000000000002
2 8.4000000000000004 0 0 -1 0 0 0 -0.7797769482865532 0.62605743420305315 0 0.62605743420305315 0.7797769482865532 12.15
2 8.4000000000000004 -8.9674315836093896 7.1996646306119496 -1 0 0 0 0.77978218233087548 -0.62605091495763932 -0 -0.62605091495763932 -0.77978218233087548 0.65000000000000002
1 0 0 0 -1 0 0 0 0 -1 -0 -1 -0 
1 -15.3300051584207 11.6 3.0673371140879149 1.8745972946433001e-16 1 7.240664215073951e-12 0.21753864152658209 7.0672219046540309e-12 -0.97605170941030028 -0.97605170941030028 1.5753072274867122e-12 -0.21753864152658209 
10 0 6.2831853071795862 -0.17677669529663712 0.17677669529663662
3 -0.125 9.5 -4.5999999999999996 1 0 0 0 0 -1 -0 1 0 0.72499999999999998
0.78539816339744795
10 0 6.2831853071795862 -0.17677669529663712 0.17677669529663662
3 -0.125 -9.5 4.5999999999999996 1 0 0 0 0 1 0 -1 0 0.72499999999999998
0.78539816339744795
5 -0.5 -3 -8 0 1.22464679914735e-16 1 -3.5527136788005001e-15 -1 1.22464679914735e-16 1 -3.5527136788005001e-15 4.3508194350300391e-31 1 0.5
2 -0.5 -3 -15.5 9.2518585385429707e-18 -3.7007434154171901e-17 1 1 1.3181920508250399e-31 -9.2518585385429707e-18 -1.3147681753683514e-31 1 3.7007434154171901e-17 0.5
5 -0.5 -3 -11 0 -1.22464679914735e-16 -1 -1 1.22464679914735e-16 -1.4997597826618499e-32 1.22464679914735e-16 1 -1.22464679914735e-16 1 0.5
10 0 6.2831853071795862 -0.17677669529663712 0.17677669529663662
3 -0.125 4.5999999999999996 9.5 1 0 0 -0 1 0 0 -0 1 0.72499999999999998
0.78539816339744795
2 -0.5 3 15.5 0 1.11022302462516e-16 -1 1 0 0 0 -1 -1.11022302462516e-16 0.5
5 -0.5 3 11 0 0 1 -1 0 0 0 -1 0 1 0.5
5 -0.5 3 8 0 0 -1 -3.5527136788005001e-15 1 0 1 3.5527136788005001e-15 0 1 0.5
2 -0.5 -15.5 3 9.2518585385429707e-18 1 0 1 -9.2518585385429707e-18 -8.8817841970012504e-16 -8.8817841970012504e-16 8.2173010960522045e-33 -1 0.5
5 -0.5 -11 3 0 -1 6.1232339957367697e-17 -1 -3.7493994566546488e-33 -6.1232339957367697e-17 6.1232339957367697e-17 -6.1232339957367697e-17 -1 1 0.5
5 -0.5 -8 3 0 1 -6.1232339957367697e-17 2.2204460492503101e-16 6.1232339957367697e-17 1 1 -1.35963107344689e-32 -2.2204460492503101e-16 1 0.5
5 -0.5 8 -3 0 -1 1.8369701987210299e-16 -3.5527136788005001e-15 -1.8369701987210299e-16 -1 1 -6.5262291525450758e-31 -3.5527136788005001e-15 1 0.5
2 -0.5 15.5 -3 9.2518585385429707e-18 -1 7.4014868308343802e-17 1 9.2518585385430369e-18 8.8817841970012504e-16 -8.8817841970012504e-16 7.401486830834379e-17 1 0.5
5 -0.5 11 -3 0 1 -1.8369701987210299e-16 -1 3.3744595109891802e-32 1.8369701987210299e-16 1.8369701987210299e-16 1.8369701987210299e-16 1 1 0.5
10 0 6.2831853071795862 -0.17677669529663712 0.17677669529663662
3 -0.125 -4.5999999999999996 -9.5 1 0 0 0 -1 0 0 0 -1 0.72499999999999998
0.78539816339744795
10 0 6.2831853071795862 0.25 1.3500000000000001
2 -1.6000000000000001 -4.5999999999999996 -9.5 1 0 0 0 -1 6.1232339957367697e-17 0 -6.1232339957367697e-17 -1 0.59999999999999998
2 -3.1000000000000001 11 -2 1 0 0 0 0 -1 -0 1 0 0.5
1 -1.6000000000000001 11.5 -2.5 0 7.2674717409587302e-17 1 0 -1 7.2674717409587302e-17 1 0 -0 
2 1.5 8 -2 -1 0 0 0 0 -1 -0 -1 -0 0.5
2 1.5 -8 2 -1 0 0 0 0 1 0 1 -0 0.5
1 -1.6000000000000001 -11.5 2.5 0 4.9789962505148e-17 -1 0 1 4.9789962505148e-17 1 -0 0 
2 -3.1000000000000001 -11 2 1 0 0 0 0 1 0 -1 0 0.5
2 1.5 2 8 -1 0 0 0 1 0 0 0 -1 0.5
1 -1.6000000000000001 2.5 11.5 0 -1 -1.11022302462516e-16 0 1.11022302462516e-16 -1 1 0 0 
2 -3.1000000000000001 2 11 1 0 0 -0 1 0 0 -0 1 0.5
10 0 6.2831853071795862 0.25 1.3500000000000001
2 -1.6000000000000001 4.5999999999999996 9.5 1 0 0 -0 1 6.1232339957367697e-17 0 -6.1232339957367697e-17 1 0.59999999999999998
2 -3.1000000000000001 -2 -11 1 0 0 0 -1 0 0 0 -1 0.5
1 -1.6000000000000001 -2.5 -11.5 0 1 -1.1442377452219701e-17 0 1.1442377452219701e-17 1 1 -0 0 
2 1.5 -2 -8 -1 0 0 0 -1 0 0 0 1 0.5
10 0 6.2831853071795862 0.25 1.3500000000000001
2 -1.6000000000000001 -9.5 4.5999999999999996 1 0 0 0 0 1 0 -1 0 0.59999999999999998
10 0 6.2831853071795862 0.25 1.3500000000000001
2 -1.6000000000000001 9.5 -4.5999999999999996 1 0 0 0 -1.22464679914735e-16 -1 0 1 -1.22464679914735e-16 0.59999999999999998
Triangulations 0

TShapes 530
Ve
1.00000001776357e-07
-15.3300051584207 13.2 17.4173371140879
0 0

0101101
*
Ed
 1e-07 1 1 0
1  1 0 0 6.28318530717959
2  1 1 0 0 6.28318530717959
2  2 2 0 0 6.28318530717959
4 C0 1 0 2 0
0

0101000
+530 0 -530 0 *
Wi

0101100
+529 0 *
Ve
1e-07
-1.6 -9.47428641221895 -7.60660219672644
0 0

0101101
*
Ve
1e-07
-1.6 -8.46057675494449 -6.79272706456641
0 0

0101101
*
Ed
 1e-07 1 1 0
1  2 0 0 3.14159265358979
2  3 3 0 0 3.14159265358979
4 C0 4 0 3 0
0

0101000
+527 0 -526 0 *
Ve
1e-07
-1.6 -7.60659782555994 -9.4742899216727
0 0

0101101
*
Ed
 1e-07 1 1 0
1  3 0 0 0.217822128208271
2  4 5 0 0 0.217822128208271
4 C0 4 0 5 0
0

0101000
+524 0 -527 0 *
Ve
1e-07
-1.6 -6.79273153588109 -8.46057316508387
0 0

0101101
*
Ed
 1e-07 1 1 0
1  4 0 0 3.14159285131437
2  5 6 0 0 3.14159285131437
4 C0 4 0 6 0
0

0101000
+522 0 -524 0 *
Ed
 1e-07 1 1 0
1  5 0 0 0.217821138350246
2  6 7 0 0 0.217821138350246
4 C0 4 0 7 0
0

0101000
+526 0 -522 0 *
Wi

0101100
-525 0 -523 0 -521 0 -520 0 *
Ve
1e-07
-1.6 7.60660219672644 -9.47428641221895
0 0

0101101
*
Ve
1e-07
-1.6 6.79272706456641 -8.46057675494449
0 0

0101101
*
Ed
 1e-07 1 1 0
1  6 0 0 3.14159265358979
2  7 8 0 0 3.14159265358979
4 C0 4 0 8 0
0

0101000
+518 0 -517 0 *
Ve
1e-07
-1.6 9.4742899216727 -7.60659782555994
0 0

0101101
*
Ed
 1e-07 1 1 0
1  7 0 0 0.217822128208271
2  8 9 0 0 0.217822128208271
4 C0 4 0 9 0
0

0101000
+515 0 -518 0 *
Ve
1e-07
-1.6 8.46057316508387 -6.79273153588109
0 0

0101101
*
Ed
 1e-07 1 1 0
1  8 0 0 3.14159285131437
2  9 10 0 0 3.14159285131437
4 C0 4 0 10 0
0

0101000
+513 0 -515 0 *
Ed
 1e-07 1 1 0
1  9 0 0 0.217821138350246
2  10 11 0 0 0.217821138350246
4 C0 4 0 11 0
0

0101000
+517 0 -513 0 *
Wi

0101100
-516 0 -514 0 -512 0 -511 0 *
Ve
1e-07
-1.6 9.47428641221895 7.60660219672644
0 0

0101101
*
Ve
1e-07
-1.6 8.46057675494449 6.79272706456641
0 0

0101101
*
Ed
 1e-07 1 1 0
1  10 0 0 3.14159265358979
2  11 12 0 0 3.14159265358979
4 C0 4 0 12 0
0

0101000
+509 0 -508 0 *
Ve
1e-07
-1.6 7.60659782555994 9.4742899216727
0 0

0101101
*
Ed
 1e-07 1 1 0
1  11 0 0 0.217822128208272
2  12 13 0 0 0.217822128208272
4 C0 4 0 13 0
0

0101000
+506 0 -509 0 *
Ve
1e-07
-1.6 6.79273153588109 8.46057316508387
0 0

0101101
*
Ed
 1e-07 1 1 0
1  12 0 0 3.14159285131437
2  13 14 0 0 3.14159285131437
4 C0 4 0 14 0
0

0101000
+504 0 -506 0 *
Ed
 1e-07 1 1 0
1  13 0 0 0.217821138350246
2  14 15 0 0 0.217821138350246
4 C0 4 0 15 0
0

0101000
+508 0 -504 0 *
Wi

0101100
-507 0 -505 0 -503 0 -502 0 *
Ve
1e-05
-1.6 9.5 -5.45
0 0

0101101
*
Ed
 1e-07 1 1 0
1  14 0 0 6.28318530717959
2  15 16 0 0 6.28318530717959
4 C0 4 0 16 0
0

0101000
+500 0 -500 0 *
Wi

0101100
+499 0 *
Ve
1e-05
-1.6 -9.5 5.45
0 0

0101101
*
Ed
 1e-07 1 1 0
1  15 0 0 6.28318530717959
2  16 17 0 0 6.28318530717959
4 C0 4 0 17 0
0

0101000
+497 0 -497 0 *
Wi

0101100
+496 0 *
Ve
1.67704980943855e-07
-1.59999999982764 -2.13397459571798 -11.5
0 0

0101101
*
Ve
1.67704980943855e-07
-1.6 -3 -11
0 0

0101101
*
Ed
 1.67704980943855e-07 1 1 0
1  16 0 0 1
2  17 18 0 0 1
4 C0 4 0 18 0
0

0101000
+494 0 -493 0 *
Ve
1e-07
-1.6 3.5 -11.5
0 0

0101101
*
Ed
 1e-07 1 1 0
1  17 0 0 5.63397459571798
4 C0 4 0 19 0
0

0101000
+491 0 -494 0 *
Ve
1e-07
-1.6 3.5 -7.5
0 0

0101101
*
Ed
 1e-07 1 1 0
1  18 0 0 3.14159265358979
2  18 20 0 0 3.14159265358979
4 C0 4 0 20 0
0

0101000
+491 0 -489 0 *
Ve
1.67704988380547e-07
-1.59999999982764 -2.13397459571798 -7.5
0 0

0101101
*
Ed
 1e-07 1 1 0
1  19 0 -2.98550073551951e-10 5.63397459541943
4 C0 4 0 21 0
0

0101000
+487 0 -489 0 *
Ve
1.67704988380547e-07
-1.6 -3 -8
0 0

0101101
*
Ed
 1.67704988380547e-07 1 1 0
1  20 0 0 1
2  19 22 0 0 1
4 C0 4 0 22 0
0

0101000
+487 0 -485 0 *
Ed
 1e-07 1 1 0
1  21 0 0 3
2  20 23 0 0 3
4 G1 4 0 23 0
0

0101000
+493 0 -485 0 *
Wi

0101100
-492 0 -490 0 +488 0 -486 0 +484 0 -483 0 *
Ve
1e-05
-1.6 5.45 9.5
0 0

0101101
*
Ed
 1e-07 1 1 0
1  22 0 0 6.28318530717959
2  21 24 0 0 6.28318530717959
4 C0 4 0 24 0
0

0101000
+481 0 -481 0 *
Wi

0101100
+480 0 *
Ve
1e-05
-1.6 6 -3.67394039744206e-16
0 0

0101101
*
Ed
 1e-07 1 1 0
1  23 0 0 6.28318530717959
2  22 25 0 0 6.28318530717959
4 C0 4 0 25 0
0

0101000
+478 0 -478 0 *
Wi

0101100
+477 0 *
Ve
1.67704992105629e-07
-1.59999999982764 2.13397459571798 7.5
0 0

0101101
*
Ve
1.67704992105629e-07
-1.6 3 8
0 0

0101101
*
Ed
 1.67704992105629e-07 1 1 0
1  24 0 0 1
2  23 26 0 0 1
4 C0 4 0 26 0
0

0101000
+475 0 -474 0 *
Ve
1.67704980298835e-07
-1.6 3 11
0 0

0101101
*
Ed
 1e-07 1 1 0
1  25 0 0 3
2  24 27 0 0 3
4 G1 4 0 27 0
0

0101000
+472 0 -474 0 *
Ve
1.67704980298835e-07
-1.59999999982764 2.13397459571798 11.5
0 0

0101101
*
Ed
 1.67704980298835e-07 1 1 0
1  26 0 0 1
2  25 28 0 0 1
4 C0 4 0 28 0
0

0101000
+470 0 -472 0 *
Ve
1e-07
-1.6 -3.5 11.5
0 0

0101101
*
Ed
 1e-07 1 1 0
1  27 0 0 5.63397459571798
4 C0 4 0 29 0
0

0101000
+468 0 -470 0 *
Ve
1e-07
-1.6 -3.5 7.5
0 0

0101101
*
Ed
 1e-07 1 1 0
1  28 0 0 3.14159265358979
2  26 30 0 0 3.14159265358979
4 C0 4 0 30 0
0

0101000
+466 0 -468 0 *
Ed
 1e-07 1 1 0
1  29 0 -2.98550073551951e-10 5.63397459541943
4 C0 4 0 31 0
0

0101000
+475 0 -466 0 *
Wi

0101100
+473 0 -471 0 -469 0 -467 0 -465 0 -464 0 *
Ve
1.67704982033009e-07
-1.59999999982764 -7.5 2.13397459571798
0 0

0101101
*
Ve
1.67704982033009e-07
-1.6 -8 3
0 0

0101101
*
Ed
 1.67704982033009e-07 1 1 0
1  30 0 0 1
2  27 32 0 0 1
4 C0 4 0 32 0
0

0101000
+462 0 -461 0 *
Ve
1.67704977124665e-07
-1.6 -11 3
0 0

0101101
*
Ed
 1e-07 1 1 0
1  31 0 0 3
2  28 33 0 0 3
4 G1 4 0 33 0
0

0101000
+459 0 -461 0 *
Ve
1.67704977124665e-07
-1.59999999982764 -11.5 2.13397459571798
0 0

0101101
*
Ed
 1.67704977124665e-07 1 1 0
1  32 0 0 1
2  29 34 0 0 1
4 C0 4 0 34 0
0

0101000
+457 0 -459 0 *
Ve
1e-07
-1.6 -11.5 -3.5
0 0

0101101
*
Ed
 1e-07 1 1 0
1  33 0 0 5.63397459571798
4 C0 4 0 35 0
0

0101000
+455 0 -457 0 *
Ve
1e-07
-1.6 -7.5 -3.5
0 0

0101101
*
Ed
 1e-07 1 1 0
1  34 0 0 3.14159265358979
2  30 36 0 0 3.14159265358979
4 C0 4 0 36 0
0

0101000
+453 0 -455 0 *
Ed
 1e-07 1 1 0
1  35 0 -2.98550073551951e-10 5.63397459541943
4 C0 4 0 37 0
0

0101000
+462 0 -453 0 *
Wi

0101100
+460 0 -458 0 -456 0 -454 0 -452 0 -451 0 *
Ve
1.67704981998074e-07
-1.59999999982764 11.5 -2.13397459571798
0 0

0101101
*
Ve
1.67704981998074e-07
-1.6 11 -3
0 0

0101101
*
Ed
 1.67704981998074e-07 1 1 0
1  36 0 0 1
2  31 38 0 0 1
4 C0 4 0 38 0
0

0101000
+449 0 -448 0 *
Ve
1e-07
-1.6 11.5 3.5
0 0

0101101
*
Ed
 1e-07 1 1 0
1  37 0 0 5.63397459571798
4 C0 4 0 39 0
0

0101000
+446 0 -449 0 *
Ve
1e-07
-1.6 7.5 3.5
0 0

0101101
*
Ed
 1e-07 1 1 0
1  38 0 0 3.14159265358979
2  32 40 0 0 3.14159265358979
4 C0 4 0 40 0
0

0101000
+444 0 -446 0 *
Ve
1.67704986658234e-07
-1.59999999982764 7.5 -2.13397459571798
0 0

0101101
*
Ed
 1e-07 1 1 0
1  39 0 -2.98550073551951e-10 5.63397459541943
4 C0 4 0 41 0
0

0101000
+442 0 -444 0 *
Ve
1.67704986658234e-07
-1.6 8 -3
0 0

0101101
*
Ed
 1.67704986658234e-07 1 1 0
1  40 0 0 1
2  33 42 0 0 1
4 C0 4 0 42 0
0

0101000
+442 0 -440 0 *
Ed
 1e-07 1 1 0
1  41 0 0 3
2  34 43 0 0 3
4 G1 4 0 43 0
0

0101000
+448 0 -440 0 *
Wi

0101100
-447 0 -445 0 -443 0 -441 0 +439 0 -438 0 *
Ve
1e-05
-1.6 -5.45 -9.5
0 0

0101101
*
Ed
 1e-07 1 1 0
1  42 0 0 6.28318530717959
2  35 44 0 0 6.28318530717959
4 C0 4 0 44 0
0

0101000
+436 0 -436 0 *
Wi

0101100
+435 0 *
Ve
1e-07
-1.6 -6.79272706456641 8.46057675494449
0 0

0101101
*
Ve
1e-07
-1.6 -8.46057316508387 6.79273153588109
0 0

0101101
*
Ed
 1e-07 1 1 0
1  43 0 0 0.217821138350246
2  36 45 0 0 0.217821138350246
4 C0 4 0 45 0
0

0101000
+433 0 -432 0 *
Ve
1e-07
-1.6 -7.60660219672644 9.47428641221895
0 0

0101101
*
Ed
 1e-07 1 1 0
1  44 0 0 3.14159265358979
2  37 46 0 0 3.14159265358979
4 C0 4 0 46 0
0

0101000
+430 0 -433 0 *
Ve
1e-07
-1.6 -9.4742899216727 7.60659782555994
0 0

0101101
*
Ed
 1e-07 1 1 0
1  45 0 0 0.217822128208271
2  38 47 0 0 0.217822128208271
4 C0 4 0 47 0
0

0101000
+428 0 -430 0 *
Ed
 1e-07 1 1 0
1  46 0 0 3.14159285131437
2  39 48 0 0 3.14159285131437
4 C0 4 0 48 0
0

0101000
+432 0 -428 0 *
Wi

0101100
-431 0 -429 0 -427 0 -426 0 *
Fa
0  1e-07 1 0

0111000
+528 0 +519 3 +510 3 +501 3 +498 3 +495 3 +482 3 +479 3 +476 3 +463 3 
+450 3 +437 3 +434 3 +425 3 *
Ve
1e-07
0 -9.4742899216727 7.60659782555994
0 0

0101101
*
Ed
 1e-07 1 1 0
1  47 0 0 1.6
2  40 48 0 0 1.6
2  41 47 0 0 1.6
4 G1 48 0 47 0
0

0101000
+423 0 -428 0 *
Ve
1e-07
0 -8.46057316508387 6.79273153588109
0 0

0101101
*
Ed
 1e-07 1 1 0
1  48 0 0 1.6
2  42 45 0 0 1.6
2  43 48 0 0 1.6
4 G1 45 0 48 0
0

0101000
+421 0 -432 0 *
Ed
 1e-07 1 1 0
1  49 0 0 3.14159285131437
2  44 48 0 0 3.14159285131437
4 C0 49 0 48 0
0

0101000
+421 0 -423 0 *
Wi

0101100
+422 0 -426 0 -420 0 +419 0 *
Fa
0  1e-07 48 0

0111000
+418 0 *
Ve
1.00000001776357e-07
-15.3300051584207 11.6 17.4173371140879
0 0

0101101
*
Ed
 1e-07 1 1 0
1  50 0 0 6.28318530717959
2  45 50 0 0 6.28318530717959
2  46 2 0 0 6.28318530717959
4 C0 50 0 2 0
0

0101000
+416 0 -416 0 *
Wi

0101100
+415 0 *
Ve
1e-07
0 -7.60659782555994 -9.4742899216727
0 0

0101101
*
Ve
1e-07
0 -9.47428641221895 -7.60660219672644
0 0

0101101
*
Ed
 1e-07 1 1 0
1  51 0 0 0.217822128208271
2  47 5 0 0 0.217822128208271
4 C0 49 0 5 0
0

0101000
+413 0 -412 0 *
Ve
1e-07
0 -6.7927315358811 -8.46057316508387
0 0

0101101
*
Ed
 1e-07 1 1 0
1  52 0 0 3.14159285131437
2  48 6 0 0 3.14159285131437
4 C0 49 0 6 0
0

0101000
+410 0 -413 0 *
Ve
1e-07
0 -8.46057675494449 -6.79272706456641
0 0

0101101
*
Ed
 1e-07 1 1 0
1  53 0 0 0.217821138350245
2  49 7 0 0 0.217821138350245
4 C0 49 0 7 0
0

0101000
+408 0 -410 0 *
Ed
 1e-07 1 1 0
1  54 0 0 3.14159265358979
2  50 3 0 0 3.14159265358979
4 C0 49 0 3 0
0

0101000
+412 0 -408 0 *
Wi

0101100
-411 3 -409 3 -407 3 -406 3 *
Ve
1e-07
0 9.4742899216727 -7.60659782555994
0 0

0101101
*
Ve
1e-07
0 7.60660219672644 -9.47428641221895
0 0

0101101
*
Ed
 1e-07 1 1 0
1  55 0 0 0.217822128208271
2  51 9 0 0 0.217822128208271
4 C0 49 0 9 0
0

0101000
+404 0 -403 0 *
Ve
1e-07
0 8.46057316508387 -6.7927315358811
0 0

0101101
*
Ed
 1e-07 1 1 0
1  56 0 0 3.14159285131437
2  52 10 0 0 3.14159285131437
4 C0 49 0 10 0
0

0101000
+401 0 -404 0 *
Ve
1e-07
0 6.79272706456641 -8.46057675494449
0 0

0101101
*
Ed
 1e-07 1 1 0
1  57 0 0 0.217821138350245
2  53 11 0 0 0.217821138350245
4 C0 49 0 11 0
0

0101000
+399 0 -401 0 *
Ed
 1e-07 1 1 0
1  58 0 0 3.14159265358979
2  54 8 0 0 3.14159265358979
4 C0 49 0 8 0
0

0101000
+403 0 -399 0 *
Wi

0101100
-402 3 -400 3 -398 3 -397 3 *
Ve
1e-07
0 7.60659782555994 9.4742899216727
0 0

0101101
*
Ve
1e-07
0 9.47428641221895 7.60660219672644
0 0

0101101
*
Ed
 1e-07 1 1 0
1  59 0 0 0.217822128208272
2  55 13 0 0 0.217822128208272
4 C0 49 0 13 0
0

0101000
+395 0 -394 0 *
Ve
1e-07
0 6.7927315358811 8.46057316508387
0 0

0101101
*
Ed
 1e-07 1 1 0
1  60 0 0 3.14159285131437
2  56 14 0 0 3.14159285131437
4 C0 49 0 14 0
0

0101000
+392 0 -395 0 *
Ve
1e-07
0 8.46057675494449 6.79272706456641
0 0

0101101
*
Ed
 1e-07 1 1 0
1  61 0 0 0.217821138350245
2  57 15 0 0 0.217821138350245
4 C0 49 0 15 0
0

0101000
+390 0 -392 0 *
Ed
 1e-07 1 1 0
1  62 0 0 3.14159265358979
2  58 12 0 0 3.14159265358979
4 C0 49 0 12 0
0

0101000
+394 0 -390 0 *
Wi

0101100
-393 3 -391 3 -389 3 -388 3 *
Ve
1e-05
0 9.5 -5.45
0 0

0101101
*
Ed
 1e-07 1 1 0
1  63 0 0 6.28318530717959
2  59 51 0 0 6.28318530717959
4 C0 49 0 51 0
0

0101000
-386 0 +386 0 *
Wi

0101100
+385 3 *
Ve
1e-05
0 -9.5 5.45
0 0

0101101
*
Ed
 1e-07 1 1 0
1  64 0 0 6.28318530717959
2  60 52 0 0 6.28318530717959
4 C0 49 0 52 0
0

0101000
-383 0 +383 0 *
Wi

0101100
+382 3 *
Ve
1e-07
1.77635683940025e-15 3.5 -11.5
0 0

0101101
*
Ve
1e-07
-1.72360237193914e-10 -2.13397459571798 -11.5
0 0

0101101
*
Ed
 1e-07 1 1 0
1  65 0 0 5.63397459571798
4 C0 49 0 19 0
0

0101000
+380 0 -379 0 *
Ve
1e-07
1.85037170770859e-15 3.5 -7.5
0 0

0101101
*
Ed
 1e-07 1 1 0
1  66 0 0 3.14159265358979
2  61 20 0 0 3.14159265358979
4 C0 49 0 20 0
0

0101000
+380 0 -377 0 *
Ve
1e-07
-1.72360348216216e-10 -2.13397459571798 -7.5
0 0

0101101
*
Ed
 1e-07 1 1 0
1  67 0 -2.98550073551951e-10 5.63397459541943
4 C0 49 0 21 0
0

0101000
+375 0 -377 0 *
Ve
1e-07
-3.70074341541719e-17 -3 -8
0 0

0101101
*
Ed
 1e-07 1 1 0
1  68 0 0 1
2  62 53 0 0 1
4 C0 49 0 53 0
0

0101000
+375 0 -373 0 *
Ve
1e-07
-1.85037170770859e-16 -3 -11
0 0

0101101
*
Ed
 1e-07 1 1 0
1  69 0 -2.39671281968188e-33 3
2  63 54 0 -2.39671281968188e-33 3
4 G1 49 0 54 0
0

0101000
+371 0 -373 0 *
Ed
 1e-07 1 1 0
1  70 0 0 1
2  64 55 0 0 1
4 C0 49 0 55 0
0

0101000
+379 0 -371 0 *
Wi

0101100
-378 3 +376 3 -374 3 +372 3 -370 3 -369 3 *
Ve
1e-05
0 5.45 9.5
0 0

0101101
*
Ed
 1e-07 1 1 0
1  71 0 0 6.28318530717959
2  65 56 0 0 6.28318530717959
4 C0 49 0 56 0
0

0101000
-367 0 +367 0 *
Wi

0101100
+366 3 *
Ve
1e-05
0 6 -3.67394039744206e-16
0 0

0101101
*
Ed
 1e-07 1 1 0
1  72 0 0 6.28318530717959
2  66 25 0 0 6.28318530717959
4 C0 49 0 25 0
0

0101000
-364 0 +364 0 *
Wi

0101100
+363 3 *
Ve
1.67704979157872e-07
-7.40148683083438e-17 3 11
0 0

0101101
*
Ve
1.67704987038129e-07
1.48029736616688e-16 3 8
0 0

0101101
*
Ed
 1e-07 1 1 0
1  73 0 0 3
2  67 57 0 0 3
4 G1 49 0 57 0
0

0101000
+361 0 -360 0 *
Ve
1.67704979157872e-07
-1.72360144675328e-10 2.13397459571798 11.5
0 0

0101101
*
Ed
 1.67704979157872e-07 1 1 0
1  74 0 0 1
2  68 58 0 0 1
4 C0 49 0 58 0
0

0101000
+358 0 -361 0 *
Ve
1e-07
-1.48029736616688e-16 -3.5 11.5
0 0

0101101
*
Ed
 1e-07 1 1 0
1  75 0 0 5.63397459571798
4 C0 49 0 29 0
0

0101000
+356 0 -358 0 *
Ve
1e-07
-2.22044604925031e-16 -3.5 7.5
0 0

0101101
*
Ed
 1e-07 1 1 0
1  76 0 0 3.14159265358979
2  69 30 0 0 3.14159265358979
4 C0 49 0 30 0
0

0101000
+354 0 -356 0 *
Ve
1.67704987038129e-07
-1.72359839363997e-10 2.13397459571798 7.5
0 0

0101101
*
Ed
 1e-07 1 1 0
1  77 0 -2.98550073551951e-10 5.63397459541943
4 C0 49 0 31 0
0

0101000
+352 0 -354 0 *
Ed
 1.67704987038129e-07 1 1 0
1  78 0 0 1
2  70 59 0 0 1
4 C0 49 0 59 0
0

0101000
+352 0 -360 0 *
Wi

0101100
-359 3 -357 3 -355 3 -353 3 -351 3 +350 3 *
Ve
1.67704980919282e-07
-1.85037170770859e-16 -11 3
0 0

0101101
*
Ve
1e-07
-3.70074341541719e-17 -8 3
0 0

0101101
*
Ed
 1e-07 1 1 0
1  79 0 -2.39671281968188e-33 3
2  71 60 0 -2.39671281968188e-33 3
4 G1 49 0 60 0
0

0101000
+348 0 -347 0 *
Ve
1.67704980919282e-07
-1.72360126171611e-10 -11.5 2.13397459571798
0 0

0101101
*
Ed
 1.67704980919282e-07 1 1 0
1  80 0 0 1
2  72 61 0 0 1
4 C0 49 0 61 0
0

0101000
+345 0 -348 0 *
Ve
1e-07
-2.22044604925031e-16 -11.5 -3.5
0 0

0101101
*
Ed
 1e-07 1 1 0
1  81 0 8.751158838451e-33 5.63397459571798
4 C0 49 0 35 0
0

0101000
+343 0 -345 0 *
Ve
1e-07
-2.96059473233375e-16 -7.5 -3.5
0 0

0101101
*
Ed
 1e-07 1 1 0
1  82 0 0 3.14159265358979
2  73 36 0 0 3.14159265358979
4 C0 49 0 36 0
0

0101000
+341 0 -343 0 *
Ve
1e-07
-1.72360477742236e-10 -7.5 2.13397459571798
0 0

0101101
*
Ed
 1e-07 1 1 0
1  83 0 -2.98550073551951e-10 5.63397459541943
4 C0 49 0 37 0
0

0101000
+339 0 -341 0 *
Ed
 1e-07 1 1 0
1  84 0 0 1
2  74 62 0 0 1
4 C0 49 0 62 0
0

0101000
+339 0 -347 0 *
Wi

0101100
-346 3 -344 3 -342 3 -340 3 -338 3 +337 3 *
Ve
1e-07
0 11.5 3.5
0 0

0101101
*
Ve
1.67704979950395e-07
-1.72360218690197e-10 11.5 -2.13397459571798
0 0

0101101
*
Ed
 1e-07 1 1 0
1  85 0 0 5.63397459571798
4 C0 49 0 39 0
0

0101000
+335 0 -334 0 *
Ve
1e-07
7.40148683083438e-17 7.5 3.5
0 0

0101101
*
Ed
 1e-07 1 1 0
1  86 0 0 3.14159265358979
2  75 40 0 0 3.14159265358979
4 C0 49 0 40 0
0

0101000
+332 0 -335 0 *
Ve
1.67704988306576e-07
-1.72359783852845e-10 7.5 -2.13397459571798
0 0

0101101
*
Ed
 1e-07 1 1 0
1  87 0 -2.98550073551951e-10 5.63397459541943
4 C0 49 0 41 0
0

0101000
+330 0 -332 0 *
Ve
1.67704988306576e-07
1.11022302462516e-16 8 -3
0 0

0101101
*
Ed
 1.67704988306576e-07 1 1 0
1  88 0 0 1
2  76 63 0 0 1
4 C0 49 0 63 0
0

0101000
+330 0 -328 0 *
Ve
1.67704979950395e-07
-1.85037170770859e-16 11 -3
0 0

0101101
*
Ed
 1e-07 1 1 0
1  89 0 -2.39671281968188e-33 3
2  77 64 0 -2.39671281968188e-33 3
4 G1 49 0 64 0
0

0101000
+326 0 -328 0 *
Ed
 1.67704979950395e-07 1 1 0
1  90 0 0 1
2  78 65 0 0 1
4 C0 49 0 65 0
0

0101000
+334 0 -326 0 *
Wi

0101100
-333 3 -331 3 -329 3 +327 3 -325 3 -324 3 *
Ve
1e-05
0 -5.45 -9.5
0 0

0101101
*
Ed
 1e-07 1 1 0
1  91 0 0 6.28318530717959
2  79 66 0 0 6.28318530717959
4 C0 49 0 66 0
0

0101000
-322 0 +322 0 *
Wi

0101100
+321 3 *
Ve
1e-07
0 -7.60660219672644 9.47428641221895
0 0

0101101
*
Ve
1e-07
0 -6.79272706456641 8.46057675494449
0 0

0101101
*
Ed
 1e-07 1 1 0
1  92 0 0 3.14159265358979
2  80 46 0 0 3.14159265358979
4 C0 49 0 46 0
0

0101000
+319 0 -318 0 *
Ed
 1e-07 1 1 0
1  93 0 0 0.217822128208271
2  81 47 0 0 0.217822128208271
4 C0 49 0 47 0
0

0101000
+423 0 -319 0 *
Ed
 1e-07 1 1 0
1  94 0 0 0.217821138350246
2  82 45 0 0 0.217821138350246
4 C0 49 0 45 0
0

0101000
+318 0 -421 0 *
Wi

0101100
-317 3 -316 3 -419 3 -315 3 *
Fa
0  1e-07 50 0

0111000
+414 0 +405 0 +396 0 +387 0 +384 0 +381 0 +368 0 +365 0 +362 0 +349 0 
+336 0 +323 0 +320 0 +314 0 *
Ve
1e-05
-0.25 -5.2 -9.5
0 0

0101101
*
Ed
 1e-05 1 1 0
1  95 0 -0.176776695296637 0.176776695296637
3  83 84CN 66 0 -0.176776695296637 0.176776695296637
0

0101000
-322 0 +312 0 *
Ed
 1e-07 1 1 0
1  96 0 0 6.28318530717959
2  85 66 0 0 6.28318530717959
2  86 67 0 0 6.28318530717959
4 C0 66 0 67 0
0

0101000
-312 0 +312 0 *
Wi

0101100
-321 0 -311 0 +310 0 +311 0 *
Fa
0  1e-07 66 0

0111000
+309 0 *
Ve
1e-05
-1.35 -5.2 -9.5
0 0

0101101
*
Ed
 1e-05 1 1 0
1  97 0 0.25 1.35
3  87 88CN 67 0 0.25 1.35
0

0101000
-312 0 +307 0 *
Ed
 1e-07 1 1 0
1  98 0 0 6.28318530717959
2  89 44 0 0 6.28318530717959
2  90 67 0 0 6.28318530717959
4 C0 44 0 67 0
0

0101000
+307 0 -307 0 *
Wi

0101100
-310 0 -306 0 +305 0 +306 0 *
Fa
0  1e-07 67 0

0111000
+304 0 *
Ve
1e-07
-0.5 11 -2.5
0 0

0101101
*
Ed
 1e-07 1 1 0
1  99 0 0 1.5707963267949
2  91 65 0 0 1.5707963267949
2  92 64 0 0 1.5707963267949
4 G1 65 0 64 0
0

0101000
+302 0 -326 0 *
Ve
1e-07
-0.5 11.5 -2
0 0

0101101
*
Ed
 1e-07 1 1 0
1  100 0 0 1.5707963267949
2  93 65 0 0 1.5707963267949
2  94 68 0 0 1.5707963267949
4 G1 65 0 68 0
0

0101000
+300 0 -302 0 *
Ed
 1e-07 1 1 0
1  101 0 0 0.52359877520024
2  95 65 0 0 0.52359877520024
4 G1 65 0 39 0
0

0101000
+300 0 -334 0 *
Wi

0101100
+324 0 -301 0 -299 0 +298 0 *
Fa
0  1e-07 65 0

0111000
+297 0 *
Ve
1e-07
-1.1 11 -2.5
0 0

0101101
*
Ed
 1e-07 1 1 0
1  102 0 0 0.6
2  96 68 0 0 0.6
4 G1 68 0 69 0
0

0101000
+295 0 -302 0 *
Ve
1e-07
-1.1 11.5 -2
0 0

0101101
*
Ed
 1e-07 1 1 0
1  103 0 0 1.5707963267949
2  97 38 0 0 1.5707963267949
2  98 68 0 0 1.5707963267949
4 G1 38 0 68 0
0

0101000
+293 0 -295 0 *
Ed
 1e-07 1 1 0
1  104 0 0 0.6
2  99 68 0 0 0.6
4 G1 39 0 68 0
0

0101000
+293 0 -300 0 *
Wi

0101100
+299 0 -294 0 -292 0 +291 0 *
Fa
0  1e-07 68 0

0111000
+290 0 *
Ve
1e-07
-1.1 8 -2.5
0 0

0101101
*
Ed
 1e-07 1 1 0
1  105 0 0 3
2  100 43 0 0 3
4 G1 43 0 69 0
0

0101000
+295 0 -288 0 *
Ve
1e-07
-0.5 8 -2.5
0 0

0101101
*
Ed
 1e-07 1 1 0
1  106 0 0 0.6
2  101 70 0 0 0.6
4 G1 69 0 70 0
0

0101000
+286 0 -288 0 *
Ed
 1e-07 1 1 0
1  107 0 0 3
2  102 64 0 0 3
4 G1 64 0 69 0
0

0101000
+302 0 -286 0 *
Wi

0101100
-294 0 +287 0 -285 0 -284 0 *
Fa
0  1e-07 69 0

0111000
+283 0 *
Ve
1e-07
-1.1 7.5 -2
0 0

0101101
*
Ed
 1e-07 1 1 0
1  108 0 0 1.57079632679489
2  103 42 0 0 1.57079632679489
2  104 70 0 0 1.57079632679489
4 G1 42 0 70 0
0

0101000
+281 0 -288 0 *
Ve
1e-07
-0.5 7.5 -2
0 0

0101101
*
Ed
 1e-07 1 1 0
1  109 0 0 1.5707963267949
2  105 63 0 0 1.5707963267949
2  106 70 0 0 1.5707963267949
4 G1 63 0 70 0
0

0101000
+279 0 -286 0 *
Ed
 1e-07 1 1 0
1  110 0 0 0.6
2  107 70 0 0 0.6
4 G1 41 0 70 0
0

0101000
+279 0 -281 0 *
Wi

0101100
+280 0 -285 0 -278 0 +277 0 *
Fa
0  1e-07 70 0

0111000
+276 0 *
Ed
 1e-07 1 1 0
1  111 0 0 1.57079632679489
2  108 64 0 0 1.57079632679489
2  109 63 0 0 1.57079632679489
4 G1 64 0 63 0
0

0101000
+328 0 -286 0 *
Wi

0101100
-301 0 +284 0 -274 0 -325 0 *
Fa
0  1e-07 64 0

0111000
+273 0 *
Ed
 1e-07 1 1 0
1  112 0 0 0.523598775200251
2  110 63 0 0 0.523598775200251
4 G1 63 0 41 0
0

0101000
+330 0 -279 0 *
Wi

0101100
+278 0 -274 0 -327 0 +271 0 *
Fa
0  1e-07 63 0

0111000
+270 0 *
Ve
1e-07
-0.5 -7.5 2
0 0

0101101
*
Ve
1e-07
-0.5 -8 2.5
0 0

0101101
*
Ed
 1e-07 1 1 0
1  113 0 0 1.5707963267949
2  111 62 0 0 1.5707963267949
2  112 71 0 0 1.5707963267949
4 G1 62 0 71 0
0

0101000
+268 0 -267 0 *
Ed
 1e-07 1 1 0
1  114 0 0 1.57079632679489
2  113 62 0 0 1.57079632679489
2  114 60 0 0 1.57079632679489
4 G1 62 0 60 0
0

0101000
+347 0 -267 0 *
Ed
 1e-07 1 1 0
1  115 0 0 0.523598775200251
2  115 62 0 0 0.523598775200251
4 G1 62 0 37 0
0

0101000
+339 0 -268 0 *
Wi

0101100
+266 0 -265 0 -337 0 +264 0 *
Fa
0  1e-07 62 0

0111000
+263 0 *
Ve
1e-07
-1.1 -7.5 2
0 0

0101101
*
Ve
1e-07
-1.1 -8 2.5
0 0

0101101
*
Ed
 1e-07 1 1 0
1  116 0 0 1.5707963267949
2  116 32 0 0 1.5707963267949
2  117 71 0 0 1.5707963267949
4 G1 32 0 71 0
0

0101000
+261 0 -260 0 *
Ed
 1e-07 1 1 0
1  117 0 0 0.6
2  118 71 0 0 0.6
4 G1 71 0 72 0
0

0101000
+267 0 -260 0 *
Ed
 1e-07 1 1 0
1  118 0 0 0.6
2  119 71 0 0 0.6
4 G1 37 0 71 0
0

0101000
+268 0 -261 0 *
Wi

0101100
+259 0 -258 0 -266 0 +257 0 *
Fa
0  1e-07 71 0

0111000
+256 0 *
Ve
1e-07
-0.5 -11 2.5
0 0

0101101
*
Ed
 1e-07 1 1 0
1  119 0 0 3
2  120 60 0 0 3
4 G1 60 0 72 0
0

0101000
+254 0 -267 0 *
Ve
1e-07
-1.1 -11 2.5
0 0

0101101
*
Ed
 1e-07 1 1 0
1  120 0 0 0.6
2  121 73 0 0 0.6
4 G1 73 0 72 0
0

0101000
+252 0 -254 0 *
Ed
 1e-07 1 1 0
1  121 0 0 3
2  122 33 0 0 3
4 G1 33 0 72 0
0

0101000
+252 0 -260 0 *
Wi

0101100
-258 0 -253 0 -251 0 +250 0 *
Fa
0  1e-07 72 0

0111000
+249 0 *
Ve
1e-07
-0.5 -11.5 2
0 0

0101101
*
Ed
 1e-07 1 1 0
1  122 0 0 1.5707963267949
2  123 61 0 0 1.5707963267949
2  124 73 0 0 1.5707963267949
4 G1 61 0 73 0
0

0101000
+247 0 -254 0 *
Ve
1e-07
-1.1 -11.5 2
0 0

0101101
*
Ed
 1e-07 1 1 0
1  123 0 0 1.5707963267949
2  125 34 0 0 1.5707963267949
2  126 73 0 0 1.5707963267949
4 G1 34 0 73 0
0

0101000
+245 0 -252 0 *
Ed
 1e-07 1 1 0
1  124 0 0 0.6
2  127 73 0 0 0.6
4 G1 35 0 73 0
0

0101000
+245 0 -247 0 *
Wi

0101100
+246 0 -251 0 -244 0 +243 0 *
Fa
0  1e-07 73 0

0111000
+242 0 *
Ed
 1e-07 1 1 0
1  125 0 0 1.5707963267949
2  128 61 0 0 1.5707963267949
2  129 60 0 0 1.5707963267949
4 G1 61 0 60 0
0

0101000
+254 0 -348 0 *
Ed
 1e-07 1 1 0
1  126 0 0 0.52359877520024
2  130 61 0 0 0.52359877520024
4 G1 35 0 61 0
0

0101000
+247 0 -345 0 *
Wi

0101100
+344 0 -240 0 -246 0 +239 0 *
Fa
0  1e-07 61 0

0111000
+238 0 *
Wi

0101100
-265 0 -346 0 -240 0 +253 0 *
Fa
0  1e-07 60 0

0111000
+236 0 *
Ve
1e-07
-0.5 2 7.5
0 0

0101101
*
Ve
1e-07
-0.5 2.5 8
0 0

0101101
*
Ed
 1e-07 1 1 0
1  127 0 0 1.5707963267949
2  131 59 0 0 1.5707963267949
2  132 74 0 0 1.5707963267949
4 G1 59 0 74 0
0

0101000
+234 0 -233 0 *
Ed
 1e-07 1 1 0
1  128 0 0 1.5707963267949
2  133 59 0 0 1.5707963267949
2  134 57 0 0 1.5707963267949
4 G1 59 0 57 0
0

0101000
+360 0 -233 0 *
Ed
 1e-07 1 1 0
1  129 0 0 0.523598775200251
2  135 59 0 0 0.523598775200251
4 G1 59 0 31 0
0

0101000
+352 0 -234 0 *
Wi

0101100
+232 0 -231 0 -350 0 +230 0 *
Fa
0  1e-07 59 0

0111000
+229 0 *
Ve
1e-07
-1.1 2 7.5
0 0

0101101
*
Ve
1e-07
-1.1 2.5 8
0 0

0101101
*
Ed
 1e-07 1 1 0
1  130 0 0 1.57079632679489
2  136 26 0 0 1.57079632679489
2  137 74 0 0 1.57079632679489
4 G1 26 0 74 0
0

0101000
+227 0 -226 0 *
Ed
 1e-07 1 1 0
1  131 0 0 0.6
2  138 74 0 0 0.6
4 G1 74 0 75 0
0

0101000
+233 0 -226 0 *
Ed
 1e-07 1 1 0
1  132 0 0 0.6
2  139 74 0 0 0.6
4 G1 31 0 74 0
0

0101000
+234 0 -227 0 *
Wi

0101100
+225 0 -224 0 -232 0 +223 0 *
Fa
0  1e-07 74 0

0111000
+222 0 *
Ve
1e-07
-0.5 2.5 11
0 0

0101101
*
Ed
 1e-07 1 1 0
1  133 0 0 3
2  140 57 0 0 3
4 G1 57 0 75 0
0

0101000
+220 0 -233 0 *
Ve
1e-07
-1.1 2.5 11
0 0

0101101
*
Ed
 1e-07 1 1 0
1  134 0 0 0.6
2  141 76 0 0 0.6
4 G1 76 0 75 0
0

0101000
+218 0 -220 0 *
Ed
 1e-07 1 1 0
1  135 0 0 3
2  142 27 0 0 3
4 G1 27 0 75 0
0

0101000
+218 0 -226 0 *
Wi

0101100
-224 0 -219 0 -217 0 +216 0 *
Fa
0  1e-07 75 0

0111000
+215 0 *
Ve
1e-07
-0.5 2 11.5
0 0

0101101
*
Ed
 1e-07 1 1 0
1  136 0 0 1.5707963267949
2  143 58 0 0 1.5707963267949
2  144 76 0 0 1.5707963267949
4 G1 58 0 76 0
0

0101000
+213 0 -220 0 *
Ve
1e-07
-1.1 2 11.5
0 0

0101101
*
Ed
 1e-07 1 1 0
1  137 0 0 1.5707963267949
2  145 28 0 0 1.5707963267949
2  146 76 0 0 1.5707963267949
4 G1 28 0 76 0
0

0101000
+211 0 -218 0 *
Ed
 1e-07 1 1 0
1  138 0 0 0.6
2  147 76 0 0 0.6
4 G1 29 0 76 0
0

0101000
+211 0 -213 0 *
Wi

0101100
+212 0 -217 0 -210 0 +209 0 *
Fa
0  1e-07 76 0

0111000
+208 0 *
Ed
 1e-07 1 1 0
1  139 0 0 1.5707963267949
2  148 58 0 0 1.5707963267949
2  149 57 0 0 1.5707963267949
4 G1 58 0 57 0
0

0101000
+220 0 -361 0 *
Ed
 1e-07 1 1 0
1  140 0 0 0.52359877520024
2  150 58 0 0 0.52359877520024
4 G1 29 0 58 0
0

0101000
+213 0 -358 0 *
Wi

0101100
+357 0 -206 0 -212 0 +205 0 *
Fa
0  1e-07 58 0

0111000
+204 0 *
Wi

0101100
-231 0 -359 0 -206 0 +219 0 *
Fa
0  1e-07 57 0

0111000
+202 0 *
Ve
1e-05
-0.25 5.2 9.5
0 0

0101101
*
Ed
 1e-05 1 1 0
1  141 0 -0.176776695296637 0.176776695296637
3  151 152CN 56 0 -0.176776695296637 0.176776695296637
0

0101000
-367 0 +200 0 *
Ed
 1e-07 1 1 0
1  142 0 0 6.28318530717959
2  153 56 0 0 6.28318530717959
2  154 77 0 0 6.28318530717959
4 C0 56 0 77 0
0

0101000
-200 0 +200 0 *
Wi

0101100
-366 0 -199 0 +198 0 +199 0 *
Fa
0  1e-07 56 0

0111000
+197 0 *
Ve
1e-05
-1.35 5.2 9.5
0 0

0101101
*
Ed
 1e-05 1 1 0
1  143 0 0.25 1.35
3  155 156CN 77 0 0.25 1.35
0

0101000
-200 0 +195 0 *
Ed
 1e-07 1 1 0
1  144 0 0 6.28318530717959
2  157 24 0 0 6.28318530717959
2  158 77 0 0 6.28318530717959
4 C0 24 0 77 0
0

0101000
+195 0 -195 0 *
Wi

0101100
-198 0 -194 0 +193 0 +194 0 *
Fa
0  1e-07 77 0

0111000
+192 0 *
Ve
1e-07
-0.5 -2.5 -11
0 0

0101101
*
Ed
 1e-07 1 1 0
1  145 0 0 1.5707963267949
2  159 55 0 0 1.5707963267949
2  160 54 0 0 1.5707963267949
4 G1 55 0 54 0
0

0101000
+190 0 -371 0 *
Ve
1e-07
-0.5 -2 -11.5
0 0

0101101
*
Ed
 1e-07 1 1 0
1  146 0 0 1.5707963267949
2  161 55 0 0 1.5707963267949
2  162 78 0 0 1.5707963267949
4 G1 55 0 78 0
0

0101000
+188 0 -190 0 *
Ed
 1e-07 1 1 0
1  147 0 0 0.52359877520024
2  163 55 0 0 0.52359877520024
4 G1 55 0 19 0
0

0101000
+188 0 -379 0 *
Wi

0101100
+369 0 -189 0 -187 0 +186 0 *
Fa
0  1e-07 55 0

0111000
+185 0 *
Ve
1e-07
-1.1 -2.5 -11
0 0

0101101
*
Ed
 1e-07 1 1 0
1  148 0 0 0.6
2  164 78 0 0 0.6
4 G1 78 0 79 0
0

0101000
+183 0 -190 0 *
Ve
1e-07
-1.1 -2 -11.5
0 0

0101101
*
Ed
 1e-07 1 1 0
1  149 0 0 1.5707963267949
2  165 18 0 0 1.5707963267949
2  166 78 0 0 1.5707963267949
4 G1 18 0 78 0
0

0101000
+181 0 -183 0 *
Ed
 1e-07 1 1 0
1  150 0 0 0.6
2  167 78 0 0 0.6
4 G1 19 0 78 0
0

0101000
+181 0 -188 0 *
Wi

0101100
+187 0 -182 0 -180 0 +179 0 *
Fa
0  1e-07 78 0

0111000
+178 0 *
Ve
1e-07
-1.1 -2.5 -8
0 0

0101101
*
Ed
 1e-07 1 1 0
1  151 0 0 3
2  168 23 0 0 3
4 G1 23 0 79 0
0

0101000
+183 0 -176 0 *
Ve
1e-07
-0.5 -2.5 -8
0 0

0101101
*
Ed
 1e-07 1 1 0
1  152 0 0 0.6
2  169 80 0 0 0.6
4 G1 79 0 80 0
0

0101000
+174 0 -176 0 *
Ed
 1e-07 1 1 0
1  153 0 0 3
2  170 54 0 0 3
4 G1 54 0 79 0
0

0101000
+190 0 -174 0 *
Wi

0101100
-182 0 +175 0 -173 0 -172 0 *
Fa
0  1e-07 79 0

0111000
+171 0 *
Ve
1e-07
-1.1 -2 -7.5
0 0

0101101
*
Ed
 1e-07 1 1 0
1  154 0 0 1.57079632679489
2  171 22 0 0 1.57079632679489
2  172 80 0 0 1.57079632679489
4 G1 22 0 80 0
0

0101000
+169 0 -176 0 *
Ve
1e-07
-0.5 -2 -7.5
0 0

0101101
*
Ed
 1e-07 1 1 0
1  155 0 0 1.5707963267949
2  173 53 0 0 1.5707963267949
2  174 80 0 0 1.5707963267949
4 G1 53 0 80 0
0

0101000
+167 0 -174 0 *
Ed
 1e-07 1 1 0
1  156 0 0 0.6
2  175 80 0 0 0.6
4 G1 21 0 80 0
0

0101000
+167 0 -169 0 *
Wi

0101100
+168 0 -173 0 -166 0 +165 0 *
Fa
0  1e-07 80 0

0111000
+164 0 *
Ed
 1e-07 1 1 0
1  157 0 0 1.57079632679489
2  176 54 0 0 1.57079632679489
2  177 53 0 0 1.57079632679489
4 G1 54 0 53 0
0

0101000
+373 0 -174 0 *
Wi

0101100
-189 0 +172 0 -162 0 -370 0 *
Fa
0  1e-07 54 0

0111000
+161 0 *
Ed
 1e-07 1 1 0
1  158 0 0 0.523598775200251
2  178 53 0 0 0.523598775200251
4 G1 53 0 21 0
0

0101000
+375 0 -167 0 *
Wi

0101100
+166 0 -162 0 -372 0 +159 0 *
Fa
0  1e-07 53 0

0111000
+158 0 *
Ve
1e-05
-0.25 -9.5 5.2
0 0

0101101
*
Ed
 1e-05 1 1 0
1  159 0 -0.176776695296637 0.176776695296637
3  179 180CN 52 0 -0.176776695296637 0.176776695296637
0

0101000
-383 0 +156 0 *
Ed
 1e-07 1 1 0
1  160 0 0 6.28318530717959
2  181 52 0 0 6.28318530717959
2  182 81 0 0 6.28318530717959
4 C0 52 0 81 0
0

0101000
-156 0 +156 0 *
Wi

0101100
-382 0 -155 0 +154 0 +155 0 *
Fa
0  1e-07 52 0

0111000
+153 0 *
Ve
1e-05
-1.35 -9.5 5.2
0 0

0101101
*
Ed
 1e-05 1 1 0
1  161 0 0.25 1.35
3  183 184CN 81 0 0.25 1.35
0

0101000
-156 0 +151 0 *
Ed
 1e-07 1 1 0
1  162 0 0 6.28318530717959
2  185 17 0 0 6.28318530717959
2  186 81 0 0 6.28318530717959
4 C0 17 0 81 0
0

0101000
+151 0 -151 0 *
Wi

0101100
-154 0 -150 0 +149 0 +150 0 *
Fa
0  1e-07 81 0

0111000
+148 0 *
Ve
1e-05
-0.25 9.5 -5.2
0 0

0101101
*
Ed
 1e-05 1 1 0
1  163 0 -0.176776695296637 0.176776695296637
3  187 188CN 51 0 -0.176776695296637 0.176776695296637
0

0101000
-386 0 +146 0 *
Ed
 1e-07 1 1 0
1  164 0 0 6.28318530717959
2  189 51 0 0 6.28318530717959
2  190 82 0 0 6.28318530717959
4 C0 51 0 82 0
0

0101000
-146 0 +146 0 *
Wi

0101100
-385 0 -145 0 +144 0 +145 0 *
Fa
0  1e-07 51 0

0111000
+143 0 *
Ve
1e-05
-1.35 9.5 -5.2
0 0

0101101
*
Ed
 1e-05 1 1 0
1  165 0 0.25 1.35
3  191 192CN 82 0 0.25 1.35
0

0101000
-146 0 +141 0 *
Ed
 1e-07 1 1 0
1  166 0 0 6.28318530717959
2  193 16 0 0 6.28318530717959
2  194 82 0 0 6.28318530717959
4 C0 16 0 82 0
0

0101000
+141 0 -141 0 *
Wi

0101100
-144 0 -140 0 +139 0 +140 0 *
Fa
0  1e-07 82 0

0111000
+138 0 *
Ed
 1e-07 1 1 0
1  167 0 0 1.6
2  195 47 0 0 1.6
2  196 46 0 0 1.6
4 G1 47 0 46 0
0

0101000
+319 0 -430 0 *
Wi

0101100
+136 0 -427 0 -422 0 +316 0 *
Fa
0  1e-07 47 0

0111000
+135 0 *
Ed
 1e-07 1 1 0
1  168 0 0 1.6
2  197 45 0 0 1.6
2  198 46 0 0 1.6
4 G1 45 0 46 0
0

0101000
+318 0 -433 0 *
Wi

0101100
+133 0 -429 0 -136 0 +317 0 *
Fa
0  1e-07 46 0

0111000
+132 0 *
Wi

0101100
-315 0 +133 0 +431 0 -420 0 *
Fa
0  1e-07 45 0

0111000
+130 0 *
Ed
 1e-05 1 1 0
1  169 0 -0.176776695296637 0.176776695296637
3  199 200CN 44 0 -0.176776695296637 0.176776695296637
0

0101000
+307 0 -436 0 *
Wi

0101100
-305 0 +128 0 +435 0 -128 0 *
Fa
0  1e-07 44 0

0111000
+127 0 *
Ed
 1e-07 1 1 0
1  170 0 0 1.5707963267949
2  201 38 0 0 1.5707963267949
2  202 43 0 0 1.5707963267949
4 G1 38 0 43 0
0

0101000
+448 0 -295 0 *
Ed
 1e-07 1 1 0
1  171 0 0 1.5707963267949
2  203 42 0 0 1.5707963267949
2  204 43 0 0 1.5707963267949
4 G1 42 0 43 0
0

0101000
+288 0 -440 0 *
Wi

0101100
-125 0 +438 0 -124 0 -287 0 *
Fa
0  1e-07 43 0

0111000
+123 0 *
Ed
 1e-07 1 1 0
1  172 0 0 0.52359877520024
2  205 42 0 0 0.52359877520024
4 G1 41 0 42 0
0

0101000
+281 0 -442 0 *
Wi

0101100
+439 0 -124 0 -280 0 +121 0 *
Fa
0  1e-07 42 0

0111000
+120 0 *
Ed
 1e-07 1 1 0
1  173 0 1.48029736616687e-16 1.6
2  206 40 0 1.48029736616687e-16 1.6
4 G1 41 0 40 0
0

0101000
+332 0 -444 0 *
Wi

0101100
+121 0 +441 0 -118 0 -329 0 +271 0 +277 0 *
Fa
0  1e-07 41 0

0111000
-117 0 *
Ed
 1e-07 1 1 0
1  174 0 2.22044604925031e-16 1.6
2  207 40 0 2.22044604925031e-16 1.6
4 G1 40 0 39 0
0

0101000
+335 0 -446 0 *
Wi

0101100
+331 0 +115 0 -443 0 -118 0 *
Fa
0  1e-07 40 0

0111000
+114 0 *
Ed
 1e-07 1 1 0
1  175 0 0 0.523598775200251
2  208 38 0 0 0.523598775200251
4 G1 39 0 38 0
0

0101000
+449 0 -293 0 *
Wi

0101100
+298 0 -333 0 +115 0 +445 0 +112 0 +291 0 *
Fa
0  1e-07 39 0

0111000
-111 0 *
Wi

0101100
+292 0 -125 0 -447 0 +112 0 *
Fa
0  1e-07 38 0

0111000
+109 0 *
Ed
 1e-07 1 1 0
1  176 0 0 0.52359877520024
2  209 32 0 0 0.52359877520024
4 G1 37 0 32 0
0

0101000
+261 0 -462 0 *
Ed
 1e-07 1 1 0
1  177 0 -1.48029736616688e-16 1.6
2  210 36 0 -1.48029736616688e-16 1.6
4 G1 37 0 36 0
0

0101000
+341 0 -453 0 *
Wi

0101100
+107 0 +451 0 -106 0 -338 0 +264 0 +257 0 *
Fa
0  1e-07 37 0

0111000
-105 0 *
Ed
 1e-07 1 1 0
1  178 0 -2.22044604925032e-16 1.6
2  211 36 0 -2.22044604925032e-16 1.6
4 G1 36 0 35 0
0

0101000
+343 0 -455 0 *
Wi

0101100
+340 0 +103 0 -452 0 -106 0 *
Fa
0  1e-07 36 0

0111000
+102 0 *
Ed
 1e-07 1 1 0
1  179 0 0 0.523598775200251
2  212 34 0 0 0.523598775200251
4 G1 35 0 34 0
0

0101000
+457 0 -245 0 *
Wi

0101100
+239 0 -342 0 +103 0 +454 0 +100 0 +243 0 *
Fa
0  1e-07 35 0

0111000
-99 0 *
Ed
 1e-07 1 1 0
1  180 0 0 1.57079632679489
2  213 33 0 0 1.57079632679489
2  214 34 0 0 1.57079632679489
4 G1 33 0 34 0
0

0101000
+459 0 -252 0 *
Wi

0101100
+244 0 -97 0 -456 0 +100 0 *
Fa
0  1e-07 34 0

0111000
+96 0 *
Ed
 1e-07 1 1 0
1  181 0 0 1.5707963267949
2  215 32 0 0 1.5707963267949
2  216 33 0 0 1.5707963267949
4 G1 32 0 33 0
0

0101000
+260 0 -461 0 *
Wi

0101100
-94 0 -250 0 -97 0 +458 0 *
Fa
0  1e-07 33 0

0111000
+93 0 *
Wi

0101100
+460 0 -94 0 -259 0 +107 0 *
Fa
0  1e-07 32 0

0111000
+91 0 *
Ed
 1e-07 1 1 0
1  182 0 0 0.52359877520024
2  217 26 0 0 0.52359877520024
4 G1 31 0 26 0
0

0101000
+227 0 -475 0 *
Ed
 1e-07 1 1 0
1  183 0 -1.11022302462516e-16 1.6
2  218 30 0 -1.11022302462516e-16 1.6
4 G1 31 0 30 0
0

0101000
+354 0 -466 0 *
Wi

0101100
+89 0 +464 0 -88 0 -351 0 +230 0 +223 0 *
Fa
0  1e-07 31 0

0111000
-87 0 *
Ed
 1e-07 1 1 0
1  184 0 -1.85037170770859e-16 1.6
2  219 30 0 -1.85037170770859e-16 1.6
4 G1 30 0 29 0
0

0101000
+356 0 -468 0 *
Wi

0101100
+353 0 +85 0 -465 0 -88 0 *
Fa
0  1e-07 30 0

0111000
+84 0 *
Ed
 1e-07 1 1 0
1  185 0 0 0.523598775200252
2  220 28 0 0 0.523598775200252
4 G1 29 0 28 0
0

0101000
+470 0 -211 0 *
Wi

0101100
+205 0 -355 0 +85 0 +467 0 +82 0 +209 0 *
Fa
0  1e-07 29 0

0111000
-81 0 *
Ed
 1e-07 1 1 0
1  186 0 0 1.5707963267949
2  221 27 0 0 1.5707963267949
2  222 28 0 0 1.5707963267949
4 G1 27 0 28 0
0

0101000
+472 0 -218 0 *
Wi

0101100
+210 0 -79 0 -469 0 +82 0 *
Fa
0  1e-07 28 0

0111000
+78 0 *
Ed
 1e-07 1 1 0
1  187 0 0 1.5707963267949
2  223 26 0 0 1.5707963267949
2  224 27 0 0 1.5707963267949
4 G1 26 0 27 0
0

0101000
+226 0 -474 0 *
Wi

0101100
-76 0 -216 0 -79 0 +471 0 *
Fa
0  1e-07 27 0

0111000
+75 0 *
Wi

0101100
+473 0 -76 0 -225 0 +89 0 *
Fa
0  1e-07 26 0

0111000
+73 0 *
Ed
 1e-05 1 1 0
1  188 0 1 2.6
3  225 226CN 25 0 1 2.6
0

0101000
-364 0 +478 0 *
Wi

0101100
-363 0 -71 0 +477 0 +71 0 *
Fa
0  1e-07 25 0

0111000
+70 0 *
Ed
 1e-05 1 1 0
1  189 0 -0.176776695296637 0.176776695296637
3  227 228CN 24 0 -0.176776695296637 0.176776695296637
0

0101000
+195 0 -481 0 *
Wi

0101100
-193 0 +68 0 +480 0 -68 0 *
Fa
0  1e-07 24 0

0111000
+67 0 *
Ed
 1e-07 1 1 0
1  190 0 0 1.57079632679489
2  229 18 0 0 1.57079632679489
2  230 23 0 0 1.57079632679489
4 G1 18 0 23 0
0

0101000
+493 0 -183 0 *
Ed
 1e-07 1 1 0
1  191 0 0 1.5707963267949
2  231 22 0 0 1.5707963267949
2  232 23 0 0 1.5707963267949
4 G1 22 0 23 0
0

0101000
+176 0 -485 0 *
Wi

0101100
-65 0 +483 0 -64 0 -175 0 *
Fa
0  1e-07 23 0

0111000
+63 0 *
Ed
 1e-07 1 1 0
1  192 0 0 0.52359877520024
2  233 22 0 0 0.52359877520024
4 G1 21 0 22 0
0

0101000
+169 0 -487 0 *
Wi

0101100
+484 0 -64 0 -168 0 +61 0 *
Fa
0  1e-07 22 0

0111000
+60 0 *
Ed
 1e-07 1 1 0
1  193 0 0 1.6
2  234 20 0 0 1.6
4 G1 21 0 20 0
0

0101000
+489 0 -377 0 *
Wi

0101100
+61 0 +486 0 +58 0 -374 0 +159 0 +165 0 *
Fa
0  1e-07 21 0

0111000
-57 0 *
Ed
 1e-07 1 1 0
1  194 0 0 1.6
2  235 20 0 0 1.6
4 G1 20 0 19 0
0

0101000
+491 0 -380 0 *
Wi

0101100
+488 0 +58 0 -376 0 -55 0 *
Fa
0  1e-07 20 0

0111000
+54 0 *
Ed
 1e-07 1 1 0
1  195 0 0 0.523598775200251
2  236 18 0 0 0.523598775200251
4 G1 19 0 18 0
0

0101000
+494 0 -181 0 *
Wi

0101100
+186 0 -378 0 -55 0 +490 0 +52 0 +179 0 *
Fa
0  1e-07 19 0

0111000
-51 0 *
Wi

0101100
+180 0 -65 0 -492 0 +52 0 *
Fa
0  1e-07 18 0

0111000
+49 0 *
Ed
 1e-05 1 1 0
1  196 0 -0.176776695296637 0.176776695296637
3  237 238CN 17 0 -0.176776695296637 0.176776695296637
0

0101000
+151 0 -497 0 *
Wi

0101100
-149 0 +47 0 +496 0 -47 0 *
Fa
0  1e-07 17 0

0111000
+46 0 *
Ed
 1e-05 1 1 0
1  197 0 -0.176776695296637 0.176776695296637
3  239 240CN 16 0 -0.176776695296637 0.176776695296637
0

0101000
+141 0 -500 0 *
Wi

0101100
-139 0 +44 0 +499 0 -44 0 *
Fa
0  1e-07 16 0

0111000
+43 0 *
Ed
 1e-07 1 1 0
1  198 0 0 1.6
2  241 15 0 0 1.6
2  242 14 0 0 1.6
4 G1 15 0 14 0
0

0101000
+392 0 -504 0 *
Ed
 1e-07 1 1 0
1  199 0 0 1.6
2  243 15 0 0 1.6
2  244 12 0 0 1.6
4 G1 15 0 12 0
0

0101000
+390 0 -508 0 *
Wi

0101100
+502 0 -41 0 -389 0 +40 0 *
Fa
0  1e-07 15 0

0111000
+39 0 *
Ed
 1e-07 1 1 0
1  200 0 0 1.6
2  245 14 0 0 1.6
2  246 13 0 0 1.6
4 G1 14 0 13 0
0

0101000
+395 0 -506 0 *
Wi

0101100
-41 0 +391 0 +37 0 -503 0 *
Fa
0  1e-07 14 0

0111000
+36 0 *
Ed
 1e-07 1 1 0
1  201 0 0 1.6
2  247 13 0 0 1.6
2  248 12 0 0 1.6
4 G1 13 0 12 0
0

0101000
+394 0 -509 0 *
Wi

0101100
-37 0 +393 0 +34 0 -505 0 *
Fa
0  1e-07 13 0

0111000
+33 0 *
Wi

0101100
-34 0 +388 0 +40 0 -507 0 *
Fa
0  1e-07 12 0

0111000
+31 0 *
Ed
 1e-07 1 1 0
1  202 0 0 1.6
2  249 11 0 0 1.6
2  250 10 0 0 1.6
4 G1 11 0 10 0
0

0101000
+401 0 -513 0 *
Ed
 1e-07 1 1 0
1  203 0 0 1.6
2  251 11 0 0 1.6
2  252 8 0 0 1.6
4 G1 11 0 8 0
0

0101000
+399 0 -517 0 *
Wi

0101100
+511 0 -29 0 -398 0 +28 0 *
Fa
0  1e-07 11 0

0111000
+27 0 *
Ed
 1e-07 1 1 0
1  204 0 0 1.6
2  253 10 0 0 1.6
2  254 9 0 0 1.6
4 G1 10 0 9 0
0

0101000
+404 0 -515 0 *
Wi

0101100
-29 0 +400 0 +25 0 -512 0 *
Fa
0  1e-07 10 0

0111000
+24 0 *
Ed
 1e-07 1 1 0
1  205 0 0 1.6
2  255 9 0 0 1.6
2  256 8 0 0 1.6
4 G1 9 0 8 0
0

0101000
+403 0 -518 0 *
Wi

0101100
-25 0 +402 0 +22 0 -514 0 *
Fa
0  1e-07 9 0

0111000
+21 0 *
Wi

0101100
-22 0 +397 0 +28 0 -516 0 *
Fa
0  1e-07 8 0

0111000
+19 0 *
Ed
 1e-07 1 1 0
1  206 0 -0 1.6
2  257 7 0 -0 1.6
2  258 6 0 -0 1.6
4 G1 7 0 6 0
0

0101000
+410 0 -522 0 *
Ed
 1e-07 1 1 0
1  207 0 0 1.6
2  259 7 0 0 1.6
2  260 3 0 0 1.6
4 G1 7 0 3 0
0

0101000
+408 0 -526 0 *
Wi

0101100
+520 0 -17 0 -407 0 +16 0 *
Fa
0  1e-07 7 0

0111000
+15 0 *
Ed
 1e-07 1 1 0
1  208 0 -0 1.6
2  261 6 0 -0 1.6
2  262 5 0 -0 1.6
4 G1 6 0 5 0
0

0101000
+413 0 -524 0 *
Wi

0101100
-17 0 +409 0 +13 0 -521 0 *
Fa
0  1e-07 6 0

0111000
+12 0 *
Ed
 1e-07 1 1 0
1  209 0 0 1.6
2  263 5 0 0 1.6
2  264 3 0 0 1.6
4 G1 5 0 3 0
0

0101000
+412 0 -527 0 *
Wi

0101100
-13 0 +411 0 +10 0 -523 0 *
Fa
0  1e-07 5 0

0111000
+9 0 *
Wi

0101100
-10 0 +406 0 +16 0 -525 0 *
Fa
0  1e-07 3 0

0111000
+7 0 *
Ed
 1e-07 1 1 0
1  210 0 0 1.6
3  265 266CN 2 0 0 1.6
0

0101000
-530 0 +416 0 *
Wi

0101100
-529 0 +5 0 +415 0 -5 0 *
Fa
0  1e-07 2 0

0101000
+4 0 *
Sh

0101100
+424 0 -417 3 -313 0 -308 3 -303 3 -296 3 -289 3 +282 3 -275 3 +272 3 
-269 3 -262 3 -255 3 +248 3 -241 3 -237 3 +235 3 -228 3 -221 3 +214 3 
-207 3 -203 3 +201 3 -196 3 -191 3 -184 3 -177 3 +170 3 -163 3 +160 3 
-157 3 -152 3 -147 3 -142 3 -137 3 -134 3 -131 3 +129 3 -126 3 +122 3 
-119 3 -116 3 -113 3 -110 3 -108 3 -104 3 -101 3 -98 3 -95 3 +92 3 
-90 3 -86 3 -83 3 -80 3 -77 3 +74 3 -72 3 -69 3 -66 3 +62 3 
-59 3 -56 3 -53 3 -50 3 -48 3 -45 3 -42 3 +38 3 -35 3 -32 3 
-30 3 +26 3 -23 3 -20 3 -18 3 +14 3 -11 3 -8 3 -6 3 +3 0 
*
So

1100000
+2 0 *

+1 0 