DBRep_DrawableShape

CASCADE Topology V3, (c) Open Cascade
Locations 1
1
-0.610824426277544 6.6592676335977e-17 -0.791766076731448               5 
6.25807541442042e-17              -1 -1.3238572939982e-16 8.82500000000001 
-0.791766076731448 -1.30413755395631e-16 0.610824426277544 -0.0500000000005846 
Curve2ds 30
1 0 1 1 0 
1 6.2831853071795862 0 0 1 
1 0 0 0 1 
7 0 0  3 113 111  6.2831853071795862 6.8000000000191303  6.2795805220084189 6.8000008705375929  6.2723715961895588 6.7997932945535489  6.2615685564292649 6.7988571466133623  6.2507842746972253 6.7972996768430711  6.2400271822343365 6.7951233147534236  6.2293057178817834 6.7923303570105631  6.2186283151423929 6.7889229584750606  6.2080036015297138 6.7849061806194806  6.1974402524194359 6.7802853922415052  6.1869470600762959 6.7750657379060879  6.1765325216889995 6.7692529942052078  6.1662042225246365 6.7628547705582953  6.1559699636049903 6.7558784024469407  6.145837547601678 6.7483313254612636  6.1358149019754826 6.7402208486950954  6.1259089963777873 6.7315558855879463  6.1161267959084347 6.7223454952228447  6.1064753613472913 6.7125987012827135  6.096961835014314 6.702324524927783  6.0875933550045085 6.6915320330607475  6.0783760589654952 6.6802310826910976  6.0693162279575414 6.6684314927034301  6.0604202160937435 6.6561430897215175  6.0516944419140568 6.6433757075373414  6.0431454600570307 6.6301391435308492  6.0347796302799015 6.6164433463753092  6.0266027650441742 6.6022986289751158  6.0186208637870964 6.5877152454127401  6.0108399782937774 6.5727034669531372  6.0032662449823606 6.5572735549532801  5.9959058654836959 6.541435793219585  5.9887651289648627 6.5252003856686578  5.9818503185682816 6.5085778438728825  5.9751674382964701 6.4915801742667592  5.9687225958716983 6.4742192140837505  5.9625219503937377 6.4565068447098533  5.9565717217364256 6.4384549401219893  5.9508781896270548 6.4200753597808466  5.9454476729880446 6.4013800286211273  5.9402865990413298 6.3823806241976992  5.9354012216826426 6.3630897988567527  5.9307970352801727 6.3435236789893983  5.9264796730706699 6.3236979240069369  5.9224547678173094 6.3036283237355644  5.9187280042994956 6.2833306133217031  5.9153050441544197 6.2628206162159854  5.9121917674545728 6.2421138573319483  5.9093933079469307 6.2212270680962458  5.9069129360000918 6.2001799072982022  5.9047542246071645 6.178991569314336  5.9029206941158776 6.1576813620067163  5.9014158286354013 6.1362686037079959  5.9002433652628534 6.1147724573829532  5.8994046670830942 6.0932136482887751  5.8989006648150033 6.0716131848997268  5.8987324089644524 6.0499920016045055  5.898900895557893 6.0283710539715498  5.8994051244998449 6.0067710239421821  5.9002440537403222 5.9852125648893395  5.9014168688558444 5.9637164295447587  5.90292177518619 5.9423029521660951  5.9047552292277592 5.9209917150703406  5.9069140218591478 5.8998024517966892  5.9093948225976201 5.8787547966407443  5.912194499092875 5.8578686296503228  5.915308099992167 5.837161281698525  5.9187304353843846 5.8166497299386934  5.9224563824083072 5.7963509790010779  5.9264809115159061 5.776282269457492  5.9307986475651484 5.7564597605310048  5.935403479074898 5.7368973662316742  5.9402894668577284 5.7176093971399435  5.945450660424024 5.698610008955856  5.9508812118437193 5.6799135803307212  5.9565748289081544 5.6615327274105924  5.9625251756100912 5.6434797262247445  5.9687259911081698 5.625766918017951  5.9751710732198822 5.6084067118860395  5.9818542407007289 5.5914111646893057  5.9887692160135488 5.5747908688409575  5.9959098045205028 5.5585565987571259  6.0032698767656356 5.5427190843722238  6.0108433622152448 5.5272890515445932  6.018624311527053 5.5122772869186001  6.0266066526287805 5.497694308471532  6.0347840001718174 5.4835501193157707  6.0431501068280697 5.4698548132917839  6.0516987792503265 5.4566184583866724  6.0604239190740401 5.4438511352729675  6.0693194697115977 5.4315628997347964  6.0783796170545621 5.4197638944245163  6.0875977565932482 5.4084637613772344  6.0969669057858233 5.3976718924720819  6.1064802528484599 5.3873977365249726  6.1161310408097123 5.377650738484439  6.1259125645763683 5.3684403018317139  6.1358183373647073 5.3597759997846364  6.1458414032918256 5.351666684204246  6.1559738381652389 5.3441198999670778  6.1662079486823673 5.3371434264028057  6.1765360497407436 5.3307449765681163  6.1869505421222204 5.324932294158506  6.1974438755206229 5.3197130665469761  6.2080072582675552 5.315092523830165  6.2186319489959541 5.3110759509491157  6.2293092404096218 5.3076685933396215  6.2400304773195474 5.304875799614031  6.2507871618769313 5.3026998064366939  6.261570804050872 5.3011427033244951  6.2723729180228087 5.3002067225180403  6.2795810049718845 5.2999991550070416  6.2831853071795862 5.2999999999999199 
 0 4 0.0090909090909090905 1 0.018181818181818181 1 0.027272727272727271 1 0.036363636363636362 1 0.045454545454545456 1 0.054545454545454543 1 0.06363636363636363 1 0.072727272727272724 1 0.081818181818181818 1 0.090909090909090912 1 0.099999999999999992 1 0.10909090909090909 1 0.11818181818181818 1 0.12727272727272726 1 0.13636363636363635 1 0.14545454545454545 1 0.15454545454545454 1 0.16363636363636364 1 0.17272727272727273 1 0.18181818181818182 1 0.19090909090909089 1 0.19999999999999998 1 0.20909090909090908 1 0.21818181818181817 1 0.22727272727272727 1 0.23636363636363636 1 0.24545454545454545 1 0.25454545454545452 1 0.26363636363636361 1 0.27272727272727271 1 0.2818181818181818 1 0.29090909090909089 1 0.29999999999999999 1 0.30909090909090908 1 0.31818181818181818 1 0.32727272727272727 1 0.33636363636363636 1 0.34545454545454546 1 0.35454545454545455 1 0.36363636363636365 1 0.37272727272727268 1 0.38181818181818178 1 0.39090909090909087 1 0.39999999999999997 1 0.40909090909090906 1 0.41818181818181815 1 0.42727272727272725 1 0.43636363636363634 1 0.44545454545454544 1 0.45454545454545453 1 0.46363636363636362 1 0.47272727272727272 1 0.48181818181818181 1 0.49090909090909091 1 0.5 1 0.50909090909090904 1 0.51818181818181819 1 0.52727272727272723 1 0.53636363636363638 1 0.54545454545454541 1 0.55454545454545456 1 0.5636363636363636 1 0.57272727272727275 1 0.58181818181818179 1 0.59090909090909083 1 0.59999999999999998 1 0.60909090909090902 1 0.61818181818181817 1 0.6272727272727272 1 0.63636363636363635 1 0.64545454545454539 1 0.65454545454545454 1 0.66363636363636358 1 0.67272727272727273 1 0.68181818181818177 1 0.69090909090909092 1 0.69999999999999996 1 0.70909090909090911 1 0.71818181818181814 1 0.72727272727272729 1 0.73636363636363633 1 0.74545454545454537 1 0.75454545454545452 1 0.76363636363636356 1 0.77272727272727271 1 0.78181818181818175 1 0.79090909090909089 1 0.79999999999999993 1 0.80909090909090908 1 0.81818181818181812 1 0.82727272727272727 1 0.83636363636363631 1 0.84545454545454546 1 0.8545454545454545 1 0.86363636363636365 1 0.87272727272727268 1 0.88181818181818172 1 0.89090909090909087 1 0.89999999999999991 1 0.90909090909090906 1 0.9181818181818181 1 0.92727272727272725 1 0.93636363636363629 1 0.94545454545454544 1 0.95454545454545447 1 0.96363636363636362 1 0.97272727272727266 1 0.98181818181818181 1 0.99090909090909085 1 1 4
7 0 0  3 113 111  0 6  0.0096127432352464126 6.00000093818824  0.028836537684385988 5.9999233311838243  0.057665256289084255 5.9995716732792559  0.086485165271518838 5.9989882668131376  0.11529421649750482 5.9981755743010758  0.1440903723195639 5.9971359248217784  0.17287171434934834 5.9958715055569654  0.20163548718971569 5.9943874192240862  0.23037868607634948 5.9926890828322827  0.25909805405649777 5.9907816664894318  0.2877910743740042 5.9886710618708996  0.31645720312596026 5.9863652624504322  0.34509533677990945 5.9838719459319076  0.37370436412136065 5.9811989108161665  0.4022829860651882 5.97835378818605  0.43083193979052403 5.9753463813629066  0.45935188050088271 5.9721866906112311  0.48784324819626335 5.9688846704844014  0.51630634139363885 5.9654502634965239  0.54474158349645663 5.961893506538706  0.57315164221904347 5.9582260335262962  0.60153884634442534 5.954459401794522  0.62990540070514811 5.9506051828871565  0.65825344059206969 5.9466749680939364  0.68658493325388115 5.9426802555121672  0.71490239882476381 5.9386329289112521  0.74320952656798056 5.9345457998167381  0.77150968055869029 5.9304315308975113  0.79980621561626286 5.9263028248198699  0.82810245415231876 5.9221723731171876  0.85640173637163386 5.9180528718570935  0.88470751674596571 5.9139570101031147  0.9130231951597807 5.9098975012279098  0.94135127167570332 5.9058871758230378  0.96969429949740871 5.9019388510237327  0.99805482819146363 5.8980653481809169  1.0264354795992112 5.8942794852390508  1.0548390141039619 5.8905940895527795  1.0832683005679193 5.8870219542424493  1.1117266777756001 5.883575999955438  1.1402167899220128 5.8802686453292807  1.1687377944264998 5.877110519459281  1.1972892821883772 5.8741124930546729  1.2258707807619995 5.8712853655314383  1.254482011315174 5.8686399798646214  1.2831228293271089 5.8661870760862547  1.3117936731675837 5.8639377624413731  1.3404941930076006 5.8619016525478118  1.3692211739857338 5.8600847345094911  1.3979717741322411 5.8584935669512879  1.4267431006840141 5.8571345860715596  1.4555323898702923 5.8560141472537968  1.4843373212175965 5.8551390515674804  1.5131541601299983 5.8545117537307583  1.5419787449579587 5.8541339211957917  1.5708069900524038 5.8540074307043763  1.5996349285494187 5.8541340867154483  1.6284589592491354 5.854512099359491  1.6572753700087297 5.855139572205176  1.6860803740721551 5.8560150269110558  1.7148706532005722 5.8571352090980335  1.743643323257535 5.8584936903118994  1.7723951596543017 5.8600846341907262  1.801122939323788 5.8619019662236003  1.8298232435434887 5.8639399724032879  1.858495107569512 5.8661894744201435  1.887137602459271 5.8686408042925358  1.9157495852546109 5.8712843739691802  1.9443295538880765 5.8741107546667566  1.9728771004187031 5.877109718852263  2.0013939125698705 5.8802693715737959  2.029881043731578 5.8835781100932847  2.0583395519933099 5.8870242260245567  2.0867702148103575 5.8905961413600885  2.1151753580657644 5.8942812841782857  2.1435574202949468 5.898066888196885  2.171918646529166 5.9019402350481647  2.2002611339339015 5.9058886026394095  2.2285872915450771 5.9098992341911352  2.2569007973946036 5.9139592149677105  2.2852050415590774 5.918055651240314  2.3135034047564638 5.9221756395853093  2.3417992258574305 5.9263062943515461  2.3700959260946171 5.9304346684926976  2.3983967947423395 5.9345480708581002  2.4267046854252854 5.9386342987857024  2.4550224894347927 5.9426810629008084  2.4833530980509337 5.946676100916263  2.5116995039748282 5.9506071289074303  2.5400647288117231 5.9544619224119888  2.5684523051384645 5.9582280407559258  2.596864017168409 5.9618942933756438  2.6253006653294229 5.9654501155424748  2.6537633168216885 5.9688847969526906  2.6822531045370077 5.9721876494061092  2.7107712735762917 5.975348041863394  2.7393195867944549 5.9783550925383064  2.7678989001271841 5.9811989899588474  2.7965078998042188 5.983871862417911  2.8251456760281748 5.9863654905476462  2.8538113278948884 5.9886717521262796  2.8825041848824799 5.9907824840084531  2.9112238183289207 5.9926895896435335  2.939967053710113 5.9943878090434328  2.9687307282700051 5.9958718201460677  2.997511762616373 5.9971363422013697  3.0263072845691337 5.9981759912851444  3.0551152109572062 5.9989884792140655  3.0839333931030453 5.9995716641403423  3.112759639867777 5.9999232622527812  3.1319811984165398 6.0000009017130989  3.1415926535796999 6 
 0 4 0.0090909090909090905 1 0.018181818181818181 1 0.027272727272727271 1 0.036363636363636362 1 0.045454545454545456 1 0.054545454545454543 1 0.06363636363636363 1 0.072727272727272724 1 0.081818181818181818 1 0.090909090909090912 1 0.099999999999999992 1 0.10909090909090909 1 0.11818181818181818 1 0.12727272727272726 1 0.13636363636363635 1 0.14545454545454545 1 0.15454545454545454 1 0.16363636363636364 1 0.17272727272727273 1 0.18181818181818182 1 0.19090909090909089 1 0.19999999999999998 1 0.20909090909090908 1 0.21818181818181817 1 0.22727272727272727 1 0.23636363636363636 1 0.24545454545454545 1 0.25454545454545452 1 0.26363636363636361 1 0.27272727272727271 1 0.2818181818181818 1 0.29090909090909089 1 0.29999999999999999 1 0.30909090909090908 1 0.31818181818181818 1 0.32727272727272727 1 0.33636363636363636 1 0.34545454545454546 1 0.35454545454545455 1 0.36363636363636365 1 0.37272727272727268 1 0.38181818181818178 1 0.39090909090909087 1 0.39999999999999997 1 0.40909090909090906 1 0.41818181818181815 1 0.42727272727272725 1 0.43636363636363634 1 0.44545454545454544 1 0.45454545454545453 1 0.46363636363636362 1 0.47272727272727272 1 0.48181818181818181 1 0.49090909090909091 1 0.5 1 0.50909090909090904 1 0.51818181818181819 1 0.52727272727272723 1 0.53636363636363638 1 0.54545454545454541 1 0.55454545454545456 1 0.5636363636363636 1 0.57272727272727275 1 0.58181818181818179 1 0.59090909090909083 1 0.59999999999999998 1 0.60909090909090902 1 0.61818181818181817 1 0.6272727272727272 1 0.63636363636363635 1 0.64545454545454539 1 0.65454545454545454 1 0.66363636363636358 1 0.67272727272727273 1 0.68181818181818177 1 0.69090909090909092 1 0.69999999999999996 1 0.70909090909090911 1 0.71818181818181814 1 0.72727272727272729 1 0.73636363636363633 1 0.74545454545454537 1 0.75454545454545452 1 0.76363636363636356 1 0.77272727272727271 1 0.78181818181818175 1 0.79090909090909089 1 0.79999999999999993 1 0.80909090909090908 1 0.81818181818181812 1 0.82727272727272727 1 0.83636363636363631 1 0.84545454545454546 1 0.8545454545454545 1 0.86363636363636365 1 0.87272727272727268 1 0.88181818181818172 1 0.89090909090909087 1 0.89999999999999991 1 0.90909090909090906 1 0.9181818181818181 1 0.92727272727272725 1 0.93636363636363629 1 0.94545454545454544 1 0.95454545454545447 1 0.96363636363636362 1 0.97272727272727266 1 0.98181818181818181 1 0.99090909090909085 1 1 4
1 6.2831853071795862 0 0 1 
1 0 0 0 1 
1 0 8.3000000000000007 1 0 
7 0 0  3 113 111  0 6.8000000000191303  0.0036047851711670472 6.8000008705375929  0.010813710990028346 6.7997932945535489  0.021616750750321191 6.7988571466133623  0.032401032482360884 6.7972996768430711  0.043158124945250093 6.7951233147534236  0.053879589297802462 6.7923303570105631  0.064556992037193797 6.7889229584750606  0.075181705649872935 6.7849061806194788  0.08574505476014764 6.7802853922415052  0.096238247103292082 6.7750657379060888  0.10665278549058521 6.7692529942052051  0.11698108465495081 6.7628547705582953  0.12721534357459729 6.7558784024469425  0.13734775957790957 6.7483313254612609  0.14737040520410499 6.7402208486950954  0.15727631080179935 6.7315558855879463  0.16705851127115123 6.7223454952228483  0.17670994583229663 6.7125987012827126  0.18622347216527205 6.702324524927783  0.19559195217507785 6.6915320330607475  0.20480924821409185 6.6802310826910993  0.21386907922204482 6.6684314927034318  0.22276509108584192 6.6561430897215166  0.23149086526552881 6.6433757075373432  0.24003984712255508 6.6301391435308492  0.24840567689968604 6.6164433463753092  0.25658254213541265 6.6022986289751158  0.26456444339249124 6.587715245412741  0.2723453288858102 6.572703466953139  0.27991906219722651 6.5572735549532792  0.28727944169589131 6.5414357932195877  0.29442017821472471 6.5252003856686578  0.3013349886113057 6.5085778438728861  0.30801786888311705 6.4915801742667592  0.31446271130788811 6.4742192140837531  0.32066335678584867 6.4565068447098586  0.32661358544316188 6.4384549401219964  0.33230711755253273 6.4200753597808484  0.33773763419154029 6.4013800286211309  0.34289870813825835 6.3823806241977019  0.34778408549694506 6.3630897988567545  0.35238827189941607 6.3435236789893992  0.35670563410891964 6.3236979240069342  0.36073053936227845 6.3036283237355644  0.36445730288009265 6.2833306133216977  0.36788026302516863 6.2628206162159836  0.3709935397250127 6.2421138573319457  0.37379199923265494 6.2212270680962494  0.37627237117949075 6.2001799072982067  0.37843108257241892 6.1789915693143422  0.3802646130637044 6.1576813620067226  0.38176947854418547 6.1362686037079994  0.38294194191673808 6.1147724573829505  0.38378064009650159 6.0932136482887671  0.38428464236459425 6.0716131848997152  0.3844528982151354 6.0499920016045055  0.38428441162168281 6.0283710539715605  0.38378018267973379 6.0067710239421919  0.38294125343926005 5.9852125648893431  0.38176843832374491 5.963716429544756  0.38026353199339835 5.9423029521660951  0.37843007795183181 5.9209917150703371  0.3762712853204393 5.8998024517966892  0.3737904845819679 5.8787547966407452  0.37099080808671164 5.8578686296503255  0.36787720718741812 5.8371612816985268  0.36445487179520319 5.8166497299386943  0.36072892477127849 5.7963509790010743  0.35670439566368167 5.7762822694574902  0.35238665961443633 5.7564597605310013  0.34778182810468944 5.7368973662316707  0.34289584032185738 5.7176093971399418  0.33773464675556253 5.6986100089558507  0.33230409533586575 5.6799135803307195  0.3266104782714333 5.661532727410588  0.32066013156949313 5.6434797262247391  0.31445931607141681 5.6257669180179475  0.30801423395970251 5.6084067118860386  0.30133106647885821 5.5914111646893065  0.29441609116603656 5.5747908688409566  0.28727550265908319 5.5585565987571277  0.2799154304139515 5.5427190843722265  0.27234194496434039 5.5272890515445958  0.26456099565253333 5.5122772869186063  0.25657865455080475 5.4976943084715382  0.24840130700776947 5.4835501193157743  0.24003520035151471 5.4698548132917857  0.23148652792925953 5.4566184583866741  0.22276138810554474 5.4438511352729693  0.21386583746798943 5.4315628997347973  0.20480569012502242 5.4197638944245172  0.19558755058633792 5.4084637613772326  0.18621840139376139 5.397671892472081  0.17670505433112682 5.3873977365249699  0.16705426636987233 5.3776507384844363  0.15727274260321814 5.3684403018317148  0.14736696981487898 5.3597759997846346  0.13734390388775919 5.3516666842042442  0.12721146901434779 5.3441198999670787  0.11697735849721677 5.3371434264028048  0.10664925743884195 5.3307449765681154  0.096234765057363725 5.3249322941585042  0.085741431658963738 5.3197130665469761  0.07517804891202863 5.315092523830165  0.064553358183632614 5.3110759509491157  0.0538760667699624 5.3076685933396206  0.043154829860038969 5.304875799614031  0.032398145302652198 5.3026998064366939  0.02161450312871465 5.3011427033244951  0.01081238915677534 5.3002067225180403  0.0036043022077019886 5.2999991550070416  0 5.2999999999999199 
 0 4 0.0090909090909090905 1 0.018181818181818181 1 0.027272727272727271 1 0.036363636363636362 1 0.045454545454545456 1 0.054545454545454543 1 0.06363636363636363 1 0.072727272727272724 1 0.081818181818181818 1 0.090909090909090912 1 0.099999999999999992 1 0.10909090909090909 1 0.11818181818181818 1 0.12727272727272726 1 0.13636363636363635 1 0.14545454545454545 1 0.15454545454545454 1 0.16363636363636364 1 0.17272727272727273 1 0.18181818181818182 1 0.19090909090909089 1 0.19999999999999998 1 0.20909090909090908 1 0.21818181818181817 1 0.22727272727272727 1 0.23636363636363636 1 0.24545454545454545 1 0.25454545454545452 1 0.26363636363636361 1 0.27272727272727271 1 0.2818181818181818 1 0.29090909090909089 1 0.29999999999999999 1 0.30909090909090908 1 0.31818181818181818 1 0.32727272727272727 1 0.33636363636363636 1 0.34545454545454546 1 0.35454545454545455 1 0.36363636363636365 1 0.37272727272727268 1 0.38181818181818178 1 0.39090909090909087 1 0.39999999999999997 1 0.40909090909090906 1 0.41818181818181815 1 0.42727272727272725 1 0.43636363636363634 1 0.44545454545454544 1 0.45454545454545453 1 0.46363636363636362 1 0.47272727272727272 1 0.48181818181818181 1 0.49090909090909091 1 0.5 1 0.50909090909090904 1 0.51818181818181819 1 0.52727272727272723 1 0.53636363636363638 1 0.54545454545454541 1 0.55454545454545456 1 0.5636363636363636 1 0.57272727272727275 1 0.58181818181818179 1 0.59090909090909083 1 0.59999999999999998 1 0.60909090909090902 1 0.61818181818181817 1 0.6272727272727272 1 0.63636363636363635 1 0.64545454545454539 1 0.65454545454545454 1 0.66363636363636358 1 0.67272727272727273 1 0.68181818181818177 1 0.69090909090909092 1 0.69999999999999996 1 0.70909090909090911 1 0.71818181818181814 1 0.72727272727272729 1 0.73636363636363633 1 0.74545454545454537 1 0.75454545454545452 1 0.76363636363636356 1 0.77272727272727271 1 0.78181818181818175 1 0.79090909090909089 1 0.79999999999999993 1 0.80909090909090908 1 0.81818181818181812 1 0.82727272727272727 1 0.83636363636363631 1 0.84545454545454546 1 0.8545454545454545 1 0.86363636363636365 1 0.87272727272727268 1 0.88181818181818172 1 0.89090909090909087 1 0.89999999999999991 1 0.90909090909090906 1 0.9181818181818181 1 0.92727272727272725 1 0.93636363636363629 1 0.94545454545454544 1 0.95454545454545447 1 0.96363636363636362 1 0.97272727272727266 1 0.98181818181818181 1 0.99090909090909085 1 1 4
7 0 0  3 113 111  6.2831853071795862 6  6.273572563944338 6.00000093818824  6.254348769495202 5.9999233311838243  6.225520050890502 5.9995716732792559  6.1967001419080709 5.9989882668131376  6.1678910906820814 5.9981755743010758  6.1390949348600241 5.9971359248217784  6.1103135928302414 5.9958715055569654  6.0815498199898705 5.9943874192240862  6.0528066211032385 5.9926890828322827  6.0240872531230885 5.9907816664894318  5.9953942328055838 5.9886710618708996  5.9667281040536277 5.9863652624504322  5.9380899703996786 5.9838719459319076  5.9094809430582274 5.9811989108161665  5.880902321114398 5.97835378818605  5.8523533673890622 5.9753463813629066  5.8238334266787053 5.9721866906112311  5.7953420589833229 5.9688846704844014  5.7668789657859456 5.9654502634965239  5.7384437236831296 5.9618935065387042  5.7100336649605463 5.9582260335262962  5.6816464608351591 5.954459401794522  5.6532799064744399 5.9506051828871565  5.6249318665875165 5.9466749680939364  5.5966003739257069 5.9426802555121663  5.5682829083548242 5.9386329289112529  5.5399757806116057 5.9345457998167355  5.5116756266208995 5.9304315308975122  5.4833790915633251 5.9263028248198699  5.4550828530272657 5.922172373117184  5.4267835708079524 5.9180528718570944  5.3984777904336205 5.9139570101031129  5.3701621120198091 5.9098975012279045  5.3418340355038847 5.9058871758230351  5.3134910076821811 5.9019388510237265  5.2851304789881297 5.8980653481809115  5.2567498275803821 5.8942794852390445  5.2283462930756279 5.8905940895527733  5.1999170066116704 5.8870219542424431  5.1714586294039879 5.8835759999554327  5.1429685172575752 5.8802686453292772  5.1144475127530846 5.8771105194592783  5.0858960249912037 5.8741124930546738  5.0573145264175814 5.8712853655314401  5.0287032958644051 5.8686399798646232  5.0000624778524703 5.8661870760862582  4.971391634011999 5.8639377624413758  4.9426911141719891 5.8619016525478127  4.9139641331938613 5.8600847345094884  4.8852135330473541 5.8584935669512861  4.8564422064955828 5.857134586071556  4.8276529173092975 5.8560141472537932  4.7988479859619844 5.8551390515674822  4.7700311470495755 5.8545117537307627  4.7412065622216133 5.854133921195797  4.7123783171271842 5.8540074307043746  4.6835503786301835 5.854134086715443  4.6547263479304615 5.8545120993594875  4.6259099371708583 5.8551395722051742  4.5971049331074276 5.8560150269110594  4.5683146539790123 5.8571352090980335  4.5395419839220494 5.8584936903118994  4.5107901475252827 5.8600846341907236  4.4820623678558 5.8619019662235958  4.4533620636360993 5.8639399724032808  4.424690199610076 5.866189474420139  4.3960477047203153 5.8686408042925304  4.3674357219249735 5.8712843739691785  4.3388557532915062 5.874110754666753  4.3103082067608796 5.8771097188522656  4.2817913946097121 5.8802693715737959  4.2533042634480029 5.8835781100932847  4.2248457551862728 5.8870242260245558  4.1964150923692252 5.8905961413600902  4.1680099491138183 5.8942812841782866  4.1396278868846323 5.8980668881968841  4.1112666606504185 5.9019402350481664  4.0829241732456829 5.9058886026394095  4.0545980156345074 5.9098992341911369  4.0262845097849826 5.9139592149677087  3.9979802656205106 5.9180556512403175  3.9696819024231225 5.9221756395853076  3.9413860813221593 5.9263062943515452  3.9130893810849727 5.9304346684927003  3.8847885124372503 5.9345480708581002  3.8564806217543026 5.9386342987857024  3.8281628177447935 5.9426810629008084  3.7998322091286525 5.946676100916263  3.7714858032047562 5.9506071289074329  3.7431205783678614 5.9544619224119861  3.7147330020411182 5.9582280407559294  3.6863212900111755 5.9618942933756438  3.657884641850158 5.9654501155424748  3.6294219903578959 5.9688847969526924  3.600932202642575 5.9721876494061084  3.5724140336032928 5.975348041863394  3.5438657203851278 5.9783550925383064  3.5152864070523986 5.9811989899588482  3.4866774073753639 5.9838718624179119  3.4580396311514061 5.9863654905476427  3.4293739792846942 5.9886717521262813  3.4006811222971027 5.9907824840084531  3.3719614888506619 5.9926895896435335  3.3432182534694697 5.9943878090434328  3.3144545789095776 5.9958718201460677  3.2856735445632079 5.9971363422013697  3.2568780226104508 5.9981759912851462  3.2280700962223747 5.998988479214062  3.1992519140765392 5.9995716641403423  3.1704256673118056 5.9999232622527812  3.1512041087630429 6.0000009017130989  3.1415926535998828 6 
 0 4 0.0090909090909090905 1 0.018181818181818181 1 0.027272727272727271 1 0.036363636363636362 1 0.045454545454545456 1 0.054545454545454543 1 0.06363636363636363 1 0.072727272727272724 1 0.081818181818181818 1 0.090909090909090912 1 0.099999999999999992 1 0.10909090909090909 1 0.11818181818181818 1 0.12727272727272726 1 0.13636363636363635 1 0.14545454545454545 1 0.15454545454545454 1 0.16363636363636364 1 0.17272727272727273 1 0.18181818181818182 1 0.19090909090909089 1 0.19999999999999998 1 0.20909090909090908 1 0.21818181818181817 1 0.22727272727272727 1 0.23636363636363636 1 0.24545454545454545 1 0.25454545454545452 1 0.26363636363636361 1 0.27272727272727271 1 0.2818181818181818 1 0.29090909090909089 1 0.29999999999999999 1 0.30909090909090908 1 0.31818181818181818 1 0.32727272727272727 1 0.33636363636363636 1 0.34545454545454546 1 0.35454545454545455 1 0.36363636363636365 1 0.37272727272727268 1 0.38181818181818178 1 0.39090909090909087 1 0.39999999999999997 1 0.40909090909090906 1 0.41818181818181815 1 0.42727272727272725 1 0.43636363636363634 1 0.44545454545454544 1 0.45454545454545453 1 0.46363636363636362 1 0.47272727272727272 1 0.48181818181818181 1 0.49090909090909091 1 0.5 1 0.50909090909090904 1 0.51818181818181819 1 0.52727272727272723 1 0.53636363636363638 1 0.54545454545454541 1 0.55454545454545456 1 0.5636363636363636 1 0.57272727272727275 1 0.58181818181818179 1 0.59090909090909083 1 0.59999999999999998 1 0.60909090909090902 1 0.61818181818181817 1 0.6272727272727272 1 0.63636363636363635 1 0.64545454545454539 1 0.65454545454545454 1 0.66363636363636358 1 0.67272727272727273 1 0.68181818181818177 1 0.69090909090909092 1 0.69999999999999996 1 0.70909090909090911 1 0.71818181818181814 1 0.72727272727272729 1 0.73636363636363633 1 0.74545454545454537 1 0.75454545454545452 1 0.76363636363636356 1 0.77272727272727271 1 0.78181818181818175 1 0.79090909090909089 1 0.79999999999999993 1 0.80909090909090908 1 0.81818181818181812 1 0.82727272727272727 1 0.83636363636363631 1 0.84545454545454546 1 0.8545454545454545 1 0.86363636363636365 1 0.87272727272727268 1 0.88181818181818172 1 0.89090909090909087 1 0.89999999999999991 1 0.90909090909090906 1 0.9181818181818181 1 0.92727272727272725 1 0.93636363636363629 1 0.94545454545454544 1 0.95454545454545447 1 0.96363636363636362 1 0.97272727272727266 1 0.98181818181818181 1 0.99090909090909085 1 1 4
7 0 0  3 201 199  3.1415926535994516 6.7999999999999998  3.1375886235214523 6.7999999199525805  3.1295802472444092 6.7997427628398226  3.1175793465097352 6.7985883238324529  3.10560269968241 6.7966675197278805  3.0936629733503627 6.793982511927898  3.0817726552539884 6.790536133998831  3.0699432182023343 6.7863355015616698  3.0581862992390301 6.7813873726396601  3.0465136334865988 6.7756984139857348  3.0349367274621049 6.7692760513901709  3.0234661305303536 6.7621307702994979  3.0121126057117 6.7542727022523321  3.000887071089831 6.745711934594123  2.9898001071393825 6.7364591205479396  2.9788610583064004 6.7265268388610595  2.9680795946398719 6.7159273896050431  2.9574654112619032 6.7046731715482952  2.9470284399398463 6.6927764673475849  2.9367772959772052 6.6802506414333331  2.9267205334576629 6.6671092098194888  2.9168668948528351 6.6533656433434754  2.9072251892303549 6.6390334449576933  2.8978044777588146 6.6241260343311152  2.8886130787702364 6.6086573178663324  2.8796590616789617 6.5926414194229208  2.8709507130650449 6.5760924128951164  2.8624964151359431 6.5590243747941157  2.8543046579339557 6.541451421128607  2.8463840721158711 6.52338750730034  2.8387432393013747 6.5048472343147257  2.8313904019450913 6.4858471093608046  2.8243339647064603 6.4664033592698056  2.8175824068316397 6.4465322886550824  2.8111443029226169 6.4262501713592863  2.8050283014370896 6.4055733265257393  2.7992431650616574 6.3845179228658173  2.793797604795726 6.3631006929928793  2.7886992000756323 6.3413435628670225  2.7839556685417866 6.3192680654460274  2.7795747473974552 6.2968958459038262  2.7755642447018767 6.2742484935520988  2.7719319445946158 6.2513477089353477  2.768685922843098 6.2282148035290597  2.765831280126104 6.2048757785696136  2.7633727531161534 6.1813572181756733  2.7613152004347143 6.1576855469438101  2.7596634346952866 6.1338872541580631  2.7584224151615628 6.1099887298746562  2.757593686966092 6.0860186333245547  2.7571785420027259 6.0620057148670865  2.7571786703030026 6.037978742943932  2.7575940590432153 6.0139662794600977  2.7584230235703466 5.9899966276553576  2.7596644276600228 5.9660982258003701  2.7613162589908486 5.9422991624461021  2.7633737153983602 5.9186263330247595  2.7658323445024764 5.8951067488155813  2.7686877241661931 5.871767541485001  2.7719350199007553 5.8486352272205417  2.7755669581150952 5.8257328994207889  2.7795765504964973 5.8030839873841176  2.7839568067378844 5.780711924370828  2.7887006572974582 5.7586397873758353  2.7937997798113057 5.7368868661802743  2.799246001221869 5.7154727173829398  2.8050311874083826 5.694416845356761  2.8111472491051104 5.6737386964427889  2.8175854530414055 5.6534551433566982  2.8243371663329748 5.633583140928641  2.8313938286544706 5.6141395829586527  2.8387469840454869 5.595141525252795  2.8463880389939975 5.5766038712363155  2.85430847120108 5.5585412987289216  2.8624998729982805 5.5409685534885451  2.870953917086025 5.5239003323579521  2.8796624833712032 5.5073514599023605  2.8886170591742064 5.4913360841576573  2.8978089368112698 5.4758679552491145  2.9072295854072978 5.4609609144146347  2.9168705878351302 5.4466287865629139  2.9267236020236775 5.4328853708068889  2.9367806263409308 5.4197445857716957  2.9470327173482249 5.4072197158551294  2.9574702968589173 5.3953236155463618  2.9680840559000052 5.3840692358992417  2.9788647619554385 5.3734695096429865  2.9898032926316849 5.363537346240693  3.0008907603843347 5.354285766544554  3.0121165066541513 5.3457255569768174  3.0234698227924466 5.3378673682915361  3.0349401111218639 5.3307218628115614  3.04651690286562 5.3242997914610415  3.0581897107887248 5.3186115348066805  3.0699466659174552 5.3136637046185866  3.0817760433166455 5.3094632204742469  3.0936661223116801 5.306016778766808  3.1056053663483461 5.3033316608194268  3.1175815975682815 5.301411042961929  3.1295824225228204 5.3002569139980205  3.1415955160591933 5.299871472115008  3.1536085739249149 5.3002571975185901  3.1656093576143873 5.3014120009064776  3.1775855853004558 5.3033331908315429  3.1895249575863334 5.3060181869912242  3.2014151450211985 5.3094645507481921  3.2132445446228175 5.3136654759093682  3.2250015125680203 5.3186139132218182  3.2366743126210507 5.3243029281160901  3.2482512499463745 5.3307253684464957  3.2597217845870392 5.3378708572808033  3.2710752245034667 5.3457291485425644  3.2823007359956851 5.3542900536530889  3.2933876766608576 5.3635430111077573  3.3043266826942364 5.3734754622126637  3.3151081006779437 5.3840750745478303  3.3257222463366167 5.3953294286437181  3.3361591827950012 5.4072262269551015  3.3464102675453113 5.4197521465550667  3.3564669682023291 5.4328936821483005  3.3663205507073637 5.4466373822215868  3.3759622181890561 5.4609697574313509  3.3853829164744673 5.4758774159733257  3.394574241699813 5.4913464712544622  3.4035281661129875 5.5073627050009391  3.4122364199843251 5.5239119739039628  3.4206906456332029 5.5409801190080694  3.428882369821308 5.5585529689793942  3.4368030000979326 5.5766164176443693  3.4444439046894457 5.5951561058832677  3.4517968021497305 5.6141557965644759  3.4588532742872777 5.6335994122630844  3.4656048175712453 5.653470847730155  3.4720428479631114 5.6737539493061817  3.4781586565909186 5.6944327847979528  3.4839436141553133 5.7154905482144178  3.4893897106016496 5.7369067261280708  3.4944887851482602 5.7586612739524679  3.4992326738064667 5.7807339696806483  3.5036130322886003 5.8031048321466443  3.5076219362650165 5.8257530500969432  3.5112530675000375 5.8486549544945134  3.5144998540875054 5.8717872711721748  3.5173557686072745 5.8951265929156618  3.5198141897684891 5.9186496498291428  3.5218710608129049 5.9423277399526642  3.5235224011742354 5.9661320514828073  3.5247641034341286 5.9900337766353777  3.5255924453223479 6.0140042029892458  3.526006880671285 6.0380154565656348  3.5260065550741007 6.0620395941755305  3.5255909659036089 6.0860486895452226  3.5247615658846985 6.1100148304595594  3.5235204318359075 6.1339101656757373  3.5218691080094358 6.1577066668604097  3.5198110152583451 6.181377095821313  3.5173517342267688 6.2048951547372955  3.5144963731310508 6.2282343281616086  3.5112501983254463 6.2513682547043379  3.507618216913658 6.2742701743738571  3.5036079356990162 6.2969178732678213  3.4992271409611342 6.3192897198065836  3.4944834936157392 6.3413639351426321  3.4893846257136065 6.3631187572980767  3.4839381434361765 6.3845325041696546  3.4781526510003222 6.40558742521974  3.4720366563619662 6.426265666668904  3.465598616237024 6.4465494666878964  3.4588468585936378 6.4664207988885698  3.4517900169095062 6.4858635334577341  3.4444367450165214 6.5048620747776171  3.4367955841288977 6.5234007389037458  3.4288749540987951 6.5414636907389223  3.4206833166598796 6.5590359672524228  3.4122291846848465 6.5761035170602167  3.4035209235887183 6.5926520916943945  3.3945668230392396 6.6086675130679691  3.3853749395485688 6.6241355186541009  3.3759536971838058 6.6390421664486503  3.3663120353148797 6.6533739124366171  3.3564586639328136 6.6671171356833954  3.346402193098196 6.6802582263671066  3.3361511540290429 6.6927836071345519  3.3257137322487584 6.7046795596451076  3.3150993712090178 6.7159333137516244  3.3043179245379704 6.7265324439933272  3.2933790067499498 6.736464423625109  3.2822921916992072 6.7457168103952512  3.2710667629682764 6.7542769253628707  3.2597133811992389 6.7621343921741479  3.2482428699225405 6.76927917963609  3.2366659629544383 6.7757012822778568  3.2249930892588488 6.7813902560991224  3.2132356449424866 6.7863379137917335  3.2014059300944262 6.790537993660017  3.18951598772103 6.7939839524775962  3.1775778605273444 6.7966688082164977  3.165603405385558 6.7985892380039266  3.1536044501023701 6.7997432443549117  3.1455966837709965 6.800000080047421  3.1415926535994516 6.7999999999999998 
 0 4 0.0050505050505050509 1 0.010101010101010102 1 0.015151515151515152 1 0.020202020202020204 1 0.025252525252525256 1 0.030303030303030304 1 0.035353535353535359 1 0.040404040404040407 1 0.045454545454545456 1 0.050505050505050511 1 0.055555555555555559 1 0.060606060606060608 1 0.065656565656565663 1 0.070707070707070718 1 0.07575757575757576 1 0.080808080808080815 1 0.08585858585858587 1 0.090909090909090912 1 0.095959595959595967 1 0.10101010101010102 1 0.10606060606060606 1 0.11111111111111112 1 0.11616161616161617 1 0.12121212121212122 1 0.12626262626262627 1 0.13131313131313133 1 0.13636363636363638 1 0.14141414141414144 1 0.14646464646464646 1 0.15151515151515152 1 0.15656565656565657 1 0.16161616161616163 1 0.16666666666666669 1 0.17171717171717174 1 0.1767676767676768 1 0.18181818181818182 1 0.18686868686868688 1 0.19191919191919193 1 0.19696969696969699 1 0.20202020202020204 1 0.2070707070707071 1 0.21212121212121213 1 0.21717171717171718 1 0.22222222222222224 1 0.22727272727272729 1 0.23232323232323235 1 0.2373737373737374 1 0.24242424242424243 1 0.24747474747474749 1 0.25252525252525254 1 0.25757575757575762 1 0.26262626262626265 1 0.26767676767676768 1 0.27272727272727276 1 0.27777777777777779 1 0.28282828282828287 1 0.2878787878787879 1 0.29292929292929293 1 0.29797979797979801 1 0.30303030303030304 1 0.30808080808080812 1 0.31313131313131315 1 0.31818181818181823 1 0.32323232323232326 1 0.32828282828282829 1 0.33333333333333337 1 0.3383838383838384 1 0.34343434343434348 1 0.34848484848484851 1 0.35353535353535359 1 0.35858585858585862 1 0.36363636363636365 1 0.36868686868686873 1 0.37373737373737376 1 0.37878787878787884 1 0.38383838383838387 1 0.3888888888888889 1 0.39393939393939398 1 0.39898989898989901 1 0.40404040404040409 1 0.40909090909090912 1 0.4141414141414142 1 0.41919191919191923 1 0.42424242424242425 1 0.42929292929292934 1 0.43434343434343436 1 0.43939393939393945 1 0.44444444444444448 1 0.44949494949494956 1 0.45454545454545459 1 0.45959595959595961 1 0.4646464646464647 1 0.46969696969696972 1 0.47474747474747481 1 0.47979797979797983 1 0.48484848484848486 1 0.48989898989898994 1 0.49494949494949497 1 0.5 1 0.50505050505050508 1 0.51010101010101017 1 0.51515151515151525 1 0.52020202020202022 1 0.5252525252525253 1 0.53030303030303039 1 0.53535353535353536 1 0.54040404040404044 1 0.54545454545454553 1 0.5505050505050505 1 0.55555555555555558 1 0.56060606060606066 1 0.56565656565656575 1 0.57070707070707072 1 0.5757575757575758 1 0.58080808080808088 1 0.58585858585858586 1 0.59090909090909094 1 0.59595959595959602 1 0.60101010101010111 1 0.60606060606060608 1 0.61111111111111116 1 0.61616161616161624 1 0.62121212121212122 1 0.6262626262626263 1 0.63131313131313138 1 0.63636363636363646 1 0.64141414141414144 1 0.64646464646464652 1 0.6515151515151516 1 0.65656565656565657 1 0.66161616161616166 1 0.66666666666666674 1 0.67171717171717182 1 0.6767676767676768 1 0.68181818181818188 1 0.68686868686868696 1 0.69191919191919193 1 0.69696969696969702 1 0.7020202020202021 1 0.70707070707070718 1 0.71212121212121215 1 0.71717171717171724 1 0.72222222222222232 1 0.72727272727272729 1 0.73232323232323238 1 0.73737373737373746 1 0.74242424242424254 1 0.74747474747474751 1 0.7525252525252526 1 0.75757575757575768 1 0.76262626262626265 1 0.76767676767676774 1 0.77272727272727282 1 0.77777777777777779 1 0.78282828282828287 1 0.78787878787878796 1 0.79292929292929304 1 0.79797979797979801 1 0.80303030303030309 1 0.80808080808080818 1 0.81313131313131315 1 0.81818181818181823 1 0.82323232323232332 1 0.8282828282828284 1 0.83333333333333337 1 0.83838383838383845 1 0.84343434343434354 1 0.84848484848484851 1 0.85353535353535359 1 0.85858585858585867 1 0.86363636363636376 1 0.86868686868686873 1 0.87373737373737381 1 0.8787878787878789 1 0.88383838383838387 1 0.88888888888888895 1 0.89393939393939403 1 0.89898989898989912 1 0.90404040404040409 1 0.90909090909090917 1 0.91414141414141425 1 0.91919191919191923 1 0.92424242424242431 1 0.92929292929292939 1 0.93434343434343448 1 0.93939393939393945 1 0.94444444444444453 1 0.94949494949494961 1 0.95454545454545459 1 0.95959595959595967 1 0.96464646464646475 1 0.96969696969696972 1 0.97474747474747481 1 0.97979797979797989 1 0.98484848484848497 1 0.98989898989898994 1 0.99494949494949503 1 1 4
7 0 0  3 201 199  6.2831853072053443 1.9999999999992002  6.2725079012798428 2.0000000388746879  6.2511522082796214 2.0000967932482596  6.219121510258975 2.0005296513550372  6.1870990798804062 2.001247881622648  6.1550905489836429 2.0022493083902546  6.1231009458475247 2.003531076675797  6.0911330901645107 2.0050860082594752  6.0591903393228872 2.0069072800171761  6.0272762592538252 2.0089881836883801  5.9953938185197089 2.0113211556835462  5.9635441390544583 2.0138952042811202  5.9317289184735573 2.0166997245970784  5.8999501824367497 2.0197241981856058  5.8682090943731051 2.0229573258643234  5.8365042258945881 2.0263851752150925  5.8048349356132256 2.0299941989082235  5.773200611002685 2.0337706983627903  5.7416010154723107 2.0377011949143733  5.7100329152528264 2.0417700485222903  5.6784929830365032 2.045961314035865  5.6469782493322134 2.0502591401622707  5.6154857786314265 2.0546475992986117  5.5840129556697562 2.0591109752244336  5.5525554516590185 2.0636323073271248  5.5211083732429955 2.0681940764277957  5.489667147149599 2.0727788989296543  5.4582271971706824 2.0773693557575226  5.426783962130445 2.0819480341676746  5.3953326830455035 2.0864975315689707  5.3638687990171823 2.0910003950603664  5.332388917792608 2.0954390212313303  5.3008895308539392 2.0997958283918474  5.2693671176504671 2.1040532304018447  5.2378179938327811 2.1081936372009533  5.2062382850893947 2.1121994788600542  5.1746236597842561 2.1160531088453154  5.1429699161604407 2.1197371707609256  5.1112780003702341 2.1232369838000764  5.0795485277120465 2.1265376632573036  5.0477821082844399 2.1296243876207108  5.0159790542828349 2.1324822865027731  4.9841394272099651 2.135096621824923  4.9522623509800878 2.1374521751483853  4.9203512170208583 2.1395395367875221  4.8884101710903138 2.1413500215831958  4.8564431431489741 2.1428747380127851  4.8244539326292051 2.1441049072267746  4.7924457954905986 2.1450315060467338  4.7604241112651211 2.1456517609188794  4.7283945417438531 2.1459633560368561  4.6963626969326349 2.1459632672560107  4.6643337147825443 2.1456514816241397  4.6323125896631847 2.1450310555235865  4.6003045251176715 2.1441040525233368  4.5683142468549471 2.1428741226701566  4.5363457117770656 2.1413499761410857  4.5044033018999787 2.1395397142458195  4.4724916404832147 2.1374513961799266  4.4406146441266552 2.1350938830100055  4.4087731303133184 2.1324806952606981  4.3769686612529712 2.1296248784619149  4.3452030336497929 2.1265395357024923  4.3134777278604739 2.1232380181830202  4.2817905684788249 2.1197364922161666  4.2501400255291024 2.1160509239827765  4.2185247387085907 2.1121973223207857  4.1869433889863181 2.1081917256380134  4.1553924598051939 2.1040516246556789  4.1238687975913999 2.0997944686393035  4.0923693611159129 2.0954377221485712  4.0608913220482563 2.0909988300222211  4.0294299280952774 2.0864954667963911  3.9979804141643633 2.0819453282690841  3.9665381592774609 2.0773661124384266  3.9350985813113621 2.0727754875338782  3.9036569420601941 2.068191238659455  3.8722089487801146 2.0636305094560794  3.8407507069756268 2.0591100663478272  3.8092782645776779 2.0546467588307782  3.7777875790289541 2.0502574340516815  3.7462745653197751 2.0459588654826164  3.7147344377544451 2.041768123643664  3.6831644853114871 2.0377007163189438  3.6515636079194924 2.0337710920261922  3.6199302745260855 2.0299939391649779  3.5882628485578594 2.0263838932253053  3.5565594397347446 2.0229555614535966  3.5248175142436184 2.0197237169801743  3.4930383868588071 2.01669976628984  3.4612236679734254 2.0138949085634312  3.429374756622293 2.0113203704830545  3.3974927157291561 2.0089874748364269  3.3655784183008333 2.0069071275449861  3.3336356235746329 2.0050859859195533  3.3016679438665251 2.0035310500842045  3.2696789640325852 2.0022490846461944  3.237671711690203 2.0012474534668092  3.2056504174832678 2.0005293286228603  3.1736199409096 2.0000966694330606  3.1415850206361875 1.9999516504547208  3.1095501936957337 2.0000967286457159  3.0775197952062729 2.0005298362556783  3.0454984488022525 2.0012483000747117  3.0134908442997013 2.0022495578942889  2.9815015819773816 2.0035311929680995  2.9495337756233893 2.0050863228908877  2.9175908286514418 2.0069078152658393  2.885676371512746 2.0089886605893019  2.8537938232692128 2.0113216057245973  2.8219442421268042 2.0138957696934678  2.7901291588561907 2.0167004124531918  2.7583504137109629 2.0197248827009413  2.7266093109689504 2.0229580167176038  2.694904463296186 2.026385918409717  2.6632351985645908 2.0299950063708767  2.6316008880177884 2.0337715600447712  2.6000013215092528 2.0377021007876945  2.5684333105197323 2.0417710248338001  2.5368934585216985 2.0459623489147725  2.5053787557387426 2.0502602023545928  2.473886219712778 2.0546486330870004  2.4424131899651691 2.0591119020144011  2.4109555268776606 2.0636331878958765  2.379508314848306 2.0681949431443161  2.3480670130675394 2.0727797868419251  2.3166270850384612 2.0773702938971277  2.2851840099211342 2.0819490492441339  2.2537331418145818 2.0864986418878084  2.222269798343695 2.0910016340097579  2.1907903574259677 2.0954403805033284  2.1592911402331172 2.0997972561932694  2.1277683977702964 2.1040546241853839  2.0962182749185452 2.1081948745298758  2.0646364495588987 2.1122003012182873  2.0330191367684067 2.1160535710515336  2.0013662241418251 2.1197389367219364  1.9696770802684984 2.1232404400141136  1.9379510474702073 2.1265422385383674  1.9061869441405772 2.1296282375099667  1.8743838838232296 2.1324832864424952  1.8425434299264314 2.1350955080998584  1.8106667090030788 2.1374525746161286  1.7787547319242476 2.139542303355551  1.7468079219458161 2.1413523813915027  1.7148326506827587 2.1428755562546624  1.6828355156072927 2.1441047313067729  1.6508229888274624 2.1450326059834155  1.6188009638765051 2.1456525506375681  1.5867736646776054 2.1459633716793389  1.5547455926359905 2.1459633204013024  1.5227210970456273 2.1456513935560806  1.4907045812153141 2.1450302744137217  1.4587006157874276 2.1441037649544188  1.4267138854586641 2.1428747119525751  1.3947483457727854 2.141349358037417  1.3628076491258696 2.1395378760706518  1.3308959435403924 2.1374496114105419  1.2990173822777766 2.1350942341523815  1.2671764300720652 2.1324809429467839  1.2353730866489405 2.1296238393220652  1.2036072810193374 2.1265376491504933  1.1718794098098568 2.1232369376307001  1.1401900678550927 2.119736299202192  1.1085398031404994 2.1160503720663781  1.0769253610013108 2.1121961826639026  1.0453439483021398 2.1081906993349344  1.0137929112883963 2.1040509277858166  0.98226995361628333 2.0997937823586708  0.95077117538097156 2.0954368226342313  0.91929243174213404 2.0909977967947522  0.88782981215515999 2.0864943982902138  0.85637956041543895 2.0819443610355419  0.82493731606446996 2.0773652852003401  0.79349821224491901 2.0727746341222639  0.76205755846818146 2.0681899100446133  0.73061066352563309 2.0636285676381982  0.69915254132122318 2.0591082129581575  0.66767896671254601 2.0546457817511059  0.63618690839273739 2.0502573665230095  0.60467309502187572 2.0459592227845542  0.57313416588970245 2.0417675828649937  0.54156666774391393 2.0376986088145745  0.50996637397043987 2.0337687669810278  0.47833185340565176 2.0299924783087722  0.44666278514780977 2.0263834240851843  0.4149584152867698 2.022955490796122  0.38321790753540164 2.0197224319515104  0.35143968802042558 2.0166983277665231  0.31962504133070535 2.0138941223549485  0.28777574345097179 2.0113202818350624  0.2558933929988827 2.008987267436809  0.22397881069712788 2.0069060249693047  0.19203479476775787 2.0050849749454098  0.16006629708089903 2.0035303754679612  0.12807773794807353 2.0022488174280251  0.096073477417633057 2.0012473188829776  0.064056931172136622 2.0005292273957873  0.03203146030269366 2.0000965587669275  0.010677406878415674 1.9999999611237156  2.5758950528143032e-11 1.9999999999992002 
 0 4 0.0050505050505050509 1 0.010101010101010102 1 0.015151515151515152 1 0.020202020202020204 1 0.025252525252525256 1 0.030303030303030304 1 0.035353535353535359 1 0.040404040404040407 1 0.045454545454545456 1 0.050505050505050511 1 0.055555555555555559 1 0.060606060606060608 1 0.065656565656565663 1 0.070707070707070718 1 0.07575757575757576 1 0.080808080808080815 1 0.08585858585858587 1 0.090909090909090912 1 0.095959595959595967 1 0.10101010101010102 1 0.10606060606060606 1 0.11111111111111112 1 0.11616161616161617 1 0.12121212121212122 1 0.12626262626262627 1 0.13131313131313133 1 0.13636363636363638 1 0.14141414141414144 1 0.14646464646464646 1 0.15151515151515152 1 0.15656565656565657 1 0.16161616161616163 1 0.16666666666666669 1 0.17171717171717174 1 0.1767676767676768 1 0.18181818181818182 1 0.18686868686868688 1 0.19191919191919193 1 0.19696969696969699 1 0.20202020202020204 1 0.2070707070707071 1 0.21212121212121213 1 0.21717171717171718 1 0.22222222222222224 1 0.22727272727272729 1 0.23232323232323235 1 0.2373737373737374 1 0.24242424242424243 1 0.24747474747474749 1 0.25252525252525254 1 0.25757575757575762 1 0.26262626262626265 1 0.26767676767676768 1 0.27272727272727276 1 0.27777777777777779 1 0.28282828282828287 1 0.2878787878787879 1 0.29292929292929293 1 0.29797979797979801 1 0.30303030303030304 1 0.30808080808080812 1 0.31313131313131315 1 0.31818181818181823 1 0.32323232323232326 1 0.32828282828282829 1 0.33333333333333337 1 0.3383838383838384 1 0.34343434343434348 1 0.34848484848484851 1 0.35353535353535359 1 0.35858585858585862 1 0.36363636363636365 1 0.36868686868686873 1 0.37373737373737376 1 0.37878787878787884 1 0.38383838383838387 1 0.3888888888888889 1 0.39393939393939398 1 0.39898989898989901 1 0.40404040404040409 1 0.40909090909090912 1 0.4141414141414142 1 0.41919191919191923 1 0.42424242424242425 1 0.42929292929292934 1 0.43434343434343436 1 0.43939393939393945 1 0.44444444444444448 1 0.44949494949494956 1 0.45454545454545459 1 0.45959595959595961 1 0.4646464646464647 1 0.46969696969696972 1 0.47474747474747481 1 0.47979797979797983 1 0.48484848484848486 1 0.48989898989898994 1 0.49494949494949497 1 0.5 1 0.50505050505050508 1 0.51010101010101017 1 0.51515151515151525 1 0.52020202020202022 1 0.5252525252525253 1 0.53030303030303039 1 0.53535353535353536 1 0.54040404040404044 1 0.54545454545454553 1 0.5505050505050505 1 0.55555555555555558 1 0.56060606060606066 1 0.56565656565656575 1 0.57070707070707072 1 0.5757575757575758 1 0.58080808080808088 1 0.58585858585858586 1 0.59090909090909094 1 0.59595959595959602 1 0.60101010101010111 1 0.60606060606060608 1 0.61111111111111116 1 0.61616161616161624 1 0.62121212121212122 1 0.6262626262626263 1 0.63131313131313138 1 0.63636363636363646 1 0.64141414141414144 1 0.64646464646464652 1 0.6515151515151516 1 0.65656565656565657 1 0.66161616161616166 1 0.66666666666666674 1 0.67171717171717182 1 0.6767676767676768 1 0.68181818181818188 1 0.68686868686868696 1 0.69191919191919193 1 0.69696969696969702 1 0.7020202020202021 1 0.70707070707070718 1 0.71212121212121215 1 0.71717171717171724 1 0.72222222222222232 1 0.72727272727272729 1 0.73232323232323238 1 0.73737373737373746 1 0.74242424242424254 1 0.74747474747474751 1 0.7525252525252526 1 0.75757575757575768 1 0.76262626262626265 1 0.76767676767676774 1 0.77272727272727282 1 0.77777777777777779 1 0.78282828282828287 1 0.78787878787878796 1 0.79292929292929304 1 0.79797979797979801 1 0.80303030303030309 1 0.80808080808080818 1 0.81313131313131315 1 0.81818181818181823 1 0.82323232323232332 1 0.8282828282828284 1 0.83333333333333337 1 0.83838383838383845 1 0.84343434343434354 1 0.84848484848484851 1 0.85353535353535359 1 0.85858585858585867 1 0.86363636363636376 1 0.86868686868686873 1 0.87373737373737381 1 0.8787878787878789 1 0.88383838383838387 1 0.88888888888888895 1 0.89393939393939403 1 0.89898989898989912 1 0.90404040404040409 1 0.90909090909090917 1 0.91414141414141425 1 0.91919191919191923 1 0.92424242424242431 1 0.92929292929292939 1 0.93434343434343448 1 0.93939393939393945 1 0.94444444444444453 1 0.94949494949494961 1 0.95454545454545459 1 0.95959595959595967 1 0.96464646464646475 1 0.96969696969696972 1 0.97474747474747481 1 0.97979797979797989 1 0.98484848484848497 1 0.98989898989898994 1 0.99494949494949503 1 1 4
1 6.2831853072053452 0 0 1 
1 2.5758950528143032e-11 0 0 1 
7 0 0  3 223 221  4.7123889816505704 3.0000000000000004  4.7106003490016937 2.9999999163151805  4.7070226934705035 2.9997948574890843  4.7016598311552409 2.998873334483104  4.6963053686179066 2.997338673649474  4.69096412975391 2.9951914712490746  4.6856405306053626 2.992434168970501  4.6803389221417078 2.9890695014779971  4.6750636540011214 2.985100299294198  4.6698189126388909 2.9805306964580365  4.6646089076364934 2.9753646915785747  4.659437845401265 2.9696063610211283  4.6543098362903512 2.9632615123831925  4.6492289985094208 2.9563359332131114  4.6441994664147979 2.9488353579260709  4.6392253431103621 2.9407657573143466  4.6343104374745945 2.9321350650830431  4.6294585940781028 2.9229510545941322  4.6246736602159029 2.9132215424055814  4.6199594938727442 2.9029543326345011  4.6153199593362446 2.8921572359654832  4.6107585723954143 2.8808399256930781  4.6062788631771987 2.8690120627954467  4.6018843645647047 2.8566833409367232  4.5975786470046867 2.8438633353535692  4.5933651764993835 2.8305621050880512  4.5892471665506642 2.8167908300337463  4.585227884963361 2.8025605032608651  4.5813105938764993 2.7878821832279272  4.5774985825372836 2.7727668536635468  4.5737948137611353 2.7572268916579818  4.5702022404396265 2.741274754211779  4.5667238343406495 2.7249228604912124  4.5633625558328346 2.7081837014127776  4.5601214438916386 2.6910695187263567  4.5570031695021562 2.6735938848866843  4.5540101757714266 2.6557712037887873  4.5511449675608349 2.6376156848327303  4.5484100400645362 2.619141593998886  4.5458079046998376 2.6003631654413333  4.5433410556887406 2.5812947040390348  4.5410120764864415 2.5619502635977143  4.5388228802576522 2.5423459334594338  4.5367752228002924 2.5224982865435366  4.5348709043822781 2.5024237715635702  4.533111717318941 2.4821388706822209  4.5314994605226753 2.4616600564714135  4.5300359333808888 2.4410038064169752  4.5287229449652848 2.4201865879399  4.5275614485138149 2.3992261067652141  4.5265523902316991 2.3781400789674163  4.5256967223724462 2.3569462157473065  4.5249953852348019 2.3356622374521372  4.5244493662315248 2.3143058327170474  4.5240590201892266 2.2928951177034134  4.5238246265591959 2.2714482518914059  4.5237465148913758 2.2499833885679785  4.523824879481392 2.2285186613271848  4.5240594591693517 2.2070721483732614  4.5244500223964552 2.1856619266407229  4.5249964063107386 2.1643061094505174  4.5256979325420712 2.1430225660741953  4.5265537082710727 2.1218290628406766  4.5275629018413959 2.1007434008872963  4.5287246381605142 2.0797833368044629  4.5300381590242136 2.0589667705618964  4.5315019759079211 2.0383106830906041  4.5331143264516705 2.0178317075669994  4.5348735192479523 1.9975465628402347  4.5367778479938599 1.9774719464913437  4.5388256118219958 1.9576245555010969  4.5410151201911022 1.93802111051943  4.5433446528806352 1.918678237845759  4.5458117491848258 1.8996104029804035  4.548413981932474 1.8808321525355352  4.5511489211897223 1.8623580081114706  4.5540141487224588 1.8442025102441024  4.5570072377049957 1.8263801487388582  4.560125820565017 1.808905597387457  4.5633673116818931 1.7917927499816886  4.5667287429832326 1.7750541453156601  4.5702072255092121 1.7587025694844056  4.5737998580038548 1.7427507360540062  4.577503759224979 1.7272114014054332  4.5813160321345885 1.7120972225690976  4.5852334487680295 1.6974194899443482  4.5892528116920648 1.6831895805846981  4.5933709167089516 1.6694188036986111  4.5975846140482197 1.6561186532205774  4.6018904923477502 1.6432994847090741  4.6062850411503096 1.6309712009802542  4.6107647854388283 1.6191438110673069  4.6153262574619909 1.6078273151813509  4.6199659876974186 1.5970316423488655  4.6246801881710837 1.5867650102039073  4.6294650930617811 1.5770357091990979  4.6343169380534803 1.5678519908519091  4.6392319858825575 1.5592221896018501  4.6442064485401815 1.551154339710729  4.6492361685026848 1.5436546352754543  4.654317030636629 1.5367294707851376  4.6594449218533169 1.5303851213829152  4.6646157242546886 1.5246281392036274  4.6698254408959752 1.5194631771752434  4.6750700936414322 1.5148942897956894  4.6803457711024405 1.510925750477484  4.6856482903963927 1.5075614988147885  4.6909727189533994 1.5048045640492624  4.6963142280368801 1.5026583676486835  4.7016680298557469 1.5011244812613749  4.7070291874564667 1.5002040789586968  4.7123935166409998 1.499897727050987  4.7177576726036499 1.5002050138942364  4.7231182502841902 1.5011264138284002  4.7284714093390621 1.5026615568215309  4.7338122058278058 1.504808340877348  4.7391358911156782 1.5075648930898971  4.7444376059086535 1.5109294806686846  4.7497130135053123 1.514898547059534  4.7549578879650678 1.5194680577379034  4.7601679483360817 1.5246342968594149  4.7653390247125937 1.5303924759032197  4.7704670239309879 1.5367369729478562  4.7755478280634263 1.5436623399691314  4.7805773136551464 1.5511631220462412  4.7855515469413987 1.5592321214058511  4.7904665869113847 1.567862105155899  4.7953184928435233 1.5770457984583894  4.8001032779676658 1.5867761293243723  4.8048172662075972 1.5970443361610802  4.8094568459822069 1.6078412548141912  4.8140183723113559 1.6191578395638651  4.8184982090671227 1.6309849571120589  4.8228926595984953 1.6433137060390501  4.8271982836823533 1.6561339992842035  4.8314118056964936 1.6694349643920199  4.8355298977277652 1.6832059151998076  4.8395492375993294 1.6974360954864891  4.8434664726169574 1.7121148429717268  4.8472785552083115 1.7272300982369506  4.8509824481682466 1.7427697077156539  4.8545751111662536 1.758721507514279  4.8580534506051567 1.7750734684173788  4.8614145928162946 1.7918128582430961  4.8646558380519807 1.8089263897275181  4.8677744485405912 1.8264008497663344  4.8707676492258507 1.8442231861273564  4.8736328993766147 1.8623791838939308  4.8763677583533296 1.8808541044672338  4.8789697696295722 1.8996333065028126  4.8814364138422413 1.9187022338950221  4.883765489378745 1.9380457324131155  4.885955030901755 1.9576482051845661  4.8880030273135162 1.9774941082213808  4.8899074284421609 1.9975680563469698  4.8916664029163517 2.0178538224843172  4.8932783727906566 2.0383341989799924  4.8947417281964976 2.0589921547582368  4.8960547809792603 2.0798106993804111  4.897216324512879 2.1007723453844402  4.8982254538153898 2.1218592863755825  4.8990811872453461 2.1430537919812731  4.8997825817888083 2.1643381057084627  4.9003286110819149 2.1856944995238559  4.9007189149324342 2.2071050452970113  4.900953276013281 2.2285517725265085  4.9010314402267845 2.250016721582933  4.9009531624616525 2.2714819301577358  4.9007183360221873 2.2929294357711534  4.9003274914330444 2.3143411320681126  4.8997811524547732 2.3356989116706015  4.8990798542540146 2.3569846739432192  4.8982240912551109 2.3781802923030564  4.8972145142608792 2.3992677414204295  4.8960524143830799 2.4202293949800842  4.8947390142685423 2.4410476126518743  4.8932755089288902 2.4617046309614805  4.8916632886728433 2.482183263474611  4.8899040896245412 2.50246732583207  4.8879995929349187 2.5225404683570058  4.8859514505630361 2.5423863259000443  4.8837614835395451 2.561988781437567  4.8814319494048508 2.5813323650454545  4.8789650363882027 2.6004015265134957  4.8763629274523996 2.6191806570654665  4.8736278709269722 2.6376544772483044  4.8707624085631993 2.6558090532392562  4.8677690477117137 2.6736303101521499  4.8646502615993956 2.6911041096583981  4.8614086730251795 2.7082167604628156  4.8580471940621512 2.7249554310976287  4.8545686727825847 2.7413071231434607  4.8509759763327347 2.7572589348054333  4.8472719099838795 2.772797744742292  4.8434595093241555 2.7879114390225332  4.8395420187645417 2.8025888217707893  4.8355226267976761 2.816818500186546  4.8314045231531315 2.830589127830847  4.8271908900513187 2.8438893697436707  4.8228848768055439 2.8567077986876996  4.8184900735846927 2.8690348937546544  4.8140100907558221 2.880861253986108  4.8094485228691175 2.8921774520332417  4.8048089527950593 2.9029740468273229  4.8000949667910762 2.9132416785697175  4.7953100854814092 2.922970676101257  4.7904581048659489 2.9321530207415845  4.785543002019442 2.940781776384521  4.7805687010082885 2.9488497445603077  4.7755391373962928 2.9563498430636561  4.7704582027989169 2.9632747869949991  4.7653299074278754 2.9696180521839239  4.7601585564641224 2.9753748862782947  4.7549483995608153 2.980540231472069  4.7497037009578431 2.9851091771030456  4.7444286847582005 2.989076529387571  4.7391278039312841 2.9924392714175423  4.7338055526767215 2.9951949172103536  4.7284664475891418 2.9973407531069296  4.723114850045758 2.9988744823751898  4.7177544902164605 2.9997953595399953  4.714177614296851 3.0000000836848204  4.7123889816505704 3.0000000000000004 
 0 4 0.0045454545454545452 1 0.0090909090909090905 1 0.013636363636363636 1 0.018181818181818181 1 0.022727272727272728 1 0.027272727272727271 1 0.031818181818181815 1 0.036363636363636362 1 0.040909090909090909 1 0.045454545454545456 1 0.049999999999999996 1 0.054545454545454543 1 0.05909090909090909 1 0.06363636363636363 1 0.068181818181818177 1 0.072727272727272724 1 0.077272727272727271 1 0.081818181818181818 1 0.086363636363636365 1 0.090909090909090912 1 0.095454545454545445 1 0.099999999999999992 1 0.10454545454545454 1 0.10909090909090909 1 0.11363636363636363 1 0.11818181818181818 1 0.12272727272727273 1 0.12727272727272726 1 0.13181818181818181 1 0.13636363636363635 1 0.1409090909090909 1 0.14545454545454545 1 0.14999999999999999 1 0.15454545454545454 1 0.15909090909090909 1 0.16363636363636364 1 0.16818181818181818 1 0.17272727272727273 1 0.17727272727272728 1 0.18181818181818182 1 0.18636363636363634 1 0.19090909090909089 1 0.19545454545454544 1 0.19999999999999998 1 0.20454545454545453 1 0.20909090909090908 1 0.21363636363636362 1 0.21818181818181817 1 0.22272727272727272 1 0.22727272727272727 1 0.23181818181818181 1 0.23636363636363636 1 0.24090909090909091 1 0.24545454545454545 1 0.25 1 0.25454545454545452 1 0.25909090909090909 1 0.26363636363636361 1 0.26818181818181819 1 0.27272727272727271 1 0.27727272727272728 1 0.2818181818181818 1 0.28636363636363638 1 0.29090909090909089 1 0.29545454545454541 1 0.29999999999999999 1 0.30454545454545451 1 0.30909090909090908 1 0.3136363636363636 1 0.31818181818181818 1 0.3227272727272727 1 0.32727272727272727 1 0.33181818181818179 1 0.33636363636363636 1 0.34090909090909088 1 0.34545454545454546 1 0.34999999999999998 1 0.35454545454545455 1 0.35909090909090907 1 0.36363636363636365 1 0.36818181818181817 1 0.37272727272727268 1 0.37727272727272726 1 0.38181818181818178 1 0.38636363636363635 1 0.39090909090909087 1 0.39545454545454545 1 0.39999999999999997 1 0.40454545454545454 1 0.40909090909090906 1 0.41363636363636364 1 0.41818181818181815 1 0.42272727272727273 1 0.42727272727272725 1 0.43181818181818182 1 0.43636363636363634 1 0.44090909090909086 1 0.44545454545454544 1 0.44999999999999996 1 0.45454545454545453 1 0.45909090909090905 1 0.46363636363636362 1 0.46818181818181814 1 0.47272727272727272 1 0.47727272727272724 1 0.48181818181818181 1 0.48636363636363633 1 0.49090909090909091 1 0.49545454545454543 1 0.5 1 0.50454545454545452 1 0.50909090909090904 1 0.51363636363636356 1 0.51818181818181819 1 0.52272727272727271 1 0.52727272727272723 1 0.53181818181818175 1 0.53636363636363638 1 0.54090909090909089 1 0.54545454545454541 1 0.54999999999999993 1 0.55454545454545456 1 0.55909090909090908 1 0.5636363636363636 1 0.56818181818181812 1 0.57272727272727275 1 0.57727272727272727 1 0.58181818181818179 1 0.58636363636363631 1 0.59090909090909083 1 0.59545454545454546 1 0.59999999999999998 1 0.6045454545454545 1 0.60909090909090902 1 0.61363636363636365 1 0.61818181818181817 1 0.62272727272727268 1 0.6272727272727272 1 0.63181818181818183 1 0.63636363636363635 1 0.64090909090909087 1 0.64545454545454539 1 0.65000000000000002 1 0.65454545454545454 1 0.65909090909090906 1 0.66363636363636358 1 0.6681818181818181 1 0.67272727272727273 1 0.67727272727272725 1 0.68181818181818177 1 0.68636363636363629 1 0.69090909090909092 1 0.69545454545454544 1 0.69999999999999996 1 0.70454545454545447 1 0.70909090909090911 1 0.71363636363636362 1 0.71818181818181814 1 0.72272727272727266 1 0.72727272727272729 1 0.73181818181818181 1 0.73636363636363633 1 0.74090909090909085 1 0.74545454545454537 1 0.75 1 0.75454545454545452 1 0.75909090909090904 1 0.76363636363636356 1 0.76818181818181819 1 0.77272727272727271 1 0.77727272727272723 1 0.78181818181818175 1 0.78636363636363638 1 0.79090909090909089 1 0.79545454545454541 1 0.79999999999999993 1 0.80454545454545445 1 0.80909090909090908 1 0.8136363636363636 1 0.81818181818181812 1 0.82272727272727264 1 0.82727272727272727 1 0.83181818181818179 1 0.83636363636363631 1 0.84090909090909083 1 0.84545454545454546 1 0.84999999999999998 1 0.8545454545454545 1 0.85909090909090902 1 0.86363636363636365 1 0.86818181818181817 1 0.87272727272727268 1 0.8772727272727272 1 0.88181818181818172 1 0.88636363636363635 1 0.89090909090909087 1 0.89545454545454539 1 0.89999999999999991 1 0.90454545454545454 1 0.90909090909090906 1 0.91363636363636358 1 0.9181818181818181 1 0.92272727272727273 1 0.92727272727272725 1 0.93181818181818177 1 0.93636363636363629 1 0.94090909090909092 1 0.94545454545454544 1 0.94999999999999996 1 0.95454545454545447 1 0.95909090909090899 1 0.96363636363636362 1 0.96818181818181814 1 0.97272727272727266 1 0.97727272727272718 1 0.98181818181818181 1 0.98636363636363633 1 0.99090909090909085 1 0.99545454545454537 1 1 4
7 0 0  3 223 221  6.2831853139309537 0  6.2736459411240091 1.8444463882142752e-08  6.2545651009252126 3.8551451230271353e-05  6.2259405242879922 0.00021125920596968349  6.1973155565800724 0.00049826132297207005  6.168693270585635 0.00089906212681340305  6.1400747134948848 0.0014120813651731872  6.1114606874478881 0.0020355730521528681  6.0828519783359738 0.0027677113677795125  6.0542487880984641 0.0036057428221213015  6.0256514500065137 0.0045470088808063367  5.9970602294417041 0.0055887992624454102  5.9684754215189919 0.0067273049370139282  5.9398974212636553 0.0079587298407312844  5.9113266570054783 0.0092793101708397042  5.8827633859230204 0.010685137796063136  5.8542072714619469 0.012171105618660354  5.8256581945868398 0.013732204478444207  5.7971160791373979 0.01536339884597984  5.7685808517483537 0.017059660731282459  5.7400523279385958 0.018815958355756071  5.711529797096631 0.020626305704843261  5.6830127075332566 0.022484721394142614  5.6545005536625617 0.024385213490858787  5.6259928508330024 0.026321827625653462  5.5974889130177488 0.028288456180171936  5.5689878671517832 0.030278636984343722  5.5404889622642415 0.03228596597392995  5.5119914376007841 0.034304022253773041  5.4834944482211103 0.036326394146563877  5.4549971313595584 0.038346556857095156  5.4264987373733611 0.040357981154170573  5.3979985312438252 0.042354134234682553  5.3694957496724065 0.044328501993199716  5.3409894578650103 0.046274499105494547  5.3124788410349204 0.048185923282747095  5.2839633864336228 0.050056811845618339  5.2554426318981413 0.051881145587496937  5.2269161416121754 0.053652923490614991  5.1983834096122301 0.055366128309095278  5.1698438424705841 0.057014789520651692  5.1412964989373293 0.058592765936753687  5.1127413106149202 0.060095303092773403  5.0841786455181914 0.061517976031074929  5.0556089042409766 0.062856275116711671  5.0270325266107836 0.06410571368167596  4.9984498866370011 0.065261797867523091  4.9698612327806941 0.066320039610596293  4.9412665600661505 0.067275934858542608  4.912666361182346 0.068127034406552073  4.8840613009529985 0.068870907538118475  4.855452082410638 0.069505110713738549  4.8268393912597798 0.070027233199442845  4.7982237601253406 0.070434745862147555  4.7696058986916796 0.070726740328841672  4.740986644542895 0.070902500744169039  4.7123668354541834 0.07096118499427527  4.6837471859358288 0.07090229063839279  4.6551283587404431 0.070726480627221991  4.6265110848632887 0.07043434549003473  4.5978960453247169 0.070026297462525089  4.5692837809689237 0.069504079808069039  4.5406749389708203 0.068869990403369524  4.5120702324765958 0.068126172532766302  4.4834703377119602 0.067274878369171759  4.4548758574779708 0.066318079123573737  4.4262869568979539 0.06525950819112214  4.3977039106430205 0.064103564835591903  4.3691271790538302 0.062854483750013138  4.3405572919842754 0.061516542483532791  4.3119947718055567 0.06009401173160487  4.2834400789240163 0.0585911467483166  4.2548934280884652 0.057012271608338626  4.2263539766907243 0.055363297944112232  4.197821165739672 0.053650078123249054  4.1692945524505838 0.051878481538037362  4.1407737678857544 0.05005436874689214  4.1122584240167477 0.048183618619033218  4.0837480964324548 0.046272045614364578  4.0552420354997523 0.044325736612682548  4.0267393033768748 0.042351251394086437  3.9982391488878974 0.040355064049231684  3.9697408490265502 0.038343671563038507  3.9412436708002261 0.036323565032800424  3.9127467682523225 0.034301236203947864  3.8842492755275551 0.032283157631350333  3.8557504154646196 0.030275806404515975  3.8272494203461456 0.02828564645339475  3.7987454100179612 0.026319189811511278  3.7702376563243067 0.02438264423522082  3.7417256127251086 0.022482096573004099  3.7132087237379707 0.0206236609530424  3.6846863856708882 0.018813453475134998  3.6561578643071933 0.0170575549518329  3.6276228251952656 0.0153612364863669  3.5990810023924116 0.013729804268366584  3.5705321303166322 0.012168543323183166  3.5419758253663218 0.01068278824688579  3.5134116926686225 0.0092776920209062218  3.4848403426476029 0.0079572933234433388  3.4562623834004533 0.0067257519820946863  3.4276783833900382 0.005587156337410519  3.3990889636708062 0.0045457595287453027  3.3704934403811944 0.0036046839671533583  3.3418909204569438 0.002766688188683595  3.3132802278420534 0.0020346874556028669  3.2846614787309356 0.0014112926668686334  3.2560385944276717 0.00089829866982389032  3.227414998990163 0.00049775094380124748  3.1987936210784937 0.00021076173967299094  3.170178208505952 3.8267604137154845e-05  3.141568462774341 -1.9172597728336122e-05  3.1129596255835281 3.8422933746625233e-05  3.0843472540870494 0.00021111786996506671  3.0557291737985999 0.00049849739810803719  3.0271092538530908 0.00089916914248268625  2.9984903531146863 0.0014118662172826384  2.9698757916323189 0.0020354155666541143  2.94126638135495 0.0027674883350587171  2.9126625280975738 0.0036054509382457268  2.8840648379925486 0.0045468804638331001  2.8554735875136945 0.0055886302010877183  2.8268889573811844 0.0067269895367619813  2.7983112243123589 0.0079583662149334405  2.7697406063507266 0.0092791606315182334  2.7411770579562056 0.010684701715577954  2.7126206573349183 0.012170295591865098  2.6840714969443198 0.013731226267558589  2.655529681836672 0.015362888991575981  2.6269946870619201 0.017059750627660089  2.5984660177295726 0.018816057517394975  2.5699433030164371 0.020626118594679253  2.5414261655816013 0.022484203935090978  2.5129142236723894 0.024384676455172866  2.4844066999835679 0.026321429884282981  2.4559027460717431 0.028288047949142192  2.4274016352758405 0.030278186376355931  2.3989026378818892 0.032285479293442193  2.3704049448500246 0.034303575224393069  2.3419077354303326 0.03632595888229289  2.3134102982831219 0.038346101295557308  2.2849119360220538 0.040357483101004864  2.2564119107564728 0.042353560095371799  2.2279093320876768 0.044327907118883556  2.1994033146879914 0.046274189994475266  2.1708930254229628 0.04818606960427025  2.1423774568183873 0.050057151981675152  2.1138561334589099 0.051881404845673607  2.0853289252479641 0.053652951334184663  2.0567956295072971 0.055365906531752301  2.028255978359784 0.057014277571610886  1.9997095618260374 0.058592670079952246  1.971156008865389 0.060096131534668591  1.9425949980132913 0.061519640768298925  1.9140259841381084 0.062858081056116538  1.8854489764289397 0.064106887202048199  1.8568648174017586 0.065262125708478461  1.8282741911192275 0.066319787703344651  1.799677704272284 0.067275687041417134  1.7710759204783102 0.068126776892194804  1.7424695797149212 0.068870723768459319  1.7138594526111088 0.069505014614939811  1.6852462774761463 0.070027233366000613  1.6566306584475763 0.070434755565531471  1.6280130368999863 0.070726648475431836  1.5993939664472379 0.070902341898647581  1.5707740294800185 0.07096117255141772  1.5421537577141287 0.070902500232330926  1.5135335653022732 0.07072609342847469  1.484914186342678 0.070433321353264355  1.4562965009900752 0.070025537034770546  1.4276814234421673 0.069504122227584397  1.3990698339876726 0.068870359965562344  1.3704624601958102 0.068125915634994552  1.3418600810516299 0.06727402022264875  1.3132635717440255 0.06631774212666218  1.2846739324362 0.065260080963093908  1.2560916216444014 0.064104536344285562  1.2275163710828156 0.062855494200329917  1.1989481533181294 0.061517202677675881  1.1703869016143962 0.060093862346537595  1.1418324931152917 0.058590031578624129  1.113284937538543 0.057011192105150224  1.0847443362028333 0.055362689504989973  1.0562108654054452 0.053649870418741807  1.027684423794887 0.051878219932692531  0.99916412582550329 0.050053821279458739  0.97064927874586182 0.048182692935127135  0.94213916677385789 0.046270832096613243  0.91363299527163555 0.044324405703978796  0.88513002466475399 0.042349906793900896  0.85662961148850147 0.040353770049768652  0.82813111154685082 0.038342447343646252  0.79963383423913559 0.036322380146195321  0.7711368881966445 0.034300041117787998  0.74263940802066841 0.032281930349804144  0.71414062070391093 0.030274541448089352  0.6856397426317038 0.028284371829006619  0.65713593574016027 0.0263179101523934  0.62862817485979949 0.02438167629367808  0.60011585101291676 0.022481573188926494  0.57159854236345531 0.020623465417058322  0.54307587536603741 0.01881322480952884  0.51454746267274309 0.017056732328672098  0.48601285921050508 0.015359825160733713  0.45747136926631349 0.013728506465471996  0.42892257963079672 0.012167899145430648  0.40036649336231722 0.010682548955723143  0.37180309588493987 0.0092771430214953193  0.3432323929604113 0.0079563005525789023  0.31465420121664511 0.006724771050031741  0.28606852791859705 0.0055868075021049575  0.25747629803824346 0.0045455053359028733  0.2288783592111665 0.0036041587392916683  0.20027559311734056 0.0027659689308585918  0.1716686487049115 0.0020343102455336781  0.14305882778231549 0.0014112321125081592  0.11444765989369809 0.000898458446985179  0.085836865685801733 0.00049786052996253917  0.057227234109572755 0.00021102158831856361  0.028616049363318297 3.8440649029196826e-05  0.0095393784879638233 -1.8444463118286525e-08  6.751366576907003e-09 0 
 0 4 0.0045454545454545452 1 0.0090909090909090905 1 0.013636363636363636 1 0.018181818181818181 1 0.022727272727272728 1 0.027272727272727271 1 0.031818181818181815 1 0.036363636363636362 1 0.040909090909090909 1 0.045454545454545456 1 0.049999999999999996 1 0.054545454545454543 1 0.05909090909090909 1 0.06363636363636363 1 0.068181818181818177 1 0.072727272727272724 1 0.077272727272727271 1 0.081818181818181818 1 0.086363636363636365 1 0.090909090909090912 1 0.095454545454545445 1 0.099999999999999992 1 0.10454545454545454 1 0.10909090909090909 1 0.11363636363636363 1 0.11818181818181818 1 0.12272727272727273 1 0.12727272727272726 1 0.13181818181818181 1 0.13636363636363635 1 0.1409090909090909 1 0.14545454545454545 1 0.14999999999999999 1 0.15454545454545454 1 0.15909090909090909 1 0.16363636363636364 1 0.16818181818181818 1 0.17272727272727273 1 0.17727272727272728 1 0.18181818181818182 1 0.18636363636363634 1 0.19090909090909089 1 0.19545454545454544 1 0.19999999999999998 1 0.20454545454545453 1 0.20909090909090908 1 0.21363636363636362 1 0.21818181818181817 1 0.22272727272727272 1 0.22727272727272727 1 0.23181818181818181 1 0.23636363636363636 1 0.24090909090909091 1 0.24545454545454545 1 0.25 1 0.25454545454545452 1 0.25909090909090909 1 0.26363636363636361 1 0.26818181818181819 1 0.27272727272727271 1 0.27727272727272728 1 0.2818181818181818 1 0.28636363636363638 1 0.29090909090909089 1 0.29545454545454541 1 0.29999999999999999 1 0.30454545454545451 1 0.30909090909090908 1 0.3136363636363636 1 0.31818181818181818 1 0.3227272727272727 1 0.32727272727272727 1 0.33181818181818179 1 0.33636363636363636 1 0.34090909090909088 1 0.34545454545454546 1 0.34999999999999998 1 0.35454545454545455 1 0.35909090909090907 1 0.36363636363636365 1 0.36818181818181817 1 0.37272727272727268 1 0.37727272727272726 1 0.38181818181818178 1 0.38636363636363635 1 0.39090909090909087 1 0.39545454545454545 1 0.39999999999999997 1 0.40454545454545454 1 0.40909090909090906 1 0.41363636363636364 1 0.41818181818181815 1 0.42272727272727273 1 0.42727272727272725 1 0.43181818181818182 1 0.43636363636363634 1 0.44090909090909086 1 0.44545454545454544 1 0.44999999999999996 1 0.45454545454545453 1 0.45909090909090905 1 0.46363636363636362 1 0.46818181818181814 1 0.47272727272727272 1 0.47727272727272724 1 0.48181818181818181 1 0.48636363636363633 1 0.49090909090909091 1 0.49545454545454543 1 0.5 1 0.50454545454545452 1 0.50909090909090904 1 0.51363636363636356 1 0.51818181818181819 1 0.52272727272727271 1 0.52727272727272723 1 0.53181818181818175 1 0.53636363636363638 1 0.54090909090909089 1 0.54545454545454541 1 0.54999999999999993 1 0.55454545454545456 1 0.55909090909090908 1 0.5636363636363636 1 0.56818181818181812 1 0.57272727272727275 1 0.57727272727272727 1 0.58181818181818179 1 0.58636363636363631 1 0.59090909090909083 1 0.59545454545454546 1 0.59999999999999998 1 0.6045454545454545 1 0.60909090909090902 1 0.61363636363636365 1 0.61818181818181817 1 0.62272727272727268 1 0.6272727272727272 1 0.63181818181818183 1 0.63636363636363635 1 0.64090909090909087 1 0.64545454545454539 1 0.65000000000000002 1 0.65454545454545454 1 0.65909090909090906 1 0.66363636363636358 1 0.6681818181818181 1 0.67272727272727273 1 0.67727272727272725 1 0.68181818181818177 1 0.68636363636363629 1 0.69090909090909092 1 0.69545454545454544 1 0.69999999999999996 1 0.70454545454545447 1 0.70909090909090911 1 0.71363636363636362 1 0.71818181818181814 1 0.72272727272727266 1 0.72727272727272729 1 0.73181818181818181 1 0.73636363636363633 1 0.74090909090909085 1 0.74545454545454537 1 0.75 1 0.75454545454545452 1 0.75909090909090904 1 0.76363636363636356 1 0.76818181818181819 1 0.77272727272727271 1 0.77727272727272723 1 0.78181818181818175 1 0.78636363636363638 1 0.79090909090909089 1 0.79545454545454541 1 0.79999999999999993 1 0.80454545454545445 1 0.80909090909090908 1 0.8136363636363636 1 0.81818181818181812 1 0.82272727272727264 1 0.82727272727272727 1 0.83181818181818179 1 0.83636363636363631 1 0.84090909090909083 1 0.84545454545454546 1 0.84999999999999998 1 0.8545454545454545 1 0.85909090909090902 1 0.86363636363636365 1 0.86818181818181817 1 0.87272727272727268 1 0.8772727272727272 1 0.88181818181818172 1 0.88636363636363635 1 0.89090909090909087 1 0.89545454545454539 1 0.89999999999999991 1 0.90454545454545454 1 0.90909090909090906 1 0.91363636363636358 1 0.9181818181818181 1 0.92272727272727273 1 0.92727272727272725 1 0.93181818181818177 1 0.93636363636363629 1 0.94090909090909092 1 0.94545454545454544 1 0.94999999999999996 1 0.95454545454545447 1 0.95909090909090899 1 0.96363636363636362 1 0.96818181818181814 1 0.97272727272727266 1 0.97727272727272718 1 0.98181818181818181 1 0.98636363636363633 1 0.99090909090909085 1 0.99545454545454537 1 1 4
1 0 0 1 0 
1 6.2831853071795862 0 0 1 
1 0 0 0 1 
1 0 4.5 1 0 
7 0 0  3 223 221  1.5707963267902463 2.9999999999999996  1.5690079690193588 2.9999998860789976  1.5654306171645309 2.9997948538187651  1.5600677526069282 2.9988734817739702  1.5547131237215037 2.997338876453008  1.5493718019627065 2.9951916255110094  1.5440481568882973 2.9924343825482205  1.5387465823727295 2.9890696567832684  1.5334713994389253 2.9851005382554678  1.5282267998332748 2.9805311626540334  1.5230170023481666 2.9753655069461389  1.5178462334557579 2.9696074907847811  1.5127185420178422 2.9632629366595835  1.5076379744727222 2.9563377885457425  1.5026085805809355 2.9488380268343692  1.4976344453533355 2.9407693657048348  1.4927195178469297 2.9321388423951573  1.4878676253581649 2.92295472626579  1.483082634581677 2.9132250181997792  1.4783684112264504 2.9029578004452379  1.4737288406043911 2.8921610982674104  1.4691674655192739 2.8808443458574917  1.4646878215977057 2.8690170523770404  1.4602934837673132 2.8566886003168306  1.4559879211462956 2.8438688750208101  1.4517744476408769 2.8305684835414429  1.4476564096941253 2.8167979414276552  1.4436371913988419 2.8025676203527734  1.439719956335568 2.7878890283048987  1.4359077825197424 2.7727741438008287  1.4322037856152923 2.7572348134041578  1.4286110665785303 2.7412829787497324  1.4251328027390509 2.7249303331405876  1.4217717924107778 2.7081899810087253  1.4185306543533365 2.6910757096728615  1.4154120602428162 2.6736011419997268  1.4124186772084533 2.6557799446543116  1.4095531824700125 2.6376257735605284  1.4068182606299515 2.6191522838083445  1.4042165982528405 2.6003731445662055  1.4017502275749285 2.5813039724988478  1.3994211898550197 2.5619603701065574  1.3972315299051856 2.5423579425539766  1.395183295349006 2.5225122985127864  1.3932785446139957 2.5024390299621455  1.391519315005064 2.4821537921442745  1.3899077414223857 2.4616720039416462  1.388445047786268 2.4410113893374121  1.3871323000869038 2.4201900721031437  1.3859706074892588 2.3992260720414005  1.3849610667037702 2.378137435809943  1.384104788372819 2.3569422066147618  1.3834028473224611 2.33565841461371  1.3828564547680584 2.3143041456089635  1.3824661830718656 2.2928972196886748  1.3822319756533654 2.271455195606201  1.3821539102635989 2.2499956876531608  1.3822320270211039 2.2285362957244508  1.3824662735178901 2.2070946217628338  1.382856570112639 2.1856882739131795  1.3834029300587363 2.1643348334632937  1.3841049908473204 2.1430519920820417  1.3849614730368951 2.1218577117233894  1.3859712442346424 2.1007699108550448  1.3871331348368996 2.0798065211924066  1.3884459846176187 2.0589854649463719  1.3899086412810264 2.0383246890981561  1.3915199197403818 2.0178420510521913  1.3932787659912185 1.9975557417497305  1.3951834005094039 1.9774820904146169  1.397231643106619 1.9576363905671517  1.3994214129744367 1.9380341796301552  1.4017506093955829 1.9186909337427029  1.4042171374138319 1.8996221302763332  1.4068189252971945 1.8808433029564791  1.4095538278525732 1.8623697536192851  1.4124191947243787 1.8442152655520565  1.4154124300340023 1.8263937639343668  1.4185309342553742 1.8089191444571655  1.4217721085765984 1.7918052788736216  1.4251333970309636 1.7750661641766696  1.4286118601257494 1.7587144273992841  1.4322045081752568 1.742762490842086  1.435908375294614 1.72722282974763  1.439720501193793 1.7121079078944936  1.4436379336418237 1.697430181974344  1.4476573520462548 1.6832005179789478  1.4517754464743109 1.6694297885294074  1.4559889190836683 1.6561288783504571  1.4602944705090872 1.6433086171229587  1.4646888562779639 1.6309800425996452  1.4691686508081332 1.6191532850313168  1.4737301523895736 1.6078371314447231  1.4783697227174686 1.597040626580013  1.4830837174921498 1.586772741452126  1.4878685106633782 1.5770424842634481  1.4927204716219162 1.5678587880213124  1.4976356063866012 1.5592288717203078  1.5026099391265191 1.5511599969748389  1.5076395063639314 1.5436594699629811  1.5127203281258295 1.5367343716140185  1.5178482289570585 1.5303901771162318  1.5230190651341711 1.5246324475005235  1.528228666706835 1.5194669247618948  1.5334730613065188 1.5148978831678779  1.5387483126313248 1.5109290390023047  1.5440505913564546 1.507564356304365  1.5493751833548692 1.5048069211800299  1.5547171380782228 1.5026597808491733  1.5600715619216807 1.5011253690679991  1.5654333352635716 1.5002044205665241  1.5707977815841241 1.499897702518072  1.576162264987768 1.5002047694974936  1.5815238820163178 1.5011260281918237  1.5868777689065043 1.502660561773473  1.5922190534311917 1.5048077090389176  1.5975430437739599 1.5075650280375688  1.6028451099149548 1.5109295769362132  1.6081205455422838 1.5148986954613244  1.6133651781603431 1.5194682555282557  1.6185749371501055 1.5246338646079922  1.6237457220691747 1.5303911112244288  1.6288734191463039 1.5367359137364252  1.6339539922460833 1.5436624088761983  1.6389834567860686 1.5511634201404303  1.6439578055240138 1.5592320622051574  1.6488730217445375 1.5678613932546765  1.6537250973416391 1.5770444062608837  1.6585099532966106 1.5867744115370188  1.6632238896187781 1.5970427932311531  1.6678633734424997 1.6078400399484416  1.6724248172112937 1.6191568568684684  1.6769046341548897 1.6309838925279228  1.68129922590764 1.6433118054606448  1.6856049811488523 1.6561312708547602  1.6898182976693716 1.6694328871365987  1.6939360667942693 1.6832050099056508  1.6979551532594275 1.6974360624450389  1.7018724150765701 1.7121144510420312  1.7056847003639115 1.7272285822836824  1.7093888434499287 1.7427668785537505  1.7129816866665895 1.7587176987493971  1.7164599998671968 1.7750696399174686  1.7198208135616206 1.7918102964902982  1.7230616491899824 1.8089254031781092  1.7261799323889577 1.8264010239597215  1.7291731050018451 1.8442231351199623  1.7320385961997282 1.8623777344510346  1.7347738274179909 1.8808508214096342  1.7373762229216401 1.8996283672871055  1.739843164075352 1.9186964543717009  1.7421721676714204 1.9380407356900651  1.7443614814026536 1.9576446359910826  1.7464092690809307 1.9774918240178254  1.748313714252171 1.9975659008541076  1.7500729852977082 2.0178504942265878  1.7516852715558722 2.0383291929498144  1.7531486742182836 2.0589857148439283  1.7544616524565937 2.0798032327651343  1.7556232781477203 2.1007639937465488  1.7566325061636858 2.1218504179488495  1.7574883360409777 2.1430448644839584  1.7581896996210602 2.1643297635312666  1.7587357733343627 2.1856872976376858  1.7591262411278235 2.2070991444970769  1.7593606931615322 2.2285470640621967  1.7594387717604887 2.250012806919957  1.7593604974381902 2.2714783081256398  1.7591259416582901 2.2929254901651088  1.7587351894280319 2.3143362807017671  1.7581888514937889 2.3356927317510192  1.7574875327038357 2.3569768948148169  1.7566318338677043 2.3781708180047119  1.7556223756610918 2.3992565635329042  1.754460419647051 2.4202166548891726  1.7531472025371961 2.4410335912177086  1.7516839829710305 2.4616899168005943  1.7500719480559546 2.4821680197139209  1.7483127989914449 2.5024514511348657  1.7464083751034691 2.5225240815057424  1.7443604834396838 2.5423697135624335  1.7421709104022891 2.5619721182301256  1.7398415419141755 2.5813152694655779  1.7373747185152759 2.6003840379797056  1.7347727298417446 2.6191632284860562  1.7320378392046794 2.6376375140881714  1.7291724684273797 2.6557923101802801  1.7261792058230432 2.6736138064019479  1.723060606092951 2.6910880591364954  1.7198191895966264 2.7082010522476341  1.7164578094571989 2.7249398270338738  1.7129793775581708 2.7412916340876037  1.7093867797466518 2.7572436679559611  1.7056828995254796 2.7727831444884838  1.7018706038731632 2.7878972503703543  1.697953148347916 2.8025747977315887  1.6939337870015561 2.8168046295000742  1.6898157596511527 2.8305755675024034  1.6856023077825741 2.8438764871859332  1.6812966204818556 2.8566960706162736  1.6769020543777413 2.8690238262067886  1.6724222507942823 2.8808506201509729  1.6678607877786902 2.8921670672292983  1.663221248766513 2.9029638522197452  1.6585072005503221 2.9132316313232867  1.6537222081836449 2.9229611050861002  1.6488702029797178 2.9321446316449302  1.6439551024160555 2.9407745479691476  1.6389808106289085 2.9488431496396545  1.6339512457187648 2.9563429218553154  1.6288705304439326 2.9632679058096123  1.6237427575844692 2.9696120755017925  1.6185720403949024 2.9753692167065555  1.6133623336482423 2.9805345462923398  1.6081175678141628 2.9851038697023426  1.6028415538320762 2.9890727386500759  1.5975388985089543 2.9924374674375924  1.5922145248358219 2.9951945811242227  1.5868732741438385 2.9973407650048305  1.5815204193505512 2.9988748265426022  1.5761607853325015 2.999795531191972  1.5725846567785728 3.0000001216904741  1.5707963267902463 2.9999999999999996 
 0 4 0.0045454545454545452 1 0.0090909090909090905 1 0.013636363636363636 1 0.018181818181818181 1 0.022727272727272728 1 0.027272727272727271 1 0.031818181818181815 1 0.036363636363636362 1 0.040909090909090909 1 0.045454545454545456 1 0.049999999999999996 1 0.054545454545454543 1 0.05909090909090909 1 0.06363636363636363 1 0.068181818181818177 1 0.072727272727272724 1 0.077272727272727271 1 0.081818181818181818 1 0.086363636363636365 1 0.090909090909090912 1 0.095454545454545445 1 0.099999999999999992 1 0.10454545454545454 1 0.10909090909090909 1 0.11363636363636363 1 0.11818181818181818 1 0.12272727272727273 1 0.12727272727272726 1 0.13181818181818181 1 0.13636363636363635 1 0.1409090909090909 1 0.14545454545454545 1 0.14999999999999999 1 0.15454545454545454 1 0.15909090909090909 1 0.16363636363636364 1 0.16818181818181818 1 0.17272727272727273 1 0.17727272727272728 1 0.18181818181818182 1 0.18636363636363634 1 0.19090909090909089 1 0.19545454545454544 1 0.19999999999999998 1 0.20454545454545453 1 0.20909090909090908 1 0.21363636363636362 1 0.21818181818181817 1 0.22272727272727272 1 0.22727272727272727 1 0.23181818181818181 1 0.23636363636363636 1 0.24090909090909091 1 0.24545454545454545 1 0.25 1 0.25454545454545452 1 0.25909090909090909 1 0.26363636363636361 1 0.26818181818181819 1 0.27272727272727271 1 0.27727272727272728 1 0.2818181818181818 1 0.28636363636363638 1 0.29090909090909089 1 0.29545454545454541 1 0.29999999999999999 1 0.30454545454545451 1 0.30909090909090908 1 0.3136363636363636 1 0.31818181818181818 1 0.3227272727272727 1 0.32727272727272727 1 0.33181818181818179 1 0.33636363636363636 1 0.34090909090909088 1 0.34545454545454546 1 0.34999999999999998 1 0.35454545454545455 1 0.35909090909090907 1 0.36363636363636365 1 0.36818181818181817 1 0.37272727272727268 1 0.37727272727272726 1 0.38181818181818178 1 0.38636363636363635 1 0.39090909090909087 1 0.39545454545454545 1 0.39999999999999997 1 0.40454545454545454 1 0.40909090909090906 1 0.41363636363636364 1 0.41818181818181815 1 0.42272727272727273 1 0.42727272727272725 1 0.43181818181818182 1 0.43636363636363634 1 0.44090909090909086 1 0.44545454545454544 1 0.44999999999999996 1 0.45454545454545453 1 0.45909090909090905 1 0.46363636363636362 1 0.46818181818181814 1 0.47272727272727272 1 0.47727272727272724 1 0.48181818181818181 1 0.48636363636363633 1 0.49090909090909091 1 0.49545454545454543 1 0.5 1 0.50454545454545452 1 0.50909090909090904 1 0.51363636363636356 1 0.51818181818181819 1 0.52272727272727271 1 0.52727272727272723 1 0.53181818181818175 1 0.53636363636363638 1 0.54090909090909089 1 0.54545454545454541 1 0.54999999999999993 1 0.55454545454545456 1 0.55909090909090908 1 0.5636363636363636 1 0.56818181818181812 1 0.57272727272727275 1 0.57727272727272727 1 0.58181818181818179 1 0.58636363636363631 1 0.59090909090909083 1 0.59545454545454546 1 0.59999999999999998 1 0.6045454545454545 1 0.60909090909090902 1 0.61363636363636365 1 0.61818181818181817 1 0.62272727272727268 1 0.6272727272727272 1 0.63181818181818183 1 0.63636363636363635 1 0.64090909090909087 1 0.64545454545454539 1 0.65000000000000002 1 0.65454545454545454 1 0.65909090909090906 1 0.66363636363636358 1 0.6681818181818181 1 0.67272727272727273 1 0.67727272727272725 1 0.68181818181818177 1 0.68636363636363629 1 0.69090909090909092 1 0.69545454545454544 1 0.69999999999999996 1 0.70454545454545447 1 0.70909090909090911 1 0.71363636363636362 1 0.71818181818181814 1 0.72272727272727266 1 0.72727272727272729 1 0.73181818181818181 1 0.73636363636363633 1 0.74090909090909085 1 0.74545454545454537 1 0.75 1 0.75454545454545452 1 0.75909090909090904 1 0.76363636363636356 1 0.76818181818181819 1 0.77272727272727271 1 0.77727272727272723 1 0.78181818181818175 1 0.78636363636363638 1 0.79090909090909089 1 0.79545454545454541 1 0.79999999999999993 1 0.80454545454545445 1 0.80909090909090908 1 0.8136363636363636 1 0.81818181818181812 1 0.82272727272727264 1 0.82727272727272727 1 0.83181818181818179 1 0.83636363636363631 1 0.84090909090909083 1 0.84545454545454546 1 0.84999999999999998 1 0.8545454545454545 1 0.85909090909090902 1 0.86363636363636365 1 0.86818181818181817 1 0.87272727272727268 1 0.8772727272727272 1 0.88181818181818172 1 0.88636363636363635 1 0.89090909090909087 1 0.89545454545454539 1 0.89999999999999991 1 0.90454545454545454 1 0.90909090909090906 1 0.91363636363636358 1 0.9181818181818181 1 0.92272727272727273 1 0.92727272727272725 1 0.93181818181818177 1 0.93636363636363629 1 0.94090909090909092 1 0.94545454545454544 1 0.94999999999999996 1 0.95454545454545447 1 0.95909090909090899 1 0.96363636363636362 1 0.96818181818181814 1 0.97272727272727266 1 0.97727272727272718 1 0.98181818181818181 1 0.98636363636363633 1 0.99090909090909085 1 0.99545454545454537 1 1 4
7 0 0  3 223 221  2.4800606013286597e-11 8  0.0095379083717679336 7.9999999661468264  0.028617128704366834 7.9999614385782518  0.057241711959193253 7.9997887848538332  0.085867556404390477 7.9995017868501854  0.11449028739360578 7.9991009595893594  0.1431090773121575 7.998587982392471  0.17172293371850511 7.9979644322285139  0.20033117961555025 7.9972323019424314  0.2289335721068495 7.9963943343423818  0.25752972723807588 7.99545315680807  0.28611932489171998 7.9944113617943628  0.31470239842309056 7.9932727977476334  0.34327886506949312 7.992041395273211  0.37184859712645402 7.9907211026707277  0.40041148146274175 7.989315715923043  0.42896758917239008 7.987829792126468  0.45751693838958296 7.9862685974301071  0.48605942170117089 7.9846372435594803  0.51459491650652289 7.9829408887444062  0.54312334989032429 7.9811846596211264  0.57164543704185711 7.9793744370461219  0.60016180769426875 7.9775161367805083  0.62867303060153734 7.9756156259212396  0.65717984757360881 7.9736789576747418  0.68568312847167068 7.9717124547070908  0.71418365764527358 7.9697223971358087  0.74268228298084615 7.9677150442546871  0.77117984410089768 7.965696870709734  0.79967705259616206 7.9636744397550485  0.82817459412992367 7.961654295382016  0.85667317873236382 7.9596429772317245  0.8851736542919042 7.9576470616091779  0.91367685855316427 7.9556729008214981  0.94218341793776794 7.953726738204228  0.97069388712030769 7.9518148433093518  0.99920880120050626 7.9499434788236938  1.0277287532412522 7.9481189086782322  1.0562544540576519 7.9463473986925122  1.0847868362812871 7.9446352058867236  1.1133262246136857 7.9429874227720996  1.141872779090539 7.9414091501878277  1.1704266050325565 7.9399054878196216  1.19898781342948 7.9384815316391268  1.2275566158354314 7.9371423936277843  1.2561333304894697 7.9358931254418907  1.2847187069122104 7.9347390040285086  1.3133120113705559 7.9336831090277364  1.341911969156194 7.9327281384437338  1.3705172384814706 7.9318768913328981  1.399126398376362 7.931132133913918  1.4277380513118416 7.9304966627040736  1.4563509473333474 7.9299731858639815  1.4849639067991118 7.9295647346823372  1.5135766547959459 7.9292728136206749  1.5421894007092858 7.9290974260179947  1.5708020759976984 7.9290388960685023  1.599414600144911 7.9290974579653124  1.6280268855546343 7.929272853110942  1.6566388715648976 7.9295647575886017  1.6852507031545372 7.9299730702475246  1.7138624014875958 7.9304967896348408  1.74247297062416 7.9311327145080117  1.7710812854775959 7.9318779935191532  1.7996860412197488 7.9327296830517504  1.8282858805677566 7.9336848586691948  1.8568794524911318 7.9347406114838872  1.8854655689578692 7.9358939512322539  1.9140430374166097 7.9371421976056329  1.9426120712203048 7.9384809373271601  1.9711733069554818 7.9399047928034729  1.9997270298786542 7.9414086138962023  2.0282734499113779 7.9429871919690704  2.0568127296671559 7.9446353249224311  2.0853450394572199 7.9463478430080299  2.1138707551500477 7.9481194373807211  2.1423906986334611 7.9499438848524235  2.1709054824788225 7.951815048508867  2.1994156716595654 7.9537267705448071  2.227921828967478 7.9556728904450376  2.2564245942352823 7.9576472794252142  2.2849248248838343 7.9596434514585539  2.3134232752583319 7.9616548669463318  2.3419206553216263 7.9636750004049111  2.3704176953262923 7.9656973223065313  2.398915242614672 7.9677153051849023  2.4274141419352464 7.9697225620172567  2.4559151099702579 7.971712706439944  2.4844188372232203 7.9736793466966613  2.5129260341225983 7.9756161119426627  2.5414375598477932 7.977516553079572  2.569954245188681 7.979374562066134  2.5984765486859072 7.9811845357441902  2.6270049032737983 7.9829407738312064  2.6555397318232412 7.9846376047627796  2.6840815379111991 7.9862693392263875  2.7126309571324008 7.9878303302820246  2.7411877811324512 7.9893159190705205  2.7697517583381472 7.990721422400096  2.7983226717524943 7.9920421302824218  2.8269003840589946 7.9932734668494749  2.8554843954447122 7.9944118108755724  2.884074251631711 7.9954534912816193  2.9126693456809036 7.9963947249042935  2.9412705669004744 7.9972326334487347  2.9698790988299528 7.9979646926082397  2.9984966613410524 7.9985881906204321  3.0271204985165188 7.9991012268697128  3.0557465790404201 7.9995020195224491  3.0843713113260147 7.9997890613376184  3.112990036833347 7.9999616728637744  3.1416004113519982 8.0000191798574249  3.1702109903291849 7.9999616076858731  3.1988289008593487 7.99978892907777  3.2274507881425798 7.9995018819848402  3.2560733124388843 7.9991010667885982  3.2846939509807029 7.9985880362541835  3.3133103709886882 7.9979646207130424  3.3419199309922298 7.9972324634863909  3.3705225329930659 7.9963943100000883  3.3991184827867098 7.9954531110550073  3.4277079116334903 7.9944118179778494  3.4562910774776796 7.9932731824796042  3.4848681064877383 7.9920410498033698  3.5134387894911328 7.99072007214306  3.5420028174527385 7.9893147224451404  3.5705598127114015 7.9878295096211973  3.5991094566766897 7.9862689779697567  3.6276514184417827 7.9846374942764626  3.6561862581186269 7.9829405045757209  3.6847146909104644 7.9811839567746974  3.7132372034482444 7.9793736773137081  3.7417542357618565 7.9775155247556722  3.7702662268429989 7.9756153506399148  3.798773678866592 7.9736790024775583  3.8272772832029567 7.9717123509612549  3.8557780951702316 7.9697219528659353  3.8842769425985342 7.9677143440889058  3.9127745490951256 7.9656960663143863  3.9412715875350095 7.9636736589565293  3.9697687555361334 7.9616536647228822  3.9982668339022496 7.9596426154174491  4.0267667906964917 7.9576470831650177  4.0552697020460613 7.9556734705158343  4.0837762766207959 7.9537278655363988  4.1122870752241525 7.9518164119017589  4.1408025554086372 7.9499452387362401  4.1693231483545752 7.9481204777585601  4.1978493320131847 7.9463482648605339  4.2263816875434355 7.9446347166472284  4.2549210252098106 7.9429860226975881  4.2834682399742796 7.941408091171585  4.3120231428627207 7.939905369322342  4.340585469836876 7.938482464970293  4.3691548557548394 7.9371439392681298  4.3977309454288687 7.935894379472181  4.4263134454536761 7.9347383150920319  4.4549022758873384 7.9336804805205512  4.4834973476487008 7.9327247399392524  4.5120980677031284 7.9318734769948778  4.5407038117926302 7.9311293559395706  4.5693139173196702 7.9304949287713038  4.5979278383625974 7.9299729158992944  4.6265450027047272 7.9295654143895824  4.6551644131315726 7.9292732315695478  4.6837850730400259 7.92909741240421  4.7124060529125895 7.9290388702589292  4.7410267307746388 7.9290975749704042  4.7696464264699081 7.9292733479877926  4.798264526790156 7.9295659764204851  4.8268804140620869 7.9299738923158998  4.8554933692622662 7.9304955421912195  4.8841026699215675 7.931129381341318  4.9127076990020075 7.9318738153922128  4.9413078899597149 7.9327256639655976  4.9699025281883973 7.9336818043672626  4.998490894971134 7.9347390567323819  5.0270722343357299 7.9358944121945187  5.0556465878289636 7.9371436047726833  5.0842140406021201 7.9384820235664142  5.1127745532294107 7.9399051313889881  5.1413280831653996 7.9414084231533941  5.1698747131385741 7.9429871831908034  5.1984146157076516 7.9446357487091745  5.2269478551705433 7.9463485536706129  5.2554743956026151 7.9481200669990297  5.2839946764732559 7.9499444598615234  5.3125095045795412 7.9518155855085446  5.3410195442760511 7.9537273541813196  5.3695255207464676 7.9556736972275193  5.3980282576454357 7.9576481915088735  5.4265284750613922 7.9596443434948743  5.455026852969441 7.9616556779179026  5.4835240949658086 7.9636757146953752  5.5120210252899682 7.9656979747417118  5.5405185270582802 7.9677160040546546  5.5690173485280976 7.9697233503999181  5.5975182033398951 7.9717135567744748  5.62602182021784 7.9736801834824931  5.6545290578518568 7.9756167263681439  5.6830407881840905 7.9775169573805602  5.7115575583005072 7.9793751022870953  5.7400798761150824 7.9811853026667841  5.7686082403583825 7.9829417241056495  5.7971432217203507 7.9846385203501047  5.8256855342113276 7.9862698685170361  5.8542350869465061 7.9878308569411072  5.8827917331332742 7.9893165627430536  5.9113553605309832 7.990722038467533  5.9399259384824745 7.992042447874141  5.9685030710902893 7.9932738658432951  5.9970864021418127 7.9944123288200437  6.025675442351762 7.9954537595806574  6.0542710276055338 7.9963949436690083  6.0828742521642845 7.997233034699045  6.1114867951901193 7.9979649879004793  6.1401063588500833 7.9985885071870788  6.1687289766916571 7.9991015463401434  6.1973512022776092 7.999502098182699  6.2259675622704336 7.9997891311692353  6.2545748679014643 7.9999616366217934  6.2736475496795308 8.0000000404119316  6.2831853072043877 8 
 0 4 0.0045454545454545452 1 0.0090909090909090905 1 0.013636363636363636 1 0.018181818181818181 1 0.022727272727272728 1 0.027272727272727271 1 0.031818181818181815 1 0.036363636363636362 1 0.040909090909090909 1 0.045454545454545456 1 0.049999999999999996 1 0.054545454545454543 1 0.05909090909090909 1 0.06363636363636363 1 0.068181818181818177 1 0.072727272727272724 1 0.077272727272727271 1 0.081818181818181818 1 0.086363636363636365 1 0.090909090909090912 1 0.095454545454545445 1 0.099999999999999992 1 0.10454545454545454 1 0.10909090909090909 1 0.11363636363636363 1 0.11818181818181818 1 0.12272727272727273 1 0.12727272727272726 1 0.13181818181818181 1 0.13636363636363635 1 0.1409090909090909 1 0.14545454545454545 1 0.14999999999999999 1 0.15454545454545454 1 0.15909090909090909 1 0.16363636363636364 1 0.16818181818181818 1 0.17272727272727273 1 0.17727272727272728 1 0.18181818181818182 1 0.18636363636363634 1 0.19090909090909089 1 0.19545454545454544 1 0.19999999999999998 1 0.20454545454545453 1 0.20909090909090908 1 0.21363636363636362 1 0.21818181818181817 1 0.22272727272727272 1 0.22727272727272727 1 0.23181818181818181 1 0.23636363636363636 1 0.24090909090909091 1 0.24545454545454545 1 0.25 1 0.25454545454545452 1 0.25909090909090909 1 0.26363636363636361 1 0.26818181818181819 1 0.27272727272727271 1 0.27727272727272728 1 0.2818181818181818 1 0.28636363636363638 1 0.29090909090909089 1 0.29545454545454541 1 0.29999999999999999 1 0.30454545454545451 1 0.30909090909090908 1 0.3136363636363636 1 0.31818181818181818 1 0.3227272727272727 1 0.32727272727272727 1 0.33181818181818179 1 0.33636363636363636 1 0.34090909090909088 1 0.34545454545454546 1 0.34999999999999998 1 0.35454545454545455 1 0.35909090909090907 1 0.36363636363636365 1 0.36818181818181817 1 0.37272727272727268 1 0.37727272727272726 1 0.38181818181818178 1 0.38636363636363635 1 0.39090909090909087 1 0.39545454545454545 1 0.39999999999999997 1 0.40454545454545454 1 0.40909090909090906 1 0.41363636363636364 1 0.41818181818181815 1 0.42272727272727273 1 0.42727272727272725 1 0.43181818181818182 1 0.43636363636363634 1 0.44090909090909086 1 0.44545454545454544 1 0.44999999999999996 1 0.45454545454545453 1 0.45909090909090905 1 0.46363636363636362 1 0.46818181818181814 1 0.47272727272727272 1 0.47727272727272724 1 0.48181818181818181 1 0.48636363636363633 1 0.49090909090909091 1 0.49545454545454543 1 0.5 1 0.50454545454545452 1 0.50909090909090904 1 0.51363636363636356 1 0.51818181818181819 1 0.52272727272727271 1 0.52727272727272723 1 0.53181818181818175 1 0.53636363636363638 1 0.54090909090909089 1 0.54545454545454541 1 0.54999999999999993 1 0.55454545454545456 1 0.55909090909090908 1 0.5636363636363636 1 0.56818181818181812 1 0.57272727272727275 1 0.57727272727272727 1 0.58181818181818179 1 0.58636363636363631 1 0.59090909090909083 1 0.59545454545454546 1 0.59999999999999998 1 0.6045454545454545 1 0.60909090909090902 1 0.61363636363636365 1 0.61818181818181817 1 0.62272727272727268 1 0.6272727272727272 1 0.63181818181818183 1 0.63636363636363635 1 0.64090909090909087 1 0.64545454545454539 1 0.65000000000000002 1 0.65454545454545454 1 0.65909090909090906 1 0.66363636363636358 1 0.6681818181818181 1 0.67272727272727273 1 0.67727272727272725 1 0.68181818181818177 1 0.68636363636363629 1 0.69090909090909092 1 0.69545454545454544 1 0.69999999999999996 1 0.70454545454545447 1 0.70909090909090911 1 0.71363636363636362 1 0.71818181818181814 1 0.72272727272727266 1 0.72727272727272729 1 0.73181818181818181 1 0.73636363636363633 1 0.74090909090909085 1 0.74545454545454537 1 0.75 1 0.75454545454545452 1 0.75909090909090904 1 0.76363636363636356 1 0.76818181818181819 1 0.77272727272727271 1 0.77727272727272723 1 0.78181818181818175 1 0.78636363636363638 1 0.79090909090909089 1 0.79545454545454541 1 0.79999999999999993 1 0.80454545454545445 1 0.80909090909090908 1 0.8136363636363636 1 0.81818181818181812 1 0.82272727272727264 1 0.82727272727272727 1 0.83181818181818179 1 0.83636363636363631 1 0.84090909090909083 1 0.84545454545454546 1 0.84999999999999998 1 0.8545454545454545 1 0.85909090909090902 1 0.86363636363636365 1 0.86818181818181817 1 0.87272727272727268 1 0.8772727272727272 1 0.88181818181818172 1 0.88636363636363635 1 0.89090909090909087 1 0.89545454545454539 1 0.89999999999999991 1 0.90454545454545454 1 0.90909090909090906 1 0.91363636363636358 1 0.9181818181818181 1 0.92272727272727273 1 0.92727272727272725 1 0.93181818181818177 1 0.93636363636363629 1 0.94090909090909092 1 0.94545454545454544 1 0.94999999999999996 1 0.95454545454545447 1 0.95909090909090899 1 0.96363636363636362 1 0.96818181818181814 1 0.97272727272727266 1 0.97727272727272718 1 0.98181818181818181 1 0.98636363636363633 1 0.99090909090909085 1 0.99545454545454537 1 1 4
2 0 0 -0.61082442627754396 0.79176607673144805 0.79176607673144805 0.61082442627754396 12.074999999999999
1 0 2.7999999999999989 1 0 
1 6.2831853071795862 -0 0 1 
1 0 -0 0 1 
2 -1.6106094373848544e-16 2.0877127051979074e-16 -0.61082442627754396 0.79176607673144805 0.79176607673144805 0.61082442627754396 12.074999999999999
1 0 0 1 0 
1 6.2831853071795862 0 0 1 
1 0 0 0 1 
Curves 17
2 0 2.7999999999999998 1.71450551880629e-16 0 -1 -6.1232339957367697e-17 6.1232339957367697e-17 -6.1232339957367697e-17 1 -1 -3.7493994566546488e-33 6.1232339957367697e-17 2
7 0 0  1 2 2  1.2246467991473539e-16 2.7999999999999998 2.0000000000000004  1.2246467991473539e-16 -1.4999999999999201 2 
 1 2 5.2999999999999199 2
7 0 0  3 27 25  -1.5308084989341801e-17 -3.00000000001913 2  0.0157539382475969 -3.0000019250076302 2.0000020729386701  0.052480024928352 -2.99884098359097 1.9995642237834701  0.11509371257837001 -2.99224672641704 1.99709889484435  0.192107976538272 -2.97669315605875 1.9913454635563801  0.27974154989358102 -2.9482115312547701 1.9810665766351701  0.37619502665868798 -2.9021214711344201 1.9651621913027399  0.480496314626295 -2.8313039705824101 1.9424764683747699  0.58585739262604297 -2.7273457187797998 1.9132748811176701  0.67174608046766004 -2.5960373685591702 1.88431090973875  0.72425058853032998 -2.4596630442516898 1.8643749759485899  0.74629248368396095 -2.34466863726839 1.8555534870763799  0.75000629966545396 -2.27749111445172 1.85404707337317  0.74999402852489405 -2.2237185350443398 1.85405203735638  0.746905119391851 -2.1650268160463502 1.8553048984284299  0.73150643812177896 -2.07518591463722 1.86147431027723  0.70281314184042498 -1.98225164629715 1.8725654738922699  0.66232931478621004 -1.8936507244480001 1.8873556603425401  0.60589580208564997 -1.80329845977854 1.9064171201844999  0.52683231289409804 -1.7106495007061699 1.9301959258816399  0.42323922826222998 -1.6256825541022299 1.95589120833103  0.30851941470119798 -1.5625988825041099 1.97719882542159  0.20214062195065699 -1.5253669597842601 1.9905806950484199  0.11566635335426501 -1.5077046232582501 1.99711689601816  0.050945116359888201 -1.5010892994170399 1.9995904442564501  0.015222632183228 -1.4999981815758201 2.0000019380229799  7.5688095530982895e-12 -1.4999999999999201 2 
 0 4 0.019864906917222799 1 0.046318853785870098 1 0.079399862594957904 1 0.119069814189263 1 0.16301744949084801 1 0.215385382904492 1 0.280115826025089 1 0.35240470030245102 1 0.41540480981625899 1 0.46517554420438301 1 0.49999665344136301 1 0.500140575940768 1 0.53300407055034005 1 0.57403363154882903 1 0.61509798185723896 1 0.65620428877157899 1 0.69805925329959695 1 0.75131925971802505 1 0.81223410453294498 1 0.86939912938988295 1 0.91795109318282997 1 0.954942816726701 1 0.98080247117650199 1 1 4
7 0 0  1 2 2  1.2246467991473539e-16 -3.0000000000191305 2  1.2246467991473539e-16 -4.5000000000000009 2 
 6.8000000000191303 2 8.3000000000000007 2
2 0 -4.5 -2.7554552980815398e-16 0 -1 -6.1232339957367697e-17 6.1232339957367697e-17 -6.1232339957367697e-17 1 -1 -3.7493994566546488e-33 6.1232339957367697e-17 2
7 0 0  3 27 25  -3.5208595475486399e-16 -3.00000000001913 2  -0.015753938247597198 -3.0000019250076302 2.0000020729386701  -0.052480024928352499 -2.99884098359097 1.9995642237834701  -0.11509371257837001 -2.99224672641704 1.99709889484435  -0.192107976538272 -2.97669315605875 1.9913454635563801  -0.27974154989358202 -2.9482115312547701 1.9810665766351701  -0.37619502665868998 -2.9021214711344201 1.9651621913027399  -0.480496314626295 -2.8313039705824101 1.9424764683747699  -0.58585739262604597 -2.7273457187797998 1.9132748811176701  -0.67174608046765505 -2.59603736855918 1.88431090973874  -0.72425058853034496 -2.45966304425168 1.8643749759485999  -0.74629248368393197 -2.34466863726841 1.8555534870763699  -0.75000629966550003 -2.2774911144517 1.85404707337318  -0.74999402852485397 -2.2237185350443598 1.85405203735637  -0.74690511939187698 -2.16502681604634 1.8553048984284399  -0.73150643812177396 -2.0751859146372298 1.86147431027722  -0.70281314184042898 -1.98225164629715 1.8725654738922699  -0.66232931478621204 -1.8936507244480001 1.8873556603425401  -0.60589580208565297 -1.80329845977854 1.9064171201844999  -0.52683231289410104 -1.7106495007061799 1.9301959258816399  -0.42323922826223198 -1.6256825541022299 1.95589120833103  -0.30851941470119998 -1.5625988825041099 1.97719882542159  -0.20214062195065799 -1.5253669597842601 1.9905806950484199  -0.115666353354266 -1.5077046232582501 1.99711689601816  -0.0509451163598885 -1.5010892994170399 1.9995904442564501  -0.0152226321832277 -1.4999981815758201 2.0000019380229799  -7.5679940493959997e-12 -1.4999999999999201 2 
 0 4 0.019864906917222699 1 0.046318853785870397 1 0.079399862594957293 1 0.119069814189263 1 0.16301744949084901 1 0.215385382904492 1 0.280115826025089 1 0.35240470030245002 1 0.41540480981625799 1 0.46517554420438301 1 0.49999665344136301 1 0.500140575940768 1 0.53300407055033905 1 0.57403363154882803 1 0.61509798185723696 1 0.65620428877157699 1 0.69805925329959595 1 0.75131925971802305 1 0.81223410453294398 1 0.86939912938988195 1 0.91795109318282897 1 0.95494281672670001 1 0.98080247117650099 1 1 4
7 0 1  3 48 47  1.9316681934555801e-11 -3 -2.0000000000007998  -0.0308274099526024 -2.9999996918538501 -1.99999985034786  -0.093133414120709204 -2.9961509488607998 -1.9985519564238099  -0.18557020644222499 -2.9787310481807499 -1.9920838692678799  -0.27885713146569002 -2.9486115068182599 -1.98120627854583  -0.375928934917101 -2.90230217626589 -1.9652201460124199  -0.48049632645879597 -2.8313039508300402 -1.9424764374596499  -0.585857393232876 -2.72734571965165 -1.9132748899505601  -0.67174608110242096 -2.59603736670753 -1.8843109073195301  -0.72425058789405405 -2.4596630467333398 -1.86437497662472  -0.746292483945181 -2.3446686354840098 -1.8555534868980501  -0.75000629966532095 -2.2774911143168999 -1.8540470733733101  -0.74999402852503105 -2.22371853519829 -1.8540520373562399  -0.74690511940355198 -2.1650268170587998 -1.8553048984232301  -0.73150643862852005 -2.0751859150232499 -1.8614743100759401  -0.70281313888666497 -1.98225164057849 -1.8725654750563001  -0.662329322557906 -1.8936507364906601 -1.88735565723117  -0.60589578609916295 -1.8032984420112399 -1.9064171273783701  -0.52683234974668203 -1.7106495256038501 -1.9301959034721199  -0.42323907521483101 -1.6256824545597199 -1.9558913015030801  -0.30839232144447098 -1.562529049436 -1.9772222198568601  -0.19668300572642899 -1.52346698505499 -1.99126477276627  -0.094975452040990893 -1.50391030611039 -1.99852947776279  -0.028777112044419 -1.49992220697833 -2.0000291713980598  0.033795042591550202 -1.5000840696420901 -1.9999684823068899  0.097295395586308994 -1.5043855776599 -1.9983506097596599  0.18892907743635501 -1.52220238608415 -1.9917422907057301  0.28072310110917398 -1.5522064150114301 -1.9809196808354299  0.37723468073419197 -1.5984419140482899 -1.9649722982133899  0.48206824692016698 -1.66989961718554 -1.9421018220194299  0.58077422635232001 -1.7679731203765701 -1.9146351985250301  0.65757923226934101 -1.8816503212729001 -1.88917977103722  0.70692441230533698 -1.9915114084313601 -1.87103261478426  0.73532336625918004 -2.09201117149333 -1.8599575617622699  0.74782137570562401 -2.1771606688109801 -1.8549320927139601  0.75027212611057104 -2.2354661831598599 -1.85393951738577  0.74958117621700604 -2.2888170517381301 -1.8542189958137201  0.74421597686487195 -2.3577799998383702 -1.8563903454795201  0.72378351279651398 -2.4571019648874501 -1.86453287131634  0.68602466286568198 -2.5595001254463101 -1.87886772561996  0.63549708943771499 -2.6525486535648501 -1.89663532009209  0.57223254459884698 -2.7389690559827899 -1.9168614178260599  0.48903596473567201 -2.8233695942901398 -1.9401358697033599  0.38856144564789502 -2.8956123243433298 -1.96293893676682  0.28220452231556298 -2.9477643561377 -1.9808866989913001  0.18340785241302399 -2.9793999211024 -1.9923298607794699  0.090112128633011004 -2.9963986792020001 -1.9986453485077  0.029805820261586499 -3.0000002979345002 -2.00000014469438 
 0 3 0.019442146836018699 1 0.0392892355803999 1 0.059329531277230799 1 0.0815087375234229 1 0.107692711174496 1 0.140057935707735 1 0.176202378806012 1 0.207702438925464 1 0.232587809765995 1 0.24999836739992601 1 0.25007032866240803 1 0.26650207879603099 1 0.28701686235951401 1 0.30754904072169498 1 0.32810219891237402 1 0.34902968229554698 1 0.37565969211871397 1 0.40611712202952799 1 0.43469963479150697 1 0.45906831304121398 1 0.481035471607207 1 0.499998799052499 1 0.500814528185618 1 0.520495106040191 1 0.54005930268827596 1 0.55970490074586299 1 0.58165320644674701 1 0.60812840783786304 1 0.64073781510313499 1 0.670667099319463 1 0.69575966420806401 1 0.71730374140875597 1 0.73674167315063999 1 0.749994220661237 1 0.75407903693804501 1 0.77039441716939405 1 0.79358139171919995 1 0.81804098773330702 1 0.83960054037309095 1 0.86114400664720503 1 0.88663459909070497 1 0.91554905187532398 1 0.94019199079153803 1 0.96196080386897198 1 0.98120214658818095 1 1 3
7 0 0  1 2 2  1.931654928931913e-11 -3 -3.9999999999999871  1.9317161612718704e-11 -3 -2.0000000000007998 
 1.3007214345222049e-14 2 1.9999999999992002 2
7 0 1  3 55 54  5.0635224953937702e-09 -3 -4  -0.0227054093304297 -2.99999973442026 -3.9999999414651799  -0.064627822793341699 -2.9980948334629201 -3.9996420164656299  -0.12832157546495301 -2.9898154459353998 -3.9980988104614501  -0.19621965677689099 -2.97518784815118 -3.9954079638641802  -0.27889199473836901 -2.9484728425684201 -3.99061239043627  -0.36762421769849402 -2.9065345512451399 -3.98342440566147  -0.452319514073937 -2.8508707970407898 -3.9745974993083002  -0.53021096529108802 -2.78384042715538 -3.9649433377318699  -0.608226098755422 -2.6952360106641202 -3.9537571904459599  -0.67904261615822503 -2.5794375167930399 -3.9421147843152  -0.72566618921784498 -2.45347020367831 -3.93366625995783  -0.74603151393517697 -2.3442152075943201 -3.9298172050889701  -0.74988364928655005 -2.2799256133727401 -3.9290806149681798  -0.75009883182360004 -2.2284482941224701 -3.9290395459498901  -0.74719361265505302 -2.1670433467907402 -3.9295950081641702  -0.72949082504788398 -2.0613104210778301 -3.9329507692079702  -0.68657316030971605 -1.9370218550407701 -3.9407866669990499  -0.61991012218823405 -1.82137174892821 -3.9519149951367898  -0.54523521980556999 -1.73153846865247 -3.9628903373154998  -0.46970576439940198 -1.6626447877767401 -3.9725671831718601  -0.38825589930952298 -1.6056070092938799 -3.9814360554123098  -0.29951753096830003 -1.5599918634716401 -3.9891256867246199  -0.21340925827471099 -1.52934269230827 -3.9945814813301701  -0.140804310866285 -1.5123871926029 -3.9976909403983201  -0.082083102392591201 -1.50390588972322 -3.9992683606985802  -0.0372195373849099 -1.50056002916644 -3.9998949737465601  0.0015372777124964499 -1.4997486694375 -4.0000471266269404  0.049200381319354398 -1.5008927960248699 -3.99983261900308  0.10946860734652 -1.5068432300797701 -3.9987181248230899  0.182186847574069 -1.5212330236106999 -3.9960612211785298  0.25759911184878698 -1.5439871743135101 -3.9919552355276  0.34280272023396902 -1.5803983745561501 -3.9856277823208099  0.42910240817592199 -1.6318557239118401 -3.9772349548963501  0.50829924511983804 -1.6956931538394999 -3.9677882909495699  0.57205868385333203 -1.76230721313191 -3.9590207622173201  0.62513328170931204 -1.8326960470223801 -3.9509471616579299  0.66893987101219998 -1.9070730613064799 -3.9437378082154799  0.70373181706245902 -1.98601405454087 -3.9376467141961302  0.73084945259580303 -2.07321688663527 -3.93268818345947  0.74664274775075701 -2.1611705346610801 -3.9297007548284202  0.75038722340508701 -2.2298835824993399 -3.92898450316354  0.74941104946703696 -2.2985375134445198 -3.9291707167184899  0.74271917938311305 -2.3672459830894899 -3.9304511055245799  0.72280688129430604 -2.45604340763916 -3.9341745002877002  0.69469316668062497 -2.5371468284157199 -3.9392614518546099  0.65732034205652501 -2.6144722963357401 -3.9456959972090799  0.60858601597818796 -2.6916134707972899 -3.9535561731572302  0.54385189874519602 -2.7704695951299199 -3.9631057984231899  0.454967094435764 -2.8507925807241001 -3.97447686461931  0.350925147304049 -2.9167397175948002 -3.9851001130925301  0.24447596532070001 -2.9616391866116398 -3.9929419383289999  0.151790611109062 -2.98620230322922 -3.9974256076593502  0.071586842667159103 -2.9977639843780799 -3.99957990552068  0.022990380453214099 -3.00000026891286 -4.0000000592694498 
 0 3 0.0144253238684243 1 0.026625174635444102 1 0.040775157880099097 1 0.0585305062383275 1 0.081805804325241802 1 0.10311289496932 1 0.123006022523831 1 0.147240611195183 1 0.17822119545895901 1 0.20913487054951699 1 0.232312947425767 1 0.24866860408286501 1 0.24999648807307301 1 0.26501593534717199 1 0.28767888949161902 1 0.31795381774165599 1 0.34829505163329 1 0.372379273138575 1 0.39227195116857999 1 0.41339542058218698 1 0.435651487258851 1 0.45568057883433299 1 0.47143432137514801 1 0.48299631993009301 1 0.49334271080822101 1 0.49999618054217998 1 0.50762643305284705 1 0.52363440623153001 1 0.53841526011539398 1 0.55468733195780195 1 0.57366872073449604 1 0.59729964600325702 1 0.61855457074189901 1 0.63841667172892802 1 0.65602105932362897 1 0.67470101230869095 1 0.69333999871895002 1 0.71086100451366496 1 0.73269924545256104 1 0.74999644990187497 1 0.754514179324555 1 0.77631352983723001 1 0.79374910790709396 1 0.81227469934869501 1 0.83084051004943504 1 0.84835805328784197 1 0.87036167472525705 1 0.89577391826354902 1 0.92455709378555595 1 0.948575862362387 1 0.969114639100635 1 0.985393633205774 1 1 3
2 0 0 0 0 -1 -6.1232339957367697e-17 1 0 0 0 -6.1232339957367697e-17 1 4
7 0 0  1 2 2  4 0 0  4 -4.5 -2.7554552980815463e-16 
 0 2 4.5 2
2 0 -4.5 -2.7554552980815398e-16 0 -1 -6.1232339957367697e-17 1 0 0 0 -6.1232339957367697e-17 1 4
7 0 1  3 54 53  1.8600751147679301e-11 -3 4  0.0214291678127622 -2.99999965873269 3.99999989858778  0.0617663251166286 -2.99827015630893 3.9996750479682701  0.12627470388787199 -2.99025981510434 3.9981810749348501  0.19969981755755001 -2.9745664866069399 3.9952915359736698  0.28389573642187399 -2.9464064303089201 3.9902465508598599  0.36444124200211497 -2.9074257971427202 3.9836044091517602  0.43564073769656603 -2.86215280358399 3.9763771313805498  0.50444552845662205 -2.8076535925238302 3.9682786218066002  0.58150927176359601 -2.7291707286773699 3.9577941105121601  0.658839987573693 -2.6184702752326099 3.9455993860305001  0.71972156246253605 -2.47939418482376 3.93481024942963  0.74611685140796302 -2.3525729547264902 3.92979940075824  0.75132449611879004 -2.2486244676990199 3.9288056743342801  0.74570279987231303 -2.1422462502794701 3.92987837338972  0.71822299729226702 -2.0167582213190198 3.93509202373974  0.66162928775416796 -1.8893352363593701 3.94506926006741  0.59592160321534404 -1.7903167406139699 3.9555529105618401  0.52094413861080202 -1.7065935638720999 3.9662055660245299  0.43392523741290001 -1.6345269793436801 3.9767874628840798  0.34245121804362399 -1.5802627381741201 3.9856540435528598  0.258999907496962 -1.54467897882687 3.9918357098421802  0.18874219260891301 -1.5230653888593499 3.9957284019195001  0.126749543453161 -1.5100176883349199 3.9981302958870502  0.073242844999548307 -1.50304274561802 3.9994298437874298  0.032002056054190403 -1.5003995580318601 3.99992507604065  0.0014966489391101899 -1.499880865303 4.00002233824251  -0.030045203266411701 -1.50032278401474 3.99993948032572  -0.074276431009229496 -1.5029837408339499 3.9994407334837501  -0.14134530142330601 -1.5120706361867899 3.9977476003835299  -0.23259383180909901 -1.5341874447616599 3.9936927719181301  -0.34408856558836398 -1.57907659265519 3.9857855357034402  -0.46659218444353001 -1.6561522458867901 3.9733296685765298  -0.58280622631061196 -1.7678189333322101 3.9578280779648698  -0.67184323149872405 -1.9038970583817301 3.9433891645031101  -0.72320906607534596 -2.0380888608448999 3.93412233360917  -0.74431497259822299 -2.1442432609926398 3.9301433500329299  -0.749519376038563 -2.21122485629953 3.92915013456525  -0.75021973227560301 -2.2564403775595601 3.9290164737867599  -0.74878962866543197 -2.3068475182951902 3.9292894483527299  -0.74046954470039095 -2.3797104833053599 3.9308746633930798  -0.71938382123032496 -2.4690587972137599 3.9348107973773998  -0.68791035764174902 -2.5531693552832699 3.94046197574206  -0.64879259633225095 -2.62901038803161 3.9471016931082699  -0.60087606105130997 -2.7019188604909301 3.9547351757026901  -0.53578436170863897 -2.7787738211842599 3.9642129591059398  -0.45087773195578601 -2.8531563810690699 3.97488511156297  -0.36104821417634098 -2.9098925443116102 3.9840025357909101  -0.27869788437485599 -2.9477703334635299 3.9905038827818502  -0.20874457865239901 -2.9714627340006898 3.9947336278805201  -0.146007143469923 -2.9864709962438498 3.9974803508080101  -0.092678873890298094 -2.9947856047591102 3.9990243935838001  -0.044894739910084101 -2.9990877672237102 3.9998287715368801  -0.015530018215909099 -3.0000002473212 4.00000007349486 
 0 3 0.0136165849606826 1 0.025617514388880599 1 0.041266032769888397 1 0.061285321311865197 1 0.081989301403034606 1 0.098136452500842297 1 0.115007202147036 1 0.137903036764606 1 0.16813923690084101 1 0.200745944330043 1 0.23407291688992701 1 0.24999909088271499 1 0.26679918865434399 1 0.30167139381967101 1 0.33114169159759799 1 0.355207683525951 1 0.37723537912458499 1 0.40267986418657598 1 0.427062684978745 1 0.44482983983972901 1 0.46034447160742298 1 0.47376209925832502 1 0.48506540159508399 1 0.49459502084299201 1 0.49999876208232302 1 0.50445138865842598 1 0.51463968930741899 1 0.52813217169257298 1 0.54740621641491105 1 0.574225785182369 1 0.60436218449852097 1 0.63926865676102695 1 0.67646303769690996 1 0.70736321182792194 1 0.73028527358148199 1 0.74507693493733396 1 0.74999729672247994 1 0.75900895308725203 1 0.777099183055598 1 0.79651813188598097 1 0.81726503026609798 1 0.83413577812483097 1 0.85080828067520098 1 0.87281923010533702 1 0.89824014924079298 1 0.92260219773517305 1 0.94035741113936999 1 0.95587066126610098 1 0.969534993153914 1 0.98133377867974103 1 0.99013187003982595 1 1 3
2 5 8.8250000000000099 -0.050000000000584598 0 1 0 0 -0 1 1 0 -0 12.074999999999999
1 4.9999999999999973 6.0250000000000004 12.024999999999414 0 1 0 
2 5 6.0250000000000101 -0.050000000000584598 0 1 0 0 -0 1 1 0 -0 12.074999999999999
7 0 0  1 2 2  -6.4293956955236189e-16 -3.0000000000000004 2  -3.0616169978685759e-17 -3.0000000000000004 4 
 6 2 8 2
Polygon3D 0
PolygonOnTriangulations 0
Surfaces 10
10 0 6.2831853071795862 1 8.3000000000000007
2 0 3.7999999999999998 2.3268289183799699e-16 0 -1 -6.1232339957367697e-17 6.1232339957367697e-17 -6.1232339957367697e-17 1 -1 -3.7493994566546488e-33 6.1232339957367697e-17 2
1 0 2.7999999999999998 1.71450551880629e-16 0 1 6.1232339957367697e-17 0 6.1232339957367697e-17 -1 -1 0 0 
10 0 6.2831853071795862 5.8540074307043746 8.0000191798574249
2 -2.4799097682733899e-15 -2.25 -4 3.0616169978683802e-16 -6.1232339957367697e-17 1 -3.28429327576129e-47 -1 -6.1232339957367697e-17 1 1.8746997283273182e-32 -3.0616169978683802e-16 0.75
1 0 -4.5 -2.7554552980815398e-16 0 -1 -6.1232339957367697e-17 1 0 0 0 -6.1232339957367697e-17 1 
10 2.5758950528143032e-11 6.2831853072053452 -1.9172597728336122e-05 2.1459633716793389
2 -2.4799097682733899e-15 -2.25 -4 3.0616169978683802e-16 -6.1232339957367697e-17 1 -3.28429327576129e-47 -1 -6.1232339957367697e-17 1 1.8746997283273182e-32 -3.0616169978683802e-16 0.75
10 0 6.2831853071795862 0 4.5
2 0 0 0 0 -1 -6.1232339957367697e-17 1 0 0 0 -6.1232339957367697e-17 1 4
1 0 0 0 0 1 6.1232339957367697e-17 0 6.1232339957367697e-17 -1 -1 0 0 
1 5 8.8250000000000099 -0.050000000000584598 1.8110986758845668e-17 -1 -9.3011546471540393e-17 0.79176607673144805 7.1153389442452231e-17 -0.61082442627754396 0.61082442627754396 -6.2580754144204196e-17 0.79176607673144805 
2 5 6.0250000000000004 -0.050000000000584598 0 1 0 0 -0 1 1 0 -0 12.074999999999999
1 5 6.0250000000000101 -0.050000000000584861 1.8110986758845668e-17 -1 -9.3011546471540393e-17 0.79176607673144805 7.1153389442452231e-17 -0.61082442627754396 0.61082442627754396 -6.2580754144204196e-17 0.79176607673144805 
Triangulations 0

TShapes 52
Ve
1e-05
3.67394039744206e-16 2.8 2
0 0

0101101
*
Ed
 1e-07 1 1 0
1  1 0 0 6.28318530717959
2  1 1 0 0 6.28318530717959
4 C0 1 0 2 0
0

0101000
+52 0 -52 0 *
Ve
1e-05
3.67394039744206e-16 -1.49999999999983 2
0 0

0101101
*
Ed
 1e-05 1 1 0
1  2 0 1 5.29999999999992
3  2 3CN 1 0 1 5.29999999999992
0

0101000
+52 0 -50 0 *
Ve
1e-05
-1.83697019872103e-16 -3.00000000001913 2
0 0

0101101
*
Ed
 2.20836916271679e-06 1 1 0
1  3 0 0 1
2  4 1 0 0 1
2  5 3 0 0 1
4 C0 1 0 3 0
0

0101000
+48 0 -50 0 *
Ve
1e-05
3.67394039744206e-16 -4.5 2
0 0

0101101
*
Ed
 1e-05 1 1 0
1  4 0 6.80000000001913 8.3
3  6 7CN 1 0 6.80000000001913 8.3
0

0101000
+48 0 -46 0 *
Ed
 1e-07 1 1 0
1  5 0 0 6.28318530717959
2  8 1 0 0 6.28318530717959
4 C0 1 0 4 0
0

0101000
-46 0 +46 0 *
Ed
 2.20836916154305e-06 1 1 0
1  6 0 0 1
2  9 1 0 0 1
2  10 3 0 0 1
4 C0 1 0 3 0
0

0101000
-50 0 +48 0 *
Wi

0101100
+51 0 +49 0 -47 0 +45 0 -44 0 -45 0 +43 0 -49 0 *
Ve
1e-05
-1.95943487863625e-15 -3 -2.00000000000159
0 0

0101101
*
Ed
 1.69658104979813e-06 1 1 0
1  7 0 0 1
2  11 1 0 0 1
2  12 5 0 0 1
4 C0 1 0 5 0
0

0101000
+41 0 -41 0 *
Wi

0101100
-40 0 *
Fa
0  1e-07 1 0

0111000
+42 0 +39 0 *
Ve
1e-05
-2.57175827820944e-15 -3 -4
0 0

0101101
*
Ed
 1e-05 1 1 0
1  8 0 1.3007214345222e-14 1.9999999999992
3  13 14CN 5 0 1.3007214345222e-14 1.9999999999992
0

0101000
-41 0 +37 0 *
Ed
 2.4871472664776e-06 1 1 0
1  9 0 0 1
2  15 6 0 0 1
2  16 5 0 0 1
4 C0 6 0 5 0
0

0101000
-37 0 +37 0 *
Wi

0101100
+40 0 -36 0 -35 0 +36 0 *
Fa
0  1e-07 5 0

0111000
+34 0 *
Ve
1e-05
4 2.99951956532372e-32 -4.89858719658941e-16
0 0

0101101
*
Ed
 1e-07 1 1 0
1  10 0 0 6.28318530717959
2  17 6 0 0 6.28318530717959
4 C0 6 0 7 0
0

0101000
+32 0 -32 0 *
Ve
1e-05
4 -4.5 -7.65404249467096e-16
0 0

0101101
*
Ed
 1e-05 1 1 0
1  11 0 0 4.5
3  18 19CN 6 0 0 4.5
0

0101000
+32 0 -30 0 *
Ed
 1e-07 1 1 0
1  12 0 0 6.28318530717959
2  20 6 0 0 6.28318530717959
4 C0 6 0 4 0
0

0101000
-30 0 +30 0 *
Wi

0101100
+31 0 +29 0 -28 0 -29 0 *
Ve
1e-05
-1.22464679914735e-16 -3 4
0 0

0101101
*
Ed
 3.57830344020309e-06 1 1 0
1  13 0 0 1
2  21 6 0 0 1
2  22 3 0 0 1
4 C0 6 0 3 0
0

0101000
-26 0 +26 0 *
Wi

0101100
-25 0 *
Wi

0101100
-35 0 *
Fa
0  1e-07 6 0

0111000
+27 0 +24 0 +23 0 *
Ve
1.0000000549308e-07
5 8.825 12.0249999999994
0 0

0101101
*
Ed
 1e-07 1 1 0
1  14 0 0 6.28318530717959
2  23 8 0 0 6.28318530717959
2  24 9 0 0 6.28318530717959
4 C0 8 0 9 0
0

0101000
+21 0 -21 0 *
Wi

0101100
+20 0 *
Wi

0101100
+31 1 *
Fa
0  1e-07 8 0

0111000
-19 0 +18 0 *
Ve
1.00000005063396e-07
5 6.02500000000001 12.0249999999994
0 0

0101101
*
Ed
 1e-07 1 1 0
1  15 0 0 2.8
3  25 26CN 9 0 0 2.8
0

0101000
-21 0 +16 0 *
Ed
 1e-07 1 1 0
1  16 0 0 6.28318530717959
2  27 10 0 0 6.28318530717959
2  28 9 0 0 6.28318530717959
4 C0 10 0 9 0
0

0101000
+16 0 -16 0 *
Wi

0101100
-20 0 +15 0 +14 0 -15 0 *
Fa
0  1e-07 9 0

0101000
+13 0 *
Wi

0101100
+28 0 *
Wi

0101100
-44 0 *
Fa
0  1e-07 4 0

0111000
+11 0 +10 0 *
Ed
 1e-05 1 1 0
1  17 0 6 8
3  29 30CN 3 0 6 8
0

0101000
+48 0 -26 0 *
Wi

0101100
-43 0 +8 0 -25 0 -8 0 +47 0 *
Fa
0  1e-07 3 0

0111000
+7 0 *
Wi

0101100
+14 0 *
Wi

0101100
+51 0 *
Fa
0  1e-07 10 0

0111000
-5 0 +4 1 *
Sh

0101100
-38 1 -33 1 +22 1 -17 0 +12 0 +9 1 -6 1 +3 0 *
So

1100000
+2 0 *

+1 0 