DBRep_DrawableShape

CASCADE Topology V3, (c) Open Cascade
Locations 1
1
9.59796974676513e-17 0.953512943688582 -0.301352063570725 14.227743493787 
              1 -6.71650201379022e-14 -2.12199430823272e-13 21.3250000000002 
-2.22575221351666e-13 -0.301352063570725 -0.953512943688582 -9.27774349559657 
Curve2ds 34
1 0 6.1749999999999998 1 0 
1 6.2831853071795862 0 0 1 
1 0 0 0 1 
1 0 0 1 0 
7 0 0  3 201 199  1.5707963267911382 3.75  1.5681414732023373 3.7500000144257037  1.5628316387518224 3.7497460513614693  1.5548746498328025 3.7486044875390956  1.5469335610660591 3.746703753666536  1.5390165349770013 3.7440449746273829  1.5311315223972681 3.7406324427426738  1.5232864583813917 3.7364709942246996  1.5154893029660177 3.7315653218816696  1.5077480208847496 3.7259201626602709  1.5000700885864402 3.7195435396658274  1.4924630188803012 3.7124434551972851  1.4849343341514516 3.7046279735197265  1.4774916319973299 3.6961049318400425  1.4701418416295249 3.686884977271315  1.4628918499934065 3.6769790909542222  1.4557485968781481 3.666398174392469  1.4487190588255634 3.6551531188154103  1.4418101970926749 3.6432549367116667  1.4350282141216288 3.6307170094791106  1.4283793878621469 3.6175526187866645  1.421870030841853 3.6037750565985167  1.4155064689215135 3.5893976734267024  1.4092951500447382 3.5744335752966179  1.4032418112613509 3.5588978833909444  1.3973520547048595 3.5428061923988055  1.3916315632502543 3.5261739794740929  1.386086048012442 3.5090167379854327  1.3807212372602999 3.4913500139777152  1.375542961659376 3.4731891265760528  1.3705567936407306 3.4545503142926246  1.3657675223735641 3.4354524060977369  1.361180086068698 3.4159138425934512  1.3567994163675527 3.3959531691608991  1.3526304798798934 3.3755889004331672  1.3486782614704809 3.354839569256455  1.3449477834379528 3.3337236663725665  1.3414440391143889 3.3122598330914323  1.3381707453575404 3.2904704812313939  1.3351316752537652 3.2683778939199799  1.3323306024798474 3.2460043892975223  1.3297713177958317 3.2233722741439408  1.3274576175271968 3.2005038656680012  1.3253933304738847 3.1774214507234979  1.323580686579606 3.1541496723176268  1.3220219103173487 3.1307131914773163  1.3207191903736404 3.1071367071101572  1.319674887290436 3.0834447485903436  1.318890556785991 3.0596626605678594  1.3183669409471981 3.0358165526933383  1.3181050610952989 3.0119324243174863  1.3181052472221828 2.988035993445016  1.3183673956017024 2.9641527961655769  1.3188914332849651 2.9403084186258681  1.3196761989281081 2.9165282369189951  1.3207204364103529 2.8928375963568747  1.3220230639974431 2.869261933053036  1.3235822897591123 2.8458262875573102  1.325395417175987 2.8225552165489396  1.3274598966317268 2.7994732882956384  1.3297732847532633 2.7766053760950977  1.3323322778017208 2.7539744163161295  1.3351331619935356 2.7316024138175905  1.3381723041627525 2.7095115489534463  1.3414461825200648 2.6877241362644249  1.3449506029568705 2.6662614457945057  1.3486809527936843 2.6451440389073575  1.352632769561444 2.6243928065999094  1.3568014520999743 2.6040278907064272  1.3611820853519365 2.5840675884446447  1.365769831028053 2.564530485411864  1.3705598542858635 2.5454350743318477  1.375546750320654 2.5267984414547437  1.3807251546711419 2.5086377034066327  1.3860897105478391 2.4909699041444653  1.39163516934969 2.4738123479257714  1.3973558389670311 2.457180721444582  1.4032458586914585 2.4410900311195523  1.4092994578908478 2.4255554690854293  1.4155108607806519 2.410592107696456  1.4218744378333736 2.3962153127127999  1.4283839616243079 2.3824387291228009  1.435032956523322 2.3692752488554119  1.4418150477846687 2.356737947416776  1.4487238783674985 2.3448398512484179  1.4557531343842054 2.3335939994731465  1.4628965448403426 2.3230134295532516  1.4701468980005874 2.3131084977289693  1.4774970062315043 2.3038895691189021  1.4849397082982245 2.2953669708911968  1.4924678876117556 2.2875511731374405  1.5000744194020788 2.2804520964085966  1.5077519804599862 2.2740766965767207  1.5154932393964051 2.2684321783225125  1.5232910731033118 2.2635259107668828  1.5311374202422765 2.2593640338545611  1.5390235038048179 2.2559518899531681  1.546940734469245 2.2532945519147991  1.5548806468640508 2.2513942148058259  1.5628345955235459 2.2502536258321153  1.5707955150379513 2.2498733042579104  1.578756622319021 2.250253157239881  1.5867112810669892 2.2513945656004952  1.5946515316171876 2.2532956729512503  1.6025687160486859 2.2559530939658492  1.6104543601414401 2.259363685494979  1.6182998154518324 2.2635247034246584  1.6260970359929048 2.2684310603583291  1.6338385184609427 2.2740753792697834  1.6415166243152264 2.2804507125326752  1.6491236805009644 2.2875502178547742  1.6566521801911605 2.2953661257009337  1.6640950665215148 2.303888227329991  1.6714451761208917 2.3131066845535377  1.6786953209707223 2.3230116082515977  1.6858383418386349 2.3335929407109415  1.6928677434072714 2.3448382883946568  1.6997769393089188 2.3567354237414784  1.7065593434160826 2.3692720137730499  1.7132082450821577 2.3824359812037654  1.7197174516279072 2.3962137368399579  1.7260809586933716 2.4105910625008469  1.7322926863675294 2.42555384705053  1.7383464636451895 2.4410881240900757  1.7442364346596169 2.4571790177420083  1.7499569944018609 2.4738109056554709  1.755502458125016 2.4909682682889742  1.7608670507382114 2.5086357876169489  1.7660453749964691 2.5267967903631599  1.7710322407296111 2.5454338170800588  1.7758223679044871 2.5645296070077532  1.7804104784422774 2.5840667972623121  1.784791205585514 2.6040282347682906  1.7889598391235675 2.6243944278061768  1.7929117314636616 2.645145592652125  1.7966421978014657 2.6662620076132106  1.8001465132464327 2.6877239898235716  1.8034200284069184 2.7095116367170013  1.8064591270103092 2.7316026210816688  1.8092601035684861 2.7539747912289969  1.8118192853934427 2.7766059085330155  1.8141328868570847 2.7994739065940739  1.8161975059025546 2.8225560610694602  1.8180107055644907 2.8458280183310882  1.8195698346069025 2.869265802193647  1.8208725012938078 2.8928448858025773  1.8219171011836035 2.9165391815002195  1.8227017806950796 2.9403228313170531  1.8232253557798874 2.9641698563651881  1.8234874669437207 2.9880542181608516  1.823487535692891 3.0119498770001596  1.8232252867243184 3.0358308378673216  1.8227016581382911 3.0596723191803012  1.8219174919318142 3.0834494946248299  1.8208737157045214 3.1071375614054926  1.819571005870501 3.1307116673836926  1.8180111314215157 3.1541471676877877  1.8161972847041474 3.1774196866049178  1.8141323698895417 3.2005047978277901  1.8118193560560993 3.2233780788695947  1.809261199197935 3.2460151425560304  1.8064607998402371 3.2683914566422856  1.8034212554167683 3.2904830446228437  1.8001471220392877 3.3122699309913153  1.7966428094948983 3.3337317891270342  1.7929127384020409 3.3548483680594181  1.7889613280896457 3.3755994653318271  1.784792883793465 3.3959646087817754  1.7804121330691127 3.4159245723281124  1.7758243232144992 3.4354616651027317  1.7710345609917857 3.4545578707392264  1.7660479752609 3.473195318502635  1.760869585454127 3.4913558806305245  1.7555049038177948 3.5090230983348163  1.7499595683401465 3.5261810140215855  1.7442391611386328 3.5428135913294097  1.7383491780185001 3.5589046384481784  1.7322953504364884 3.5744387807577249  1.726083793450611 3.5894018975679232  1.7197205028028983 3.6037796139032685  1.7132114827118872 3.617557681465009  1.7065626030824472 3.6307215995327686  1.6997800728370249 3.6432578694268978  1.6928707392758313 3.655154748891523  1.6858413018106906 3.6664001870448137  1.6786984509376845 3.6769821872548829  1.6714488614491418 3.6868888445160009  1.6640990602257235 3.6961078330678658  1.6566561806172087 3.7046293561863886  1.6491276431106467 3.7124448194676947  1.6415207656955473 3.7195453198315493  1.6338428755557708 3.7259221036923775  1.6261011969058043 3.7315661281623327  1.6183037262438635 3.7364717099592015  1.6104585464988004 3.7406335194234006  1.6025736932085854 3.7440462625573372  1.5946572143128261 3.7467041549683269  1.5867169744358802 3.7486044781497472  1.5787607647227364 3.7497459650327376  1.5734511802640225 3.7499999855742985  1.5707963267911382 3.75 
 0 4 0.0050505050505050509 1 0.010101010101010102 1 0.015151515151515152 1 0.020202020202020204 1 0.025252525252525256 1 0.030303030303030304 1 0.035353535353535359 1 0.040404040404040407 1 0.045454545454545456 1 0.050505050505050511 1 0.055555555555555559 1 0.060606060606060608 1 0.065656565656565663 1 0.070707070707070718 1 0.07575757575757576 1 0.080808080808080815 1 0.08585858585858587 1 0.090909090909090912 1 0.095959595959595967 1 0.10101010101010102 1 0.10606060606060606 1 0.11111111111111112 1 0.11616161616161617 1 0.12121212121212122 1 0.12626262626262627 1 0.13131313131313133 1 0.13636363636363638 1 0.14141414141414144 1 0.14646464646464646 1 0.15151515151515152 1 0.15656565656565657 1 0.16161616161616163 1 0.16666666666666669 1 0.17171717171717174 1 0.1767676767676768 1 0.18181818181818182 1 0.18686868686868688 1 0.19191919191919193 1 0.19696969696969699 1 0.20202020202020204 1 0.2070707070707071 1 0.21212121212121213 1 0.21717171717171718 1 0.22222222222222224 1 0.22727272727272729 1 0.23232323232323235 1 0.2373737373737374 1 0.24242424242424243 1 0.24747474747474749 1 0.25252525252525254 1 0.25757575757575762 1 0.26262626262626265 1 0.26767676767676768 1 0.27272727272727276 1 0.27777777777777779 1 0.28282828282828287 1 0.2878787878787879 1 0.29292929292929293 1 0.29797979797979801 1 0.30303030303030304 1 0.30808080808080812 1 0.31313131313131315 1 0.31818181818181823 1 0.32323232323232326 1 0.32828282828282829 1 0.33333333333333337 1 0.3383838383838384 1 0.34343434343434348 1 0.34848484848484851 1 0.35353535353535359 1 0.35858585858585862 1 0.36363636363636365 1 0.36868686868686873 1 0.37373737373737376 1 0.37878787878787884 1 0.38383838383838387 1 0.3888888888888889 1 0.39393939393939398 1 0.39898989898989901 1 0.40404040404040409 1 0.40909090909090912 1 0.4141414141414142 1 0.41919191919191923 1 0.42424242424242425 1 0.42929292929292934 1 0.43434343434343436 1 0.43939393939393945 1 0.44444444444444448 1 0.44949494949494956 1 0.45454545454545459 1 0.45959595959595961 1 0.4646464646464647 1 0.46969696969696972 1 0.47474747474747481 1 0.47979797979797983 1 0.48484848484848486 1 0.48989898989898994 1 0.49494949494949497 1 0.5 1 0.50505050505050508 1 0.51010101010101017 1 0.51515151515151525 1 0.52020202020202022 1 0.5252525252525253 1 0.53030303030303039 1 0.53535353535353536 1 0.54040404040404044 1 0.54545454545454553 1 0.5505050505050505 1 0.55555555555555558 1 0.56060606060606066 1 0.56565656565656575 1 0.57070707070707072 1 0.5757575757575758 1 0.58080808080808088 1 0.58585858585858586 1 0.59090909090909094 1 0.59595959595959602 1 0.60101010101010111 1 0.60606060606060608 1 0.61111111111111116 1 0.61616161616161624 1 0.62121212121212122 1 0.6262626262626263 1 0.63131313131313138 1 0.63636363636363646 1 0.64141414141414144 1 0.64646464646464652 1 0.6515151515151516 1 0.65656565656565657 1 0.66161616161616166 1 0.66666666666666674 1 0.67171717171717182 1 0.6767676767676768 1 0.68181818181818188 1 0.68686868686868696 1 0.69191919191919193 1 0.69696969696969702 1 0.7020202020202021 1 0.70707070707070718 1 0.71212121212121215 1 0.71717171717171724 1 0.72222222222222232 1 0.72727272727272729 1 0.73232323232323238 1 0.73737373737373746 1 0.74242424242424254 1 0.74747474747474751 1 0.7525252525252526 1 0.75757575757575768 1 0.76262626262626265 1 0.76767676767676774 1 0.77272727272727282 1 0.77777777777777779 1 0.78282828282828287 1 0.78787878787878796 1 0.79292929292929304 1 0.79797979797979801 1 0.80303030303030309 1 0.80808080808080818 1 0.81313131313131315 1 0.81818181818181823 1 0.82323232323232332 1 0.8282828282828284 1 0.83333333333333337 1 0.83838383838383845 1 0.84343434343434354 1 0.84848484848484851 1 0.85353535353535359 1 0.85858585858585867 1 0.86363636363636376 1 0.86868686868686873 1 0.87373737373737381 1 0.8787878787878789 1 0.88383838383838387 1 0.88888888888888895 1 0.89393939393939403 1 0.89898989898989912 1 0.90404040404040409 1 0.90909090909090917 1 0.91414141414141425 1 0.91919191919191923 1 0.92424242424242431 1 0.92929292929292939 1 0.93434343434343448 1 0.93939393939393945 1 0.94444444444444453 1 0.94949494949494961 1 0.95454545454545459 1 0.95959595959595967 1 0.96464646464646475 1 0.96969696969696972 1 0.97474747474747481 1 0.97979797979797989 1 0.98484848484848497 1 0.98989898989898994 1 0.99494949494949503 1 1 4
7 0 0  3 201 199  1.503330793184432e-11 6  0.010619411619652297 6.0000000317115427  0.031858756898985874 5.9999364356545399  0.063717039224464145 5.9996512314879533  0.095572277099194025 5.9991774592255709  0.12742218635291191 5.9985161031613403  0.15926503549608828 5.9976706645259172  0.1910989439814692 5.9966450767554127  0.22292194519303443 5.9954431592832984  0.254732209724299 5.9940687668014876  0.28652905130244832 5.9925284719764527  0.31831150424641752 5.9908288299787298  0.3500785476789865 5.9889764479983274  0.38182911663761843 5.9869777426433144  0.41356368134452381 5.9848414890901402  0.44528257718987252 5.982576743045704  0.4769859483935095 5.9801924928065944  0.50867388446938122 5.9776977201495569  0.54034668482026316 5.9751015007495916  0.57200607539587534 5.9724147548331485  0.60365343906822222 5.9696483234863109  0.63529005457409049 5.9668130613387893  0.66691719893969914 5.9639198479860918  0.6985361797014944 5.9609794496169473  0.7301491832915632 5.9580035724134337  0.76175832044496072 5.9550041443276065  0.79336551587734938 5.9519930355979129  0.82497267426069776 5.9489821346843055  0.85658175464984154 5.9459833148742938  0.88819494424826662 5.9430084919236918  0.91981450771428719 5.9400694152681561  0.95144194402752635 5.9371773669271404  0.98307862766191789 5.9343436990836516  1.0147258404580697 5.9315797446296976  1.0463849069163684 5.928896843457709  1.0780572967029016 5.9263063267494651  1.1097447535589833 5.9238195535288991  1.1414493465280851 5.9214477799127438  1.1731707067306321 5.9191996778998242  1.2049083104687197 5.9170840078369524  1.2366615708537045 5.9151095055705989  1.26842998852376 5.9132849166006061  1.3002132576459609 5.9116189723136801  1.3320114893473622 5.9101204508956933  1.3638233152046073 5.9087945019631309  1.3956471574297984 5.9076462563555801  1.427481410356954 5.9066807530429584  1.4593247696124028 5.9059034172368676  1.4911754415517251 5.9053178165654492  1.5230308408139122 5.9049256500241878  1.5548884469501685 5.9047292476714901  1.5867463160103679 5.9047294002510151  1.6186027132092908 5.9049259058393417  1.6504559019059624 5.9053186101625963  1.6823042237269599 5.9059048249476893  1.7141458556415543 5.9066816405077871  1.7459789650022177 5.907646536775931  1.7778019871433566 5.9087954000007548  1.8096132867776236 5.9101220824553238  1.8414111089383267 5.9116207498483435  1.8731934525824148 5.9132858102737895  1.9049600327725349 5.9151096424273417  1.9367110920989674 5.9170836367718103  1.9684465403550018 5.9191993580317552  2.0001662704906646 5.9214485612046239  2.0318705364284693 5.9238216366086069  2.0635596118364461 5.9263081020423396  2.0952334491919178 5.9288977434317802  2.1268926289447307 5.9315800153385831  2.1585391637557079 5.9343436576867976  2.1901747029572221 5.9371775214095548  2.2218010020761518 5.9400704201320078  2.2534199534268247 5.9430105385712597  2.2850332793244092 5.9459860667664834  2.316642676561381 5.9489851943408532  2.3482498919841452 5.9519961072594674  2.3798569988441396 5.955007017192437  2.4114660028228276 5.9580061497814425  2.4430788486325103 5.9609817172659065  2.4746975030808986 5.9639219724617423  2.5063242441854792 5.9668150192811558  2.5379607232511279 5.9696498689635789  2.5696080755275532 5.9724159309677516  2.6012674729289715 5.9751025176750892  2.6329401328259521 5.9776989673787195  2.6646274467140527 5.980194611802272  2.6963311415425624 5.9825787830356569  2.7280508861747723 5.9848429674847115  2.7597861906628869 5.9869786443802679  2.7915365993894814 5.9889773233585091  2.8233017952138471 5.99083039960923  2.8550817851627937 5.9925297083195561  2.8868767931083439 5.994069448487342  2.9186867904694154 5.9954436354882032  2.9505125762821804 5.9966460970130058  2.9823516055334629 5.9976719303880923  3.0141986064505075 5.998517109844145  3.0460491491358423 5.9991776999670252  3.0778996597694346 5.9996516576253667  3.1097457244722002 5.9999365398492115  3.1415894107836713 6.000031661522268  3.1734338228318442 5.9999368139950535  3.2052827628529501 5.9996513403131368  3.2371347250794309 5.9991769046784826  3.2689851563727732 5.9985162618902015  3.3008301944248641 5.9976720058011104  3.3326655000271046 5.9966463988545389  3.3644888894407741 5.9954435976921951  3.3962997330132678 5.9940696058065006  3.4280968443154993 5.9925300828844925  3.4598789959597456 5.9908305937076403  3.4916454596300577 5.9889774914125482  3.5233963561389414 5.9869791988995598  3.5551314243597099 5.9848438242558784  3.586850341946584 5.9825795204376622  3.6185529893369104 5.9801945771793195  3.6502405751717095 5.9776991887462563  3.6819139494676354 5.9751034165905086  3.7135739253511848 5.9724173984004532  3.7452211933020791 5.9696510997324763  3.7768573868932438 5.9668154956910247  3.8084842962804588 5.9639219855176213  3.8401035288540557 5.9609818820814828  3.8717166595485137 5.9580064570679898  3.9033256675566852 5.9550073168267739  3.9349326869832408 5.9519963553490625  3.9665397288218762 5.9489853993536528  3.9981489411208968 5.9459863070024968  4.0297623324612299 5.9430108516431757  4.0613816416846236 5.9400707604009604  4.0930086213753691 5.9371777765439147  4.1246450614557073 5.9343436194767714  4.1562930758537213 5.9315800879147433  4.1879536774631525 5.9288980483658911  4.2196276109435349 5.9263082526657263  4.2513156958663254 5.9238214695343263  4.2830189153507305 5.9214485128102323  4.3147384316730388 5.9191999968554114  4.3464740211105273 5.9170843601738614  4.3782254429732319 5.9151102040820129  4.4099924591263777 5.9132860312358861  4.4417751266716738 5.9116205761206908  4.473573347660766 5.9101216676085082  4.505385829578211 5.9087949037157426  4.5372115786475451 5.907646365841086  4.5690492368285165 5.9066815182410997  4.6008958563781475 5.9059039875146473  4.6327487127694944 5.90531795704399  4.6646053296756831 5.9049261329365477  4.6964632959823085 5.9047294297514679  4.7283201229940346 5.9047291922669221  4.7601735569609644 5.9049263363672919  4.7920228246569598 5.9053186285881658  4.8238669376758478 5.9059040142776658  4.8557049094648868 5.9066802564678405  4.8875359680668247 5.9076456686424992  4.9193592695661215 5.9087961549786305  4.9511731700183796 5.9101244695652158  4.9829757558049721 5.9116239876898113  5.0147649020217537 5.9132879262563511  5.0465384880055595 5.9151095145047217  5.078294374862911 5.9170820907145876  5.1100311871430062 5.9191985357465589  5.1417506312267482 5.9214484140257388  5.1734537339609084 5.9238215823889417  5.2051413791526864 5.9263078302361301  5.2368143548040882 5.9288969243029612  5.2684733400002077 5.9315787894191727  5.3001197245462048 5.9343426130303802  5.3317554165409744 5.9371766760021165  5.363381993986974 5.9400694446569968  5.3950010308135905 5.9430093259033256  5.4266141068605727 5.9459847788495406  5.4582232627192289 5.9489839809603833  5.489830492546111 5.9519950203944507  5.5214377035397906 5.9550060196447001  5.5530468913726985 5.9580050480144369  5.5846600918943565 5.9609803823763627  5.616279073151409 5.9639206138863461  5.6479055848103137 5.9668142630933376  5.6795413896658982 5.969649909520534  5.7111885737959529 5.9724159674010879  5.7428488426019531 5.9751015345865  5.7745226400992049 5.9776969107707085  5.8062105049749304 5.9801921855178195  5.8379129767381119 5.9825774812427248  5.8696306968490726 5.9848429990869967  5.9013648259273239 5.9869785924346788  5.9331154759459421 5.9889762000571585  5.9648819772623343 5.990828752053992  5.9966638149219831 5.9925289237361712  6.0284604955016734 5.9940695147970366  6.0602720077736958 5.9954430821891647  6.0920962589321279 5.9966450065759549  6.1239307060828372 5.9976709676728488  6.1557729414751101 5.9985166686257525  6.1876205571637275 5.9991774247459366  6.2194723826959502 5.9996509838415788  6.2513275484417532 5.9999362455615737  6.2725658977861718 5.9999999682884599  6.2831853071946204 6 
 0 4 0.0050505050505050509 1 0.010101010101010102 1 0.015151515151515152 1 0.020202020202020204 1 0.025252525252525256 1 0.030303030303030304 1 0.035353535353535359 1 0.040404040404040407 1 0.045454545454545456 1 0.050505050505050511 1 0.055555555555555559 1 0.060606060606060608 1 0.065656565656565663 1 0.070707070707070718 1 0.07575757575757576 1 0.080808080808080815 1 0.08585858585858587 1 0.090909090909090912 1 0.095959595959595967 1 0.10101010101010102 1 0.10606060606060606 1 0.11111111111111112 1 0.11616161616161617 1 0.12121212121212122 1 0.12626262626262627 1 0.13131313131313133 1 0.13636363636363638 1 0.14141414141414144 1 0.14646464646464646 1 0.15151515151515152 1 0.15656565656565657 1 0.16161616161616163 1 0.16666666666666669 1 0.17171717171717174 1 0.1767676767676768 1 0.18181818181818182 1 0.18686868686868688 1 0.19191919191919193 1 0.19696969696969699 1 0.20202020202020204 1 0.2070707070707071 1 0.21212121212121213 1 0.21717171717171718 1 0.22222222222222224 1 0.22727272727272729 1 0.23232323232323235 1 0.2373737373737374 1 0.24242424242424243 1 0.24747474747474749 1 0.25252525252525254 1 0.25757575757575762 1 0.26262626262626265 1 0.26767676767676768 1 0.27272727272727276 1 0.27777777777777779 1 0.28282828282828287 1 0.2878787878787879 1 0.29292929292929293 1 0.29797979797979801 1 0.30303030303030304 1 0.30808080808080812 1 0.31313131313131315 1 0.31818181818181823 1 0.32323232323232326 1 0.32828282828282829 1 0.33333333333333337 1 0.3383838383838384 1 0.34343434343434348 1 0.34848484848484851 1 0.35353535353535359 1 0.35858585858585862 1 0.36363636363636365 1 0.36868686868686873 1 0.37373737373737376 1 0.37878787878787884 1 0.38383838383838387 1 0.3888888888888889 1 0.39393939393939398 1 0.39898989898989901 1 0.40404040404040409 1 0.40909090909090912 1 0.4141414141414142 1 0.41919191919191923 1 0.42424242424242425 1 0.42929292929292934 1 0.43434343434343436 1 0.43939393939393945 1 0.44444444444444448 1 0.44949494949494956 1 0.45454545454545459 1 0.45959595959595961 1 0.4646464646464647 1 0.46969696969696972 1 0.47474747474747481 1 0.47979797979797983 1 0.48484848484848486 1 0.48989898989898994 1 0.49494949494949497 1 0.5 1 0.50505050505050508 1 0.51010101010101017 1 0.51515151515151525 1 0.52020202020202022 1 0.5252525252525253 1 0.53030303030303039 1 0.53535353535353536 1 0.54040404040404044 1 0.54545454545454553 1 0.5505050505050505 1 0.55555555555555558 1 0.56060606060606066 1 0.56565656565656575 1 0.57070707070707072 1 0.5757575757575758 1 0.58080808080808088 1 0.58585858585858586 1 0.59090909090909094 1 0.59595959595959602 1 0.60101010101010111 1 0.60606060606060608 1 0.61111111111111116 1 0.61616161616161624 1 0.62121212121212122 1 0.6262626262626263 1 0.63131313131313138 1 0.63636363636363646 1 0.64141414141414144 1 0.64646464646464652 1 0.6515151515151516 1 0.65656565656565657 1 0.66161616161616166 1 0.66666666666666674 1 0.67171717171717182 1 0.6767676767676768 1 0.68181818181818188 1 0.68686868686868696 1 0.69191919191919193 1 0.69696969696969702 1 0.7020202020202021 1 0.70707070707070718 1 0.71212121212121215 1 0.71717171717171724 1 0.72222222222222232 1 0.72727272727272729 1 0.73232323232323238 1 0.73737373737373746 1 0.74242424242424254 1 0.74747474747474751 1 0.7525252525252526 1 0.75757575757575768 1 0.76262626262626265 1 0.76767676767676774 1 0.77272727272727282 1 0.77777777777777779 1 0.78282828282828287 1 0.78787878787878796 1 0.79292929292929304 1 0.79797979797979801 1 0.80303030303030309 1 0.80808080808080818 1 0.81313131313131315 1 0.81818181818181823 1 0.82323232323232332 1 0.8282828282828284 1 0.83333333333333337 1 0.83838383838383845 1 0.84343434343434354 1 0.84848484848484851 1 0.85353535353535359 1 0.85858585858585867 1 0.86363636363636376 1 0.86868686868686873 1 0.87373737373737381 1 0.8787878787878789 1 0.88383838383838387 1 0.88888888888888895 1 0.89393939393939403 1 0.89898989898989912 1 0.90404040404040409 1 0.90909090909090917 1 0.91414141414141425 1 0.91919191919191923 1 0.92424242424242431 1 0.92929292929292939 1 0.93434343434343448 1 0.93939393939393945 1 0.94444444444444453 1 0.94949494949494961 1 0.95454545454545459 1 0.95959595959595967 1 0.96464646464646475 1 0.96969696969696972 1 0.97474747474747481 1 0.97979797979797989 1 0.98484848484848497 1 0.98989898989898994 1 0.99494949494949503 1 1 4
7 0 0  3 223 221  4.7123889836536756 3.75  4.7099996738135639 3.7499998754236832  4.7052207471015661 3.7497938418943546  4.6980575953839994 3.7488686680158745  4.6909058442372835 3.7473285770089242  4.6837716461704746 3.7451748561430627  4.6766612120004476 3.7424084925232735  4.6695802573128677 3.7390329852211623  4.6625344043024617 3.7350523784536822  4.655529307561058 3.7304706388170707  4.6485706555985962 3.7252915200488381  4.6416640059149383 3.719519863833078  4.6348147286765506 3.7131621300574627  4.6280282552860976 3.7062244624061429  4.6213100169392662 3.6987131124836723  4.6146654855275138 3.6906342164165511  4.6080996485110806 3.68199582775615  4.6016174887482206 3.6728061160961771  4.5952240205679349 3.6630732178619008  4.58892427400591 3.652805286713698  4.5827233090151713 3.6420104405399338  4.5766256607542175 3.6306983953170708  4.5706358792482931 3.618878905080964  4.5647585447201404 3.6065617092974129  4.5589982535936882 3.5937565676861545  4.5533596488930375 3.5804731735212276  4.5478473010083276 3.5667214715405948  4.5424652194920876 3.5525129911954609  4.5372174962335423 3.5378591084080391  4.5321082319229768 3.5227712396660533  4.5271415533842321 3.5072607927241819  4.5223216105713977 3.4913391697037599  4.5176525645925105 3.4750178039925457  4.5131386324910387 3.4583080095459615  4.5087834411055931 3.4412231044895463  4.5045905876314958 3.4237765646806606  4.5005636986727851 3.4059818267929467  4.4967064181120886 3.3878523277632837  4.4930223931610955 3.3694015426593373  4.4895153385445523 3.3506427937623542  4.48618877651547 3.3315900159902831  4.483045618283386 3.3122589818063739  4.4800888734647613 3.2926652001801529  4.4773215460702165 3.2728242364682187  4.4747466243894074 3.2527516939725971  4.4723672238953922 3.232462967826538  4.4701857428722294 3.2119747491395212  4.4682042593018378 3.1913043088332071  4.466424944341437 3.1704687620105445  4.4648499149728416 3.1494853195368786  4.4634814390232336 3.1283709650466784  4.462320895839107 3.1071440594027102  4.4613693112549129 3.0858235142325063  4.4606277913395243 3.0644281059137013  4.4600974523862948 3.0429766457486385  4.4597792943060304 3.0214879406809954  4.4596733402138815 2.9999808420846716  4.4597796968684884 2.9784741977563272  4.4600982089759089 2.9569868542122824  4.4606287500250277 2.9355376666637527  4.4613703527382071 2.9141451561355813  4.4623220230804908 2.8928278313416791  4.4634827829513846 2.8716042110840694  4.4648516227965764 2.8504927860605576  4.4664265859600079 2.8295111736267575  4.4682057518871856 2.8086770271210257  4.4701871752328017 2.7880079512808003  4.472368995068055 2.7675217092644431  4.4747486059308947 2.747234581198652  4.4773232788046116 2.7271625855538395  4.4800903106896941 2.7073217838927279  4.4830470602134973 2.6877283193251928  4.4861906340075421 2.6683979237434636  4.4895176167836253 2.6493455004732263  4.4930246871830546 2.6305860406608845  4.4967085486681233 2.6121347078336461  4.5005656938687881 2.5940053619055039  4.5045925303462235 2.5762113051478117  4.5087855131571786 2.5587659930310727  4.5131410796173688 2.5416827786926666  4.5176552585019643 2.524974002141779  4.5223241211447336 2.5086520605375968  4.5271437446255289 2.4927293101921837  4.5321102585289275 2.4772182136560987  4.5372196920569872 2.4621308227032364  4.5424677335819323 2.447477967893398  4.5478501443687414 2.4332706541655047  4.553362699914465 2.4195198533247058  4.5590011827880454 2.4062364953321294  4.5647614775647707 2.3934317106587675  4.5706390075693948 2.381115345486573  4.5766290187494487 2.3692967259492894  4.5827268255229532 2.3579853023803166  4.5889277570802385 2.3471905056563749  4.5952271523512138 2.3369217202812673  4.6016204445663114 2.3271885357071342  4.6081028026506079 2.3179996566107466  4.614668920260101 2.3093622986714539  4.621313598023244 2.3012839509624894  4.6280316315539034 2.2937720273264381  4.6348178456184881 2.2868339691346096  4.6416670836221785 2.2804771828643462  4.6485738016123017 2.2747067441905156  4.6555324745101414 2.269527775960837  4.6625375731179091 2.2649453251425276  4.669583646147184 2.2609646950519355  4.6766649864033836 2.257590051833632  4.6837755420318263 2.2548240756872393  4.6909093301128166 2.2526697972971497  4.6980603880061196 2.2511299480474771  4.7052229948623658 2.250205369901678  4.7123914029259231 2.2498972158404036  4.7195599226121061 2.2502057669882118  4.7267229541680535 2.2511308092092022  4.7338746472330548 2.2526714453876235  4.741008886137454 2.2548261153456672  4.748119652175852 2.2575928023464913  4.7552009957810677 2.2609682098470807  4.7622469492982953 2.2649492718638271  4.7692519763092092 2.2695316171690205  4.7762105019115957 2.2747110940674173  4.7831170433973336 2.2804826021059545  4.789966195355694 2.2868401745509166  4.7967524985648771 2.2937781252331031  4.8034705531929083 2.3012903375352218  4.8101151971542651 2.309369218515434  4.8166812255943103 2.3180073253837379  4.8231633764114639 2.3271973021108967  4.8295565612734137 2.3369312427743933  4.8358560946032547 2.3471999921330746  4.8420571904799123 2.3579946122970696  4.8481550717868309 2.3693060726742967  4.8541448859676422 2.3811254961302635  4.8600219683435713 2.3934434150089094  4.8657819974231167 2.4062493139282046  4.871420556599066 2.4195328738270252  4.8769332355787602 2.4332836931491384  4.882315550413157 2.4474915039978313  4.8875633437927855 2.4621451390453086  4.892672527811099 2.4772331932227902  4.8976389792299688 2.492744283959611  4.9024585156185516 2.5086671635099327  4.907127125538338 2.5249899246794669  4.9116410574773628 2.5416996983182725  4.9159964851267492 2.5587838042667195  4.9201895827217887 2.5762294974396993  4.9242164842298468 2.5940241034637088  4.9280733770462275 2.6121547260315898  4.9317569519250242 2.6306068467264221  4.9352638427534643 2.6493660827417402  4.9385906737726062 2.6684180342815136  4.9417340830067813 2.6877482338975183  4.944690583977704 2.7073425017398836  4.9474573058960196 2.7271850402747799  4.9500317211006832 2.7472591479214339  4.9524112130863776 2.7675483352834171  4.9545931760294977 2.7880360618628708  4.9565750076997537 2.8087057793833297  4.9583540394208798 2.8295410217841641  4.9599285828291997 2.8505239326666403  4.9612970242522838 2.8716365444868139  4.9624577440041042 2.8928609037452264  4.9634090574138297 2.9141791109180777  4.964150136886615 2.9355724867162256  4.9646802602407307 2.9570222587201132  4.9649986624864058 2.978509681288295  4.9651046431256152 3.0000159933383421  4.9649981774492247 3.0215223376500138  4.9646796413908767 3.0430098584003176  4.9641494512242117 3.0644597150699817  4.9634079103491189 3.0858530045871717  4.9624557874716944 3.107171090523785  4.9612946790936325 3.1283958162320551  4.959926021511424 3.1495089253869666  4.9583513244058723 3.1704922371861448  4.9565719515834381 3.1913273684139298  4.9545900343803808 3.2119970668587046  4.9524080911009056 3.2324846595080654  4.9500285377653768 3.2527733292716547  4.9474538193337692 3.2728463179756582  4.9446863310550873 3.2926867758580496  4.9417292243923265 3.3122795308441075  4.938585687613573 3.3316095172473039  4.935258880531693 3.3506616262339834  4.9317519740370299 3.369420815703684  4.9280680549288549 3.3878718197702864  4.9242107063403378 3.4060009469444328  4.9201836553377811 3.4237950000823609  4.9159905682314893 3.4412406443417827  4.9116351216111509 3.4583246305191668  4.9071209096230026 3.4750335045544642  4.9024518113696338 3.4913547722869107  4.8976319488076436 3.5072767692570457  4.8926653641128581 3.5227876424515321  4.8875561022616392 3.5378756144449355  4.8823081499007683 3.5525287940140906  4.8769256012221787 3.5667357012416461  4.871412864105646 3.580485910115546  4.8657742703696858 3.5937688267100487  4.8600141483973847 3.6065739165551722  4.8541367740280732 3.6188905752715907  4.8481468242785928 3.6307092619051367  4.8420489817744095 3.6420205009372535  4.8358479080870422 3.6528148271470422  4.8295482042084785 3.6630826691711666  4.8231545935076792 3.6728148967795193  4.8166722564716089 3.6820037867923161  4.8101062853991969 3.6906414033659893  4.8034617791861018 3.6987199138305016  4.7967437738774423 3.7062312854854875  4.7899574266685745 3.7131682598468716  4.7831081803570239 3.7195251714603295  4.776201413207275 3.7252960850121646  4.7692424989217219 3.7304751335469084  4.7622367924702189 3.7350564465373468  4.755190358792829 3.7390363484300786  4.7481092540550662 3.7424111351342031  4.7409995159619172 3.7451771482881671  4.7338672046208039 3.7473305751505621  4.726717769110949 3.7488700946147926  4.7195566100305024 3.7497945904276397  4.7147782935386333 3.7500001245763164  4.7123889836536756 3.75 
 0 4 0.0045454545454545452 1 0.0090909090909090905 1 0.013636363636363636 1 0.018181818181818181 1 0.022727272727272728 1 0.027272727272727271 1 0.031818181818181815 1 0.036363636363636362 1 0.040909090909090909 1 0.045454545454545456 1 0.049999999999999996 1 0.054545454545454543 1 0.05909090909090909 1 0.06363636363636363 1 0.068181818181818177 1 0.072727272727272724 1 0.077272727272727271 1 0.081818181818181818 1 0.086363636363636365 1 0.090909090909090912 1 0.095454545454545445 1 0.099999999999999992 1 0.10454545454545454 1 0.10909090909090909 1 0.11363636363636363 1 0.11818181818181818 1 0.12272727272727273 1 0.12727272727272726 1 0.13181818181818181 1 0.13636363636363635 1 0.1409090909090909 1 0.14545454545454545 1 0.14999999999999999 1 0.15454545454545454 1 0.15909090909090909 1 0.16363636363636364 1 0.16818181818181818 1 0.17272727272727273 1 0.17727272727272728 1 0.18181818181818182 1 0.18636363636363634 1 0.19090909090909089 1 0.19545454545454544 1 0.19999999999999998 1 0.20454545454545453 1 0.20909090909090908 1 0.21363636363636362 1 0.21818181818181817 1 0.22272727272727272 1 0.22727272727272727 1 0.23181818181818181 1 0.23636363636363636 1 0.24090909090909091 1 0.24545454545454545 1 0.25 1 0.25454545454545452 1 0.25909090909090909 1 0.26363636363636361 1 0.26818181818181819 1 0.27272727272727271 1 0.27727272727272728 1 0.2818181818181818 1 0.28636363636363638 1 0.29090909090909089 1 0.29545454545454541 1 0.29999999999999999 1 0.30454545454545451 1 0.30909090909090908 1 0.3136363636363636 1 0.31818181818181818 1 0.3227272727272727 1 0.32727272727272727 1 0.33181818181818179 1 0.33636363636363636 1 0.34090909090909088 1 0.34545454545454546 1 0.34999999999999998 1 0.35454545454545455 1 0.35909090909090907 1 0.36363636363636365 1 0.36818181818181817 1 0.37272727272727268 1 0.37727272727272726 1 0.38181818181818178 1 0.38636363636363635 1 0.39090909090909087 1 0.39545454545454545 1 0.39999999999999997 1 0.40454545454545454 1 0.40909090909090906 1 0.41363636363636364 1 0.41818181818181815 1 0.42272727272727273 1 0.42727272727272725 1 0.43181818181818182 1 0.43636363636363634 1 0.44090909090909086 1 0.44545454545454544 1 0.44999999999999996 1 0.45454545454545453 1 0.45909090909090905 1 0.46363636363636362 1 0.46818181818181814 1 0.47272727272727272 1 0.47727272727272724 1 0.48181818181818181 1 0.48636363636363633 1 0.49090909090909091 1 0.49545454545454543 1 0.5 1 0.50454545454545452 1 0.50909090909090904 1 0.51363636363636356 1 0.51818181818181819 1 0.52272727272727271 1 0.52727272727272723 1 0.53181818181818175 1 0.53636363636363638 1 0.54090909090909089 1 0.54545454545454541 1 0.54999999999999993 1 0.55454545454545456 1 0.55909090909090908 1 0.5636363636363636 1 0.56818181818181812 1 0.57272727272727275 1 0.57727272727272727 1 0.58181818181818179 1 0.58636363636363631 1 0.59090909090909083 1 0.59545454545454546 1 0.59999999999999998 1 0.6045454545454545 1 0.60909090909090902 1 0.61363636363636365 1 0.61818181818181817 1 0.62272727272727268 1 0.6272727272727272 1 0.63181818181818183 1 0.63636363636363635 1 0.64090909090909087 1 0.64545454545454539 1 0.65000000000000002 1 0.65454545454545454 1 0.65909090909090906 1 0.66363636363636358 1 0.6681818181818181 1 0.67272727272727273 1 0.67727272727272725 1 0.68181818181818177 1 0.68636363636363629 1 0.69090909090909092 1 0.69545454545454544 1 0.69999999999999996 1 0.70454545454545447 1 0.70909090909090911 1 0.71363636363636362 1 0.71818181818181814 1 0.72272727272727266 1 0.72727272727272729 1 0.73181818181818181 1 0.73636363636363633 1 0.74090909090909085 1 0.74545454545454537 1 0.75 1 0.75454545454545452 1 0.75909090909090904 1 0.76363636363636356 1 0.76818181818181819 1 0.77272727272727271 1 0.77727272727272723 1 0.78181818181818175 1 0.78636363636363638 1 0.79090909090909089 1 0.79545454545454541 1 0.79999999999999993 1 0.80454545454545445 1 0.80909090909090908 1 0.8136363636363636 1 0.81818181818181812 1 0.82272727272727264 1 0.82727272727272727 1 0.83181818181818179 1 0.83636363636363631 1 0.84090909090909083 1 0.84545454545454546 1 0.84999999999999998 1 0.8545454545454545 1 0.85909090909090902 1 0.86363636363636365 1 0.86818181818181817 1 0.87272727272727268 1 0.8772727272727272 1 0.88181818181818172 1 0.88636363636363635 1 0.89090909090909087 1 0.89545454545454539 1 0.89999999999999991 1 0.90454545454545454 1 0.90909090909090906 1 0.91363636363636358 1 0.9181818181818181 1 0.92272727272727273 1 0.92727272727272725 1 0.93181818181818177 1 0.93636363636363629 1 0.94090909090909092 1 0.94545454545454544 1 0.94999999999999996 1 0.95454545454545447 1 0.95909090909090899 1 0.96363636363636362 1 0.96818181818181814 1 0.97272727272727266 1 0.97727272727272718 1 0.98181818181818181 1 0.98636363636363633 1 0.99090909090909085 1 0.99545454545454537 1 1 4
7 0 0  3 223 221  6.2831853202555301 0  6.2736280860602172 4.4461410010479752e-08  6.2545123588198521 5.1740122238391307e-05  6.2258376022364299 0.00028306273938492855  6.1971642927225137 0.00066714178395284784  6.1684950361893272 0.0012028901937247108  6.13983251326394 0.0018894599717892958  6.1111776943434588 0.0027240027278209828  6.0825313700350065 0.003703236760574288  6.0538944900908493 0.004823939307405406  6.0252680377347865 0.0060830678006874341  5.9966526657092167 0.0074766666798712529  5.9680487970568823 0.0089994232071682438  5.9394570655359349 0.010646289772647421  5.9108781172544838 0.012412128495666584  5.8823125969585668 0.014291897450557421  5.853760060437569 0.016278964964140011  5.8252201929112424 0.018366603198588072  5.7966927923779146 0.02054811170853681  5.7681776811821273 0.022816776142902149  5.7396746346343015 0.025165910381013051  5.7111824233556376 0.02758757277407824  5.6826999776570624 0.030073792255289073  5.6542263255192058 0.032616607437674021  5.6257605147911676 0.03520804760695663  5.5973015862328452 0.037840169678224282  5.5688483558907294 0.040504926931934755  5.5403991028408299 0.043193619944534092  5.5119523409925648 0.045897612616871822  5.4835066518071258 0.048608251787548885  5.4550606512054021 0.05131688921976247  5.4266129139177917 0.054014874040583992  5.3981619332262856 0.056693560996978601  5.369705982510613 0.059344284992475328  5.3412438426475681 0.061958711539204847  5.3127744872106444 0.064528531766913214  5.2842969292068176 0.067045431773837941  5.2558101702960567 0.069501092374445253  5.2273131585696255 0.071887220549802913  5.1988046103174632 0.074195423898330587  5.1702833937830217 0.076417707041329747  5.1417495246972109 0.078547263896778782  5.1132029352116675 0.080577120221131615  5.0846435671546057 0.082500329072972667  5.0560712998697177 0.084310002463888908  5.0274856963979317 0.085998989291334732  4.9988869845783874 0.087561758228224845  4.9702758553115771 0.088993503222490181  4.9416528986933663 0.090289219628727463  4.9130187105821896 0.091444037244641799  4.8843735099445844 0.092452746688842055  4.8557186088300526 0.093312208251404988  4.8270559468494767 0.094020104801454521  4.7983873675583624 0.094573934700584908  4.7697146980676948 0.094971178899075082  4.7410395614737588 0.095209577131891918  4.7123634404616084 0.095289028945659576  4.6836879013559329 0.095209248644460662  4.6550145140910715 0.094970576306978916  4.6263448060281203 0.094573286354982841  4.5976800454988442 0.094019580690266072  4.5690216213012569 0.093311724601075452  4.5403709521397637 0.092451949225273167  4.5117293462166828 0.091442559123515552  4.4830975572256122 0.090288030191498003  4.4544765325047369 0.088992763631498856  4.425867239648106 0.087561226495070199  4.3972707267696975 0.085997697130073533  4.3686868801609933 0.084308199095584221  4.3401155688976445 0.082499063128101457  4.3115568019659349 0.080576570956978066  4.2830106303190334 0.078546902267076391  4.2544769206564439 0.076416746211085324  4.2259554126769707 0.074193838095904185  4.1974459667593926 0.071885754236338847  4.1689486336787844 0.069500040885246819  4.1404623579861592 0.067044718772677578  4.1119857280536216 0.064528018184496286  4.0835174989974021 0.061958110996146572  4.0550563518411149 0.059343210690298978  4.0266008843812315 0.056691955654591182  3.998149814178662 0.054012963544494634  3.9697018824972687 0.051314856588606267  3.9412558165487468 0.048606259455186394  3.9128101891077804 0.045895781465038601  3.8843634816299257 0.043191985852318829  3.8559142814354814 0.04050344051109684  3.8274611633328952 0.037838719576473376  3.7990026789490923 0.035206367559510468  3.7705371412598687 0.032615041226392298  3.7420634077938022 0.0300726891807052  3.7135807189492205 0.027586973880609333  3.6850882964362501 0.025165625191285686  3.6565853465217693 0.022816365964862865  3.6280710183159091 0.020546879698659835  3.5995441585446226 0.018365014322292768  3.5710040071428448 0.016277910382623783  3.5424508971234889 0.01429151827821184  3.513885031992416 0.012412006943829655  3.4853066302117739 0.010645485115136154  3.4567157938811377 0.0089980837880209164  3.4281124255176678 0.0074759051084828335  3.3994971440100077 0.0060831112954848245  3.3708706306149629 0.0048239040855905368  3.342233590989391 0.0037024211441439125  3.313586431339921 0.0027230169037745578  3.2849302443381934 0.0018890841730559494  3.2562672738942364 0.0012027610850884685  3.227599599101568 0.00066647680984413874  3.1989291151550177 0.00028242735142019744  3.1702565929524642 5.1363784978595081e-05  3.1415829646379443 -2.5704424055696543e-05  3.1129088825543931 5.1454002557814128e-05  3.0842346410955592 0.00028259153158907984  3.0555615517582364 0.00066693887737020931  3.0268920295925454 0.0012031963894809593  2.9982281204419845 0.001889725858067369  2.9695717750592152 0.0027239202593078169  2.9409249745311552 0.0037033471578544596  2.9122882283433515 0.0048244272291328716  2.8836621637517581 0.0060837650342716208  2.8550472452069044 0.0074771666782655422  2.826443915860823 0.0089997099360944605  2.797852745778231 0.010646705697682517  2.7692741441968423 0.012413114421716283  2.7407081730381577 0.014292700721814648  2.7121550478711409 0.016279350067594713  2.6836151036867886 0.018367020960367329  2.6550881946089326 0.020549215187765434  2.6265733505274209 0.022818398349466591  2.5980699145336494 0.025167214647155378  2.5695772289821921 0.027588237869811065  2.5410947195155842 0.030074144855237836  2.5126214184637092 0.032617225266000652  2.4841559089677272 0.035209084322304796  2.455696990819094 0.037841452913156742  2.4272434637355964 0.040506018059154984  2.3987941396386692 0.043194516585741201  2.3703474807482294 0.045898376183639969  2.34190195044253 0.048608938546340831  2.3134560632945984 0.051317570035133195  2.2850082526780788 0.054015619894004899  2.2565570058263607 0.056694488472314272  2.2281010951291851 0.059345647980266189  2.199639299570558 0.061960555072536269  2.1711703906099196 0.064530677028993788  2.142693028114298 0.067047454184261293  2.1142058065721301 0.069502425839616702  2.0857080858558348 0.07188786310747447  2.0571992271245403 0.07419597794958048  2.0286785637995273 0.076418982019101828  2.0001453874000532 0.078549147354216864  1.9715986155769052 0.080578504761607495  1.9430380978054593 0.082500436306817387  1.9144644120359864 0.084309078589445308  1.8858780323976365 0.085998392304912769  1.8572794250494589 0.087562376092569769  1.8286689489439141 0.088995052720217155  1.8000466797673358 0.090290310497933735  1.7714135473550687 0.091444255569571156  1.7427706493083388 0.092453166758964478  1.7141190546118903 0.093313316369826579  1.6854596625085092 0.094020831686767087  1.6567939462756529 0.094573829009195573  1.6281235484804215 0.094970669240912187  1.5994500715380404 0.095209616682609216  1.5707750093282602 0.095289082173222794  1.5420998621960251 0.095208995586136172  1.5134262112213301 0.094970219384429969  1.4847556928529091 0.094573707854877689  1.4560899555436082 0.094020159300995429  1.4274303365360419 0.093311329439597385  1.3987779733835035 0.092450858629059968  1.3701342167914321 0.091442027486107372  1.3415004015204861 0.090288289213030531  1.3128779533859873 0.088992766411473398  1.2842673823161803 0.087560350842883342  1.2556689631577296 0.085996836198744084  1.2270831979224441 0.084307794930113311  1.1985105937526175 0.08249887896815003  1.169951656508049 0.080575643564060703  1.1414058058902983 0.078545311802240392  1.11287259763394 0.076415210261891589  1.0843517179159301 0.074192629283266018  1.0558428574222356 0.071884901196705306  1.0273457854074968 0.0694992266111681  0.99885933566777307 0.067043727150098223  0.97038223320511641 0.064526811970003733  0.94191337572483036 0.061956815020248406  0.91345166447748571 0.059342100610899895  0.88499602348886608 0.056690986816342374  0.85654504087369521 0.054011993585639406  0.82809720228485428 0.051313813368916252  0.79965112808715233 0.048605102216242611  0.77120544383555689 0.045894520874811627  0.7427587290340858 0.043190747703356271  0.71430947605867168 0.040502379511634774  0.6858562897566971 0.037837799313284827  0.65739780684892768 0.035205425887025313  0.62893265022414813 0.032613659498147957  0.60045929848666635 0.030070938700584894  0.57197684887862721 0.02758504813158082  0.54348449105326413 0.025163733101593391  0.51498138367786073 0.022814727755661582  0.48646651558880016 0.020545849929358616  0.45793899554430695 0.018364572890949251  0.42939890704055905 0.016277271286063724  0.40084623979613809 0.014290486493005402  0.37228098668693743 0.012410676654198831  0.34370294895328435 0.010644466122897692  0.31511199419254599 0.008997833140891056  0.2865085488543011 0.0074754260297559558  0.25789296328815947 0.0060821183963520962  0.22926553549320339 0.004822726812210504  0.20062639437320318 0.003702070703407672  0.17197793040128939 0.0027231251891863878  0.14332262857039346 0.0018888887970675717  0.11466290997611406 0.001202323737031446  0.086001219642425575 0.00066651408094303092  0.057337237930867424 0.00028257811231782314  0.028670514747656028 5.1472500551006851e-05  0.0095572486293704628 -4.4461410011747449e-08  1.3075944771401282e-08 0 
 0 4 0.0045454545454545452 1 0.0090909090909090905 1 0.013636363636363636 1 0.018181818181818181 1 0.022727272727272728 1 0.027272727272727271 1 0.031818181818181815 1 0.036363636363636362 1 0.040909090909090909 1 0.045454545454545456 1 0.049999999999999996 1 0.054545454545454543 1 0.05909090909090909 1 0.06363636363636363 1 0.068181818181818177 1 0.072727272727272724 1 0.077272727272727271 1 0.081818181818181818 1 0.086363636363636365 1 0.090909090909090912 1 0.095454545454545445 1 0.099999999999999992 1 0.10454545454545454 1 0.10909090909090909 1 0.11363636363636363 1 0.11818181818181818 1 0.12272727272727273 1 0.12727272727272726 1 0.13181818181818181 1 0.13636363636363635 1 0.1409090909090909 1 0.14545454545454545 1 0.14999999999999999 1 0.15454545454545454 1 0.15909090909090909 1 0.16363636363636364 1 0.16818181818181818 1 0.17272727272727273 1 0.17727272727272728 1 0.18181818181818182 1 0.18636363636363634 1 0.19090909090909089 1 0.19545454545454544 1 0.19999999999999998 1 0.20454545454545453 1 0.20909090909090908 1 0.21363636363636362 1 0.21818181818181817 1 0.22272727272727272 1 0.22727272727272727 1 0.23181818181818181 1 0.23636363636363636 1 0.24090909090909091 1 0.24545454545454545 1 0.25 1 0.25454545454545452 1 0.25909090909090909 1 0.26363636363636361 1 0.26818181818181819 1 0.27272727272727271 1 0.27727272727272728 1 0.2818181818181818 1 0.28636363636363638 1 0.29090909090909089 1 0.29545454545454541 1 0.29999999999999999 1 0.30454545454545451 1 0.30909090909090908 1 0.3136363636363636 1 0.31818181818181818 1 0.3227272727272727 1 0.32727272727272727 1 0.33181818181818179 1 0.33636363636363636 1 0.34090909090909088 1 0.34545454545454546 1 0.34999999999999998 1 0.35454545454545455 1 0.35909090909090907 1 0.36363636363636365 1 0.36818181818181817 1 0.37272727272727268 1 0.37727272727272726 1 0.38181818181818178 1 0.38636363636363635 1 0.39090909090909087 1 0.39545454545454545 1 0.39999999999999997 1 0.40454545454545454 1 0.40909090909090906 1 0.41363636363636364 1 0.41818181818181815 1 0.42272727272727273 1 0.42727272727272725 1 0.43181818181818182 1 0.43636363636363634 1 0.44090909090909086 1 0.44545454545454544 1 0.44999999999999996 1 0.45454545454545453 1 0.45909090909090905 1 0.46363636363636362 1 0.46818181818181814 1 0.47272727272727272 1 0.47727272727272724 1 0.48181818181818181 1 0.48636363636363633 1 0.49090909090909091 1 0.49545454545454543 1 0.5 1 0.50454545454545452 1 0.50909090909090904 1 0.51363636363636356 1 0.51818181818181819 1 0.52272727272727271 1 0.52727272727272723 1 0.53181818181818175 1 0.53636363636363638 1 0.54090909090909089 1 0.54545454545454541 1 0.54999999999999993 1 0.55454545454545456 1 0.55909090909090908 1 0.5636363636363636 1 0.56818181818181812 1 0.57272727272727275 1 0.57727272727272727 1 0.58181818181818179 1 0.58636363636363631 1 0.59090909090909083 1 0.59545454545454546 1 0.59999999999999998 1 0.6045454545454545 1 0.60909090909090902 1 0.61363636363636365 1 0.61818181818181817 1 0.62272727272727268 1 0.6272727272727272 1 0.63181818181818183 1 0.63636363636363635 1 0.64090909090909087 1 0.64545454545454539 1 0.65000000000000002 1 0.65454545454545454 1 0.65909090909090906 1 0.66363636363636358 1 0.6681818181818181 1 0.67272727272727273 1 0.67727272727272725 1 0.68181818181818177 1 0.68636363636363629 1 0.69090909090909092 1 0.69545454545454544 1 0.69999999999999996 1 0.70454545454545447 1 0.70909090909090911 1 0.71363636363636362 1 0.71818181818181814 1 0.72272727272727266 1 0.72727272727272729 1 0.73181818181818181 1 0.73636363636363633 1 0.74090909090909085 1 0.74545454545454537 1 0.75 1 0.75454545454545452 1 0.75909090909090904 1 0.76363636363636356 1 0.76818181818181819 1 0.77272727272727271 1 0.77727272727272723 1 0.78181818181818175 1 0.78636363636363638 1 0.79090909090909089 1 0.79545454545454541 1 0.79999999999999993 1 0.80454545454545445 1 0.80909090909090908 1 0.8136363636363636 1 0.81818181818181812 1 0.82272727272727264 1 0.82727272727272727 1 0.83181818181818179 1 0.83636363636363631 1 0.84090909090909083 1 0.84545454545454546 1 0.84999999999999998 1 0.8545454545454545 1 0.85909090909090902 1 0.86363636363636365 1 0.86818181818181817 1 0.87272727272727268 1 0.8772727272727272 1 0.88181818181818172 1 0.88636363636363635 1 0.89090909090909087 1 0.89545454545454539 1 0.89999999999999991 1 0.90454545454545454 1 0.90909090909090906 1 0.91363636363636358 1 0.9181818181818181 1 0.92272727272727273 1 0.92727272727272725 1 0.93181818181818177 1 0.93636363636363629 1 0.94090909090909092 1 0.94545454545454544 1 0.94999999999999996 1 0.95454545454545447 1 0.95909090909090899 1 0.96363636363636362 1 0.96818181818181814 1 0.97272727272727266 1 0.97727272727272718 1 0.98181818181818181 1 0.98636363636363633 1 0.99090909090909085 1 0.99545454545454537 1 1 4
7 0 0  3 245 243  4.7123889803759393 3.4249999999999998  4.7167923692781066 3.4250001160810992  4.7256002696892407 3.4251750898774302  4.7388052113526076 3.4259606391435042  4.751993023876727 3.4272680547830174  4.7651532890183397 3.4290964151334511  4.7782763944809794 3.4314434498239725  4.7913536986643015 3.434305147284995  4.804376197876743 3.4376780270976517  4.8173354255423835 3.441557598232575  4.8302233308868807 3.4459384919070155  4.8430316208452568 3.4508156386639515  4.855752241115284 3.4561834469234554  4.8683777968469997 3.4620349576752623  4.8809006973251803 3.4683633991808498  4.8933132064604097 3.4751619944897207  4.9056078352832282 3.482423793333409  4.9177784976132468 3.490140973246421  4.9298187967052893 3.4983058143046581  4.9417222504603213 3.5069105683152726  4.9534823022019303 3.5159474976190541  4.9650921147599814 3.5254088506909609  4.9765461271788967 3.5352869648413203  4.9878390225942431 3.5455742017625873  4.9989652496814267 3.5562629184747814  5.009919149242287 3.5673454676186243  5.0206949541173778 3.578814224024474  5.0312867089530453 3.5906614781434127  5.041688675638496 3.6028798815267735  5.0518955223272055 3.6154626883477459  5.0619016793299059 3.628403042110194  5.0717014743790552 3.6416941158697225  5.0812891034015975 3.6553290751442797  5.0906586501554356 3.6693010860507176  5.0998040726808975 3.6836033198479106  5.1087192713234524 3.6982289266277419  5.1173977783189564 3.7131711721619509  5.1258328504858524 3.7284233914792666  5.1340176710401204 3.7439789052467667  5.1419453056005011 3.759831031231728  5.149608728026422 3.7759731131622885  5.1570007905276025 3.7923983938229213  5.1641143449421092 3.8091004938119237  5.1709417071349364 3.826071185410461  5.1774747259591622 3.8433006522558633  5.1837052604646114 3.8607794219623099  5.1896250645279505 3.8784979462950262  5.1952258614379234 3.8964466364381956  5.2004991805385128 3.9146161417491463  5.2054372148591881 3.9329956954039429  5.2100324583675715 3.9515738759591277  5.2142773131861402 3.9703392655595038  5.2181640130843112 3.9892810144214383  5.2216855283884609 4.0083850211228  5.2248352841786678 4.0276350985969325  5.2276066417663776 4.0470155121330693  5.2299926865275994 4.0665105188686441  5.2319890575709334 4.0861032981605234  5.2335919688846317 4.1057767627870776  5.2347972446178233 4.1255140179753385  5.2356017591241377 4.1452976066940996  5.236004618932963 4.1651088895542916  5.236004506481156 4.1849294236242276  5.2356005138638366 4.204740715326591  5.2347946281135025 4.2245242980694684  5.2335891643265926 4.2442617774693927  5.2319860672683633 4.263934492770435  5.2299886165493632 4.2835249424429254  5.2276020281355891 4.30301734255589  5.2248311487196908 4.3223955865274046  5.2216808534715966 4.3416436360482233  5.2181583232481374 4.3607464410695735  5.2142707997685891 4.3796890856691784  5.2100254171650393 4.3984562786399417  5.2054295187848876 4.417034214105156  5.2004909830176613 4.4354128080774764  5.1952175682017758 4.4535814251903814  5.1896169249511725 4.4715294560770769  5.1836969951761995 4.4892468174691142  5.1774661941086189 4.506724312627119  5.1709327661540501 4.5239525668512792  5.164104898259537 4.5409222885308038  5.1569907306575757 4.5576240316592784  5.1495981735551402 4.574048906241452  5.1419343827352488 4.5901904720692546  5.1340065019062724 4.6060419965325377  5.1258215565557821 4.6215968251967992  5.1173864797766386 4.636848283327029  5.1087080876745796 4.6517896992146062  5.0997931225574389 4.6664144093458475  5.0906478663667247 4.6807156604029041  5.0812784312311061 4.6946866818454307  5.0716908355633885 4.7083207081173519  5.0618909794106957 4.7216109704353038  5.0518846367356112 4.7345507079407909  5.0416774764543018 4.7471331313031486  5.0312749492967175 4.7593515571555161  5.0206828423595482 4.7711987025317999  5.0099070875076812 4.7826669634365544  4.9989534423066546 4.7937488123498868  4.9878275628086177 4.8044367008166002  4.9765349618437744 4.8147230876471729  4.9650810589541479 4.8246004235246733  4.9534709758614541 4.8340611843761589  4.9417111049477445 4.8430976138933888  4.9298080048810524 4.8517019123373535  4.9177680597367699 4.8598662918649334  4.9055975493669388 4.8675829591879722  4.8933026421001813 4.8748441309025647  4.8808892918901616 4.8816419895128504  4.8683655558181416 4.8879697759559946  4.8557395098421585 4.8938207761323786  4.8430191269429912 4.8991882454331215  4.8302122776701033 4.9040655164091067  4.8173267661951735 4.9084456434814463  4.8043699093368648 4.912323877587057  4.7913489365886139 4.9156960297172958  4.7782708632748632 4.9185577368448614  4.7651433140897286 4.9209048009273557  4.7519778895911031 4.9227340143247593  4.7387856772034729 4.9240416824432813  4.7255783557439015 4.924826287088063  4.7123693012364996 4.9250871924486468  4.6991658349718488 4.9248249400087865  4.6859685851652397 4.9240396586491819  4.6727830770669412 4.9227318131081983  4.659621609165244 4.9209030524874819  4.6464952324469566 4.9185551447421672  4.6334142948617059 4.9156923836841333  4.6203895683237262 4.9123186946353616  4.6074302898025028 4.9084386183524549  4.5945434389173547 4.904057475919708  4.581736512464694 4.8991805077303283  4.5690169869596158 4.8938127333771613  4.5563922199288438 4.8879606740956181  4.5438695710003367 4.8816316154322905  4.5314565470693342 4.8748326562230524  4.5191607088937653 4.8675709575700932  4.5069898331150391 4.859853618221023  4.4949499705820699 4.8516884057216263  4.4830471181865184 4.8430831561876104  4.4712874629436961 4.8340456903096554  4.4596772489363241 4.8245838228025697  4.4482230091410146 4.8147054077096616  4.4369303966356712 4.8044180748068603  4.4258046442129997 4.7937293256191742  4.414851253449986 4.782646690389595  4.4040758235514739 4.7711776972047355  4.3934840691189301 4.759329854058727  4.3830818762258961 4.7471107514720039  4.3728749852425572 4.7345276225105444  4.3628688635321264 4.7215871289439209  4.3530691896896867 4.7082960390173936  4.3434817487649235 4.6946610923896896  4.334112453740695 4.6806890365899774  4.3249673275653215 4.6663866162521908  4.3160525189371777 4.6517605797207588  4.3073742248097444 4.6368176633933693  4.2989391597692146 4.6215646908612191  4.2907542699405781 4.606008511280117  4.282826577672906 4.5901559656225359  4.2751632164509932 4.5740139033759144  4.2677714100143387 4.557589148151191  4.2606584927349536 4.5408886185503192  4.2538318225423977 4.5239188790876881  4.2472993488107385 4.5066892573408195  4.2410692267133427 4.4892097908592055  4.2351496487022544 4.4714903376927992  4.2295488893375159 4.4535407968997571  4.2242752700434281 4.4353710830049575  4.2193372370036979 4.4169910076582068  4.2147422349535777 4.398412225859559  4.2104976752918892 4.37964651213687  4.2066110145296269 4.3607056721245607  4.2030898056736614 4.3416012684967686  4.1999404598797998 4.3223494559621738  4.1971692718015987 4.3029667447387485  4.1947827692956237 4.2834694641385536  4.1927867459342689 4.2638743339116267  4.1911844536014407 4.2441993238145423  4.1899794815298188 4.2244622334190334  4.1891753974900459 4.204680908560853  4.1887731542608853 4.1848731640552339  4.1887736690668129 4.1650568216346748  4.1891776287796558 4.1452496869345845  4.1899833828564681 4.125469679523742  4.1911888431258033 4.1057347187408411  4.1927922956787098 4.0860628170295534  4.1947897082117764 4.0664711686092083  4.1971764807286158 4.046976752927141  4.1999483023175435 4.0275966696211771  4.2030987137844029 4.0083468838219893  4.206621067294793 3.9892431621977198  4.2105088825568409 3.9703016581247264  4.2147547558649912 3.9515350102978437  4.2193511279433382 3.9329551782497738  4.2242906419125692 3.9145745143188386  4.2295654172386525 3.8964042560604613  4.2351670263060512 3.8784544690918188  4.2410872251834695 3.8607354858247791  4.2473178101781555 3.8432574781222404  4.2538506149879716 3.8260309932482546  4.2606777124429751 3.8090649508572749  4.2677914618974313 3.7923663292932415  4.2751842662853736 3.7759425001595464  4.2828486269477137 3.7598007314509672  4.2907771416204996 3.743948312337297  4.2989624832257487 3.7283925508968827  4.3073975160298117 3.7131406560484472  4.3160757694360052 3.6981991905827467  4.3249908197799387 3.6835747796168881  4.3341363647522897 3.6692740315124857  4.3435062097212294 3.6553035593267356  4.3530942786845168 3.6416699740900293  4.3628946170134997 3.6283798902443736  4.3729014046012491 3.6154399106121367  4.3831087752686617 3.6028572554897007  4.3935109695821541 3.5906391572782175  4.4041023443524088 3.5787928464677305  4.4148773895293782 3.5673255490966462  4.4258306896164354 3.5562445109210574  4.4369571019765566 3.5455569032778906  4.448250733008682 3.5352703928506681  4.4597054757379722 3.5253928230767855  4.4713154313339381 3.5159319949666012  4.4830747583204476 3.5068957149974462  4.4949779271351842 3.498291810205806  4.5070188034032324 3.4901280057433994  4.5191901919696091 3.4824118624382776  4.5314852227580982 3.4751509841287671  4.5438970403717311 3.4683529190723417  4.5564190687863748 3.4620253948396007  4.5690441206916317 3.4561752103317716  4.5817646120935169 3.4508085523964138  4.5945730846556998 3.4459317123211983  4.6074624050064914 3.4415510867697798  4.6204237108878017 3.437672036721509  4.6334476116774725 3.434299527927108  4.6465249904089259 3.4314388621345673  4.6596462713658546 3.4290933512303496  4.6728016892962234 3.4272658870188542  4.6859819223492165 3.4259592197445663  4.6991799189830346 3.4251743944055963  4.7079855913175486 3.4249998839189004  4.7123889803759393 3.4249999999999998 
 0 4 0.0041322314049586778 1 0.0082644628099173556 1 0.012396694214876033 1 0.016528925619834711 1 0.020661157024793389 1 0.024793388429752067 1 0.028925619834710745 1 0.033057851239669422 1 0.0371900826446281 1 0.041322314049586778 1 0.045454545454545456 1 0.049586776859504134 1 0.053719008264462811 1 0.057851239669421489 1 0.061983471074380167 1 0.066115702479338845 1 0.070247933884297523 1 0.0743801652892562 1 0.078512396694214878 1 0.082644628099173556 1 0.086776859504132234 1 0.090909090909090912 1 0.095041322314049589 1 0.099173553719008267 1 0.10330578512396695 1 0.10743801652892562 1 0.1115702479338843 1 0.11570247933884298 1 0.11983471074380166 1 0.12396694214876033 1 0.12809917355371903 1 0.13223140495867769 1 0.13636363636363635 1 0.14049586776859505 1 0.14462809917355374 1 0.1487603305785124 1 0.15289256198347106 1 0.15702479338842976 1 0.16115702479338845 1 0.16528925619834711 1 0.16942148760330578 1 0.17355371900826447 1 0.17768595041322316 1 0.18181818181818182 1 0.18595041322314049 1 0.19008264462809918 1 0.19421487603305787 1 0.19834710743801653 1 0.2024793388429752 1 0.20661157024793389 1 0.21074380165289258 1 0.21487603305785125 1 0.21900826446280991 1 0.2231404958677686 1 0.22727272727272729 1 0.23140495867768596 1 0.23553719008264462 1 0.23966942148760331 1 0.243801652892562 1 0.24793388429752067 1 0.25206611570247933 1 0.25619834710743805 1 0.26033057851239672 1 0.26446280991735538 1 0.26859504132231404 1 0.27272727272727271 1 0.27685950413223143 1 0.28099173553719009 1 0.28512396694214875 1 0.28925619834710747 1 0.29338842975206614 1 0.2975206611570248 1 0.30165289256198347 1 0.30578512396694213 1 0.30991735537190085 1 0.31404958677685951 1 0.31818181818181818 1 0.3223140495867769 1 0.32644628099173556 1 0.33057851239669422 1 0.33471074380165289 1 0.33884297520661155 1 0.34297520661157027 1 0.34710743801652894 1 0.3512396694214876 1 0.35537190082644632 1 0.35950413223140498 1 0.36363636363636365 1 0.36776859504132231 1 0.37190082644628097 1 0.37603305785123969 1 0.38016528925619836 1 0.38429752066115702 1 0.38842975206611574 1 0.3925619834710744 1 0.39669421487603307 1 0.40082644628099173 1 0.4049586776859504 1 0.40909090909090912 1 0.41322314049586778 1 0.41735537190082644 1 0.42148760330578516 1 0.42561983471074383 1 0.42975206611570249 1 0.43388429752066116 1 0.43801652892561982 1 0.44214876033057854 1 0.4462809917355372 1 0.45041322314049587 1 0.45454545454545459 1 0.45867768595041325 1 0.46280991735537191 1 0.46694214876033058 1 0.47107438016528924 1 0.47520661157024796 1 0.47933884297520662 1 0.48347107438016529 1 0.48760330578512401 1 0.49173553719008267 1 0.49586776859504134 1 0.5 1 0.50413223140495866 1 0.50826446280991733 1 0.5123966942148761 1 0.51652892561983477 1 0.52066115702479343 1 0.52479338842975209 1 0.52892561983471076 1 0.53305785123966942 1 0.53719008264462809 1 0.54132231404958675 1 0.54545454545454541 1 0.54958677685950419 1 0.55371900826446285 1 0.55785123966942152 1 0.56198347107438018 1 0.56611570247933884 1 0.57024793388429751 1 0.57438016528925617 1 0.57851239669421495 1 0.58264462809917361 1 0.58677685950413228 1 0.59090909090909094 1 0.5950413223140496 1 0.59917355371900827 1 0.60330578512396693 1 0.6074380165289256 1 0.61157024793388426 1 0.61570247933884303 1 0.6198347107438017 1 0.62396694214876036 1 0.62809917355371903 1 0.63223140495867769 1 0.63636363636363635 1 0.64049586776859502 1 0.64462809917355379 1 0.64876033057851246 1 0.65289256198347112 1 0.65702479338842978 1 0.66115702479338845 1 0.66528925619834711 1 0.66942148760330578 1 0.67355371900826444 1 0.6776859504132231 1 0.68181818181818188 1 0.68595041322314054 1 0.69008264462809921 1 0.69421487603305787 1 0.69834710743801653 1 0.7024793388429752 1 0.70661157024793386 1 0.71074380165289264 1 0.7148760330578513 1 0.71900826446280997 1 0.72314049586776863 1 0.72727272727272729 1 0.73140495867768596 1 0.73553719008264462 1 0.73966942148760328 1 0.74380165289256195 1 0.74793388429752072 1 0.75206611570247939 1 0.75619834710743805 1 0.76033057851239672 1 0.76446280991735538 1 0.76859504132231404 1 0.77272727272727271 1 0.77685950413223148 1 0.78099173553719015 1 0.78512396694214881 1 0.78925619834710747 1 0.79338842975206614 1 0.7975206611570248 1 0.80165289256198347 1 0.80578512396694213 1 0.80991735537190079 1 0.81404958677685957 1 0.81818181818181823 1 0.8223140495867769 1 0.82644628099173556 1 0.83057851239669422 1 0.83471074380165289 1 0.83884297520661155 1 0.84297520661157033 1 0.84710743801652899 1 0.85123966942148765 1 0.85537190082644632 1 0.85950413223140498 1 0.86363636363636365 1 0.86776859504132231 1 0.87190082644628097 1 0.87603305785123964 1 0.88016528925619841 1 0.88429752066115708 1 0.88842975206611574 1 0.8925619834710744 1 0.89669421487603307 1 0.90082644628099173 1 0.9049586776859504 1 0.90909090909090917 1 0.91322314049586784 1 0.9173553719008265 1 0.92148760330578516 1 0.92561983471074383 1 0.92975206611570249 1 0.93388429752066116 1 0.93801652892561982 1 0.94214876033057848 1 0.94628099173553726 1 0.95041322314049592 1 0.95454545454545459 1 0.95867768595041325 1 0.96280991735537191 1 0.96694214876033058 1 0.97107438016528924 1 0.97520661157024802 1 0.97933884297520668 1 0.98347107438016534 1 0.98760330578512401 1 0.99173553719008267 1 0.99586776859504134 1 1 4
7 0 0  3 245 243  6.2831853071970869 1.4999999995636399  6.2743785310777218 1.5000000734621373  6.2567627202214071 1.5000877310070111  6.2303389760388175 1.5004804469079336  6.2039218505275349 1.5011330056088317  6.177518345105228 1.5020443252586986  6.1511338570169896 1.5032119549491896  6.1247719975629815 1.5046316614301964  6.0984370779714752 1.5062997930161837  6.0721324099772271 1.5082114720159772  6.0458605904145752 1.5103607325900117  6.0196246590908951 1.5127419824486035  5.993427207100444 1.5153489727401142  5.9672697324169928 1.5181737371404798  5.9411541054757588 1.5212085351470412  5.9150824566043179 1.5244456561748523  5.8890563852122941 1.5278770302931544  5.8630748307215965 1.5314928388053266  5.8371373250069514 1.5352834645961115  5.8112435395974416 1.5392392477486481  5.7853932294839963 1.5433504979711283  5.7595866436012075 1.5476076892731334  5.7338212294381936 1.5520000464937693  5.7080938263635943 1.5565164410077468  5.6824016633306167 1.5611458318358105  5.6567420896851672 1.5658771622666969  5.6311125387974048 1.5706993508711593  5.6055107796769308 1.5756014308238853  5.5799336532371804 1.5805719385872266  5.5543764104730631 1.5855985809307056  5.5288346919982159 1.5906692168661949  5.5033041207410855 1.5957716652526899  5.4777803919717378 1.6008937533183298  5.4522592300120474 1.606023314967574  5.4267363794879815 1.6111481490304433  5.4012075908187605 1.6162561879583996  5.3756685902836114 1.6213346374362427  5.3501150420173769 1.626370264345891  5.324542534632787 1.631349938300902  5.2989465779796525 1.6362605007565161  5.2733225409600992 1.6410888030696098  5.2476658170136714 1.6458216851488185  5.2219711408174163 1.6504460227941185  5.1962356879303764 1.6549485185979005  5.1704587507958211 1.6593157249182269  5.1446390091216525 1.6635342309923007  5.1187750842521353 1.6675906017021476  5.0928654275395209 1.6714714624713471  5.0669079940306494 1.6751632209124445  5.0409019826377701 1.6786535450358229  5.0148471350187203 1.6819307042615177  4.988743039878627 1.6849828982089174  4.9625883418727863 1.6877980686975471  4.9363854754373433 1.69036572988793  4.9101393681445211 1.6926763802281828  4.8838542175384339 1.6947203907294928  4.8575340151264061 1.6964877952289215  4.8311834453386933 1.6979722575918637  4.804807429488946 1.6991682693322243  4.7784105725508468 1.7000697695431786  4.7519979368097705 1.7006722456067862  4.7255759725964133 1.7009744591971145  4.6991509069567536 1.7009745509043463  4.6727288984969624 1.7006712601276122  4.6463161401894553 1.7000673842629861  4.6199189104021166 1.699166186249943  4.5935438415302832 1.6979703873352687  4.5671961582717628 1.696484701947284  4.5408792378497624 1.6947167509514338  4.5145970182764179 1.6926736224952232  4.4883534031687775 1.6903624701107653  4.4621517298154263 1.6877937522380773  4.4359954633852476 1.684978072018779  4.4098887165251197 1.6819258638202481  4.3838338504893555 1.6786481377144247  4.3578287780834648 1.6751573175321879  4.3318723485353567 1.6714656398655658  4.3059635256156659 1.6675852656586094  4.2801009262805731 1.663528926902258  4.2542825362815311 1.6593102597098826  4.2285067421968616 1.6549427304937172  4.2027720155383372 1.6504398463048353  4.1770771901631498 1.6458151213400898  4.1514204253034475 1.6410819976360944  4.125796547493624 1.6362535815852421  4.1002009301232256 1.6313430202243819  4.0746289521098245 1.6263634481703422  4.0490761265970212 1.6213280090755773  4.0235380440078963 1.6162498228700544  3.9980103846849167 1.6111420953380595  3.9724887675469991 1.6060172363433316  3.9469687994213269 1.600887505916591  3.921446086356303 1.595765203725533  3.8959162184118816 1.5906626162012227  3.8703747317820647 1.5855920430842561  3.8448171879554938 1.5805657441137473  3.8192388083224547 1.5755961257252034  3.7936363045333916 1.5706947651574148  3.7680071604080765 1.565872795555886  3.7423485681823405 1.5611414563839328  3.7166576630501873 1.5565119560558176  3.6909313994958293 1.5519955208642155  3.6651666590144196 1.5476033366371964  3.6393597941484797 1.5433467331828474  3.6135100567130496 1.5392357008686437  3.5876171759147311 1.5352799807931226  3.5616805884729352 1.5314893776117624  3.5356995727907927 1.5278736835674929  3.5096732088272837 1.5244426769964916  3.4836001521842435 1.5212062042744947  3.4574830706161097 1.51817195664391  3.4313247578223365 1.5153475384121471  3.4051278512751799 1.5127405984619411  3.3788947852812909 1.5103586941347507  3.3526278610962228 1.5082097043618141  3.3263281029934033 1.5062989714985944  3.2999963322516832 1.5046311842288957  3.2736329704527356 1.5032112567791176  3.2472396149641085 1.5020438191175882  3.2208257494297192 1.5011319057737522  3.1943998461416467 1.5004790368562535  3.1679713973613586 1.5000868894415842  3.1415532982321093 1.4999563897548014  3.1151463579561556 1.5000875532185842  3.0887380122633319 1.5004800294509442  3.0623254772502588 1.5011330466831707  3.0359195384306004 1.5020446100572282  3.0095284350299396 1.5032126582391898  2.9831592060204035 1.5046328863580465  2.9568197404562415 1.5063014002411681  2.9305148862357715 1.5082133936358773  2.9042450906766368 1.5103628296124803  2.8780118402283388 1.5127438210077753  2.8518165179643127 1.5153507441124552  2.8256604574640334 1.5181760980270507  2.7995451401154265 1.5212114222543525  2.7734723102627936 1.5244484951076855  2.7474437951318094 1.5278789993771196  2.72146176168232 1.5314947611352163  2.695525005569956 1.5352858840723616  2.6696322130305505 1.5392422882434114  2.6437824069493443 1.5433539531839151  2.6179746552499634 1.5476108018319215  2.5922085580676422 1.5520029240347877  2.5664816448976433 1.5565195051224292  2.5407903877217715 1.5611492138125733  2.5151317182065616 1.565880838470296  2.4895026488137506 1.5707031429668434  2.4639002779606303 1.5756048695014282  2.4383219996848098 1.5805748714552283  2.412764390395763 1.5856015143512263  2.3872226774409318 1.5906723832952347  2.3616924139947169 1.5957752086821189  2.3361691281269694 1.6008976825219203  2.310648399707969 1.60602750507492  2.2851258174355782 1.6111523819852727  2.2595969866529835 1.616259989111392  2.2340574534773552 1.6213381160707836  2.2085030870638036 1.6263737120442021  2.1829297868918491 1.6313534846260225  2.1573333355242665 1.6362642027062213  2.1317094268631607 1.641092618615297  2.1060535974049843 1.6458254896260507  2.0803613784434969 1.6504495698015553  2.0546276649032471 1.654951621101487  2.0288509675756714 1.659318346079802  2.003030661717812 1.6635364314852856  1.9771657323212768 1.6675925699670004  1.9512550380404701 1.6714734456682117  1.9252972306622285 1.6751657708550829  1.8992905826595567 1.6786561538080054  1.8732350784730283 1.6819330133403394  1.8471306902565399 1.6849848945446257  1.8209772439322336 1.6878003394388805  1.7947740062701989 1.6903677770369119  1.768525757089356 1.6926779231229505  1.7422376222207037 1.6947217302629187  1.7159143434847088 1.6964898433402567  1.6895607504764358 1.6979739591786387  1.663182778015134 1.6991693199635467  1.6367861835003614 1.7000707081365447  1.6103766107352531 1.7006729417361832  1.5839593932467801 1.700974614998318  1.5575399119545335 1.7009743672378896  1.5311234422750761 1.7006711987081973  1.5047154608857731 1.7000674954283075  1.4783215931822813 1.6991662701145474  1.4519475538825013 1.6979699968892616  1.4255982683961239 1.6964845266095285  1.3992786424368253 1.6947165492739593  1.3729937591993968 1.6926723552173937  1.3467477970804369 1.6903612850494596  1.3205449748787315 1.6877929912145604  1.2943901121959946 1.6849768738629709  1.2682838498851439 1.6819241429732337  1.2422262498547685 1.6786463762995436  1.2162180028914431 1.6751548628336663  1.1902587404211271 1.6714618711306626  1.1643470914449487 1.6675807143057737  1.1384822172393561 1.663524487156933  1.1126632778486805 1.659306349923223  1.0868900776887642 1.6549394193964255  1.0611603929424875 1.6504369430656542  1.0354696174961369 1.6458123189781093  1.0098138375024881 1.641078914158242  0.98418915589689338 1.6362501059669268  0.95859183441746509 1.6313392614421012  0.93301828692803568 1.6263597785770276  0.90746484208106892 1.6213249391714255  0.88192672746236145 1.6162472847899603  0.85639932997085033 1.6111394282447449  0.83087804094344087 1.6060139633447792  0.80535828118468888 1.6008834886640568  0.77983547531019859 1.5957606027197209  0.7543050482459801 1.5906578994913114  0.72876238358721146 1.5855879911656365  0.70320399993742377 1.5805625101670302  0.67762638099022077 1.5755930697536791  0.65202593313792523 1.5706912860021061  0.62639894317254541 1.5658687828678042  0.60074166872196777 1.561137149972059  0.57504990032596037 1.5565081063940123  0.54932146894758738 1.5519925087902917  0.52355489023171842 1.5476009019437571  0.4977483218572516 1.5433439186878515  0.47189989466759208 1.5392321297167286  0.44600717510489041 1.5352762662311146  0.4200689932369901 1.5314863876382978  0.39408639165547044 1.5278715070794198  0.36805983414544929 1.5244408531461573  0.34198978635394539 1.5212035286970251  0.31587619605175732 1.5181689240726475  0.28972006889210178 1.5153449932420158  0.26352315152084138 1.5127387456239425  0.23728698626333156 1.5103573533915531  0.21101246780108696 1.5082081449853781  0.18470378278472399 1.506296905794722  0.15836616331626274 1.5046288698548864  0.13200431194946116 1.5032096407463476  0.10562361757492056 1.5020428740585852  0.07922986121037745 1.5011318323571001  0.05282793389619389 1.500479593528008  0.02641811936134264 1.5000872884794789  0.0088067762697265906 1.4999999256651444  1.7499779403351567e-11 1.4999999995636399 
 0 4 0.0041322314049586778 1 0.0082644628099173556 1 0.012396694214876033 1 0.016528925619834711 1 0.020661157024793389 1 0.024793388429752067 1 0.028925619834710745 1 0.033057851239669422 1 0.0371900826446281 1 0.041322314049586778 1 0.045454545454545456 1 0.049586776859504134 1 0.053719008264462811 1 0.057851239669421489 1 0.061983471074380167 1 0.066115702479338845 1 0.070247933884297523 1 0.0743801652892562 1 0.078512396694214878 1 0.082644628099173556 1 0.086776859504132234 1 0.090909090909090912 1 0.095041322314049589 1 0.099173553719008267 1 0.10330578512396695 1 0.10743801652892562 1 0.1115702479338843 1 0.11570247933884298 1 0.11983471074380166 1 0.12396694214876033 1 0.12809917355371903 1 0.13223140495867769 1 0.13636363636363635 1 0.14049586776859505 1 0.14462809917355374 1 0.1487603305785124 1 0.15289256198347106 1 0.15702479338842976 1 0.16115702479338845 1 0.16528925619834711 1 0.16942148760330578 1 0.17355371900826447 1 0.17768595041322316 1 0.18181818181818182 1 0.18595041322314049 1 0.19008264462809918 1 0.19421487603305787 1 0.19834710743801653 1 0.2024793388429752 1 0.20661157024793389 1 0.21074380165289258 1 0.21487603305785125 1 0.21900826446280991 1 0.2231404958677686 1 0.22727272727272729 1 0.23140495867768596 1 0.23553719008264462 1 0.23966942148760331 1 0.243801652892562 1 0.24793388429752067 1 0.25206611570247933 1 0.25619834710743805 1 0.26033057851239672 1 0.26446280991735538 1 0.26859504132231404 1 0.27272727272727271 1 0.27685950413223143 1 0.28099173553719009 1 0.28512396694214875 1 0.28925619834710747 1 0.29338842975206614 1 0.2975206611570248 1 0.30165289256198347 1 0.30578512396694213 1 0.30991735537190085 1 0.31404958677685951 1 0.31818181818181818 1 0.3223140495867769 1 0.32644628099173556 1 0.33057851239669422 1 0.33471074380165289 1 0.33884297520661155 1 0.34297520661157027 1 0.34710743801652894 1 0.3512396694214876 1 0.35537190082644632 1 0.35950413223140498 1 0.36363636363636365 1 0.36776859504132231 1 0.37190082644628097 1 0.37603305785123969 1 0.38016528925619836 1 0.38429752066115702 1 0.38842975206611574 1 0.3925619834710744 1 0.39669421487603307 1 0.40082644628099173 1 0.4049586776859504 1 0.40909090909090912 1 0.41322314049586778 1 0.41735537190082644 1 0.42148760330578516 1 0.42561983471074383 1 0.42975206611570249 1 0.43388429752066116 1 0.43801652892561982 1 0.44214876033057854 1 0.4462809917355372 1 0.45041322314049587 1 0.45454545454545459 1 0.45867768595041325 1 0.46280991735537191 1 0.46694214876033058 1 0.47107438016528924 1 0.47520661157024796 1 0.47933884297520662 1 0.48347107438016529 1 0.48760330578512401 1 0.49173553719008267 1 0.49586776859504134 1 0.5 1 0.50413223140495866 1 0.50826446280991733 1 0.5123966942148761 1 0.51652892561983477 1 0.52066115702479343 1 0.52479338842975209 1 0.52892561983471076 1 0.53305785123966942 1 0.53719008264462809 1 0.54132231404958675 1 0.54545454545454541 1 0.54958677685950419 1 0.55371900826446285 1 0.55785123966942152 1 0.56198347107438018 1 0.56611570247933884 1 0.57024793388429751 1 0.57438016528925617 1 0.57851239669421495 1 0.58264462809917361 1 0.58677685950413228 1 0.59090909090909094 1 0.5950413223140496 1 0.59917355371900827 1 0.60330578512396693 1 0.6074380165289256 1 0.61157024793388426 1 0.61570247933884303 1 0.6198347107438017 1 0.62396694214876036 1 0.62809917355371903 1 0.63223140495867769 1 0.63636363636363635 1 0.64049586776859502 1 0.64462809917355379 1 0.64876033057851246 1 0.65289256198347112 1 0.65702479338842978 1 0.66115702479338845 1 0.66528925619834711 1 0.66942148760330578 1 0.67355371900826444 1 0.6776859504132231 1 0.68181818181818188 1 0.68595041322314054 1 0.69008264462809921 1 0.69421487603305787 1 0.69834710743801653 1 0.7024793388429752 1 0.70661157024793386 1 0.71074380165289264 1 0.7148760330578513 1 0.71900826446280997 1 0.72314049586776863 1 0.72727272727272729 1 0.73140495867768596 1 0.73553719008264462 1 0.73966942148760328 1 0.74380165289256195 1 0.74793388429752072 1 0.75206611570247939 1 0.75619834710743805 1 0.76033057851239672 1 0.76446280991735538 1 0.76859504132231404 1 0.77272727272727271 1 0.77685950413223148 1 0.78099173553719015 1 0.78512396694214881 1 0.78925619834710747 1 0.79338842975206614 1 0.7975206611570248 1 0.80165289256198347 1 0.80578512396694213 1 0.80991735537190079 1 0.81404958677685957 1 0.81818181818181823 1 0.8223140495867769 1 0.82644628099173556 1 0.83057851239669422 1 0.83471074380165289 1 0.83884297520661155 1 0.84297520661157033 1 0.84710743801652899 1 0.85123966942148765 1 0.85537190082644632 1 0.85950413223140498 1 0.86363636363636365 1 0.86776859504132231 1 0.87190082644628097 1 0.87603305785123964 1 0.88016528925619841 1 0.88429752066115708 1 0.88842975206611574 1 0.8925619834710744 1 0.89669421487603307 1 0.90082644628099173 1 0.9049586776859504 1 0.90909090909090917 1 0.91322314049586784 1 0.9173553719008265 1 0.92148760330578516 1 0.92561983471074383 1 0.92975206611570249 1 0.93388429752066116 1 0.93801652892561982 1 0.94214876033057848 1 0.94628099173553726 1 0.95041322314049592 1 0.95454545454545459 1 0.95867768595041325 1 0.96280991735537191 1 0.96694214876033058 1 0.97107438016528924 1 0.97520661157024802 1 0.97933884297520668 1 0.98347107438016534 1 0.98760330578512401 1 0.99173553719008267 1 0.99586776859504134 1 1 4
1 6.283185307197086 0 0 1 
1 1.7499779403351567e-11 0 0 1 
1 0 1 1 0 
1 6.2831853071795862 0 0 1 
1 0 0 0 1 
1 0 9.5749999999999993 1 0 
7 0 0  3 223 221  1.5707963267831424 3.4249999999999998  1.5756392996033559 3.4250001066722082  1.5853270609640051 3.4252115762660158  1.599850164007264 3.4261615042978626  1.614350683484703 3.4277432230075631  1.6288147792622225 3.4299554069287086  1.6432304577555741 3.4327928615512526  1.6575855321453088 3.4362506089137934  1.6718676300398632 3.4403238136733294  1.6860649720724199 3.4450068041686044  1.7001677437668439 3.4502910751548446  1.7141656642634135 3.4561685301525911  1.728048458899315 3.4626309144340968  1.7418055202582396 3.469670197499465  1.7554270091433175 3.4772775282634223  1.768904642953502 3.4854423816226388  1.7822296477443684 3.4941545177746662  1.7953931352053834 3.5034036196148173  1.8083861097630494 3.5131793939465252  1.8211991679659083 3.5234715292429395  1.8338249443052321 3.5342698169328899  1.8462564022057506 3.5455640725439355  1.8584861665290446 3.5573441083358244  1.870506701108992 3.5695997266737352  1.8823103195270772 3.5823207727689481  1.8938890383035818 3.5954969303428981  1.9052354707766317 3.609118782083002  1.9163424526793267 3.6231774161675454  1.9272025235546433 3.6376638015303242  1.9378080633318651 3.652568938482319  1.9481512760615465 3.6678838210702938  1.9582241770901634 3.6835994370206793  1.9680187153245787 3.6997068056054578  1.9775262161274061 3.7161967800499229  1.9867375023175411 3.7330600962430194  1.9956433099928337 3.7502875164328944  2.0042342015858483 3.7678697971548361  2.0125005985351492 3.785797691436358  2.0204327850061561 3.8040619720489381  2.0280209043983186 3.8226533362959652  2.0352550106459133 3.8415627636092284  2.0421244914909065 3.8607769920830295  2.0486185827489707 3.8802823765755279  2.054726442379021 3.9000653596170713  2.0604371117646187 3.9201124123883768  2.0657396224429729 3.9404098037964754  2.0706226342665115 3.960944583192795  2.0750760810507543 3.9817001311178482  2.0790912463467079 4.0026560626116243  2.0826590478110845 4.0237928231309557  2.0857705706476919 4.0450905046368577  2.0884163592408407 4.0665297826567546  2.0905903661557566 4.0880876022392698  2.092287755863059 4.1097397624959973  2.093502910666881 4.1314622944620103  2.0942328261906895 4.1532314604809919  2.0944764531366236 4.1750237618590722  2.0942319749443263 4.1968156704699062  2.0935002902055877 4.2185835561555765  2.0922845649303556 4.240303665830444  2.0905872580326492 4.2619521408793029  2.0884120799081534 4.283505663251054  2.0857659199986949 4.3049424663346434  2.082655046389132 4.3262404905158203  2.0790863270433002 4.3473779712384637  2.0750697380200935 4.3683345053484448  2.0706149401025731 4.3890897448294348  2.0657315466412589 4.4096226808287486  2.0604298440600415 4.4299184770410438  2.0547202249125807 4.4499635901401255  2.0486128943578858 4.4697440403582283  2.0421182796419917 4.4892463730680499  2.0352475409947455 4.5084583943054257  2.0280116200306018 4.5273676952016508  2.0204213491298302 4.5459620374898542  2.0124875580579267 4.564228715400346  2.0042203578625748 4.5821572688920336  1.9956292296112499 4.599739103274513  1.9867236258174075 4.6169652118454048  1.9775128290544035 4.6338266989591617  1.9680059608457643 4.6503146367548904  1.9582120412368114 4.6664201151762414  1.9481394831635928 4.6821341520158493  1.9377964078446672 4.697447744173016  1.9271908101515152 4.7123518927216859  1.9163305018145254 4.7268376016369418  1.9052231290551997 4.740895859114679  1.8938761024164059 4.7545177135664041  1.882296807482239 4.7676939777827139  1.8704931722411453 4.7804145220771757  1.8584728742522414 4.7926693357220387  1.8462434390881424 4.8044483762337631  1.8338122022554755 4.8157416091932328  1.8211862928121645 4.8265389996794719  1.8083726624967373 4.8368305067100534  1.7953801944188557 4.8466057277656951  1.7822176000027274 4.8558542707320536  1.7688934134137211 4.8645657270883609  1.7554160764980331 4.8727297435346149  1.7417935066487182 4.880335762294167  1.728035437902564 4.8873744879802654  1.7141523597145658 4.8938371631778779  1.7001544300133966 4.8997148969996003  1.6860517272182185 4.9049988411374921  1.6718541260942339 4.9096801104381811  1.6575730022990482 4.9137525632166774  1.6432197684981269 4.9172101832765565  1.6288054538299064 4.9200466076407254  1.6143427382662989 4.9222575369314461  1.5998450150600598 4.9238391860748711  1.5853253428813716 4.9247888342687833  1.5707977666443187 4.9251055082439121  1.5562727230818425 4.9247891327264091  1.5417551613759219 4.9238397287316573  1.5272558284317379 4.9222584045232134  1.5127903557412996 4.9200472478457904  1.4983726423167336 4.9172099065025279  1.4840161440726276 4.9137520204714242  1.4697344530899943 4.9096788187099918  1.4555374755330244 4.904997303602336  1.4414352472983736 4.8997145313593329  1.4274379781236461 4.8938372269900832  1.4135555201182253 4.8873739081727372  1.3997976147767177 4.8803342834586019  1.3861741847069688 4.8727278037997515  1.3726954470263653 4.8645639285848166  1.3593710423717202 4.8558523575666888  1.3462086673708555 4.8466035863226224  1.3332165403007623 4.8368279977885917  1.3204029164451438 4.8265359940545931  1.3077764496440198 4.8157380132357899  1.2953449516924742 4.8044442913149146  1.2831153518886615 4.7926648389075188  1.2710950059236912 4.7804097111136201  1.2592914028838866 4.7676889593222178  1.2477122027780052 4.7545126052818913  1.2363653089029325 4.7408907930139428  1.2252580526277472 4.7268325874923507  1.2143978121847852 4.7123468289755817  1.2037921954986825 4.6974424163213389  1.1934489754044642 4.6821282308881242  1.1833761115468602 4.6664131654319583  1.1735816716196248 4.6503060846180047  1.1640740892335297 4.6338159625746203  1.1548625088076923 4.6169520514610296  1.1459561528008808 4.5997235652224919  1.1373644132153855 4.5821397094863041  1.1290968409326696 4.564209761365559  1.1211630502023902 4.5459427203481475  1.1135733106202725 4.5273495078064814  1.1063381896687914 4.5084416431524774  1.0994683182969989 4.4892305963628427  1.092974487593894 4.4697274768046498  1.0868674018506874 4.4499454210638802  1.0811577208886387 4.4298990859314129  1.0758561875754107 4.4096028587762008  1.0709737298692836 4.3890709313051381  1.0665200208614114 4.3683208390117754  1.0625046053980756 4.3473705694028206  1.0589371319639964 4.3262379780805116  1.0558272492572178 4.3049410041062739  1.0531813031947455 4.2835025186177704  1.0510056875138101 4.2619453450819211  1.0493068032448549 4.2402923208118644  1.0480910777198831 4.2185662754065989  1.0473602894298157 4.1967915288811675  1.0471161132554079 4.1749924066225619  1.0473605647121533 4.1531932285519124  1.0480920233697724 4.1314183269401168  1.0493079290929153 4.1096919530142344  1.0510065401190183 4.088038650297996  1.0531830008209178 4.0664815257694986  1.0558299669693594 4.0450425304851638  1.0589405880502123 4.0237437609612385  1.0625082015905583 4.0026076791121534  1.0665248885830645 3.9816549531162662  1.070980111644914 3.9609026048666562  1.0758638372872213 3.9403682431408154  1.0811660000962948 3.9200694643345217  1.0868764916175668 3.9000233160424496  1.0929843127700216 3.8802425270591914  1.0994786414842714 3.8607402215740962  1.1063487254009603 3.8415293829222104  1.1135839137832697 3.8226231624610612  1.1211736759293809 3.8040321573850657  1.1291075944447506 3.7857668030020393  1.1373754059789822 3.7678375222065879  1.1459668700898671 3.7502549482453178  1.1548724408222937 3.733028583808732  1.1640831288952878 3.7161670832740148  1.17358999973348 3.6996792926287236  1.1833842993835397 3.6835740053577815  1.1934574335510659 3.667860033346277  1.2038009758868771 3.6525461673812698  1.2144068953155827 3.637641615054394  1.2252673301420449 3.6231556041429047  1.2363745814501166 3.6090973590974951  1.2477211377291442 3.5954760975676847  1.2592996395225158 3.5823010677342477  1.2711030568773694 3.5695814024541073  1.2831240029888393 3.5573267323087259  1.295354362950317 3.5455474724533551  1.3077863470144184 3.5342538910292838  1.3204123065061701 3.5234562962241869  1.3332247561227344 3.5131649830541809  1.3462165465786209 3.5033902591752106  1.3593802138432971 3.494142393458668  1.3727059744502745 3.4854314822429484  1.3861844590035297 3.477267638385154  1.3998063824244775 3.4696609833153675  1.4135626162544632 3.4626215876530648  1.4274443408401813 3.4561597166871545  1.4414415676321966 3.4502834072576545  1.4555442265186971 3.4450004027248298  1.4697423672160967 3.4403184996638227  1.484026329717123 3.4362455696959864  1.498383013695272 3.432787693558828  1.5127992540133657 3.4299511572871197  1.5272617574864908 3.4277410385800149  1.5417557827749711 3.4261601200916241  1.5562691668715378 3.4252109462049445  1.5659533945937743 3.424999882093767  1.5707963267831424 3.4249999999999998 
 0 4 0.0045454545454545452 1 0.0090909090909090905 1 0.013636363636363636 1 0.018181818181818181 1 0.022727272727272728 1 0.027272727272727271 1 0.031818181818181815 1 0.036363636363636362 1 0.040909090909090909 1 0.045454545454545456 1 0.049999999999999996 1 0.054545454545454543 1 0.05909090909090909 1 0.06363636363636363 1 0.068181818181818177 1 0.072727272727272724 1 0.077272727272727271 1 0.081818181818181818 1 0.086363636363636365 1 0.090909090909090912 1 0.095454545454545445 1 0.099999999999999992 1 0.10454545454545454 1 0.10909090909090909 1 0.11363636363636363 1 0.11818181818181818 1 0.12272727272727273 1 0.12727272727272726 1 0.13181818181818181 1 0.13636363636363635 1 0.1409090909090909 1 0.14545454545454545 1 0.14999999999999999 1 0.15454545454545454 1 0.15909090909090909 1 0.16363636363636364 1 0.16818181818181818 1 0.17272727272727273 1 0.17727272727272728 1 0.18181818181818182 1 0.18636363636363634 1 0.19090909090909089 1 0.19545454545454544 1 0.19999999999999998 1 0.20454545454545453 1 0.20909090909090908 1 0.21363636363636362 1 0.21818181818181817 1 0.22272727272727272 1 0.22727272727272727 1 0.23181818181818181 1 0.23636363636363636 1 0.24090909090909091 1 0.24545454545454545 1 0.25 1 0.25454545454545452 1 0.25909090909090909 1 0.26363636363636361 1 0.26818181818181819 1 0.27272727272727271 1 0.27727272727272728 1 0.2818181818181818 1 0.28636363636363638 1 0.29090909090909089 1 0.29545454545454541 1 0.29999999999999999 1 0.30454545454545451 1 0.30909090909090908 1 0.3136363636363636 1 0.31818181818181818 1 0.3227272727272727 1 0.32727272727272727 1 0.33181818181818179 1 0.33636363636363636 1 0.34090909090909088 1 0.34545454545454546 1 0.34999999999999998 1 0.35454545454545455 1 0.35909090909090907 1 0.36363636363636365 1 0.36818181818181817 1 0.37272727272727268 1 0.37727272727272726 1 0.38181818181818178 1 0.38636363636363635 1 0.39090909090909087 1 0.39545454545454545 1 0.39999999999999997 1 0.40454545454545454 1 0.40909090909090906 1 0.41363636363636364 1 0.41818181818181815 1 0.42272727272727273 1 0.42727272727272725 1 0.43181818181818182 1 0.43636363636363634 1 0.44090909090909086 1 0.44545454545454544 1 0.44999999999999996 1 0.45454545454545453 1 0.45909090909090905 1 0.46363636363636362 1 0.46818181818181814 1 0.47272727272727272 1 0.47727272727272724 1 0.48181818181818181 1 0.48636363636363633 1 0.49090909090909091 1 0.49545454545454543 1 0.5 1 0.50454545454545452 1 0.50909090909090904 1 0.51363636363636356 1 0.51818181818181819 1 0.52272727272727271 1 0.52727272727272723 1 0.53181818181818175 1 0.53636363636363638 1 0.54090909090909089 1 0.54545454545454541 1 0.54999999999999993 1 0.55454545454545456 1 0.55909090909090908 1 0.5636363636363636 1 0.56818181818181812 1 0.57272727272727275 1 0.57727272727272727 1 0.58181818181818179 1 0.58636363636363631 1 0.59090909090909083 1 0.59545454545454546 1 0.59999999999999998 1 0.6045454545454545 1 0.60909090909090902 1 0.61363636363636365 1 0.61818181818181817 1 0.62272727272727268 1 0.6272727272727272 1 0.63181818181818183 1 0.63636363636363635 1 0.64090909090909087 1 0.64545454545454539 1 0.65000000000000002 1 0.65454545454545454 1 0.65909090909090906 1 0.66363636363636358 1 0.6681818181818181 1 0.67272727272727273 1 0.67727272727272725 1 0.68181818181818177 1 0.68636363636363629 1 0.69090909090909092 1 0.69545454545454544 1 0.69999999999999996 1 0.70454545454545447 1 0.70909090909090911 1 0.71363636363636362 1 0.71818181818181814 1 0.72272727272727266 1 0.72727272727272729 1 0.73181818181818181 1 0.73636363636363633 1 0.74090909090909085 1 0.74545454545454537 1 0.75 1 0.75454545454545452 1 0.75909090909090904 1 0.76363636363636356 1 0.76818181818181819 1 0.77272727272727271 1 0.77727272727272723 1 0.78181818181818175 1 0.78636363636363638 1 0.79090909090909089 1 0.79545454545454541 1 0.79999999999999993 1 0.80454545454545445 1 0.80909090909090908 1 0.8136363636363636 1 0.81818181818181812 1 0.82272727272727264 1 0.82727272727272727 1 0.83181818181818179 1 0.83636363636363631 1 0.84090909090909083 1 0.84545454545454546 1 0.84999999999999998 1 0.8545454545454545 1 0.85909090909090902 1 0.86363636363636365 1 0.86818181818181817 1 0.87272727272727268 1 0.8772727272727272 1 0.88181818181818172 1 0.88636363636363635 1 0.89090909090909087 1 0.89545454545454539 1 0.89999999999999991 1 0.90454545454545454 1 0.90909090909090906 1 0.91363636363636358 1 0.9181818181818181 1 0.92272727272727273 1 0.92727272727272725 1 0.93181818181818177 1 0.93636363636363629 1 0.94090909090909092 1 0.94545454545454544 1 0.94999999999999996 1 0.95454545454545447 1 0.95909090909090899 1 0.96363636363636362 1 0.96818181818181814 1 0.97272727272727266 1 0.97727272727272718 1 0.98181818181818181 1 0.98636363636363633 1 0.99090909090909085 1 0.99545454545454537 1 1 4
7 0 0  3 223 221  -2.3508306412622915e-11 4.50000000009695  0.0096859473916124372 4.4999999381147875  0.029061475480412824 4.4998940751615111  0.058126105163685438 4.4994193940958507  0.0871823624547714 4.49863004505983  0.11622105441971087 4.4975276375488908  0.14523644284776971 4.4961176194241226  0.17422232832590456 4.4944052379822077  0.2031721790305685 4.4923955448336015  0.23208064912305737 4.4900946362035024  0.26094594299272611 4.4875121323290772  0.28976531751855816 4.4846571400992685  0.31853602692820893 4.4815389830904859  0.34725476066541194 4.4781666314774986  0.37591971560160875 4.4745503853813373  0.40453189172300519 4.4707032626762349  0.43309135561345258 4.4666378227091297  0.46159797321335283 4.4623667319035398  0.49005148790230635 4.4579026869039593  0.51845093510940821 4.4532581563943969  0.54679976437849831 4.4484474822308817  0.57510223731650445 4.4434854748713564  0.60336205479056471 4.4383868284319368  0.63158272863761411 4.4331662547746449  0.65976767194927888 4.4278385111197212  0.68791972908755383 4.4224181555085949  0.71604401636987181 4.4169208662390789  0.74414686746883429 4.4113629523876892  0.77223419758948531 4.4057605730863285  0.80031192613569946 4.4001299311437423  0.82838590061696227 4.394487204605924  0.85646191890578649 4.3888486268930418  0.88454585867573599 4.3832302346913101  0.9126431521231968 4.3776490777315438  0.94075897722143065 4.3721229211932569  0.96889869126182226 4.3666693672934063  0.99706776602322389 4.3613060619929094  1.025271831226565 4.3560506392394327  1.0535167292294325 4.3509207372896466  1.081808411130508 4.3459339891774853  1.1101534496323797 4.3411080445188102  1.1385529625645194 4.3364603089875384  1.1670077034284914 4.3320081687440091  1.1955187722379863 4.3277690058383591  1.2240875871558989 4.323760238051646  1.2527156832534079 4.3199991443514492  1.2814059289706972 4.3165035232283326  1.3101573537921141 4.3132887357732788  1.3389646738576113 4.3103676330133265  1.3678237201432104 4.3077536438813722  1.39673017872461 4.3054598657058474  1.4256808119967044 4.3035001443271756  1.4546684897843614 4.3018832518503327  1.4836847679684517 4.3006161677565791  1.5127215696838938 4.2997069774520256  1.5417716072974939 4.2991600551060403  1.5708280078351109 4.2989770104733429  1.5998838933143569 4.2991605368103158  1.6289323486521265 4.2997092963300911  1.6579660429743823 4.3006187274719077  1.6869774401718463 4.301885282776583  1.7159596385018974 4.3035035683960148  1.7449071579628814 4.3054634755010603  1.7738139729703928 4.3077557731347422  1.8026742535907001 4.310370361349996  1.831482871376517 4.3132928010097995  1.8602344460942728 4.3165089980260287  1.8889225398328033 4.3200049755568513  1.9175483152798787 4.3237647707378928  1.9461141890040761 4.3277719677861644  1.9746217644690081 4.3320103819681144  2.0030729440316009 4.3364633103329906  2.0314705121573002 4.3411126416048829  2.0598167072848845 4.345940467666904  2.0881137245371146 4.350928840852851  2.1163629013521028 4.3560597685347524  2.1445685771771554 4.3613155493797802  2.172737519807491 4.366678728004425  2.2008757351808654 4.3721317972240588  2.2289892238907267 4.3776572543232115  2.2570838169753102 4.3832376305109291  2.2851652165937235 4.3888553168289928  2.3132392351394024 4.394493705730687  2.3413117316482008 4.4001365010957336  2.369388555267772 4.4057673298080742  2.3974756024289405 4.4113698338321248  2.4255787827742239 4.4169276718062065  2.4537042388351189 4.4224244205925212  2.4818576130980272 4.4278439820339068  2.5100422333050609 4.4331715593748431  2.5382618530115657 4.4383921917212801  2.5665203122179214 4.4434909615034579  2.5948216739062691 4.4484529419929624  2.6231702613908432 4.4532631997717091  2.6515706100068428 4.457906837362084  2.6800228848227903 4.4623708327679985  2.7085274644107393 4.4666421379678223  2.7370849855190791 4.470707685815956  2.7656962231586384 4.4745545116882282  2.794362945453809 4.4781692599987286  2.8230835187406047 4.4815409940308299  2.8518547798852882 4.4846598076784554  2.8806741384243484 4.4875155402725566  2.9095391589004986 4.4900981081995655  2.9384478687024558 4.4923973741870133  2.9673956707353764 4.4944066729532741  2.996377828375028 4.4961194843140433  3.025390362360552 4.4975288986400166  3.0544262069034502 4.4986303252278566  3.0834768741250009 4.4994198041074966  3.1125346199684252 4.4998943683504411  3.1415897750609556 4.5000527717666143  3.1706398577842911 4.4998945445808944  3.1996933752219086 4.4994200519042087  3.2287472364827714 4.4986307776208774  3.2577885888607288 4.4975292239461835  3.2868079950859475 4.4961192761693205  3.3157966928322811 4.4944066269192033  3.3447457009994874 4.492396601491091  3.3736532230206695 4.4900970399859812  3.4025171527715976 4.4875158607218699  3.4313351228185365 4.4846605582965227  3.4601052667782959 4.4815409065934206  3.4888257200823389 4.4781681858022511  3.5174943015493749 4.4745533717078168  3.5461083050071842 4.4707073659524612  3.5746662501682636 4.4666417136968599  3.6031704318518365 4.4623700097973931  3.6316221624480711 4.4579055381302188  3.6600227650383985 4.4532617157598153  3.6883728353110392 4.4484517379776429  3.7166750007929714 4.4434897298918381  3.7449340181170427 4.4383908342580547  3.773153898373911 4.4331699856856881  3.8013385551818502 4.4278421651201327  3.8294917734833334 4.4224223763090418  3.8576169283313604 4.4169254854550575  3.8857198540929989 4.4113675981853806  3.9138068245043041 4.4057650779098232  3.9418839028083656 4.4001342231733975  3.9699571441435531 4.3944913431819925  3.9980325489645026 4.3888527693628019  4.0261161803947587 4.3832347335969208  4.0542138552687685 4.3776538756097656  4.0823307853291517 4.372127883853957  4.1104723804592318 4.366674283974108  4.1386441777410603 4.3613106425604089  4.1668517702573453 4.356054525228755  4.1951013239697481 4.3509234605466309  4.2233964892679356 4.3459352567888292  4.2517402533013247 4.3411078244894181  4.2801359267160795 4.3364590159945466  4.3085875382853658 4.3320068200110979  4.3370969420609118 4.3277685658548002  4.3656643414869016 4.3237611038393631  4.3942905446053828 4.3200013392305765  4.4229769426620678 4.3165063571135383  4.4517213710954202 4.3132908031632962  4.4805213289844517 4.3103689961132199  4.5093747620466988 4.3077553543459794  4.5382799528573141 4.305464218878245  4.5672296992226968 4.303504731388835  4.5962168713488651 4.3018860849745373  4.625234516337617 4.3006174563137405  4.6542760652770951 4.2997080363404789  4.6833336045084284 4.2991603872767206  4.7123991045659359 4.2989769257414228  4.7414646809715304 4.2991605436708378  4.7705224735995024 4.2997089048532517  4.7995645048166544 4.3006183441847536  4.8285824868555256 4.3018863664813791  4.8575697279285919 4.3035059837878871  4.8865203918887978 4.3054665963928516  4.9154282072028153 4.3077582779208337  4.9442863448057786 4.3103713759338422  4.9730899754482856 4.3132942589301608  5.001837975260198 4.3165111772118738  5.0305281621993423 4.3200070704064082  5.0591580660758986 4.3237667643035218  5.0877257052916285 4.3277748451246518  5.1162339973468747 4.332013781063595  5.1446850157447059 4.336466232780646  5.1730807155469556 4.3411148022764561  5.2014226154580925 4.3459421337237751  5.2297152219211362 4.3509303399086834  5.2579629623322539 4.3560614902317134  5.2861700671506568 4.361317689548935  5.3143402398727773 4.3666809440325238  5.3424787956063611 4.3721337490134964  5.3705922386906675 4.3776589643017045  5.3986866588007114 4.3832393684591242  5.4267681333982019 4.3888577584338577  5.454842641817681 4.3944969388773716  5.4829161397906709 4.4001396652415652  5.5109940584564843 4.4057699061133544  5.5390818380298477 4.4113716907722118  5.5671849754822524 4.4169290352475468  5.5953090766249645 4.4224259481047214  5.6234597592449749 4.4278464810153118  5.6516431447415236 4.4331745206901259  5.6798639272467817 4.4383946664239433  5.7081244240762441 4.443492639873905  5.7364275698034639 4.4484539548284729  5.7647764009030595 4.4532641728068141  5.7931741677075905 4.4579088722739453  5.8216246900966624 4.4623735161807643  5.850131062990398 4.4666440297142147  5.8786915322077817 4.4707084670500912  5.9073050476591487 4.4745546384733172  5.9359706491143882 4.4781704009574641  5.9646876655205983 4.4815436686123578  5.9934560350389461 4.4846620803141768  6.0222737276083826 4.4875164732666484  6.051138510131377 4.4900981068599144  6.0800483529597056 4.4923981621112263  6.1090018368554659 4.4944077193461522  6.1379908915154289 4.4961204871645943  6.1670072568063627 4.4975300430152814  6.1960425975049596 4.4986310419444351  6.2250858367652935 4.499420153994663  6.2541309915194976 4.4998944351415489  6.2734994440798886 4.5000000750850235  6.2831853071560779 4.50000000009695 
 0 4 0.0045454545454545452 1 0.0090909090909090905 1 0.013636363636363636 1 0.018181818181818181 1 0.022727272727272728 1 0.027272727272727271 1 0.031818181818181815 1 0.036363636363636362 1 0.040909090909090909 1 0.045454545454545456 1 0.049999999999999996 1 0.054545454545454543 1 0.05909090909090909 1 0.06363636363636363 1 0.068181818181818177 1 0.072727272727272724 1 0.077272727272727271 1 0.081818181818181818 1 0.086363636363636365 1 0.090909090909090912 1 0.095454545454545445 1 0.099999999999999992 1 0.10454545454545454 1 0.10909090909090909 1 0.11363636363636363 1 0.11818181818181818 1 0.12272727272727273 1 0.12727272727272726 1 0.13181818181818181 1 0.13636363636363635 1 0.1409090909090909 1 0.14545454545454545 1 0.14999999999999999 1 0.15454545454545454 1 0.15909090909090909 1 0.16363636363636364 1 0.16818181818181818 1 0.17272727272727273 1 0.17727272727272728 1 0.18181818181818182 1 0.18636363636363634 1 0.19090909090909089 1 0.19545454545454544 1 0.19999999999999998 1 0.20454545454545453 1 0.20909090909090908 1 0.21363636363636362 1 0.21818181818181817 1 0.22272727272727272 1 0.22727272727272727 1 0.23181818181818181 1 0.23636363636363636 1 0.24090909090909091 1 0.24545454545454545 1 0.25 1 0.25454545454545452 1 0.25909090909090909 1 0.26363636363636361 1 0.26818181818181819 1 0.27272727272727271 1 0.27727272727272728 1 0.2818181818181818 1 0.28636363636363638 1 0.29090909090909089 1 0.29545454545454541 1 0.29999999999999999 1 0.30454545454545451 1 0.30909090909090908 1 0.3136363636363636 1 0.31818181818181818 1 0.3227272727272727 1 0.32727272727272727 1 0.33181818181818179 1 0.33636363636363636 1 0.34090909090909088 1 0.34545454545454546 1 0.34999999999999998 1 0.35454545454545455 1 0.35909090909090907 1 0.36363636363636365 1 0.36818181818181817 1 0.37272727272727268 1 0.37727272727272726 1 0.38181818181818178 1 0.38636363636363635 1 0.39090909090909087 1 0.39545454545454545 1 0.39999999999999997 1 0.40454545454545454 1 0.40909090909090906 1 0.41363636363636364 1 0.41818181818181815 1 0.42272727272727273 1 0.42727272727272725 1 0.43181818181818182 1 0.43636363636363634 1 0.44090909090909086 1 0.44545454545454544 1 0.44999999999999996 1 0.45454545454545453 1 0.45909090909090905 1 0.46363636363636362 1 0.46818181818181814 1 0.47272727272727272 1 0.47727272727272724 1 0.48181818181818181 1 0.48636363636363633 1 0.49090909090909091 1 0.49545454545454543 1 0.5 1 0.50454545454545452 1 0.50909090909090904 1 0.51363636363636356 1 0.51818181818181819 1 0.52272727272727271 1 0.52727272727272723 1 0.53181818181818175 1 0.53636363636363638 1 0.54090909090909089 1 0.54545454545454541 1 0.54999999999999993 1 0.55454545454545456 1 0.55909090909090908 1 0.5636363636363636 1 0.56818181818181812 1 0.57272727272727275 1 0.57727272727272727 1 0.58181818181818179 1 0.58636363636363631 1 0.59090909090909083 1 0.59545454545454546 1 0.59999999999999998 1 0.6045454545454545 1 0.60909090909090902 1 0.61363636363636365 1 0.61818181818181817 1 0.62272727272727268 1 0.6272727272727272 1 0.63181818181818183 1 0.63636363636363635 1 0.64090909090909087 1 0.64545454545454539 1 0.65000000000000002 1 0.65454545454545454 1 0.65909090909090906 1 0.66363636363636358 1 0.6681818181818181 1 0.67272727272727273 1 0.67727272727272725 1 0.68181818181818177 1 0.68636363636363629 1 0.69090909090909092 1 0.69545454545454544 1 0.69999999999999996 1 0.70454545454545447 1 0.70909090909090911 1 0.71363636363636362 1 0.71818181818181814 1 0.72272727272727266 1 0.72727272727272729 1 0.73181818181818181 1 0.73636363636363633 1 0.74090909090909085 1 0.74545454545454537 1 0.75 1 0.75454545454545452 1 0.75909090909090904 1 0.76363636363636356 1 0.76818181818181819 1 0.77272727272727271 1 0.77727272727272723 1 0.78181818181818175 1 0.78636363636363638 1 0.79090909090909089 1 0.79545454545454541 1 0.79999999999999993 1 0.80454545454545445 1 0.80909090909090908 1 0.8136363636363636 1 0.81818181818181812 1 0.82272727272727264 1 0.82727272727272727 1 0.83181818181818179 1 0.83636363636363631 1 0.84090909090909083 1 0.84545454545454546 1 0.84999999999999998 1 0.8545454545454545 1 0.85909090909090902 1 0.86363636363636365 1 0.86818181818181817 1 0.87272727272727268 1 0.8772727272727272 1 0.88181818181818172 1 0.88636363636363635 1 0.89090909090909087 1 0.89545454545454539 1 0.89999999999999991 1 0.90454545454545454 1 0.90909090909090906 1 0.91363636363636358 1 0.9181818181818181 1 0.92272727272727273 1 0.92727272727272725 1 0.93181818181818177 1 0.93636363636363629 1 0.94090909090909092 1 0.94545454545454544 1 0.94999999999999996 1 0.95454545454545447 1 0.95909090909090899 1 0.96363636363636362 1 0.96818181818181814 1 0.97272727272727266 1 0.97727272727272718 1 0.98181818181818181 1 0.98636363636363633 1 0.99090909090909085 1 0.99545454545454537 1 1 4
2 -5.0982755093234166e-13 -1.6112794855656223e-13 0.95351294368858242 0.30135206357072514 0.30135206357072514 -0.95351294368858242 10.5
1 0 0 1 0 
1 0 1 1 0 
1 0 1 1 0 
1 0 3.3999999999999999 1 0 
1 6.2831853071795862 0 0 1 
1 0 0 0 1 
1 0 3.3999999999999999 1 0 
1 6.2831853071795862 0 0 1 
1 0 0 0 1 
2 0 0 0.95351294368858242 0.30135206357072514 0.30135206357072514 -0.95351294368858242 10.5
1 0 2.3999999999999986 1 0 
1 6.2831853071795862 -0 0 1 
1 0 -0 0 1 
1 6.2831853071946195 0 0 1 
1 1.503330793184432e-11 0 0 1 
Curves 21
2 6.1749999999999998 0 0 1 0 0 -0 1 6.1232339957367697e-17 0 -6.1232339957367697e-17 1 3
7 0 0  1 2 2  0 3 -5.5109105961630905e-16  6.1749999999999998 3 -5.5109105961630905e-16 
 0 2 6.1749999999999998 2
2 0 0 0 1 0 0 -0 1 6.1232339957367599e-17 0 -6.1232339957367599e-17 1 3
7 0 1  3 51 50  3.75 1.1274979214159799e-11 3  3.7500000456246898 0.025189806080844101 3.0000001002952299  3.7471896418991402 0.080923956591226795 2.9992958934658498  3.7328963487816602 0.16846024373782301 2.9957482123582202  3.7039423449906002 0.26601946923330599 2.9887490950165998  3.6567792643792099 0.36871323952323198 2.9778854247784299  3.5834330326870099 0.47819536722648898 2.9623458022384401  3.4776240138788199 0.585917839065909 2.94287189363635  3.3454853734278398 0.67197027767107398 2.9240627038197999  3.21322493358928 0.72274554567488403 2.9116999900587599  3.1084755177999601 0.74386705660679198 2.9063199761148102  3.04107108528498 0.74941611640349903 2.90488825261599  2.9967499317845698 0.750226684465917 2.90467898977507  2.94728856053014 0.74900064147235201 2.9049954790236101  2.8771856179369601 0.74158216056183401 2.9069086901014001  2.7890886549474998 0.72175264333993405 2.91192420085603  2.70566232608794 0.69169446929510603 2.9192455087462998  2.6300740926587798 0.65399056786724696 2.9279374699932399  2.5571105184428999 0.60751953744639098 2.9380033401558299  2.4799058500044202 0.544152586871677 2.9505723492129299  2.40000169190006 0.45595165613716598 2.9657310353058701  2.3337622513214802 0.351946011893151 2.9799927995017601  2.2899710217656102 0.24851212276620399 2.9902067773964198  2.2672614193099001 0.16531910410523801 2.9957205205428399  2.25591830139938 0.099614382604717805 2.9985230720853102  2.25095186816562 0.047528336117830701 2.9997619209653799  2.2496937713969101 0.00366041030194177 3.0000765381782299  2.2509335831639001 -0.054414272031242897 2.99976678759089  2.25934731143052 -0.13140148119240999 2.9976626703518998  2.2833550210643399 -0.22865450344530799 2.9917878408486702  2.3207741333838001 -0.32350968487176401 2.9829931251094401  2.3704040955298602 -0.41176527030548898 2.9720192077605501  2.4299692794915599 -0.49052621004182201 2.9599283926409901  2.5009404787311702 -0.56301062760968301 2.9469781529538501  2.5851917775808801 -0.62826009930000604 2.93370825058145  2.68452784466368 -0.683597894306605 2.9212129570845402  2.7786745549803702 -0.71867070680588296 2.9126849084328499  2.8612150412883999 -0.738155232526302 2.9077796080496099  2.93073051414272 -0.74784859529088299 2.9052942735844498  2.9801534828225198 -0.750169870258797 2.9046936623974799  3.0439339703808801 -0.74970821902723395 2.9048127805757402  3.1342975244454001 -0.74175045788303795 2.9068740811792999  3.26239242751923 -0.707450834230819 2.9155445527846799  3.3818575791074799 -0.64945431622778305 2.9291038346579601  3.4771680085940799 -0.58194374674064298 2.9432923367361101  3.5580592668508002 -0.50517963956405498 2.95754805374761  3.6317034659046001 -0.41097146889744801 2.9723667259721398  3.6902116114313301 -0.30222606067855401 2.9854922890167801  3.72784748431196 -0.19130640952688799 2.9945039205236501  3.74632964222367 -0.091967456880401505 2.9990797320763698  3.7499999470974901 -0.029207962104478701 2.9999998837061699 
 0 3 0.015973412843025 1 0.035339623226205999 1 0.056169557977590302 1 0.080503240054837596 1 0.107107341217041 1 0.140014236383701 1 0.17653640620817301 1 0.20714972418892899 1 0.22975144627194999 1 0.24419753059266899 1 0.249996666462311 1 0.257856697972497 1 0.27556311412664902 1 0.294642255263107 1 0.315093579981991 1 0.33186446275029102 1 0.34840676829813599 1 0.370242203544354 1 0.39554656428614099 1 0.424245087081627 1 0.44863198299423002 1 0.46684001098588201 1 0.478945857189711 1 0.49090248321108398 1 0.50000049486828302 1 0.50677649237080002 1 0.52774461074604595 1 0.54900272944548401 1 0.570248761958697 1 0.59248888319513904 1 0.61342072847074502 1 0.63319515051791697 1 0.65721168223381599 1 0.68132065321158497 1 0.70551918334935004 1 0.72095623839768397 1 0.73511832799370602 1 0.74999958251013699 1 0.75229480579166597 1 0.77556576250243203 1 0.80738741665700398 1 0.83609481320581402 1 0.85986487850391302 1 0.88178589657576301 1 0.90721451177381496 1 0.93602662933159297 1 0.96019937790313103 1 0.98147858558776302 1 1 3
7 0 1  3 54 53  3.75 9.80695801129638e-09 -3  3.7499994767636502 -0.030106211136855798 -2.9999998132564301  3.74628707011277 -0.091680169467437095 -2.9990687063140302  3.7291870812122099 -0.18388910350225501 -2.99483753358043  3.6989357058218402 -0.27823033643274803 -2.9875726957596398  3.65193807035326 -0.376734902149225 -2.97682990625984  3.57939788090671 -0.48304182877330498 -2.9615471430977101  3.4798987196568998 -0.58272140111048099 -2.9433763953005698  3.3641223116721899 -0.66004634349034896 -2.9267146152231001  3.2513081994019202 -0.70967652873554798 -2.9149323157017202  3.1464810840116901 -0.73794783199700897 -2.9078438188762701  3.06326980339434 -0.74853584822794095 -2.9051154867737701  3.00064308447234 -0.75044526191046901 -2.9046225491286699  2.94264841279788 -0.74875142961893204 -2.9050599132005601  2.8701267209297701 -0.74039554979687405 -2.9072127369552598  2.7820270584909199 -0.71965076550693996 -2.9124472490270401  2.69918548383691 -0.68887926842514602 -2.9199135379790002  2.6244040159383002 -0.650724436649184 -2.92866619114315  2.5521856367859601 -0.60388890778174498 -2.9387545781994602  2.4755814877273798 -0.53998851197402298 -2.9513430321982899  2.3963593142540902 -0.45112287690909603 -2.9664768517991398  2.3309367054354699 -0.34654881727806303 -2.9806311517739199  2.2864166024199899 -0.23897305058740401 -2.99104881989917  2.26287527281406 -0.14686170546910801 -2.9967958552603999  2.25265048798996 -0.072778523371320306 -2.99933715681171  2.2501899082978301 -0.0266420197355366 -2.9999525347813498  2.24990843451394 0.0065624882877832304 -3.0000228897172398  2.25056537778898 0.036971181947974698 -2.9998586156682898  2.2537391567109899 0.079814183290161295 -2.99906618309531  2.2606205528226 0.129281990720996 -2.9973585267883398  2.27261138210759 0.18629213504933301 -2.9944159586169898  2.2924562128307699 0.252739464511544 -2.98963500334099  2.3257713353447098 0.333057697810272 -2.9818723724049501  2.3734828099291398 0.41648861680820198 -2.9713619855937199  2.4339413134302998 0.49510296584990598 -2.9591620097043299  2.5054753136757899 0.56699649804066998 -2.9462088949707299  2.5913612756447999 0.63241823721766099 -2.9328183748396501  2.6950494562488601 0.68872121790315899 -2.9200164159429001  2.79825250967968 0.724912155218987 -2.91113865538899  2.8934677894849301 0.74398269940499695 -2.9062920137495101  2.9571949394602401 0.749452689149673 -2.90487877497563  3.0182034614156699 0.750407361836817 -2.90463228096118  3.0858911903247299 0.74688109234698696 -2.90554458576855  3.1783344560003699 0.73084148206363797 -2.90965050242177  3.2782227397696899 0.69918453833917604 -2.9174748127480301  3.37565033128904 0.65231731222644695 -2.9284046179303602  3.4679882059457401 0.58961687726163403 -2.94177185386711  3.5456689858605102 0.51794579990575595 -2.9552810739729298  3.6103576669403399 0.43940315840133598 -2.9679976190023898  3.6633046591437202 0.35502275748487799 -2.9793834502620702  3.7042346872352101 0.26427523116933299 -2.9888270726705799  3.7317205653532501 0.17268993715945499 -2.99546131262482  3.7467777778873699 0.085435646227199596 -2.9991920921525499  3.7500004873193 0.028039618554103099 -3.0000001739247399 
 0 3 0.019091486374006698 1 0.039035901566264297 1 0.059399440658268403 1 0.081942951502319006 1 0.108396276710281 1 0.14129652993043501 1 0.17152082304828201 1 0.19690948940963099 1 0.219547513219052 1 0.24032906231180301 1 0.24999596672926899 1 0.25925492608406397 1 0.277101160537777 1 0.29622794810978398 1 0.31663430558921302 1 0.33322091737881898 1 0.34967362649651801 1 0.37151631496636101 1 0.39682920626718698 1 0.42553571755005598 1 0.44992684038289898 1 0.47072006966723201 1 0.48579268640522599 1 0.49731069434876402 1 0.49999845209683103 1 0.50684745663170006 1 0.51659229619823399 1 0.52722637568805697 1 0.53851098002381903 1 0.55355329609928505 1 0.57125034420675802 1 0.59377517091319898 1 0.61470365475038202 1 0.63447374886047503 1 0.65848399821872905 1 0.68349357700747804 1 0.70949478977629499 1 0.72781654582030997 1 0.74503556605423604 1 0.74999661861548295 1 0.76649982943737704 1 0.78795367259522697 1 0.80940012116433502 1 0.83297023127112502 1 0.85666566051743498 1 0.880483746564799 1 0.900348727965261 1 0.921563727316841 1 0.94391900884978697 1 0.96359393575865704 1 0.98221903010252798 1 1 3
7 0 1  3 59 58  3.75 1.31256255864187e-11 -1.5000000004363601  3.74999958794759 -0.023446038166528401 -1.49999973811929  3.74798750416217 -0.066300220999666204 -1.4989919801412701  3.7394986498067899 -0.12994718725962501 -1.4947682763060901  3.7251712386828499 -0.19587219021883201 -1.4877136768307899  3.6996967867455899 -0.27537349143568302 -1.4753999897355301  3.65626479987186 -0.36905368180918102 -1.4551258377759699  3.5864470811539899 -0.47409915686003501 -1.4246052479150899  3.4920369029309701 -0.57197696775998397 -1.38786033960776  3.3834019218659401 -0.64863862520269699 -1.3530893226404801  3.2841838511732502 -0.69634761089038999 -1.3287625981309501  3.1992567705411799 -0.724410726291979 -1.31354593902968  3.12657536749765 -0.740405621648481 -1.3045529110558101  3.0604076349978402 -0.74843979259688198 -1.29994028189426  3.0144186437095399 -0.75015894285277795 -1.29894633642673  2.9687180244231102 -0.74977004674894498 -1.29917080444897  2.9190040484686199 -0.74665312138332696 -1.30097281553911  2.8502540795134101 -0.73601314061773304 -1.30704464994932  2.7802873525134801 -0.71837083603955998 -1.3168676814401099  2.7021349037551801 -0.69022064652536896 -1.3319453996572801  2.61272824242028 -0.64551600020820499 -1.3544741608934801  2.5142854674405601 -0.57638391113554199 -1.3858121583212299  2.4220189506310401 -0.48421716210627602 -1.4211005743784799  2.34903250684722 -0.37919268769904602 -1.45268481286842  2.29920872746347 -0.27439687383317002 -1.4758841330286401  2.27081327246036 -0.18253563832647701 -1.4896715774348399  2.2571423409156002 -0.109150749532442 -1.4964364381025801  2.25152859885443 -0.054792394271942303 -1.49923558188949  2.2501166526628098 -0.0206883673365219 -1.4999416791650599  2.2499266637983402 0.0075191287579399 -1.50003666870493  2.2505543498226199 0.036349115815696803 -1.4997227515788401  2.2537187355604602 0.079795799945618501 -1.49814222788146  2.2616181446116799 0.13665882548036701 -1.49421519936233  2.2780270088472401 0.20882349529234401 -1.4861433689849499  2.30768585841331 0.293940190034718 -1.4718816998456701  2.3550394656876001 0.38815482306249199 -1.45004720359002  2.42591267552192 0.48873053828546198 -1.41954218276763  2.5208161278311101 0.58260853578150296 -1.3833414569517399  2.6297447405190999 0.65616833353480797 -1.3494086348715899  2.7289700005381601 0.70154533899238203 -1.3260049747023299  2.8133963973346399 0.72772103789158504 -1.31170417106236  2.8839661307044802 0.74203304204578802 -1.3036221995755  2.9457902276065502 0.74876365519161103 -1.2997526812604701  2.9884478432000701 0.75015457970230304 -1.2989488521469199  3.0292466333463199 0.74976760790217301 -1.29917222963509  3.0727783837982598 0.74721711441370697 -1.3006458213666401  3.1312282214775902 0.73921041164795298 -1.30522490581258  3.19098026062523 0.72619164730185903 -1.3125370602612001  3.2623892996242398 0.704209971345788 -1.32453818158824  3.3497987179681599 0.66645759881760103 -1.3441915530570301  3.4509775388188899 0.60391260640755595 -1.3739066648593199  3.5454738929554099 0.52009042943950801 -1.40814540995318  3.6205496527619601 0.42612479265664799 -1.43928554910781  3.6736494357486298 0.33456741928346401 -1.46315335899823  3.7086160823446601 0.25054131553994302 -1.4796785623599  3.7297646038036998 0.17735416539238599 -1.48996628804494  3.74161012667577 0.11634925332826999 -1.49581705709893  3.7484082384566499 0.058996519278258698 -1.4992029837955001  3.7500003660786398 0.0208301020668974 -1.5000002334860201 
 0 3 0.014668158023144799 1 0.026798155704607099 1 0.040206730712797102 1 0.057047790936798903 1 0.079491219252823597 1 0.105852173693796 1 0.13795604358114999 1 0.16721192522215 1 0.191502023210496 1 0.20825899829540101 1 0.223890896623786 1 0.23831489573930301 1 0.249996005943906 1 0.25265796858952599 1 0.266901538502545 1 0.28113128964832201 1 0.29628854251672998 1 0.31238670889645798 1 0.333881267650872 1 0.36022623982646401 1 0.389914869619441 1 0.41807274877293199 1 0.44232739720338698 1 0.46370688053953801 1 0.47865841605481002 1 0.48915664840841699 1 0.497885665641493 1 0.49999413415524302 1 0.50680751264176505 1 0.51593293265761597 1 0.52724004862277296 1 0.54275247608921595 1 0.56243571229384404 1 0.58418973265994101 1 0.60994473038845798 1 0.64148545585873096 1 0.67033516784957003 1 0.69454987233816601 1 0.711066834344113 1 0.72627189025527406 1 0.73979760163400399 1 0.74999270178320099 1 0.75296014898013297 1 0.76532347515559196 1 0.77726183276648997 1 0.78994094633862599 1 0.80380649085145395 1 0.82455153394781999 1 0.85061392210272202 1 0.88026511083794201 1 0.906109727100051 1 0.92809918733414498 1 0.947972662228871 1 0.96384184716252097 1 0.97611307145341997 1 0.98696840693417898 1 1 3
7 0 0  1 2 2  3.75 1.3124650855493804e-11 -2.9999999999999392  3.75 1.3124650855493804e-11 -1.5000000004363601 
 6.0765519527968468e-14 2 1.4999999995636399 2
2 6.1749999999999998 0 0 -1 0 0 -0 -1 -6.1232339957367599e-17 0 -6.1232339957367599e-17 1 1.5
7 0 0  1 2 2  6.1749999999999998 -1.5 -9.1848509936051398e-17  -2.3999999999999995 -1.5 -9.1848509936051398e-17 
 1 2 9.5749999999999993 2
2 -2.3999999999999999 0 0 -1 0 0 -0 -1 -6.1232339957367599e-17 0 -6.1232339957367599e-17 1 1.5
7 0 1  3 56 55  3.75 -1.76312627692132e-11 1.50000000009695  3.7499996908200899 0.021039150975453998 1.49999982034888  3.7479336934987999 0.070109496816190206 1.4989656954863699  3.7360879553553001 0.154004305597292 1.4930667375098301  3.7087466721164799 0.253840642009873 1.47968870550842  3.6604553896622001 0.36264838256679 1.45697798478108  3.5871238872095699 0.47359957316588103 1.4248411689166001  3.4847581962790999 0.57927236833317497 1.38507141983195  3.36101605066882 0.66308760363807995 1.34622191781013  3.23672791283709 0.71507193223379695 1.3187858418732299  3.1360224619174102 0.73925936007499304 1.3052102459903201  3.0603978942344998 0.74844047112510004 1.29994003074945  3.0144171828247401 0.75015892423854402 1.2989463412048201  2.9687157752589002 0.74977002532290904 1.29917082119858  2.9190031179115001 0.74665333697380298 1.30097269293841  2.8502337529981401 0.73600967189739797 1.3070466293153999  2.7802448045786199 0.71835851390150796 1.3168744710965301  2.7020813560755998 0.69019805354242503 1.33195722760889  2.6126737875493999 0.64548346412220203 1.3544898307356701  2.5142408689583799 0.57634530840772802 1.38582820961564  2.4219940709913499 0.48418480175478601 1.42111107872006  2.3490244514015801 0.37917746203670899 1.4526885413050601  2.2992061377712898 0.27438770118480499 1.4758853830865699  2.27081393366133 0.18254169997994399 1.4896712477496901  2.2571381083364099 0.109123135826484 1.4964385380474901  2.2515280391035799 0.054780670374800201 1.4992358634863201  2.2501165913621999 0.020684989237691801 1.4999417097108501  2.2499266659567398 -0.0075255710371449199 1.50003666767872  2.2505548301349001 -0.036363716185753299 1.49972251109433  2.2537208310816501 -0.079814130490567403 1.4981411834223  2.2616203273242501 -0.136669489103946 1.49421412050069  2.27802948409217 -0.20883179059002199 1.48614216841058  2.3076874142923298 -0.29394323596546701 1.4718809663358301  2.3550400395119002 -0.38815584774484801 1.4500469996268199  2.4241929732396201 -0.48628944358876403 1.4202821591367401  2.5124680402142801 -0.57465318589778802 1.3864925227015099  2.6059269127375102 -0.64091985504535698 1.35659541965456  2.6904379922117601 -0.68485603906191395 1.3347139496190901  2.76865528641836 -0.71496864440835095 1.31874591697031  2.8492262532992698 -0.736340918199475 1.30687713102778  2.9272754835688102 -0.74777907379698605 1.30032284893642  2.98010140034244 -0.75008147073308795 1.29899106602741  3.0269967511008802 -0.74990598597810298 1.29909237169224  3.0826102877413502 -0.74689854580956405 1.3008318952695901  3.1657005383087999 -0.733354957986463 1.30857164506505  3.2529197499033402 -0.70799560388844596 1.32254878768767  3.3367256037692599 -0.67222836237822303 1.3411930144772499  3.4236376491539602 -0.62190404412398903 1.36550277014305  3.5151806301650499 -0.55007587229805399 1.3965384790997699  3.6020159461233101 -0.45403785447478101 1.43113634341914  3.6697523055083598 -0.34498642513697197 1.4612600787372501  3.7120782511961301 -0.24249198294761301 1.4813253295641999  3.7339611647597502 -0.159686267731591 1.4920295271812201  3.7440733122222598 -0.098511051820242695 1.4970423418987899  3.7489389116934402 -0.048337107961293799 1.49946896490882  3.7500002473193699 -0.016829649772849901 1.5000001438811299 
 0 3 0.0131644312907227 1 0.030687259309996599 1 0.053006112968950497 1 0.078257554843551402 1 0.106227025640711 1 0.13827430437014199 1 0.17316632863033801 1 0.20229625621366301 1 0.22388624259944201 1 0.23831059589169801 1 0.249995057440939 1 0.25265793494691902 1 0.266908308533853 1 0.28114049436903499 1 0.29629949266248301 1 0.31240132273871801 1 0.33389853196550501 1 0.36024218971659799 1 0.38992446080814303 1 0.41807687725810699 1 0.44232768413745399 1 0.46370755741541902 1 0.47865853804021702 1 0.48916282314272203 1 0.49789339473327299 1 0.50000058256286695 1 0.50681729291074695 1 0.51594280437853002 1 0.52724860900444104 1 0.54275962297324298 1 0.56244177367673698 1 0.58419468230264004 1 0.60994927985339498 1 0.63957055648986605 1 0.66482864888529303 1 0.68379930182334603 1 0.70059530844038098 1 0.71812375489749003 1 0.73638043295990196 1 0.74999841471515205 1 0.75116891847691702 1 0.76571560618965495 1 0.78480432993211202 1 0.80392382791010297 1 0.82307845436341698 1 0.84287746676270103 1 0.86844165748033197 1 0.89819841938893696 1 0.92638543120080297 1 0.95060955592337504 1 0.96845382149415205 1 0.98027689626145997 1 0.98946950055530702 1 1 3
2 14.227743493787001 18.9250000000002 -9.2777434955965692 0 1 0 0 -0 1 1 0 -0 10.5
2 -2.3999999999999999 -9.1848509936051499e-16 -7.5 1 0 0 0 -1.22464679914735e-16 -1 0 1 -1.22464679914735e-16 1.25
2 -2.3999999999999999 0 7.5 1 0 0 0 0 1 0 -1 0 1.25
2 0 0 7.5 1 0 0 0 0 1 0 -1 0 1.25
7 0 0  1 2 2  -2.3999999999999999 3.0616169978683831e-16 8.75  0 3.0616169978683831e-16 8.75 
 1 2 3.3999999999999999 2
2 0 -9.1848509936051499e-16 -7.5 1 0 0 0 -1.22464679914735e-16 -1 0 1 -1.22464679914735e-16 1.25
7 0 0  1 2 2  -2.3999999999999999 -1.377727649040772e-15 -8.75  0 -1.377727649040772e-15 -8.75 
 1 2 3.3999999999999999 2
2 14.227743493787001 21.325000000000198 -9.2777434955965692 0 1 0 0 -0 1 1 0 -0 10.5
1 14.227743493786999 18.925000000000001 1.2222565044034308 0 1 0 
7 0 0  1 2 2  3.75 1.1274797251863369e-11 1.50000000009695  3.75 1.1274797251863369e-11 3 
 4.50000000009695 2 6 2
Polygon3D 0
PolygonOnTriangulations 0
Surfaces 12
10 0 6.2831853071795862 0 6.1749999999999998
2 0 0 0 1 0 0 -0 1 6.1232339957367599e-17 0 -6.1232339957367599e-17 1 3
1 6.1749999999999998 0 0 1 0 0 -0 1 6.1232339957367697e-17 0 -6.1232339957367697e-17 1 
1 0 0 0 -1 0 0 0 0 -1 -0 -1 -0 
10 1.503330793184432e-11 6.2831853071946195 4.2989769257414228 6.000031661522268
2 3 -7.3955709864469901e-32 -3 0 1.23259516440783e-32 1 1 0 -0 -0 1 -1.23259516440783e-32 0.75
10 1.7499779403351567e-11 6.283185307197086 -2.5704424055696543e-05 1.700974614998318
2 3 -7.3955709864469901e-32 -3 0 1.23259516440783e-32 1 1 0 -0 -0 1 -1.23259516440783e-32 0.75
10 0 6.2831853071795862 1 9.5749999999999993
2 7.1749999999999998 0 0 -1 0 0 -0 -1 -6.1232339957367599e-17 0 -6.1232339957367599e-17 1 1.5
1 -2.3999999999999999 0 0 -1 0 0 0 0 -1 -0 -1 -0 
1 14.227743493787001 18.9250000000002 -9.2777434955960345 -9.5979697467651305e-17 -1 2.2257522135166603e-13 0.30135206357072514 2.1219943082327211e-13 0.95351294368858242 -0.95351294368858242 6.7165020137902195e-14 0.30135206357072514 
2 14.227743493787001 18.925000000000001 -9.2777434955965692 0 1 0 0 -0 1 1 0 -0 10.5
10 0 6.2831853071795862 1 3.3999999999999999
2 -3.3999999999999999 -9.1848509936051499e-16 -7.5 1 0 0 0 -1.22464679914735e-16 -1 0 1 -1.22464679914735e-16 1.25
10 0 6.2831853071795862 1 3.3999999999999999
2 -3.3999999999999999 0 7.5 1 0 0 0 0 1 0 -1 0 1.25
1 14.227743493787001 21.325000000000198 -9.2777434955965692 -9.5979697467651305e-17 -1 2.2257522135166603e-13 0.30135206357072514 2.1219943082327211e-13 0.95351294368858242 -0.95351294368858242 6.7165020137902195e-14 0.30135206357072514 
Triangulations 0

TShapes 68
Ve
1e-05
6.175 3 -1.83697019872103e-16
0 0

0101101
*
Ed
 1e-07 1 1 0
1  1 0 0 6.28318530717959
2  1 1 0 0 6.28318530717959
4 C0 1 0 2 0
0

0101000
-68 0 +68 0 *
Ve
1e-05
0 3 -1.83697019872103e-16
0 0

0101101
*
Ed
 1e-05 1 1 0
1  2 0 0 6.175
3  2 3CN 1 0 0 6.175
0

0101000
-68 0 +66 0 *
Ed
 1e-07 1 1 0
1  3 0 0 6.28318530717959
2  4 1 0 0 6.28318530717959
4 C0 1 0 3 0
0

0101000
+66 0 -66 0 *
Wi

0101100
-67 0 -65 0 +64 0 +65 0 *
Ve
1e-05
3.75 -9.18485099360515e-17 3
0 0

0101101
*
Ed
 2.03254005496622e-06 1 1 0
1  4 0 0 1
2  5 1 0 0 1
2  6 4 0 0 1
4 C0 1 0 4 0
0

0101000
-62 0 +62 0 *
Wi

0101100
-61 0 *
Ve
1e-05
3.75 -9.18485099360515e-17 -3
0 0

0101101
*
Ed
 2.12109886543665e-06 1 1 0
1  5 0 0 1
2  7 1 0 0 1
2  8 5 0 0 1
4 C0 1 0 5 0
0

0101000
-59 0 +59 0 *
Wi

0101100
-58 0 *
Fa
0  1e-07 1 0

0111000
+63 0 +60 0 +57 0 *
Ve
1e-05
3.75 -9.18485099360515e-17 -1.50000000087271
0 0

0101101
*
Ed
 1.59183680514457e-06 1 1 0
1  6 0 0 1
2  9 6 0 0 1
2  10 5 0 0 1
4 C0 6 0 5 0
0

0101000
+55 0 -55 0 *
Ed
 1e-05 1 1 0
1  7 0 6.07655195279685e-14 1.49999999956364
3  11 12CN 5 0 6.07655195279685e-14 1.49999999956364
0

0101000
-55 0 +59 0 *
Wi

0101100
+54 0 -53 0 -58 0 +53 0 *
Fa
0  1e-07 5 0

0111000
+52 0 *
Ve
1e-05
6.175 -1.5 -2.75545529808154e-16
0 0

0101101
*
Ed
 1e-07 1 1 0
1  8 0 0 6.28318530717959
2  13 6 0 0 6.28318530717959
4 C0 6 0 2 0
0

0101000
+50 0 -50 0 *
Ve
1e-05
-2.4 -1.5 -2.75545529808154e-16
0 0

0101101
*
Ed
 1e-05 1 1 0
1  9 0 1 9.575
3  14 15CN 6 0 1 9.575
0

0101000
+50 0 -48 0 *
Ed
 1e-07 1 1 0
1  10 0 0 6.28318530717959
2  16 6 0 0 6.28318530717959
4 C0 6 0 7 0
0

0101000
-48 0 +48 0 *
Wi

0101100
+49 0 +47 0 -46 0 -47 0 *
Ve
1e-05
3.75 -9.18485099360515e-17 1.5000000001939
0 0

0101101
*
Ed
 2.19443776947435e-06 1 1 0
1  11 0 0 1
2  17 6 0 0 1
2  18 4 0 0 1
4 C0 6 0 4 0
0

0101000
+44 0 -44 0 *
Wi

0101100
-43 0 *
Wi

0101100
-54 0 *
Fa
0  1e-07 6 0

0111000
+45 0 +42 0 +41 0 *
Ve
1.00000099479948e-07
14.227743493787 18.9250000000001 1.22225650440343
0 0

0101101
*
Ed
 1e-07 1 1 0
1  12 0 0 6.28318530717959
2  19 8 0 0 6.28318530717959
2  20 9 0 0 6.28318530717959
4 C0 8 0 9 0
0

0101000
+39 0 -39 0 *
Wi

0101100
+38 0 *
Ve
1e-05
-2.4 -1.22464679914735e-15 -8.75
0 0

0101101
*
Ed
 1e-07 1 1 0
1  13 0 0 6.28318530717959
2  21 10 0 0 6.28318530717959
4 C0 7 0 10 0
0

0101000
+36 0 -36 0 *
Wi

0101100
+35 0 *
Wi

0101100
-46 0 *
Ve
1e-05
-2.4 1.53080849893419e-16 8.75
0 0

0101101
*
Ed
 1e-07 1 1 0
1  14 0 0 6.28318530717959
2  22 11 0 0 6.28318530717959
4 C0 7 0 11 0
0

0101000
+32 0 -32 0 *
Wi

0101100
+31 0 *
Fa
0  1e-07 8 0

0111000
-37 0 +34 1 +33 1 +30 1 *
Ve
1e-05
0 1.53080849893419e-16 8.75
0 0

0101101
*
Ed
 1e-07 1 1 0
1  15 0 0 6.28318530717959
2  23 11 0 0 6.28318530717959
4 C0 3 0 11 0
0

0101000
-28 0 +28 0 *
Ed
 1e-05 1 1 0
1  16 0 1 3.4
3  24 25CN 11 0 1 3.4
0

0101000
-28 0 +32 0 *
Wi

0101100
-27 0 -26 0 +31 0 +26 0 *
Fa
0  1e-07 11 0

0111000
+25 0 *
Ve
1e-05
0 -1.22464679914735e-15 -8.75
0 0

0101101
*
Ed
 1e-07 1 1 0
1  17 0 0 6.28318530717959
2  26 10 0 0 6.28318530717959
4 C0 3 0 10 0
0

0101000
-23 0 +23 0 *
Ed
 1e-05 1 1 0
1  18 0 1 3.4
3  27 28CN 10 0 1 3.4
0

0101000
-23 0 +36 0 *
Wi

0101100
-22 0 -21 0 +35 0 +21 0 *
Fa
0  1e-07 10 0

0111000
+20 0 *
Ve
1.00000099479948e-07
14.227743493787 21.3250000000001 1.22225650440343
0 0

0101101
*
Ed
 1e-07 1 1 0
1  19 0 0 6.28318530717959
2  29 12 0 0 6.28318530717959
2  30 9 0 0 6.28318530717959
4 C0 12 0 9 0
0

0101000
+18 0 -18 0 *
Ed
 1e-07 1 1 0
1  20 0 0 2.4
3  31 32CN 9 0 0 2.4
0

0101000
-18 0 +39 0 *
Wi

0101100
-17 0 +16 0 +38 0 -16 0 *
Fa
0  1e-07 9 0

0101000
+15 0 *
Ed
 1e-05 1 1 0
1  21 0 4.50000000009695 6
3  33 34CN 4 0 4.50000000009695 6
0

0101000
-62 0 +44 0 *
Wi

0101100
-61 0 -13 0 +43 0 +13 0 *
Fa
0  1e-07 4 0

0111000
+12 0 *
Wi

0101100
+17 0 *
Wi

0101100
+22 1 *
Wi

0101100
+64 1 *
Wi

0101100
+27 1 *
Fa
0  1e-07 12 0

0111000
-10 0 +9 0 +8 0 +7 0 *
Wi

0101100
+67 0 *
Wi

0101100
+49 0 *
Fa
0  1e-07 2 0

0111000
+5 0 +4 0 *
Sh

0101100
+56 1 -51 1 -40 1 +29 0 -24 1 -19 1 +14 0 -11 1 -6 0 +3 1 
*
So

1100000
+2 0 *

+1 0 