DBRep_DrawableShape

CASCADE Topology V3, (c) Open Cascade
Locations 1
1
5.81100509738597e-13 0.526481984269843 0.850186285609977 4.89393398275683 
             -1 4.62127072890577e-13 3.97323430330323e-13          14.375 
-1.83710471583441e-13 -0.850186285609977 0.526481984269843 -18.6115530061476 
Curve2ds 26
1 0 4.5 1 0 
1 6.2831853071795862 0 0 1 
1 0 0 0 1 
1 0 0 1 0 
7 0 0  3 201 199  1.5707963267184968 1.5  1.5727836659749768 1.4999999660906265  1.5767583419364071 1.5002528738013943  1.582714405184644 1.5013899657084033  1.5886585719563102 1.5032837441015399  1.5945849060704362 1.5059326317507302  1.6004875110225034 1.5093327722325069  1.6063604795508755 1.5134804758264251  1.6121978956315541 1.5183723854005036  1.6179938834987715 1.524002321573428  1.6237425670473282 1.5303632041770046  1.6294380663883878 1.5374481335211148  1.63507445849936 1.5452503328606937  1.6406463426318338 1.5537603751059272  1.6461483492458728 1.5629686002482166  1.6515750967252165 1.5728653214583828  1.656921140964611 1.5834411893606395  1.6621813533983083 1.594684721826539  1.6673507346722571 1.6065834761662501  1.6724242438392187 1.6191251996610667  1.6773967961984573 1.6322977491392348  1.6822634488159427 1.6460883006367626  1.6870196574055762 1.6604821893146815  1.6916608008877767 1.6754650189249287  1.6961822456353759 1.6910223775249387  1.7005793945614422 1.7071396433820707  1.7048480586615808 1.7238004311058579  1.7089840042285041 1.7409884807124054  1.7129829685028097 1.758687588900044  1.7168407686704839 1.7768811862076759  1.7205536540101978 1.7955509553255731  1.724117803166002 1.8146788035595269  1.7275294193397954 1.8342465080596042  1.7307846061322465 1.8542361419832676  1.7338798231106447 1.8746285545369854  1.7368120776264888 1.8954027394463251  1.7395782642167181 1.916538040091746  1.7421752953349325 1.9380137111683946  1.7446000767095435 1.9598090124577809  1.7468494766909286 1.9819032720812666  1.7489204768714717 2.0042755362606361  1.7508112331719283 2.0269020904207817  1.7525198126708799 2.0497594210600334  1.7540443058736519 2.0728239574577705  1.7553827808409763 2.0960721566957203  1.7565333541053074 2.1194804218651848  1.7574939534918619 2.1430253442168081  1.7582635001515201 2.1666825115484349  1.7588415432742754 2.1904268817587207  1.7592274768105591 2.2142335589480702  1.7594207697098772 2.2380776084542116  1.7594207442258389 2.2619341044638173  1.7592273344921203 2.285778125697508  1.7588412668324398 2.3095847645314929  1.7582631048375599 2.3333291043931741  1.7574934773349822 2.3569862539568818  1.7565329127840008 2.3805312298580206  1.7553822934629071 2.403939411411057  1.7540437052125435 2.4271874254988748  1.7525190661164027 2.4502517271823434  1.7508103380385744 2.4731088235321774  1.7489194578724341 2.4957351854017431  1.7468484002435005 2.5181073765039566  1.7445989955997234 2.540201625330865  1.7421741433615003 2.5619967099836862  1.7395770235641261 2.5834720922844783  1.7368107372556059 2.604607065699811  1.7338783903259571 2.6253809471426659  1.730783101643355 2.6457731280958492  1.727527885112504 2.6657626783164639  1.7241162117847424 2.6853302104497576  1.7205519953546342 2.7044578399926311  1.716839036878177 2.7231273445136681  1.7129811679092453 2.7413206537328003  1.7089821385214556 2.7590194266928929  1.7048461195374514 2.7762070551195484  1.7005774029800436 2.7928674677873571  1.6961802457827888 2.8089845117702574  1.6916588485958266 2.8245418581920343  1.6870176091861311 2.8395240712859522  1.6822612947885331 2.8539173249365639  1.6773945851781424 2.867707485119241  1.6724221783343918 2.8808805654988698  1.6673486931802042 2.8934222968914947  1.6621789673804221 2.9053194914953524  1.656918357506451 2.9165613858263018  1.6515721220536377 2.9271368267641598  1.6461455260826261 2.9370347331803512  1.6406438263006358 2.9462441256159093  1.6350722169528729 2.9547535459418262  1.6294361270881454 2.9625541294195443  1.6237411303264204 2.9696386381865678  1.6179927780464725 2.9759995243394561  1.6121965306313271 2.9816290748985614  1.6063582582722926 2.9865208258016782  1.6004842430234838 2.9906696896205149  1.5945806581090196 2.9940699216246411  1.5886537672936389 2.9967179180132044  1.5827099204376547 2.9986112247966354  1.5767552909121705 2.9997474304450695  1.5707950104193364 3.0001262939038247  1.5648343216944065 2.9997473940223602  1.5588783919768276 2.9986093948742862  1.5529335127259314 2.9967147355899955  1.5470060403392283 2.9940660200650333  1.5411023039926102 2.9906659026375695  1.5352287001438689 2.9865166717839036  1.5293910714066736 2.9816239855230648  1.5235951636593075 2.9759941543339554  1.5178467497651724 2.9696334167907588  1.512151644364643 2.9625476693177517  1.5065154109274821 2.9547451929656501  1.5009435206295338 2.9462352676405521  1.4954414690625006 2.9370270182888598  1.4900148151943793 2.927129279846818  1.4846688306945612 2.9165526685911707  1.4794085743502905 2.9053091831855613  1.4742391667410761 2.893410538362124  1.4691657507504574 2.8808684285448329  1.4641934014598783 2.8676949252817092  1.4593267585199892 2.8539042436161721  1.4545705266854219 2.8395103692090911  1.4499294143556283 2.8245273441634526  1.4454081427717369 2.8089692142004354  1.4410110168911083 2.7928518367145925  1.4367423594650053 2.7761910589267065  1.4326065159109735 2.7590026973352337  1.428607810387601 2.741302702401196  1.4247500763963121 2.7231089561192454  1.4210371915804878 2.7044392215848037  1.4174730258926178 2.6853113397582766  1.4140615110535053 2.6657429590393527  1.4108063971865206 2.6457524745336682  1.4077109165956163 2.6253603172058551  1.4047783979955057 2.6045865923776077  1.4020121306834703 2.5834515509872791  1.3994155192197986 2.5619751871495171  1.396991519600348 2.5401785602381297  1.3947425345590767 2.5180840278040684  1.3926710919365746 2.495713671838002  1.3907796653914688 2.4730896986000981  1.3890708503739635 2.450234092832809  1.3875466730546318 2.4271699114783245  1.3862087536851695 2.4039209969001827  1.3850588719753154 2.380510822641043  1.3840984730372186 2.3569638283189112  1.3833286161452112 2.3333054818443255  1.3827505445259207 2.3095610538757474  1.3823648816262037 2.2857557917569595  1.3821718756253423 2.261914860842507  1.3821719266150578 2.238063503350546  1.3823651059428343 2.2142267234621946  1.3827508415693517 2.190428168460373  1.3833286651039973 2.1666916186634055  1.3840980355518082 2.1430408367267342  1.3850586005061547 2.1194995229219176  1.3862091462358912 2.0960917165645649  1.3875476113156222 2.0728417964441364  1.3890721170359659 2.0497740670897122  1.3907807415593123 2.0269128603262501  1.3926715696784653 2.0042824730555848  1.3947427200738485 1.9819073145761492  1.3969921840794686 1.9598113731409672  1.3994168552211821 1.9380150859717071  1.4020137210009207 1.916539170352731  1.4047797576690086 1.8954042824526776  1.4077119357002568 1.8746310428403878  1.4108073047432057 1.8542402755996152  1.4140626121183744 1.8342519192938995  1.4174740692361469 1.8146843519717184  1.4210380022385127 1.7955562525287632  1.4247507019799566 1.7768861510418039  1.4286085534675763 1.7586928720160793  1.4326075475817157 1.7409937619951117  1.4367434391294265 1.7238052628017957  1.441012046388116 1.7071439913466504  1.4454092180770484 1.6910266478941824  1.4499306967187222 1.6754693939989147  1.4545718045595131 1.6604864757181319  1.4593279397416064 1.6460924111680937  1.4641944910456215 1.6323016083674993  1.4691669009509654 1.6191286436663141  1.4742405003661663 1.6065875085112811  1.4794100487278181 1.5946895545195496  1.4846703850006993 1.5834464353119229  1.4900163479213395 1.5728697524167716  1.4954427798693541 1.5629710137285451  1.5009445997834194 1.5537621537698094  1.5065164610090966 1.5452530987838486  1.5121527216784911 1.5374516208459952  1.5178478174799397 1.5303659710652551  1.5235961601218275 1.5240041660948742  1.5293922477239028 1.5183746813774659  1.5352301356001268 1.513483151414325  1.5411037191364871 1.5093342388776152  1.5470069460953411 1.505932728257575  1.5529337392370766 1.5032838175078038  1.5588781475845526 1.5013902853472951  1.5648343051161584 1.5002530674583099  1.5688089875314835 1.5000000335333254  1.5707963267184968 1.5 
 0 4 0.0050505050505050509 1 0.010101010101010102 1 0.015151515151515152 1 0.020202020202020204 1 0.025252525252525256 1 0.030303030303030304 1 0.035353535353535359 1 0.040404040404040407 1 0.045454545454545456 1 0.050505050505050511 1 0.055555555555555559 1 0.060606060606060608 1 0.065656565656565663 1 0.070707070707070718 1 0.07575757575757576 1 0.080808080808080815 1 0.08585858585858587 1 0.090909090909090912 1 0.095959595959595967 1 0.10101010101010102 1 0.10606060606060606 1 0.11111111111111112 1 0.11616161616161617 1 0.12121212121212122 1 0.12626262626262627 1 0.13131313131313133 1 0.13636363636363638 1 0.14141414141414144 1 0.14646464646464646 1 0.15151515151515152 1 0.15656565656565657 1 0.16161616161616163 1 0.16666666666666669 1 0.17171717171717174 1 0.1767676767676768 1 0.18181818181818182 1 0.18686868686868688 1 0.19191919191919193 1 0.19696969696969699 1 0.20202020202020204 1 0.2070707070707071 1 0.21212121212121213 1 0.21717171717171718 1 0.22222222222222224 1 0.22727272727272729 1 0.23232323232323235 1 0.2373737373737374 1 0.24242424242424243 1 0.24747474747474749 1 0.25252525252525254 1 0.25757575757575762 1 0.26262626262626265 1 0.26767676767676768 1 0.27272727272727276 1 0.27777777777777779 1 0.28282828282828287 1 0.2878787878787879 1 0.29292929292929293 1 0.29797979797979801 1 0.30303030303030304 1 0.30808080808080812 1 0.31313131313131315 1 0.31818181818181823 1 0.32323232323232326 1 0.32828282828282829 1 0.33333333333333337 1 0.3383838383838384 1 0.34343434343434348 1 0.34848484848484851 1 0.35353535353535359 1 0.35858585858585862 1 0.36363636363636365 1 0.36868686868686873 1 0.37373737373737376 1 0.37878787878787884 1 0.38383838383838387 1 0.3888888888888889 1 0.39393939393939398 1 0.39898989898989901 1 0.40404040404040409 1 0.40909090909090912 1 0.4141414141414142 1 0.41919191919191923 1 0.42424242424242425 1 0.42929292929292934 1 0.43434343434343436 1 0.43939393939393945 1 0.44444444444444448 1 0.44949494949494956 1 0.45454545454545459 1 0.45959595959595961 1 0.4646464646464647 1 0.46969696969696972 1 0.47474747474747481 1 0.47979797979797983 1 0.48484848484848486 1 0.48989898989898994 1 0.49494949494949497 1 0.5 1 0.50505050505050508 1 0.51010101010101017 1 0.51515151515151525 1 0.52020202020202022 1 0.5252525252525253 1 0.53030303030303039 1 0.53535353535353536 1 0.54040404040404044 1 0.54545454545454553 1 0.5505050505050505 1 0.55555555555555558 1 0.56060606060606066 1 0.56565656565656575 1 0.57070707070707072 1 0.5757575757575758 1 0.58080808080808088 1 0.58585858585858586 1 0.59090909090909094 1 0.59595959595959602 1 0.60101010101010111 1 0.60606060606060608 1 0.61111111111111116 1 0.61616161616161624 1 0.62121212121212122 1 0.6262626262626263 1 0.63131313131313138 1 0.63636363636363646 1 0.64141414141414144 1 0.64646464646464652 1 0.6515151515151516 1 0.65656565656565657 1 0.66161616161616166 1 0.66666666666666674 1 0.67171717171717182 1 0.6767676767676768 1 0.68181818181818188 1 0.68686868686868696 1 0.69191919191919193 1 0.69696969696969702 1 0.7020202020202021 1 0.70707070707070718 1 0.71212121212121215 1 0.71717171717171724 1 0.72222222222222232 1 0.72727272727272729 1 0.73232323232323238 1 0.73737373737373746 1 0.74242424242424254 1 0.74747474747474751 1 0.7525252525252526 1 0.75757575757575768 1 0.76262626262626265 1 0.76767676767676774 1 0.77272727272727282 1 0.77777777777777779 1 0.78282828282828287 1 0.78787878787878796 1 0.79292929292929304 1 0.79797979797979801 1 0.80303030303030309 1 0.80808080808080818 1 0.81313131313131315 1 0.81818181818181823 1 0.82323232323232332 1 0.8282828282828284 1 0.83333333333333337 1 0.83838383838383845 1 0.84343434343434354 1 0.84848484848484851 1 0.85353535353535359 1 0.85858585858585867 1 0.86363636363636376 1 0.86868686868686873 1 0.87373737373737381 1 0.8787878787878789 1 0.88383838383838387 1 0.88888888888888895 1 0.89393939393939403 1 0.89898989898989912 1 0.90404040404040409 1 0.90909090909090917 1 0.91414141414141425 1 0.91919191919191923 1 0.92424242424242431 1 0.92929292929292939 1 0.93434343434343448 1 0.93939393939393945 1 0.94444444444444453 1 0.94949494949494961 1 0.95454545454545459 1 0.95959595959595967 1 0.96464646464646475 1 0.96969696969696972 1 0.97474747474747481 1 0.97979797979797989 1 0.98484848484848497 1 0.98989898989898994 1 0.99494949494949503 1 1 4
7 0 0  3 201 199  -4.0746606089214765e-10 8  0.010599140638916538 8.0000000326077831  0.031797416738046813 7.9999525517331493  0.063594106229052372 7.9997395231313932  0.095389339476841251 7.9993854151225445  0.12718247207648847 7.9988913164326716  0.15897278903675449 7.9982598616100011  0.1907594538040609 7.9974935655335955  0.22254178637615141 7.996594742919557  0.25431874170878199 7.9955674444416749  0.28608890675414589 7.9944162750384695  0.31785086551859187 7.993145730288969  0.34960318861470707 7.9917602233692566  0.38134615571268249 7.9902658982360135  0.41307996160434879 7.9886690532834379  0.44480469955053348 7.9869759951647135  0.47652046403888626 7.9851928448539748  0.50822785771632617 7.9833269079089826  0.53992743939998356 7.9813860257919664  0.57161962334122407 7.9793779275244683  0.60330479101332024 7.9773103066433313  0.63498367867689787 7.9751911326114326  0.66665744932680404 7.9730291302105245  0.69832703219747305 7.9708329101614073  0.72999336119447111 7.9686111043215835  0.76165751731203457 7.9663723747373423  0.79332071237407309 7.9641256857542047  0.82498402017059291 7.9618799733579317  0.85664855183361688 7.9596441891433196  0.88831553400906227 7.9574272493640361  0.91998594422984237 7.9552379114118388  0.95166068235781953 7.9530849601580389  0.98334066219617533 7.9509771410741044  1.015027040066979 7.9489233297513877  1.0467208588130283 7.9469318428381337  1.0784224226570585 7.9450101473308239  1.1101319848843607 7.943165869666136  1.1418497624802972 7.9414065984138196  1.1735760833837459 7.9397399141712013  1.205311531483682 7.9381734672921453  1.2370569629330088 7.936714633724943  1.2688118280328791 7.9353681099336697  1.3005753677746483 7.9341387889096184  1.3323466915329938 7.9330315027093805  1.3641249404025242 7.9320511306011676  1.3959093767473245 7.9312024239413574  1.4276996827534143 7.9304905985220824  1.459495296830319 7.9299183846396089  1.4912950350917464 7.9294869440819991  1.5230976404181806 7.929197826395777  1.5549018249448121 7.9290523907115631  1.5867064446475307 7.9290523700651274  1.6185106056972511 7.9291979316969341  1.6503132072565769 7.9294872199111879  1.6821129720071717 7.9299187936985165  1.713908631299395 7.9304910457897888  1.7456989867596864 7.9312026192684852  1.7774833416996536 7.9320512743635572  1.8092614591292824 7.9330317637355394  1.8410326550528584 7.9341392515762648  1.8727961077749526 7.9353687861201365  1.9045509376511323 7.9367154678999645  1.9362963971426872 7.9381743042124162  1.9680318503440031 7.9397406230002483  1.9997580474546961 7.9414073225922355  2.0314756712986934 7.9431666490704274  2.0631850821838773 7.9450110120087105  2.094886531322885 7.946932787104851  2.1265802881669336 7.9489243220692307  2.1582666645293127 7.9509781104379114  2.1899466236460547 7.9530859390308608  2.2216213350764491 7.9552389080357004  2.2532917053973147 7.9574282656479998  2.2849586290143207 7.9596452157512907  2.3166230624959701 7.9618809914692905  2.3482862441372228 7.9641266917330675  2.3799493037389241 7.9663733707991859  2.4116133074019541 7.9686121043190559  2.443279423099733 7.9708339244078434  2.4749488887448248 7.9730300365453699  2.5066226237630915 7.9751919553171842  2.5383014962769814 7.9773111310745675  2.5699863852775491 7.9793790627094729  2.6016784206431836 7.9813871191854684  2.6333786322517256 7.9833271875764282  2.6650870386584908 7.9851923200981734  2.6968036219603264 7.9869753826326528  2.7285283123983697 7.9886692718894707  2.7602611402601269 7.9902669476015573  2.792002410349482 7.9917610865808291  2.8237525547910152 7.9931458938271529  2.8555117926780036 7.9944165291100022  2.8872802104115474 7.9955679814323926  2.9190583717664431 7.9965950986040806  2.9508451630458365 7.997493672329802  2.9826375820414288 7.998260502574432  3.0144330615283361 7.9988919734311228  3.0462290258482847 7.999385663814448  3.078022514977321 7.9997397726874153  3.1098115081781676 7.9999525571183829  3.1415996778610511 8.0000236847197659  3.173390003172162 7.9999527041194129  3.2051860291390737 7.999739135731244  3.2369851891948938 7.9993846354541009  3.268784390859325 7.9988909506055927  3.3005806760194929 7.9982598650651608  3.3323709902889647 7.9974929254274354  3.3641546538872964 7.9965938540849129  3.3959311789606623 7.9955667946186431  3.4276998912869052 7.9944158441656032  3.4594601279279318 7.9931448791007487  3.4912117932085986 7.9917593147922918  3.5229547645926043 7.9902652131648297  3.5546887963081328 7.9886685296818207  3.5864135883632859 7.9869750565551518  3.6181295047623014 7.9851916153167588  3.6498371107827507 7.9833258287496749  3.6815367494331457 7.9813851515338134  3.7132287478040498 7.9793770404918183  3.7449136859938044 7.9773091173023518  3.7765926616854486 7.9751899586867152  3.808266528993252 7.9730280387318819  3.8399361274265553 7.9708318578709347  3.8716024083997969 7.9686099137878719  3.9032665866398699 7.9663711410911988  3.9349297390256148 7.9641244688162391  3.9665929520954761 7.9618788294468441  3.9982574616828042 7.9596431471915858  4.0299244127297111 7.9574262287470559  4.0615948059502385 7.9552368915958374  4.0932696290878505 7.9530839349530087  4.1249500429139028 7.9509762203177416  4.156637185835268 7.9489223601092753  4.1883313851345507 7.9469302817089185  4.2200329708446631 7.9450080308797206  4.2517422658603712 7.9431635702840948  4.2834598339552015 7.9414050766052684  4.3151861809612404 7.9397397918272929  4.3469212807703528 7.9381738118336589  4.3786650946457231 7.9367134817052847  4.41041757744369 7.9353650137649074  4.4421789843124184 7.934134902170543  4.4739492213638181 7.9330282429632382  4.5057276352491522 7.9320491340518195  4.5375138837021831 7.9312020652080379  4.5693068101485146 7.9304906678434026  4.6011041762792209 7.9299175894719056  4.6329039419528346 7.9294859273202913  4.6647045335724195 7.9291972929631305  4.6965045120691027 7.9290524151762911  4.7283022946242745 7.9290523428259574  4.7600967604782474 7.9291975739722984  4.7918884572058147 7.9294865173234346  4.8236776620066424 7.9299178409378213  4.8554646765260783 7.9304900358912995  4.8872501993185935 7.931202041839871  4.9190340511941146 7.9320507519516958  4.950814590794705 7.9330310409107518  4.9825901182520829 7.9341382112089711  5.0143587331014441 7.9353674560888487  5.0461185878336829 7.9367139779826843  5.0778678960423838 7.9381730518130018  5.1096055304608772 7.9397396487084206  5.1413327988461193 7.9414061554961251  5.1730504428343904 7.943165163550697  5.2047590797446839 7.9450092174368674  5.2364592530894312 7.9469308444113933  5.2681515183945189 7.9489226877727939  5.2998368026232541 7.9509768825527072  5.3315161978449463 7.9530846707881073  5.363190552012151 7.9552374590761241  5.3948606956584486 7.9574265985673875  5.4265275178240611 7.9596434976383401  5.4581921735060908 7.9618793160952723  5.4898557260942891 7.9641250598702218  5.5215191467484974 7.9663717757221404  5.5531834566990321 7.9686104807347151  5.5848498447179313 7.9708322742233957  5.6165193710617443 7.9730285314194802  5.6481929805280853 7.9751905854554233  5.6798716302179715 7.9773097971678819  5.7115564499495424 7.9793774586755442  5.7432486688372038 7.9813851188312874  5.7749485957055935 7.9833254916364176  5.8066564414623629 7.985191158939525  5.8383723746658074 7.9869747209690471  5.8700966310039062 7.988668836586732  5.9018297719678889 7.9902659117412274  5.9335721883609178 7.9917595390137279  5.9653236094548765 7.9931445842282765  5.9970837960226486 7.9944156280871885  6.0288524653266844 7.9955673976961128  6.0606297834250968 7.9965943196691027  6.0924145340916933 7.9974926947252696  6.1242047392057817 7.998259466191719  6.1559985773104522 7.9988914930228256  6.1877941354370245 7.9993853759766118  6.219590640684693 7.999739238065124  6.2513878505097269 7.9999523625625395  6.2725861676565806 7.9999999676469642  6.2831853067721202 8 
 0 4 0.0050505050505050509 1 0.010101010101010102 1 0.015151515151515152 1 0.020202020202020204 1 0.025252525252525256 1 0.030303030303030304 1 0.035353535353535359 1 0.040404040404040407 1 0.045454545454545456 1 0.050505050505050511 1 0.055555555555555559 1 0.060606060606060608 1 0.065656565656565663 1 0.070707070707070718 1 0.07575757575757576 1 0.080808080808080815 1 0.08585858585858587 1 0.090909090909090912 1 0.095959595959595967 1 0.10101010101010102 1 0.10606060606060606 1 0.11111111111111112 1 0.11616161616161617 1 0.12121212121212122 1 0.12626262626262627 1 0.13131313131313133 1 0.13636363636363638 1 0.14141414141414144 1 0.14646464646464646 1 0.15151515151515152 1 0.15656565656565657 1 0.16161616161616163 1 0.16666666666666669 1 0.17171717171717174 1 0.1767676767676768 1 0.18181818181818182 1 0.18686868686868688 1 0.19191919191919193 1 0.19696969696969699 1 0.20202020202020204 1 0.2070707070707071 1 0.21212121212121213 1 0.21717171717171718 1 0.22222222222222224 1 0.22727272727272729 1 0.23232323232323235 1 0.2373737373737374 1 0.24242424242424243 1 0.24747474747474749 1 0.25252525252525254 1 0.25757575757575762 1 0.26262626262626265 1 0.26767676767676768 1 0.27272727272727276 1 0.27777777777777779 1 0.28282828282828287 1 0.2878787878787879 1 0.29292929292929293 1 0.29797979797979801 1 0.30303030303030304 1 0.30808080808080812 1 0.31313131313131315 1 0.31818181818181823 1 0.32323232323232326 1 0.32828282828282829 1 0.33333333333333337 1 0.3383838383838384 1 0.34343434343434348 1 0.34848484848484851 1 0.35353535353535359 1 0.35858585858585862 1 0.36363636363636365 1 0.36868686868686873 1 0.37373737373737376 1 0.37878787878787884 1 0.38383838383838387 1 0.3888888888888889 1 0.39393939393939398 1 0.39898989898989901 1 0.40404040404040409 1 0.40909090909090912 1 0.4141414141414142 1 0.41919191919191923 1 0.42424242424242425 1 0.42929292929292934 1 0.43434343434343436 1 0.43939393939393945 1 0.44444444444444448 1 0.44949494949494956 1 0.45454545454545459 1 0.45959595959595961 1 0.4646464646464647 1 0.46969696969696972 1 0.47474747474747481 1 0.47979797979797983 1 0.48484848484848486 1 0.48989898989898994 1 0.49494949494949497 1 0.5 1 0.50505050505050508 1 0.51010101010101017 1 0.51515151515151525 1 0.52020202020202022 1 0.5252525252525253 1 0.53030303030303039 1 0.53535353535353536 1 0.54040404040404044 1 0.54545454545454553 1 0.5505050505050505 1 0.55555555555555558 1 0.56060606060606066 1 0.56565656565656575 1 0.57070707070707072 1 0.5757575757575758 1 0.58080808080808088 1 0.58585858585858586 1 0.59090909090909094 1 0.59595959595959602 1 0.60101010101010111 1 0.60606060606060608 1 0.61111111111111116 1 0.61616161616161624 1 0.62121212121212122 1 0.6262626262626263 1 0.63131313131313138 1 0.63636363636363646 1 0.64141414141414144 1 0.64646464646464652 1 0.6515151515151516 1 0.65656565656565657 1 0.66161616161616166 1 0.66666666666666674 1 0.67171717171717182 1 0.6767676767676768 1 0.68181818181818188 1 0.68686868686868696 1 0.69191919191919193 1 0.69696969696969702 1 0.7020202020202021 1 0.70707070707070718 1 0.71212121212121215 1 0.71717171717171724 1 0.72222222222222232 1 0.72727272727272729 1 0.73232323232323238 1 0.73737373737373746 1 0.74242424242424254 1 0.74747474747474751 1 0.7525252525252526 1 0.75757575757575768 1 0.76262626262626265 1 0.76767676767676774 1 0.77272727272727282 1 0.77777777777777779 1 0.78282828282828287 1 0.78787878787878796 1 0.79292929292929304 1 0.79797979797979801 1 0.80303030303030309 1 0.80808080808080818 1 0.81313131313131315 1 0.81818181818181823 1 0.82323232323232332 1 0.8282828282828284 1 0.83333333333333337 1 0.83838383838383845 1 0.84343434343434354 1 0.84848484848484851 1 0.85353535353535359 1 0.85858585858585867 1 0.86363636363636376 1 0.86868686868686873 1 0.87373737373737381 1 0.8787878787878789 1 0.88383838383838387 1 0.88888888888888895 1 0.89393939393939403 1 0.89898989898989912 1 0.90404040404040409 1 0.90909090909090917 1 0.91414141414141425 1 0.91919191919191923 1 0.92424242424242431 1 0.92929292929292939 1 0.93434343434343448 1 0.93939393939393945 1 0.94444444444444453 1 0.94949494949494961 1 0.95454545454545459 1 0.95959595959595967 1 0.96464646464646475 1 0.96969696969696972 1 0.97474747474747481 1 0.97979797979797989 1 0.98484848484848497 1 0.98989898989898994 1 0.99494949494949503 1 1 4
7 0 0  3 245 243  4.7123889794888854 1.5  4.714014711789841 1.5000000605486352  4.717266554770692 1.5001693950843933  4.7221419371589075 1.5009307367748994  4.7270114206538638 1.5021990666847287  4.7318714870114897 1.5039742124826472  4.7367186327730915 1.5062544161457971  4.7415493665512578 1.5090375565254419  4.7463601508753888 1.5123217277655885  4.7511476333709854 1.5161044368481924  4.7559087412795922 1.5203823463004977  4.7606403474142382 1.5251522432988986  4.7653393224442615 1.5304110070143131  4.7700026298069833 1.5361545193768686  4.7746272549029358 1.5423783929184232  4.7792101744655371 1.5490782617947243  4.7837483487651431 1.5562499286582592  4.7882388331752619 1.5638878712523623  4.7926787080807083 1.5719861463283322  4.7970650362596867 1.5805389286923544  4.8013948877864134 1.5895403170583629  4.8056652847051735 1.5989845964544158  4.8098734585821648 1.6088651364523652  4.8140167909490623 1.6191746357007728  4.8180926197375369 1.6299059464219579  4.8220982870503777 1.641051872854381  4.8260311198821562 1.6526052575981918  4.8298884623715015 1.6645588366790873  4.8336678899502026 1.6769042486703842  4.8373669533211698 1.68963321159433  4.8409832049619697 1.7027374058689047  4.8445141736690207 1.7162085828802178  4.8479574451002696 1.7300382346432774  4.8513108256131634 1.7442169191312638  4.8545720856898456 1.7587353157468686  4.8577389949860228 1.7735840804645837  4.8608093254635918 1.7887538415421844  4.8637808052786964 1.8042353615325113  4.866651320647164 1.8200188258505507  4.8694190470741834 1.8360933814040807  4.8720821027824899 1.8524483609410403  4.8746386153345735 1.8690730480702775  4.8770867049762172 1.8859567371168784  4.8794244854182605 1.9030887286800435  4.881650078175964 1.9204582875462901  4.8837615552905982 1.938054815478742  4.8857575204070782 1.9558661001402682  4.8876366444603381 1.9738797200414648  4.8893975775765641 1.9920833092290169  4.8910389738846494 2.0104644851134346  4.8925594791364828 2.0290108761138703  4.8939577555775662 2.0477100832510575  4.8952323952174641 2.0665498061307943  4.8963822804928592 2.0855173225696038  4.8974067685285059 2.1045992241616043  4.8983051289495849 2.1237822288906609  4.8990766502791034 2.1430530234084184  4.8997206293338484 2.1623982933056163  4.9002363072076669 2.1818047597488688  4.9006233685261611 2.2012588465495102  4.9008816081601747 2.2207469008678036  4.9010108034571243 2.2402552907889155  4.9010106964380116 2.2597703738520361  4.900881365359802 2.2792785572286105  4.9006229979293687 2.2987662556021742  4.9002357659524769 2.318219886335958  4.8997198088633684 2.3376258488507498  4.8990757164953687 2.3569707557332995  4.8983041410860642 2.3762412500691736  4.8974057133538871 2.3954239612669825  4.8963810859033918 2.4145055434789464  4.8952308423463293 2.4334725655598146  4.8939558537369185 2.4523119581459358  4.8925574744148363 2.4710112616892257  4.8910369681492334 2.4895579049146073  4.8893956207531488 2.5079393468589672  4.8876347092040993 2.5261430370383282  4.8857555121678597 2.5441564327402117  4.8837592986346268 2.5619669696869933  4.8816473630063344 2.5795621623606082  4.8794215555232814 2.5969311465609239  4.8770837001567164 2.6140629929813941  4.8746356228125292 2.6309467889209635  4.8720791447439531 2.6475716203630357  4.8694160798945703 2.6639265619476733  4.8666482513845182 2.6800007350038433  4.8637774275468608 2.6957830854482485  4.8608057009832537 2.7112637019026584  4.8577352823950779 2.7264331017050569  4.8545683467581275 2.7412816973277354  4.8513070701425747 2.7557999241157565  4.847953625727671 2.7699782307888019  4.8445101615687767 2.7838069896952988  4.8409790705188094 2.7972775821137903  4.8373627675050201 2.8103815026180818  4.8336636545412386 2.8231102201047369  4.829884124830981 2.8354551945072894  4.8260265791090529 2.847407947637659  4.8220936533433729 2.8589610139932424  4.8180879652401618 2.8701068779803776  4.8140121284123705 2.8808380347476961  4.8098687505394526 2.8911469865657144  4.8056604239901217 2.9010261964751223  4.8013899804626972 2.9104694121263837  4.7970602559575699 2.9194704316585285  4.7926740750005248 2.9280230266642766  4.7882342669580504 2.9361210245287652  4.7837436133351536 2.9437580560137784  4.7792050948400462 2.9509287540384106  4.7746218385645918 2.957628488408949  4.7699969336232444 2.9638524481199502  4.7653334698744807 2.9695959222499684  4.7606345401373469 2.9748539803532772  4.7559031535938567 2.9796230871473717  4.7511422856377923 2.98390019151763  4.7463549258973661 2.9876821336024348  4.7415440172822834 2.990965738069951  4.7367131585280084 2.9937485710111842  4.7318659980276765 2.9960282200625845  4.7270061745260694 2.997802411601544  4.7221372720016319 2.9990703973198301  4.7172630130992035 2.9998311738459043  4.7123863695737116 3.0000845266678962  4.7075098653046155 2.9998307191936311  4.702636091246843 2.9990694655506238  4.6977677612113853 2.9978007593993161  4.6929085551633829 2.9960261301860838  4.6880620517991751 2.9937469893308046  4.6832318888793445 2.9909646713232183  4.6784215685991963 2.9876809696823816  4.6736342422897712 2.9838989635654873  4.6688731145074742 2.9796215779618618  4.6641413945040711 2.974851634278016  4.6594421960797821 2.9695929333494111  4.654778598653154 2.9638496587419505  4.650153691961596 2.9576259390815554  4.6455705848993416 2.9509257709734507  4.6410322581555139 2.9437543251786784  4.636541662778372 2.9361170996249268  4.6321017622920913 2.9280195246884317  4.627715535107475 2.919466990855339  4.6233859197503557 2.9104651227460789  4.6191156150985755 2.9010208513526186  4.6149073534741616 2.8911409714402776  4.6107638695868447 2.8808323044250828  4.6066878977944175 2.8701017013469192  4.6026822111456056 2.8589558680995171  4.5987494394480279 2.8474021767046005  4.5948920365073427 2.8354488193281187  4.5911125018914083 2.8231038167133864  4.5874133268060824 2.8103752578829115  4.5837970319105166 2.7972711301650892  4.5802660609644468 2.7837997907511141  4.5768226671486749 2.7699704727263854  4.5734691442336386 2.7557922612658179  4.5702077748944481 2.7412743065545238  4.5670408832275804 2.7264256466473027  4.5639706419508617 2.7112558041538488  4.5609990761349257 2.695774770824809  4.5581282451194838 2.6799924566476356  4.555360219443374 2.663918727390413  4.5526970187101909 2.6475637229183797  4.5501404650829613 2.6309385505419942  4.547692415800646 2.6140541791127974  4.5453547125332499 2.5969216358731551  4.5431292488439814 2.579551852961036  4.541017616195334 2.5619563340288067  4.5390213013716449 2.5441467801185649  4.53714181644715 2.5261348593525872  4.5353806861876125 2.5079321884228984  4.5337393729209658 2.4895506334686281  4.5322190621491885 2.4710031099105896  4.5308209763698128 2.4523024021785451  4.5295463275324304 2.433461332659268  4.5283963425922895 2.414492702902546  4.5273717532757942 2.3954098371858721  4.5264732784925314 2.3762260722403274  4.5257016461678106 2.3569547400379673  4.52505756471745 2.3376091791459594  4.5245418153329222 2.3182027065100579  4.5241547366427195 2.2987487708438374  4.5238964770305401 2.2792608776526264  4.5237672316538786 2.2597525177516413  4.5237671824075614 2.2402371888858266  4.5238965048760784 2.2207283757728038  4.5241550837815234 2.2012396157275695  4.524542474430131 2.1817845243114933  4.525058295079174 2.16237670298394  4.5257021429911166 2.1430297542130932  4.5264736377802954 2.123757290533872  4.5273723306686948 2.1045728824422167  4.5283972615881147 2.0854897754594814  4.5295475168533974 2.0665212473542756  4.5308221662669386 2.0476805520659012  4.5322203048884306 2.0289810066036189  4.5337406849205335 2.0104349355645694  4.5353820358800139 1.9920545873662754  4.5371430844286653 1.9738522138655252  4.5390226024854412 1.9558401286575355  4.5410191641403479 1.9380303484196368  4.5431310728693441 1.9204344812470413  4.5453566896227491 1.9030642186025237  4.5476943610943961 1.8859312171839386  4.5501424528113068 1.869047189381257  4.5526990827494425 1.852422778548561  4.5553623619697232 1.8360685756227288  4.5581303992551554 1.8199951567016335  4.561001345867175 1.804213209373789  4.5639731130348959 1.7887326932471306  4.5670435168877779 1.7735632680541189  4.5702104052313759 1.7587146756339334  4.573471618733647 1.7441966047812687  4.5768250288788117 1.7300188743620546  4.5802684145235162 1.7161907727381231  4.5837993868576623 1.7027206540439543  4.587415595918177 1.6896170440985803  4.5911146848822941 1.6768884107131432  4.594894324891623 1.6645432820457828  4.5987521201588581 1.6525899946611267  4.6026853804292465 1.6410361145909524  4.6066914603318043 1.6298893085614434  4.610767707102041 1.6191571999236074  4.6149114931518413 1.6088474848347427  4.6191201378557372 1.5989675996546904  4.6233907350895969 1.5895240039552663  4.627720414550331 1.580523247783636  4.632106305029466 1.5719719825292238  4.6365455422860435 1.5638759169371519  4.6410352632239444 1.5562404296516259  4.6455726223219687 1.5490710553255123  4.6501547367135165 1.5423729952749516  4.6547785986070354 1.5361505388071102  4.6594412221784864 1.5304080944147755  4.6641396274888951 1.5251500882535101  4.6688708199185269 1.5203807506698404  4.6736317016470297 1.5161032192057673  4.6784191697286017 1.5123207147114412  4.6832301975277382 1.509036554935959  4.68806131878077 1.5062533032136904  4.69290884102376 1.5039730931167967  4.6977691687689465 1.5021983437888484  4.7026383560420966 1.5009301035968987  4.7075121395457904 1.5001690366629103  4.7107633023532198 1.4999999279591547  4.7123889794888854 1.5 
 0 4 0.0041322314049586778 1 0.0082644628099173556 1 0.012396694214876033 1 0.016528925619834711 1 0.020661157024793389 1 0.024793388429752067 1 0.028925619834710745 1 0.033057851239669422 1 0.0371900826446281 1 0.041322314049586778 1 0.045454545454545456 1 0.049586776859504134 1 0.053719008264462811 1 0.057851239669421489 1 0.061983471074380167 1 0.066115702479338845 1 0.070247933884297523 1 0.0743801652892562 1 0.078512396694214878 1 0.082644628099173556 1 0.086776859504132234 1 0.090909090909090912 1 0.095041322314049589 1 0.099173553719008267 1 0.10330578512396695 1 0.10743801652892562 1 0.1115702479338843 1 0.11570247933884298 1 0.11983471074380166 1 0.12396694214876033 1 0.12809917355371903 1 0.13223140495867769 1 0.13636363636363635 1 0.14049586776859505 1 0.14462809917355374 1 0.1487603305785124 1 0.15289256198347106 1 0.15702479338842976 1 0.16115702479338845 1 0.16528925619834711 1 0.16942148760330578 1 0.17355371900826447 1 0.17768595041322316 1 0.18181818181818182 1 0.18595041322314049 1 0.19008264462809918 1 0.19421487603305787 1 0.19834710743801653 1 0.2024793388429752 1 0.20661157024793389 1 0.21074380165289258 1 0.21487603305785125 1 0.21900826446280991 1 0.2231404958677686 1 0.22727272727272729 1 0.23140495867768596 1 0.23553719008264462 1 0.23966942148760331 1 0.243801652892562 1 0.24793388429752067 1 0.25206611570247933 1 0.25619834710743805 1 0.26033057851239672 1 0.26446280991735538 1 0.26859504132231404 1 0.27272727272727271 1 0.27685950413223143 1 0.28099173553719009 1 0.28512396694214875 1 0.28925619834710747 1 0.29338842975206614 1 0.2975206611570248 1 0.30165289256198347 1 0.30578512396694213 1 0.30991735537190085 1 0.31404958677685951 1 0.31818181818181818 1 0.3223140495867769 1 0.32644628099173556 1 0.33057851239669422 1 0.33471074380165289 1 0.33884297520661155 1 0.34297520661157027 1 0.34710743801652894 1 0.3512396694214876 1 0.35537190082644632 1 0.35950413223140498 1 0.36363636363636365 1 0.36776859504132231 1 0.37190082644628097 1 0.37603305785123969 1 0.38016528925619836 1 0.38429752066115702 1 0.38842975206611574 1 0.3925619834710744 1 0.39669421487603307 1 0.40082644628099173 1 0.4049586776859504 1 0.40909090909090912 1 0.41322314049586778 1 0.41735537190082644 1 0.42148760330578516 1 0.42561983471074383 1 0.42975206611570249 1 0.43388429752066116 1 0.43801652892561982 1 0.44214876033057854 1 0.4462809917355372 1 0.45041322314049587 1 0.45454545454545459 1 0.45867768595041325 1 0.46280991735537191 1 0.46694214876033058 1 0.47107438016528924 1 0.47520661157024796 1 0.47933884297520662 1 0.48347107438016529 1 0.48760330578512401 1 0.49173553719008267 1 0.49586776859504134 1 0.5 1 0.50413223140495866 1 0.50826446280991733 1 0.5123966942148761 1 0.51652892561983477 1 0.52066115702479343 1 0.52479338842975209 1 0.52892561983471076 1 0.53305785123966942 1 0.53719008264462809 1 0.54132231404958675 1 0.54545454545454541 1 0.54958677685950419 1 0.55371900826446285 1 0.55785123966942152 1 0.56198347107438018 1 0.56611570247933884 1 0.57024793388429751 1 0.57438016528925617 1 0.57851239669421495 1 0.58264462809917361 1 0.58677685950413228 1 0.59090909090909094 1 0.5950413223140496 1 0.59917355371900827 1 0.60330578512396693 1 0.6074380165289256 1 0.61157024793388426 1 0.61570247933884303 1 0.6198347107438017 1 0.62396694214876036 1 0.62809917355371903 1 0.63223140495867769 1 0.63636363636363635 1 0.64049586776859502 1 0.64462809917355379 1 0.64876033057851246 1 0.65289256198347112 1 0.65702479338842978 1 0.66115702479338845 1 0.66528925619834711 1 0.66942148760330578 1 0.67355371900826444 1 0.6776859504132231 1 0.68181818181818188 1 0.68595041322314054 1 0.69008264462809921 1 0.69421487603305787 1 0.69834710743801653 1 0.7024793388429752 1 0.70661157024793386 1 0.71074380165289264 1 0.7148760330578513 1 0.71900826446280997 1 0.72314049586776863 1 0.72727272727272729 1 0.73140495867768596 1 0.73553719008264462 1 0.73966942148760328 1 0.74380165289256195 1 0.74793388429752072 1 0.75206611570247939 1 0.75619834710743805 1 0.76033057851239672 1 0.76446280991735538 1 0.76859504132231404 1 0.77272727272727271 1 0.77685950413223148 1 0.78099173553719015 1 0.78512396694214881 1 0.78925619834710747 1 0.79338842975206614 1 0.7975206611570248 1 0.80165289256198347 1 0.80578512396694213 1 0.80991735537190079 1 0.81404958677685957 1 0.81818181818181823 1 0.8223140495867769 1 0.82644628099173556 1 0.83057851239669422 1 0.83471074380165289 1 0.83884297520661155 1 0.84297520661157033 1 0.84710743801652899 1 0.85123966942148765 1 0.85537190082644632 1 0.85950413223140498 1 0.86363636363636365 1 0.86776859504132231 1 0.87190082644628097 1 0.87603305785123964 1 0.88016528925619841 1 0.88429752066115708 1 0.88842975206611574 1 0.8925619834710744 1 0.89669421487603307 1 0.90082644628099173 1 0.9049586776859504 1 0.90909090909090917 1 0.91322314049586784 1 0.9173553719008265 1 0.92148760330578516 1 0.92561983471074383 1 0.92975206611570249 1 0.93388429752066116 1 0.93801652892561982 1 0.94214876033057848 1 0.94628099173553726 1 0.95041322314049592 1 0.95454545454545459 1 0.95867768595041325 1 0.96280991735537191 1 0.96694214876033058 1 0.97107438016528924 1 0.97520661157024802 1 0.97933884297520668 1 0.98347107438016534 1 0.98760330578512401 1 0.99173553719008267 1 0.99586776859504134 1 1 4
7 0 0  3 245 243  6.2831853119572081 0  6.2745147390370715 2.1618732532543418e-08  6.2571715724679819 3.1832023737320638e-05  6.2311525340229874 0.00017451732717874084  6.2051310026015134 0.00041181254795545137  6.1791086967491147 0.00074345580916756299  6.1530873742392913 0.0011683176681279639  6.127068831097537 0.0016850645040441922  6.1010550640405796 0.0022925000295148292  6.0750471558210837 0.0029890224091699805  6.0490449289099324 0.0037724408012747507  6.0230485029737757 0.0046406513785111321  5.9970579459580335 0.0055916144616017915  5.9710731331925757 0.0066225943307571013  5.9450939535848661 0.0077306653919269296  5.9191203405509434 0.0089129235786433569  5.8931521798926987 0.010166558526917084  5.8671894236184485 0.011488004416764586  5.8412321592427823 0.012873455142710422  5.8152805304047206 0.014319171506267945  5.7893346701458999 0.015821372777018977  5.76339475891346 0.017376377445303941  5.7374604521534245 0.018980017900688005  5.7115311698256406 0.020627770486479374  5.6856064862726488 0.022315192669786123  5.6596859827507462 0.0240378179330458  5.6337692408526916 0.025791194573588874  5.6078557530806883 0.027570835249194965  5.5819448547083415 0.029371893075510261  5.5560359719711627 0.031189545989564117  5.530128545849422 0.03301896408048284  5.5042220019766237 0.034855324007605701  5.4783156903192065 0.036693783032393658  5.452408988033234 0.038529429473405159  5.4265013394843322 0.040357361514810501  5.400592195859371 0.042172672079662646  5.3746809848338373 0.043970465269872243  5.3487670355075974 0.045745805733036236  5.3228496662795308 0.047493924202409013  5.296928456877847 0.049210349760662554  5.2710030390349285 0.050890558177579974  5.2450730824917073 0.052530039060944056  5.2191382446439185 0.054124279979425594  5.1931981204775646 0.055668762820140397  5.1672522279732256 0.057158994235542028  5.1412998524920717 0.058590387498277052  5.1153410075988681 0.059959455158563067  5.0893759511092274 0.061262852335895346  5.0634049810123685 0.062497195832464839  5.0374284287003057 0.063659115632200516  5.0114465949447169 0.064745227309378733  4.9854597188028169 0.065752190895158519  4.959467872558367 0.066676503002810583  4.9334711470808905 0.06751536051469037  4.9074700087629388 0.068267099134365614  4.8814649551645353 0.068929846320168561  4.8554565184585066 0.069501775632887439  4.8294452104277141 0.069981084468731927  4.8034314335926744 0.070365828779757306  4.777415693130326 0.070655201125706446  4.7513986137856676 0.070848676303274724  4.725380823636133 0.070945684457176583  4.6993629178857219 0.070945565425651683  4.6733453807247702 0.070848512808443176  4.6473287439330981 0.070655005303906171  4.6213135504556853 0.070365480363262831  4.5953002908011094 0.069980291953976259  4.5692893672509474 0.0695009567561512  4.5432812737388861 0.068929153447486471  4.5172765441005112 0.068266507261825232  4.4912756910272478 0.067514698133058673  4.4652791965484511 0.066675240638757877  4.4392872897192888 0.065750342927163821  4.4133000863388396 0.064743381148959181  4.3873178878372503 0.063657517593372778  4.361341062307865 0.062495972128973877  4.3353700151602563 0.061261948168423973  4.3094051287840429 0.059958657368661995  4.2834467359064856 0.058589294865448428  4.2574949894178822 0.057157113833664355  4.2315492473325396 0.055666558589709904  4.2056090709464033 0.054122025536571222  4.1796741090592171 0.052527923622461156  4.1537440721022634 0.050888659528096965  4.1278186848858276 0.049208636458967413  4.1018976337831106 0.047492273788963014  4.0759805572589158 0.045743929693595441  4.0500667755222555 0.043968361265428253  4.0241556314284601 0.042170475428622629  3.9982465618879708 0.040355141946870149  3.972339025735689 0.038527240610739269  3.9464324720838793 0.036691648263749779  3.9205262818858699 0.034853243510752419  3.8946197894080647 0.033016891493963162  3.8687123996847035 0.031187456240820307  3.8428035338619626 0.029369800935302767  3.8168925898443309 0.027568793228792354  3.7909788985893638 0.025789283653131462  3.7650619943001331 0.024035852004836246  3.739141460013645 0.022313091283207562  3.713216877819189 0.020625592215642877  3.6872877944004472 0.018977941414347506  3.6613536457983091 0.017374744224200881  3.6354141512314282 0.015819998100460139  3.6094691120883482 0.014317676119972259  3.5835183228092156 0.012871765778347874  3.557561572596537 0.011486221229248429  3.5315984548862485 0.010165115575357689  3.5056290094562179 0.0089119150846514658  3.4796537403320418 0.0077296398293262569  3.4536730997169123 0.0066214192426571677  3.4276875093661445 0.0055903226435701538  3.4016974305652159 0.0046395504472877902  3.3757023931872414 0.0037714707660969622  3.3497016503210624 0.0029881640356413017  3.3236945798974684 0.0022917716405036798  3.2976802779346617 0.0016844587436815651  3.2716611326901912 0.0011677058770738992  3.2456398241657851 0.00074295639829132355  3.2196189146309511 0.00041159312520606218  3.1936005024485006 0.00017423966259801581  3.1675874915378923 3.1660368964600143e-05  3.1415787303197185 -1.5847325003177154e-05  3.1155707054714945 3.1728955788318369e-05  3.0895602593084206 0.00017439723491788489  3.0635448325747827 0.00041200660140647678  3.0375271301415463 0.00074353893307049204  3.0115093571149814 0.0011680406127016364  2.9854939864177261 0.0016846095212098542  2.959482766868188 0.0022920519636511968  2.9334758447532217 0.0029883606923617758  2.9074736682875617 0.0037716242735945918  2.8814766501735214 0.0046400035000392055  2.8554849591261018 0.0055909966599295624  2.8294987434985615 0.0066218427918034494  2.8035182027168215 0.0077298206023666376  2.7775435280106286 0.0089122884535360308  2.7515747031982372 0.010165882638537096  2.7256117547206529 0.011487037705024976  2.6996547550498828 0.012872230908530916  2.6737037931121055 0.014317959913412772  2.6477588045634732 0.015820594182678709  2.6218193107598982 0.017375785228982078  2.5958849921909817 0.018979259874628882  2.5699555657658379 0.020626728659883745  2.5440307493404895 0.02231389194349253  2.5181102577351755 0.024036507092352125  2.4921935574882461 0.025790068088651839  2.4662799814205592 0.027569745105231028  2.440368974431566 0.029370774306020267  2.4144599887691243 0.03118837154554812  2.3885524589214953 0.033017767924867616  2.3626457499098592 0.034854150194931231  2.3367392766644191 0.036692603322640752  2.3108325112469341 0.038528227443302532  2.2849249275017183 0.040356122898511329  2.2590159687443432 0.042171374036335592  2.2331049681351374 0.043969145925806183  2.2071912569112868 0.045744681840066588  2.1812742019072147 0.047493213945801999  2.1553531036570881 0.049209957051884606  2.1294273324571478 0.050890211275153731  2.1034967783444181 0.052529576160789473  2.0775612952463032 0.054123604402983666  2.0516207323679421 0.055667882342386586  2.0256748601460561 0.0571579085847976  1.9997233655633444 0.058589746524771828  1.9737659774548248 0.059959657411620217  1.947802440439979 0.061263863836749984  1.9218324063607248 0.062498559334596221  1.8958556331608509 0.063660099398867034  1.8698727257523355 0.064745527028968755  1.8438842076542894 0.065751798093003258  1.8178905953670981 0.066675898181129484  1.7918922913248707 0.067514781126577411  1.7658897709113894 0.068266570554426656  1.7398835993455499 0.068929421727512943  1.7138743562595256 0.069501469267734289  1.6878625915194139 0.06998089875129937  1.6618487700941973 0.07036571257813598  1.6358332231295183 0.070655037456468714  1.6098163482369783 0.07084848244095715  1.5837985814154267 0.070945539594630361  1.5577803480660943 0.070945728922540127  1.5317619878798094 0.070848613926616955  1.5057438775694676 0.070654516277089505  1.4797266356461893 0.070364579376769265  1.4537109284708638 0.069979790638710487  1.4276974449971434 0.069501190025535745  1.4016868433190481 0.068929763291359428  1.3756796775932205 0.068266663420340434  1.3496765139569868 0.067514293022664942  1.3236780197299964 0.066674943596286868  1.2976848757563086 0.065750949816246088  1.271697777796132 0.064744584761505394  1.2457166065890197 0.06365899664714661  1.219741270617912 0.062497397704413434  1.1937717295181773 0.061263006807101547  1.1678079245437445 0.05995895284434978  1.1418497561299006 0.058588783448306127  1.1158972234203164 0.057156619877348692  1.089950396251731 0.055666469566308732  1.0640093578542356 0.054122376182461386  1.038074180430427 0.05252835228682632  1.0121443042622404 0.050888906196064558  0.98621921145971925 0.049208570927306593  0.96029841337234956 0.047491883329768739  0.93438139978214441 0.045743340354583786  0.90846758262521821 0.043967701887445615  0.88255644579738757 0.042169835277875219  0.85664752933054977 0.040354581321635608  0.83074036804120954 0.038526788408413254  0.80483449479362701 0.036691301105958606  0.77892921131750992 0.034852972640732435  0.75302360616986608 0.033016670056072533  0.72711686513704166 0.031187258936836541  0.70120817343737407 0.029369601544357495  0.67529664568825609 0.027568574892542552  0.64938146457506019 0.025788997765462306  0.6234624799305859 0.024035449939415827  0.59753951511414805 0.022312543013374146  0.57161241707825283 0.02062487300863855  0.54568095593239541 0.018977066434491024  0.51974490874410506 0.017373638292404795  0.4938044842015632 0.015818684187502759  0.46785985057030111 0.014316337243621469  0.44191122639398817 0.012870779246970224  0.41595827486228831 0.011485749966993791  0.39000052469199176 0.010164830209119126  0.36403749819455999 0.0089116890381750729  0.33806871843655895 0.0077297790062728026  0.31209397974918129 0.0066219485505419565  0.28611305971734247 0.0055911246077222972  0.26012569765639615 0.0046402480255700656  0.23413159295575348 0.0037721213046237284  0.20813065291054667 0.0029887784271009979  0.18212287166716123 0.002292309985893607  0.15610782560967884 0.0016848822353812889  0.13008721662320699 0.0011680884109927312  0.1040639051732466 0.00074321192547955814  0.078040255205465314 0.00041169886765793964  0.052020305735636541 0.00017432819658232812  0.026009814208968862 3.170575157917482e-05  0.0086702818680901572 -2.9821935069534605e-08  4.7776227418694361e-09 0 
 0 4 0.0041322314049586778 1 0.0082644628099173556 1 0.012396694214876033 1 0.016528925619834711 1 0.020661157024793389 1 0.024793388429752067 1 0.028925619834710745 1 0.033057851239669422 1 0.0371900826446281 1 0.041322314049586778 1 0.045454545454545456 1 0.049586776859504134 1 0.053719008264462811 1 0.057851239669421489 1 0.061983471074380167 1 0.066115702479338845 1 0.070247933884297523 1 0.0743801652892562 1 0.078512396694214878 1 0.082644628099173556 1 0.086776859504132234 1 0.090909090909090912 1 0.095041322314049589 1 0.099173553719008267 1 0.10330578512396695 1 0.10743801652892562 1 0.1115702479338843 1 0.11570247933884298 1 0.11983471074380166 1 0.12396694214876033 1 0.12809917355371903 1 0.13223140495867769 1 0.13636363636363635 1 0.14049586776859505 1 0.14462809917355374 1 0.1487603305785124 1 0.15289256198347106 1 0.15702479338842976 1 0.16115702479338845 1 0.16528925619834711 1 0.16942148760330578 1 0.17355371900826447 1 0.17768595041322316 1 0.18181818181818182 1 0.18595041322314049 1 0.19008264462809918 1 0.19421487603305787 1 0.19834710743801653 1 0.2024793388429752 1 0.20661157024793389 1 0.21074380165289258 1 0.21487603305785125 1 0.21900826446280991 1 0.2231404958677686 1 0.22727272727272729 1 0.23140495867768596 1 0.23553719008264462 1 0.23966942148760331 1 0.243801652892562 1 0.24793388429752067 1 0.25206611570247933 1 0.25619834710743805 1 0.26033057851239672 1 0.26446280991735538 1 0.26859504132231404 1 0.27272727272727271 1 0.27685950413223143 1 0.28099173553719009 1 0.28512396694214875 1 0.28925619834710747 1 0.29338842975206614 1 0.2975206611570248 1 0.30165289256198347 1 0.30578512396694213 1 0.30991735537190085 1 0.31404958677685951 1 0.31818181818181818 1 0.3223140495867769 1 0.32644628099173556 1 0.33057851239669422 1 0.33471074380165289 1 0.33884297520661155 1 0.34297520661157027 1 0.34710743801652894 1 0.3512396694214876 1 0.35537190082644632 1 0.35950413223140498 1 0.36363636363636365 1 0.36776859504132231 1 0.37190082644628097 1 0.37603305785123969 1 0.38016528925619836 1 0.38429752066115702 1 0.38842975206611574 1 0.3925619834710744 1 0.39669421487603307 1 0.40082644628099173 1 0.4049586776859504 1 0.40909090909090912 1 0.41322314049586778 1 0.41735537190082644 1 0.42148760330578516 1 0.42561983471074383 1 0.42975206611570249 1 0.43388429752066116 1 0.43801652892561982 1 0.44214876033057854 1 0.4462809917355372 1 0.45041322314049587 1 0.45454545454545459 1 0.45867768595041325 1 0.46280991735537191 1 0.46694214876033058 1 0.47107438016528924 1 0.47520661157024796 1 0.47933884297520662 1 0.48347107438016529 1 0.48760330578512401 1 0.49173553719008267 1 0.49586776859504134 1 0.5 1 0.50413223140495866 1 0.50826446280991733 1 0.5123966942148761 1 0.51652892561983477 1 0.52066115702479343 1 0.52479338842975209 1 0.52892561983471076 1 0.53305785123966942 1 0.53719008264462809 1 0.54132231404958675 1 0.54545454545454541 1 0.54958677685950419 1 0.55371900826446285 1 0.55785123966942152 1 0.56198347107438018 1 0.56611570247933884 1 0.57024793388429751 1 0.57438016528925617 1 0.57851239669421495 1 0.58264462809917361 1 0.58677685950413228 1 0.59090909090909094 1 0.5950413223140496 1 0.59917355371900827 1 0.60330578512396693 1 0.6074380165289256 1 0.61157024793388426 1 0.61570247933884303 1 0.6198347107438017 1 0.62396694214876036 1 0.62809917355371903 1 0.63223140495867769 1 0.63636363636363635 1 0.64049586776859502 1 0.64462809917355379 1 0.64876033057851246 1 0.65289256198347112 1 0.65702479338842978 1 0.66115702479338845 1 0.66528925619834711 1 0.66942148760330578 1 0.67355371900826444 1 0.6776859504132231 1 0.68181818181818188 1 0.68595041322314054 1 0.69008264462809921 1 0.69421487603305787 1 0.69834710743801653 1 0.7024793388429752 1 0.70661157024793386 1 0.71074380165289264 1 0.7148760330578513 1 0.71900826446280997 1 0.72314049586776863 1 0.72727272727272729 1 0.73140495867768596 1 0.73553719008264462 1 0.73966942148760328 1 0.74380165289256195 1 0.74793388429752072 1 0.75206611570247939 1 0.75619834710743805 1 0.76033057851239672 1 0.76446280991735538 1 0.76859504132231404 1 0.77272727272727271 1 0.77685950413223148 1 0.78099173553719015 1 0.78512396694214881 1 0.78925619834710747 1 0.79338842975206614 1 0.7975206611570248 1 0.80165289256198347 1 0.80578512396694213 1 0.80991735537190079 1 0.81404958677685957 1 0.81818181818181823 1 0.8223140495867769 1 0.82644628099173556 1 0.83057851239669422 1 0.83471074380165289 1 0.83884297520661155 1 0.84297520661157033 1 0.84710743801652899 1 0.85123966942148765 1 0.85537190082644632 1 0.85950413223140498 1 0.86363636363636365 1 0.86776859504132231 1 0.87190082644628097 1 0.87603305785123964 1 0.88016528925619841 1 0.88429752066115708 1 0.88842975206611574 1 0.8925619834710744 1 0.89669421487603307 1 0.90082644628099173 1 0.9049586776859504 1 0.90909090909090917 1 0.91322314049586784 1 0.9173553719008265 1 0.92148760330578516 1 0.92561983471074383 1 0.92975206611570249 1 0.93388429752066116 1 0.93801652892561982 1 0.94214876033057848 1 0.94628099173553726 1 0.95041322314049592 1 0.95454545454545459 1 0.95867768595041325 1 0.96280991735537191 1 0.96694214876033058 1 0.97107438016528924 1 0.97520661157024802 1 0.97933884297520668 1 0.98347107438016534 1 0.98760330578512401 1 0.99173553719008267 1 0.99586776859504134 1 1 4
7 0 0  3 201 199  4.7123889805458896 4  4.7083849504683748 3.9999999199527969  4.700376574176933 3.9997427628402566  4.6883756733940176 3.9985883238328168  4.6763990265109587 3.9966675197279944  4.6644593001359231 3.9939825119278547  4.6525689820253033 3.9905361339988272  4.6407395449768574 3.9863355015617628  4.6289826260257154 3.9813873726397868  4.6173099602845449 3.975698413985731  4.6057330542634842 3.9692760513897363  4.5942624573307711 3.9621307702987116  4.5829089325087962 3.9542727022515964  4.5716833978838132 3.9457119345942933  4.5605964339322034 3.9364591205498405  4.5496573850992288 3.9265268388643206  4.5388759214334113 3.9159273896082754  4.5282617380563854 3.9046731715490841  4.5178247667347771 3.8927764673422929  4.5075736227720427 3.8802506414212696  4.4975168602523663 3.8671092098031039  4.4876632216477317 3.853365643328412  4.4780215160261401 3.8390334449523649  4.4686008045566519 3.8241260343483852  4.4594094055702795 3.8086573179136431  4.4504553884805889 3.7926414194972806  4.441747039866824 3.7760924129843652  4.4332927419356221 3.7590243748763856  4.4251009847285374 3.7414514211732022  4.4171803989013112 3.7233875072647962  4.4095395660737911 3.7048472341563752  4.4021867287041108 3.6858471090717129  4.3951302914547234 3.6664033588716984  4.3883787335749238 3.6465322882006794  4.3819406296698462 3.62625017093207  4.3758246282001183 3.6055733262395528  4.3700394918561587 3.5845179228666662  4.3645939316377058 3.563100693452304  4.3594955269695115 3.5413435638337565  4.3547519954822933 3.5192680668524861  4.3503710743694723 3.4968958475644669  4.3463605716793747 3.4742484951634784  4.3427282715451865 3.4513477100775507  4.3394822497110273 3.4282148036599085  4.3366276068644707 3.4048757773656777  4.3341690797223942 3.3813572155255027  4.3321115269415937 3.3576855429485732  4.330459761173115 3.3338872491343787  4.3292187417185071 3.309988724342646  4.3283900136477955 3.2860186283009836  4.3279748687895045 3.262005711833829  4.3279749971176571 3.2379787440016399  4.3283903856698718 3.2139662866016065  4.3292193497760456 3.1899966419993846  4.3304607531797421 3.1660982477380775  4.3321125835267971 3.1422991916539225  4.3341700387719371 3.1186263687480995  4.3366286666448701 3.0951067898406501  4.339484045123525 3.071767586124202  4.3427313398219889 3.0486352734011382  4.3463632772340928 3.0257329452435742  4.3503728691362005 3.0030840310725222  4.3547531253111442 2.9807119642689579  4.359496976299793 2.9586398220085193  4.3645960996499191 2.9368868946083611  4.3700423222232754 2.9154727391640827  4.375827509816042 2.8944168605532363  4.3819435730822969 2.8737387056294996  4.3883817785752814 2.8534551473579999  4.3951334932313566 2.8335831408141581  4.4021901565520993 2.814139580032053  4.4095433123815075 2.7951415211008563  4.4171843673240794 2.7766038671037356  4.4251047992286106 2.758541295446888  4.4332962005677539 2.740968551488991  4.4417502441787065 2.7239003316869255  4.4504588101286213 2.707351460152263  4.4594133857654059 2.6913360848455201  4.4686052633539175 2.6758679560399119  4.4780259119863004 2.660960915068566  4.4876669144973151 2.6466287869507421  4.4975199287808545 2.6328853709012678  4.5075769531634897 2.6197445856665591  4.5178290441978204 2.6072197156691983  4.5282666237103868 2.5953236153579162  4.5388803827362878 2.5840692357611186  4.5496610887689277 2.5734695095784286  4.560599619423626 2.5635373462449196  4.5716870871655306 2.5542857665826681  4.582912833433161 2.5457255570216017  4.5942661495746817 2.5378673683256703  4.6057364379098997 2.5307218628269719  4.61731322965902 2.5242997914592853  4.6289860375845899 2.5186115347980658  4.640742992713931 2.5136637046098671  4.6525723701125816 2.5094632204692684  4.6644624491066864 2.5060167787664573  4.6764016931428554 2.5033316608211607  4.6883779243627446 2.5014110429635172  4.7003787493174602 2.5002569139985606  4.712391842854081 2.4998714721148487  4.7244049007199367 2.5002571975186956  4.7364056844094362 2.5014120009067056  4.7483819120954571 2.5033331908318437  4.7603212843812415 2.5060181869913216  4.7722114718159947 2.5094645507476794  4.7840408714175267 2.5136654759083057  4.7957978393627343 2.5186139132207348  4.8074706394159357 2.5243029281159641  4.8190475767415961 2.5307253684488065  4.8305181113825029 2.5378708572851387  4.8418715512988788 2.5457291485467293  4.8530970627905115 2.5542900536526725  4.8641840034543629 2.5635430110978534  4.8751230094868072 2.5734754621950278  4.8859044274710959 2.5840750745301517  4.896518573132834 2.5953294286392361  4.906955509598391 2.6072262269848903  4.9172065943566459 2.6197521466246854  4.927263295017843 2.6328936822440898  4.9371168775188634 2.646637382310947  4.9467585449845046 2.6609697574652036  4.9561792432354155 2.6758774158759988  4.9653705684153806 2.6913464709768422  4.9743244927883135 2.7073627045570166  4.9830327466386271 2.7239119733622914  4.991486972300498 2.7409801184946452  4.9996786965496911 2.7585529686747181  5.0075993269519277 2.7766164177922987  5.0152402317412275 2.7951561067579442  5.0225931294139032 2.81415579822337  5.0296496017266898 2.8335994145689667  5.0364011450946142 2.8534708503434731  5.0428391754283748 2.8737539516935788  5.0489549837940775 2.8944327862058046  5.0547399408737839 2.9154905477686781  5.0601860367537794 2.9369067233820405  5.065285110773206 2.9586612688265119  5.0700289990662126 2.9807339624835061  5.0744093574798637 3.0031048235504767  5.0784182617673279 3.0257530412187572  5.0820493935552218 3.0486549472379734  5.0852961808259662 3.0717872681965304  5.0881520960446265 3.0951265976057631  5.0906105177929435 3.1186496664465171  5.092667389196377 3.1423277678180046  5.0943187295957317 3.1661320849043939  5.0955604314550662 3.1900338046062409  5.0963887724625314 3.2140042104912898  5.0968032072118765 3.2380154352779607  5.0968028820148534 3.2620395415469541  5.0963872948674815 3.2860486092043608  5.0955578975610152 3.3100147309930366  5.0943167656170596 3.3339100597084776  5.0926654418286708 3.3577065727066779  5.0906073467673902 3.381377030510349  5.088148062283893 3.4048951258879812  5.0852926975076205 3.4282343355652154  5.0820465197595004 3.4513682901672773  5.0784145371887783 3.4742702207639011  5.0744042562984637 3.496917916850161  5.0700234629236762 3.519289751905506  5.065279817573896 3.5413639516940911  5.060180951883722 3.5631187590077933  5.0547344716209137 3.5845324963279466  5.0489489808383015 3.6055874121402947  5.0428329873228366 3.6262656518228167  5.0363949476380494 3.6465494526735274  5.0296431895366496 3.6664207874180605  5.0225863467382803 3.6858635254988257  5.0152330734573338 3.7048620705996362  5.0075919112392446 3.723400738099957  4.9996712803400323 3.7414636920950839  4.9914796425963246 3.7590359693754034  4.9830255106806485 3.7761035190391357  4.9743172498704062 3.7926520929657079  4.9653631496844017 3.8086675134379737  4.9561712664693509 3.8241355183438634  4.9467500242206688 3.8390421658496514  4.9371083623643957 3.8533739118031791  4.9272549909224006 3.8671171351947926  4.9171985199932058 3.8802582261098961  4.9069474808293139 3.8927836071111499  4.8965100589946999 3.9046795597571351  4.885895697939068 3.9159333139003309  4.8751142512768224 3.9265324441175022  4.8641753335115512 3.9364644236919468  4.8530885184863726 3.9457168104018985  4.8418630897717119 3.9542769253393213  4.8305097080092825 3.9621343921455101  4.8190391967313895 3.9692791796167484  4.8074622897557511 3.9757012822733997  4.795789416046925 3.9813902561043251  4.7840319717167903 3.9863379137985007  4.7722022568640696 3.9905379936643786  4.7603123145028956 3.9939839524780627  4.7483741873500831 3.9966688082149369  4.7363997322648235 3.9985892380022556  4.7244007770319856 3.9997432443540459  4.7163930107169518 4.0000000800472044  4.7123889805458896 4 
 0 4 0.0050505050505050509 1 0.010101010101010102 1 0.015151515151515152 1 0.020202020202020204 1 0.025252525252525256 1 0.030303030303030304 1 0.035353535353535359 1 0.040404040404040407 1 0.045454545454545456 1 0.050505050505050511 1 0.055555555555555559 1 0.060606060606060608 1 0.065656565656565663 1 0.070707070707070718 1 0.07575757575757576 1 0.080808080808080815 1 0.08585858585858587 1 0.090909090909090912 1 0.095959595959595967 1 0.10101010101010102 1 0.10606060606060606 1 0.11111111111111112 1 0.11616161616161617 1 0.12121212121212122 1 0.12626262626262627 1 0.13131313131313133 1 0.13636363636363638 1 0.14141414141414144 1 0.14646464646464646 1 0.15151515151515152 1 0.15656565656565657 1 0.16161616161616163 1 0.16666666666666669 1 0.17171717171717174 1 0.1767676767676768 1 0.18181818181818182 1 0.18686868686868688 1 0.19191919191919193 1 0.19696969696969699 1 0.20202020202020204 1 0.2070707070707071 1 0.21212121212121213 1 0.21717171717171718 1 0.22222222222222224 1 0.22727272727272729 1 0.23232323232323235 1 0.2373737373737374 1 0.24242424242424243 1 0.24747474747474749 1 0.25252525252525254 1 0.25757575757575762 1 0.26262626262626265 1 0.26767676767676768 1 0.27272727272727276 1 0.27777777777777779 1 0.28282828282828287 1 0.2878787878787879 1 0.29292929292929293 1 0.29797979797979801 1 0.30303030303030304 1 0.30808080808080812 1 0.31313131313131315 1 0.31818181818181823 1 0.32323232323232326 1 0.32828282828282829 1 0.33333333333333337 1 0.3383838383838384 1 0.34343434343434348 1 0.34848484848484851 1 0.35353535353535359 1 0.35858585858585862 1 0.36363636363636365 1 0.36868686868686873 1 0.37373737373737376 1 0.37878787878787884 1 0.38383838383838387 1 0.3888888888888889 1 0.39393939393939398 1 0.39898989898989901 1 0.40404040404040409 1 0.40909090909090912 1 0.4141414141414142 1 0.41919191919191923 1 0.42424242424242425 1 0.42929292929292934 1 0.43434343434343436 1 0.43939393939393945 1 0.44444444444444448 1 0.44949494949494956 1 0.45454545454545459 1 0.45959595959595961 1 0.4646464646464647 1 0.46969696969696972 1 0.47474747474747481 1 0.47979797979797983 1 0.48484848484848486 1 0.48989898989898994 1 0.49494949494949497 1 0.5 1 0.50505050505050508 1 0.51010101010101017 1 0.51515151515151525 1 0.52020202020202022 1 0.5252525252525253 1 0.53030303030303039 1 0.53535353535353536 1 0.54040404040404044 1 0.54545454545454553 1 0.5505050505050505 1 0.55555555555555558 1 0.56060606060606066 1 0.56565656565656575 1 0.57070707070707072 1 0.5757575757575758 1 0.58080808080808088 1 0.58585858585858586 1 0.59090909090909094 1 0.59595959595959602 1 0.60101010101010111 1 0.60606060606060608 1 0.61111111111111116 1 0.61616161616161624 1 0.62121212121212122 1 0.6262626262626263 1 0.63131313131313138 1 0.63636363636363646 1 0.64141414141414144 1 0.64646464646464652 1 0.6515151515151516 1 0.65656565656565657 1 0.66161616161616166 1 0.66666666666666674 1 0.67171717171717182 1 0.6767676767676768 1 0.68181818181818188 1 0.68686868686868696 1 0.69191919191919193 1 0.69696969696969702 1 0.7020202020202021 1 0.70707070707070718 1 0.71212121212121215 1 0.71717171717171724 1 0.72222222222222232 1 0.72727272727272729 1 0.73232323232323238 1 0.73737373737373746 1 0.74242424242424254 1 0.74747474747474751 1 0.7525252525252526 1 0.75757575757575768 1 0.76262626262626265 1 0.76767676767676774 1 0.77272727272727282 1 0.77777777777777779 1 0.78282828282828287 1 0.78787878787878796 1 0.79292929292929304 1 0.79797979797979801 1 0.80303030303030309 1 0.80808080808080818 1 0.81313131313131315 1 0.81818181818181823 1 0.82323232323232332 1 0.8282828282828284 1 0.83333333333333337 1 0.83838383838383845 1 0.84343434343434354 1 0.84848484848484851 1 0.85353535353535359 1 0.85858585858585867 1 0.86363636363636376 1 0.86868686868686873 1 0.87373737373737381 1 0.8787878787878789 1 0.88383838383838387 1 0.88888888888888895 1 0.89393939393939403 1 0.89898989898989912 1 0.90404040404040409 1 0.90909090909090917 1 0.91414141414141425 1 0.91919191919191923 1 0.92424242424242431 1 0.92929292929292939 1 0.93434343434343448 1 0.93939393939393945 1 0.94444444444444453 1 0.94949494949494961 1 0.95454545454545459 1 0.95959595959595967 1 0.96464646464646475 1 0.96969696969696972 1 0.97474747474747481 1 0.97979797979797989 1 0.98484848484848497 1 0.98989898989898994 1 0.99494949494949503 1 1 4
7 0 0  3 201 199  6.2831853076094522 1.9999999999992002  6.2725079016852545 2.0000000388746355  6.2511522086464995 2.0000967932481557  6.219121510496894 2.0005296513549533  6.1870990799696903 2.0012478816226276  6.1550905489588148 2.0022493083902586  6.1231009457853069 2.0035310766758094  6.0911330901110947 2.005086008259497  6.0591903393015683 2.0069072800171983  6.0272762592617726 2.008988183688361  5.995393818536229 2.0113211556835493  5.9635441390681914 2.0138952042811695  5.9317289184787443 2.0166997245971445  5.8999501824345053 2.0197241981855796  5.8682090943689431 2.0229573258641582  5.8365042258913702 2.0263851752148474  5.8048349356119271 2.0299941989080121  5.773200611002288 2.033770698362857  5.7416010154689427 2.0377011949148267  5.71003291524414 2.0417700485227481  5.6784929830237303 2.0459613140361341  5.6469782493202052 2.0502591401621695  5.615485778628643 2.0546475992980491  5.5840129556902047 2.059110975223263  5.5525554517108029 2.0636323073247977  5.5211083733238411 2.0681940764245033  5.4896671472468022 2.072778898926094  5.4582271972597383 2.0773693557549668  5.4267839621752421 2.0819480341679064  5.3953326829941934 2.0864975315744707  5.3638687988153517 2.0910003950735994  5.3323889174264751 2.0954390212525986  5.3008895303469208 2.0997958284195919  5.2693671170667153 2.1040532304325925  5.2378179932786333 2.1081936372292347  5.2062382847139652 2.1121994788787757  5.1746236597831361 2.1160531088443646  5.1429699167654981 2.1197371707325283  5.1112780016551449 2.1232369837428324  5.0795485295956819 2.1265376631736244  5.047782110524591 2.1296243875170084  5.0159790564731015 2.1324822863912973  4.9841394287831422 2.1350966217161984  4.9522623511919726 2.1374521750796416  4.9203512154198439 2.1395395368128627  4.888410167528277 2.1413500217112742  4.8564431377741846 2.1428747382229605  4.8244539258861421 2.1441049074642695  4.7924457880929987 2.1450315062258283  4.7604241045624951 2.1456517610046033  4.7283945377004342 2.1459633560431461  4.6963626983415194 2.1459632672409725  4.6643337243115868 2.145651481756063  4.6323126088409117 2.1450310559732251  4.6003045545325012 2.1441040534679838  4.5683142861915496 2.1428741243357932  4.5363457601492048 2.1413499786616947  4.5044033577952973 2.1395397176625832  4.4724917017319621 2.1374514004367264  4.4406147080184422 2.135093887973456  4.4087731943201858 2.1324807007478883  4.3769687229426921 2.129624884231736  4.3452030906643158 2.1265395414596187  4.3134777779777176 2.1232380235701789  4.2817906101965812 2.1197364969513504  4.2501400580094124 2.1160509278593755  4.218524761782561 2.1121973252099302  4.1869434031442871 2.108191727479046  4.1553924660126 2.1040516254846175  4.1238687973128378 2.0997944685973087  4.0923693563111927 2.0954377214763622  4.0608913152732544 2.0909988290739356  4.0294299213620173 2.0864954658515624  3.9979804088088717 2.0819453275142847  3.9665381559851256 2.0773661119711022  3.9350985801426304 2.0727754873651514  3.9036569423570646 2.0681912386990695  3.8722089497748096 2.0636305095969298  3.8407507081420484 2.0591100665154283  3.8092782655460184 2.0546467589715758  3.7777875796057194 2.0502574341364537  3.7462745654691405 2.0459588655045593  3.7147344376190841 2.0417681236226386  3.6831644850646947 2.0377007162803977  3.6515636076716227 2.0337710919868637  3.619930274348345 2.0299939391361743  3.5882628484786383 2.0263838932120097  3.5565594397445772 2.0229555614547672  3.5248175142955684 2.0197237169884463  3.4930383869178701 2.0166997662995816  3.4612236680187189 2.0138949085709785  3.4293747566450761 2.0113203704866582  3.3974927157323416 2.0089874748362226  3.3655784182959261 2.0069071275431707  3.3336356235684788 2.0050859859176744  3.3016679438628693 2.0035310500831232  3.2696789640322912 2.0022490846461172  3.2376717116914495 2.0012474534671827  3.2056504174845419 2.0005293286232013  3.1736199409102941 2.0000966694331752  3.1415850206362133 1.9999516504546846  3.109550193695402 2.0000967286457345  3.0775197952058564 2.000529836255716  3.0454984488019425 2.0012483000747636  3.0134908442996511 2.0022495578942996  2.9815015819777502 2.0035311929680155  2.9495337756241367 2.0050863228907385  2.917590828652235 2.0069078152657043  2.8856763715128411 2.0089886605892748  2.8537938232675901 2.011321605724965  2.8219442421236707 2.0138957696942166  2.7901291588530808 2.0167004124539494  2.7583504137112431 2.0197248827008334  2.7266093109772909 2.0229580167159007  2.6949044633113934 2.0263859184068442  2.6632351985791258 2.0299950063681877  2.6316008880177537 2.0337715600445345  2.6000013214706237 2.037702100793338  2.5684333104348864 2.0417710248458278  2.5368934584066927 2.0459623489305816  2.5053787556346392 2.0502602023684009  2.4738862196838811 2.05464863309032  2.4424131901139754 2.0591119019942346  2.4109555272729488 2.0636331878434957  2.3795083154739554 2.0681949430626463  2.3480670138296276 2.072779786743872  2.3166270857583786 2.0773702938061405  2.2851840103373631 2.0819490491936445  2.2537331415685014 2.0864986419228915  2.2222697970263781 2.0910016341809698  2.1907903549423819 2.0954403808208637  2.1592911367783714 2.0997972566311325  2.1277683938456118 2.104054624679637  2.0962182713191861 2.1081948749814488  2.0646364474168664 2.1122003014835022  2.0330191373811379 2.1160535709794646  2.0013662281366909 2.1197389362586216  1.969677087700191 2.1232404391866799  1.937951057800932 2.1265422374577398  1.906186956274631 2.1296282363758858  1.8743838960751136 2.1324832855210896  1.8425434397372307 2.135095507567017  1.810666712891825 2.1374525745714816  1.7787547254880218 2.1395423038258703  1.7468078996131071 2.1413523823031162  1.7148326133553899 2.1428755574332845  1.6828354708712832 2.1441047325145437  1.650822951406191 2.1450326069005556  1.6188009538471944 2.1456525508982032  1.5867736930716116 2.1459633714867885  1.5547456627908431 2.1459633205135673  1.5227212042681204 2.1456513951776253  1.4907047143484933 2.1450302780442132  1.4587007581146123 2.1441037701451711  1.4267140122040836 2.1428747171844309  1.3947484335608342 2.1413493615637926  1.362807687395847 2.13953787704776  1.3308959324943661 2.1374496096768714  1.2990173331203465 2.1350942302727058  1.267176366181042 2.132480938256641  1.2353730267012608 2.1296238348979517  1.2036072367673416 2.12653764573676  1.1718793867504544 2.1232369356586824  1.1401900651488273 2.1197362987871684  1.1085398140581972 2.116050373000566  1.076925379984436 2.1121961846557902  1.0453439706904284 2.1081907020131334  1.0137929332982925 2.1040509307070692  0.98226997216281386 2.0997937849719666  0.95077118848074083 2.0954368245403283  0.91929243869858546 2.0909977978292376  0.88782981348819767 2.0864943984927593  0.85637955812678079 2.0819443606944943  0.82493731250621494 2.0773652846683675  0.79349820894209699 2.0727746336267865  0.76205755635700179 2.0681899097266583  0.73061066291556553 2.0636285675455563  0.69915254183480346 2.0591082130338805  0.66767896769180268 2.0546457818988553  0.63618690941617118 2.0502573666799813  0.6046730957993951 2.0459592229062036  0.57313416628844838 2.0417675829294222  0.54156666777004769 2.0376986088202851  0.50996637378747867 2.0337687669514852  0.47833185316655147 2.0299924782699503  0.44666278494640554 2.0263834240527783  0.41495841517240351 2.0229554907785774  0.38321790751351603 2.0197224319493898  0.35143968805199766 2.0166983277720161  0.31962504138021863 2.0138941223618763  0.28777574349338497 2.0113202818397973  0.25589339301677416 2.008987267437921  0.22397881067793879 2.0069060249680279  0.19203479471220408 2.0050849749437529  0.16006629701347563 2.0035303754668976  0.1280777379134479 2.0022488174279141  0.0960734774916574 2.0012473188833524  0.06405693139678803 2.000529227396187  0.032031460661827715 2.000096558767134  0.010677407281231233 1.9999999611237669  4.2986592063698481e-10 1.9999999999992002 
 0 4 0.0050505050505050509 1 0.010101010101010102 1 0.015151515151515152 1 0.020202020202020204 1 0.025252525252525256 1 0.030303030303030304 1 0.035353535353535359 1 0.040404040404040407 1 0.045454545454545456 1 0.050505050505050511 1 0.055555555555555559 1 0.060606060606060608 1 0.065656565656565663 1 0.070707070707070718 1 0.07575757575757576 1 0.080808080808080815 1 0.08585858585858587 1 0.090909090909090912 1 0.095959595959595967 1 0.10101010101010102 1 0.10606060606060606 1 0.11111111111111112 1 0.11616161616161617 1 0.12121212121212122 1 0.12626262626262627 1 0.13131313131313133 1 0.13636363636363638 1 0.14141414141414144 1 0.14646464646464646 1 0.15151515151515152 1 0.15656565656565657 1 0.16161616161616163 1 0.16666666666666669 1 0.17171717171717174 1 0.1767676767676768 1 0.18181818181818182 1 0.18686868686868688 1 0.19191919191919193 1 0.19696969696969699 1 0.20202020202020204 1 0.2070707070707071 1 0.21212121212121213 1 0.21717171717171718 1 0.22222222222222224 1 0.22727272727272729 1 0.23232323232323235 1 0.2373737373737374 1 0.24242424242424243 1 0.24747474747474749 1 0.25252525252525254 1 0.25757575757575762 1 0.26262626262626265 1 0.26767676767676768 1 0.27272727272727276 1 0.27777777777777779 1 0.28282828282828287 1 0.2878787878787879 1 0.29292929292929293 1 0.29797979797979801 1 0.30303030303030304 1 0.30808080808080812 1 0.31313131313131315 1 0.31818181818181823 1 0.32323232323232326 1 0.32828282828282829 1 0.33333333333333337 1 0.3383838383838384 1 0.34343434343434348 1 0.34848484848484851 1 0.35353535353535359 1 0.35858585858585862 1 0.36363636363636365 1 0.36868686868686873 1 0.37373737373737376 1 0.37878787878787884 1 0.38383838383838387 1 0.3888888888888889 1 0.39393939393939398 1 0.39898989898989901 1 0.40404040404040409 1 0.40909090909090912 1 0.4141414141414142 1 0.41919191919191923 1 0.42424242424242425 1 0.42929292929292934 1 0.43434343434343436 1 0.43939393939393945 1 0.44444444444444448 1 0.44949494949494956 1 0.45454545454545459 1 0.45959595959595961 1 0.4646464646464647 1 0.46969696969696972 1 0.47474747474747481 1 0.47979797979797983 1 0.48484848484848486 1 0.48989898989898994 1 0.49494949494949497 1 0.5 1 0.50505050505050508 1 0.51010101010101017 1 0.51515151515151525 1 0.52020202020202022 1 0.5252525252525253 1 0.53030303030303039 1 0.53535353535353536 1 0.54040404040404044 1 0.54545454545454553 1 0.5505050505050505 1 0.55555555555555558 1 0.56060606060606066 1 0.56565656565656575 1 0.57070707070707072 1 0.5757575757575758 1 0.58080808080808088 1 0.58585858585858586 1 0.59090909090909094 1 0.59595959595959602 1 0.60101010101010111 1 0.60606060606060608 1 0.61111111111111116 1 0.61616161616161624 1 0.62121212121212122 1 0.6262626262626263 1 0.63131313131313138 1 0.63636363636363646 1 0.64141414141414144 1 0.64646464646464652 1 0.6515151515151516 1 0.65656565656565657 1 0.66161616161616166 1 0.66666666666666674 1 0.67171717171717182 1 0.6767676767676768 1 0.68181818181818188 1 0.68686868686868696 1 0.69191919191919193 1 0.69696969696969702 1 0.7020202020202021 1 0.70707070707070718 1 0.71212121212121215 1 0.71717171717171724 1 0.72222222222222232 1 0.72727272727272729 1 0.73232323232323238 1 0.73737373737373746 1 0.74242424242424254 1 0.74747474747474751 1 0.7525252525252526 1 0.75757575757575768 1 0.76262626262626265 1 0.76767676767676774 1 0.77272727272727282 1 0.77777777777777779 1 0.78282828282828287 1 0.78787878787878796 1 0.79292929292929304 1 0.79797979797979801 1 0.80303030303030309 1 0.80808080808080818 1 0.81313131313131315 1 0.81818181818181823 1 0.82323232323232332 1 0.8282828282828284 1 0.83333333333333337 1 0.83838383838383845 1 0.84343434343434354 1 0.84848484848484851 1 0.85353535353535359 1 0.85858585858585867 1 0.86363636363636376 1 0.86868686868686873 1 0.87373737373737381 1 0.8787878787878789 1 0.88383838383838387 1 0.88888888888888895 1 0.89393939393939403 1 0.89898989898989912 1 0.90404040404040409 1 0.90909090909090917 1 0.91414141414141425 1 0.91919191919191923 1 0.92424242424242431 1 0.92929292929292939 1 0.93434343434343448 1 0.93939393939393945 1 0.94444444444444453 1 0.94949494949494961 1 0.95454545454545459 1 0.95959595959595967 1 0.96464646464646475 1 0.96969696969696972 1 0.97474747474747481 1 0.97979797979797989 1 0.98484848484848497 1 0.98989898989898994 1 0.99494949494949503 1 1 4
1 6.2831853076094522 0 0 1 
1 4.2986592063698481e-10 0 0 1 
1 0 1 1 0 
1 6.2831853071795862 0 0 1 
1 0 0 0 1 
1 0 7.9000000000000004 1 0 
7 0 0  3 223 221  1.5707963267988907 4  1.5671933087537333 3.9999998889137136  1.5599863570001171 3.9997917472957356  1.549183102212577 3.9988568922429981  1.53839689562951 3.997300603953998  1.5276377682617102 3.9951237639415251  1.5169146826819735 3.9923296257435661  1.506236336168735 3.988922110053208  1.495611490922121 3.9849050665424652  1.4850483580036584 3.9802839979835487  1.4745552497357157 3.9750642533058085  1.4641404414422243 3.9692514206208043  1.4538117621512119 3.9628529208618892  1.4435771150255283 3.9558760777037825  1.4334445629735098 3.9483280864432246  1.4234217176743507 3.940216847037914  1.4135154581100606 3.9315514187963765  1.4037329036704247 3.922340638403953  1.394081171701818 3.912593428030601  1.3845675794745578 3.9023185905309896  1.3751989597402714 3.8915253848710005  1.3659814289144252 3.8802237425756521  1.3569213439869696 3.8684234680156258  1.3480251103859731 3.8561343965545176  1.3392991926814735 3.8433663667386098  1.3307502307222077 3.8301291733905254  1.3223844245005874 3.8164328303063169  1.3142075693444197 3.8022875633767597  1.3062256497554563 3.7877035521933471  1.2984447005694781 3.7726909920684002  1.2908708413598458 3.757260061730209  1.2835102531612901 3.7414209905223839  1.2763692145175543 3.7251838219112559  1.2694538721159871 3.7085598477452297  1.2627703720546777 3.6915607952555978  1.2563249422457952 3.6741982847621686  1.2501238699242692 3.6564839587276996  1.2441734966286626 3.6384294779546322  1.2384802444255913 3.6200464077437329  1.2330501508388569 3.6013481283218183  1.2278892765161642 3.5823481238539974  1.223003710771281 3.5630599183962826  1.2183996748871231 3.5434967732658746  1.2140829517329139 3.5236733847848516  1.2100590555486577 3.5036053533232883  1.2063335642799637 3.4833081598814184  1.2029122064319471 3.4627969868841508  1.1997998149898537 3.4420893545873441  1.1970009146018665 3.4212036280525746  1.1945200872340331 3.4001580007735805  1.1923620673020958 3.3789705687937963  1.1905298198179 3.357661152052883  1.1890260616234942 3.3362498168229791  1.1878535947299633 3.3147565596579738  1.1870151571224699 3.2932014143218176  1.18651151715001 3.2716051801076005  1.1863434814882585 3.2499886386857404  1.1865118709566866 3.2283725793074129  1.1870158568569344 3.2067774421955368  1.1878545131827578 3.1852236397715763  1.1890271656678708 3.1637316719244595  1.1905312919670319 3.1423213840496103  1.1923638920000221 3.1210124580203322  1.1945220545909285 3.0998245773201432  1.1970030045851501 3.0787775738894307  1.199803334017274 3.0578906473589362  1.2029175324671901 3.037180918847703  1.2063404065198913 3.0166657964114463  1.2100667092401791 2.9963626241251045  1.2140912244395599 2.9762887150500217  1.218408804726022 2.956461570282725  1.2230141312955933 2.9368979493599254  1.227900811125253 2.9176103900158781  1.233062609881918 2.8986118665558624  1.2384933074449336 2.8799152372528192  1.2441867383030107 2.8615333879379987  1.2501367863575732 2.8434792102417719  1.2563373768002497 2.8257655450396943  1.2627825252069471 2.8084054304274813  1.2694659047173646 2.7914098305841533  1.2763811879509113 2.7747893892813469  1.2835221276641871 2.758554834572513  1.2908825379524698 2.7427168705156721  1.2984563084646978 2.7272862128687363  1.3062373859925303 2.7122735545854844  1.3142198550250026 2.6976896681363436  1.3223976205656092 2.6835449835199245  1.3307642558478261 2.6698494037720795  1.339313480884182 2.656612931791654  1.348039067304738 2.6438455419369915  1.3569348844388165 2.6315572228654358  1.3659948382373746 2.6197579345788311  1.3752130997823571 2.6084577374020226  1.3845829606958884 2.5976661332702697  1.3940972364582009 2.587392316204697  1.4037489321755625 2.5776455503189961  1.4135310968402597 2.5684350913241327  1.4234368408430367 2.5597701584494206  1.4334594525457758 2.5516601252535009  1.443591928333285 2.5441137367277151  1.4538262981412446 2.5371380808317934  1.4641547940567075 2.5307405029430163  1.4745696579215373 2.524928273327566  1.4850632205209333 2.5197087052784628  1.4956278297408263 2.5150890149320642  1.5062541349835108 2.5110735448915333  1.5169328413340006 2.5076667447205225  1.5276546993602489 2.5048729497321536  1.5384103969676146 2.5026968452812102  1.5491911145140271 2.5011416829644717  1.5599889292239317 2.5002078425993783  1.5707957522561249 2.4998961678402472  1.5816035852982038 2.5002074860823664  1.5924042913480194 2.5011428670847415  1.6031884739370705 2.5026996622107056  1.6139467903807478 2.5048755569597883  1.6246698949081901 2.5076680330647867  1.6353482847871064 2.5110750531892312  1.6459733054689833 2.5150920843989431  1.6565367597520513 2.5197130895697963  1.6670302832681045 2.5249323686327223  1.6774454754286878 2.5307441836462616  1.687773993339525 2.5371426086395692  1.698008412295545 2.54411954799007  1.7081411501191983 2.5516670735284328  1.7181646178118917 2.5597771667156364  1.7280710182620833 2.5684420030381716  1.7378532768752699 2.577652787736969  1.7475047439114701 2.5874000904735661  1.7570185624993073 2.5976746322194555  1.76638786410124 2.6084670758501169  1.7756055879889674 2.619768165315091  1.7846654871992531 2.6315681117450085  1.7935614671052105 2.6438569800580529  1.8022872863652342 2.6566248724741364  1.8108366413940435 2.6698618806935741  1.8192031467370007 2.6835581011933485  1.8273803585808537 2.6977036218606041  1.8353624027641149 2.712287974067241  1.8431433123818388 2.7273006964198703  1.850717044537568 2.742731326046139  1.8580774813583343 2.7585693987548363  1.8652184328410131 2.7748044571091337  1.8721336464051819 2.7914260179735595  1.8788167861297786 2.8084236942528165  1.8852617741817936 2.8257854796179775  1.8914624963722111 2.8434992428165184  1.8974127749188894 2.8615528791334941  1.9031063723429196 2.8799343016341714  1.9085370173987188 2.8986313257253968  1.9136983114424047 2.9176321396674636  1.9185841469044487 2.9369232628758377  1.9231888167969791 2.9564890667975177  1.9275064914457398 2.9763143520308937  1.9315313348664049 2.9963837972475811  1.9352574558363016 3.0166821396749057  1.9386789946194531 3.0371940039409866  1.9417915236456134 3.0579015716691473  1.9445905281761433 3.0787871401605056  1.9470715604835593 3.0998328842923728  1.9492298948428672 3.1210213529594837  1.9510622724130915 3.1423329844795846  1.9525661683998812 3.1637471341192125  1.9537389487426471 3.1852434058840755  1.9545777350925175 3.2068013747955018  1.955081262155633 3.2284004048998467  1.9552491425443219 3.2500197322209372  1.9550807749053931 3.2716386234726147  1.9545763267428666 3.293236336771086  1.9537371988484844 3.314792309086648  1.9525646695883336 3.3362859174114483  1.9510604171180908 3.3576967617144771  1.9492275339481282 3.3790052516438394  1.9470687624069705 3.4001915787276609  1.9445875513238577 3.4212364374917543  1.9417884494172433 3.4421213360927458  1.9386757738038751 3.4628275884651285  1.9352539407313811 3.483336729414503  1.9315282635505002 3.5036332860884425  1.9275040196943942 3.5237016640182972  1.9231863532809439 3.5435262320046186  1.9185808824946118 3.5630916666342114  1.9136940324629479 3.5823831366405781  1.9085320343083698 3.6013858231605509  1.9031011169819285 3.6200845287916787  1.8974074686155433 3.6384659951717206  1.8914572393326585 3.6565187420109604  1.8852565316757426 3.6742309187081212  1.8788113614506494 3.6915907201026084  1.8721280190175762 3.7085869030621366  1.8652127861985037 3.7252083242368825  1.8580718687092233 3.7414438233767364  1.8507113998946856 3.7572822103526846  1.8431374744737292 3.7727124347512744  1.8353563295002213 3.7877243474453826  1.8273741130072465 3.8023077133205931  1.8191968963510854 3.8164523166836726  1.8108306985956732 3.8301479501439455  1.802281352231331 3.8433843536793226  1.7935552051884398 3.8561515825073305  1.7846588349815418 3.8684398482746096  1.7755986783244393 3.880239326966938  1.7663811035852828 3.8915401970274188  1.7570124298919438 3.9023326627307244  1.7474987450763053 3.9126068225679251  1.7378466642512755 3.9223532349784942  1.7280637105781946 3.9315631760998468  1.7181571650209708 3.9402277856824006  1.7081342910104738 3.9483382457686833  1.6980022553645346 3.9558857056197767  1.6877681747761641 3.9628614035709826  1.6774398812622309 3.9692585862154401  1.6670251390187807 3.9750704282902194  1.6565316581697367 3.9802901197289633  1.6459671101383335 3.9849108615529514  1.6353407544680947 3.9889274300056212  1.62466176492878 3.9923343983368929  1.6139393819790169 3.9951270539484542  1.6031830369990705 3.9973027203595546  1.5924022712460286 3.9988582818772569  1.5816044781353209 3.9997924097294275  1.5743993448380642 4.0000001111467922  1.5707963267988907 4 
 0 4 0.0045454545454545452 1 0.0090909090909090905 1 0.013636363636363636 1 0.018181818181818181 1 0.022727272727272728 1 0.027272727272727271 1 0.031818181818181815 1 0.036363636363636362 1 0.040909090909090909 1 0.045454545454545456 1 0.049999999999999996 1 0.054545454545454543 1 0.05909090909090909 1 0.06363636363636363 1 0.068181818181818177 1 0.072727272727272724 1 0.077272727272727271 1 0.081818181818181818 1 0.086363636363636365 1 0.090909090909090912 1 0.095454545454545445 1 0.099999999999999992 1 0.10454545454545454 1 0.10909090909090909 1 0.11363636363636363 1 0.11818181818181818 1 0.12272727272727273 1 0.12727272727272726 1 0.13181818181818181 1 0.13636363636363635 1 0.1409090909090909 1 0.14545454545454545 1 0.14999999999999999 1 0.15454545454545454 1 0.15909090909090909 1 0.16363636363636364 1 0.16818181818181818 1 0.17272727272727273 1 0.17727272727272728 1 0.18181818181818182 1 0.18636363636363634 1 0.19090909090909089 1 0.19545454545454544 1 0.19999999999999998 1 0.20454545454545453 1 0.20909090909090908 1 0.21363636363636362 1 0.21818181818181817 1 0.22272727272727272 1 0.22727272727272727 1 0.23181818181818181 1 0.23636363636363636 1 0.24090909090909091 1 0.24545454545454545 1 0.25 1 0.25454545454545452 1 0.25909090909090909 1 0.26363636363636361 1 0.26818181818181819 1 0.27272727272727271 1 0.27727272727272728 1 0.2818181818181818 1 0.28636363636363638 1 0.29090909090909089 1 0.29545454545454541 1 0.29999999999999999 1 0.30454545454545451 1 0.30909090909090908 1 0.3136363636363636 1 0.31818181818181818 1 0.3227272727272727 1 0.32727272727272727 1 0.33181818181818179 1 0.33636363636363636 1 0.34090909090909088 1 0.34545454545454546 1 0.34999999999999998 1 0.35454545454545455 1 0.35909090909090907 1 0.36363636363636365 1 0.36818181818181817 1 0.37272727272727268 1 0.37727272727272726 1 0.38181818181818178 1 0.38636363636363635 1 0.39090909090909087 1 0.39545454545454545 1 0.39999999999999997 1 0.40454545454545454 1 0.40909090909090906 1 0.41363636363636364 1 0.41818181818181815 1 0.42272727272727273 1 0.42727272727272725 1 0.43181818181818182 1 0.43636363636363634 1 0.44090909090909086 1 0.44545454545454544 1 0.44999999999999996 1 0.45454545454545453 1 0.45909090909090905 1 0.46363636363636362 1 0.46818181818181814 1 0.47272727272727272 1 0.47727272727272724 1 0.48181818181818181 1 0.48636363636363633 1 0.49090909090909091 1 0.49545454545454543 1 0.5 1 0.50454545454545452 1 0.50909090909090904 1 0.51363636363636356 1 0.51818181818181819 1 0.52272727272727271 1 0.52727272727272723 1 0.53181818181818175 1 0.53636363636363638 1 0.54090909090909089 1 0.54545454545454541 1 0.54999999999999993 1 0.55454545454545456 1 0.55909090909090908 1 0.5636363636363636 1 0.56818181818181812 1 0.57272727272727275 1 0.57727272727272727 1 0.58181818181818179 1 0.58636363636363631 1 0.59090909090909083 1 0.59545454545454546 1 0.59999999999999998 1 0.6045454545454545 1 0.60909090909090902 1 0.61363636363636365 1 0.61818181818181817 1 0.62272727272727268 1 0.6272727272727272 1 0.63181818181818183 1 0.63636363636363635 1 0.64090909090909087 1 0.64545454545454539 1 0.65000000000000002 1 0.65454545454545454 1 0.65909090909090906 1 0.66363636363636358 1 0.6681818181818181 1 0.67272727272727273 1 0.67727272727272725 1 0.68181818181818177 1 0.68636363636363629 1 0.69090909090909092 1 0.69545454545454544 1 0.69999999999999996 1 0.70454545454545447 1 0.70909090909090911 1 0.71363636363636362 1 0.71818181818181814 1 0.72272727272727266 1 0.72727272727272729 1 0.73181818181818181 1 0.73636363636363633 1 0.74090909090909085 1 0.74545454545454537 1 0.75 1 0.75454545454545452 1 0.75909090909090904 1 0.76363636363636356 1 0.76818181818181819 1 0.77272727272727271 1 0.77727272727272723 1 0.78181818181818175 1 0.78636363636363638 1 0.79090909090909089 1 0.79545454545454541 1 0.79999999999999993 1 0.80454545454545445 1 0.80909090909090908 1 0.8136363636363636 1 0.81818181818181812 1 0.82272727272727264 1 0.82727272727272727 1 0.83181818181818179 1 0.83636363636363631 1 0.84090909090909083 1 0.84545454545454546 1 0.84999999999999998 1 0.8545454545454545 1 0.85909090909090902 1 0.86363636363636365 1 0.86818181818181817 1 0.87272727272727268 1 0.8772727272727272 1 0.88181818181818172 1 0.88636363636363635 1 0.89090909090909087 1 0.89545454545454539 1 0.89999999999999991 1 0.90454545454545454 1 0.90909090909090906 1 0.91363636363636358 1 0.9181818181818181 1 0.92272727272727273 1 0.92727272727272725 1 0.93181818181818177 1 0.93636363636363629 1 0.94090909090909092 1 0.94545454545454544 1 0.94999999999999996 1 0.95454545454545447 1 0.95909090909090899 1 0.96363636363636362 1 0.96818181818181814 1 0.97272727272727266 1 0.97727272727272718 1 0.98181818181818181 1 0.98636363636363633 1 0.99090909090909085 1 0.99545454545454537 1 1 4
7 0 0  3 223 221  -1.0651923787463602e-11 6.0000000017758204  0.0096080464948116173 5.9999999449892574  0.028826596574660357 5.9999217208802271  0.057655890432008583 5.9995712842688214  0.086480842430717964 5.9989890652516307  0.11529532041916468 5.9981760777830226  0.14409591327973725 5.9971355342415329  0.17287978334792875 5.9958712589870551  0.20164394516690276 5.9943870327717743  0.23038663719678354 5.9926885034097692  0.25910582565085427 5.9907811489912461  0.28779959397619148 5.9886707096088694  0.31646679959530033 5.9863649194485857  0.34510608329001613 5.9838714185829991  0.37371575605705054 5.9811976629702963  0.40229518794746522 5.9783520664459999  0.43084526972526316 5.9753446151589404  0.45936631594512356 5.972184989594802  0.4878586558358915 5.9688830010330127  0.51632225064333603 5.9654482432411546  0.54475823641899002 5.961891170988582  0.57316928954330315 5.9582235121307674  0.60155755013275947 5.9544567547535232  0.62992509202628977 5.9506024418331913  0.65827393905281717 5.9466721365536452  0.68660587048892285 5.9426772663780953  0.71492375411828579 5.9386299250431795  0.7432313641862498 5.9345428497835719  0.77153214554788185 5.9304286399135728  0.799829541339105 5.9262999324218057  0.82812697339826258 5.9221693515199663  0.85642786221953937 5.9180495348531474  0.88473583650763032 5.9139530791097812  0.91305375664254917 5.9098928518690244  0.9413841457961345 5.9058818154317159  0.96972961349833309 5.9019329077070779  0.99809282190779314 5.8980590759306892  1.0264765281594652 5.8942732544243253  1.0548837579157038 5.8905884198386191  1.0833160383042193 5.8870167760731995  1.111774841116091 5.8835704889251526  1.1402617108221911 5.8802616850421199  1.1687786296347484 5.8771026854479951  1.1973263770686735 5.8741047637825865  1.2259049161382727 5.8712785372205447  1.254514448532186 5.868634701160147  1.2831557201023278 5.8661842012704817  1.3118272066971022 5.8639360660077875  1.3405265138680562 5.8618986448251853  1.3692515564607604 5.8600803834178699  1.3980005806115194 5.8584899715405658  1.4267703930213482 5.8571328369870743  1.4555575158510363 5.8560139439248902  1.4843586101499149 5.855138401790529  1.5131705116438772 5.8545111937144121  1.5419894206277345 5.8541337324880649  1.5708114731781846 5.8540074989125914  1.5996328952182761 5.8541340026922013  1.6284503810980491 5.8545117506055577  1.6572605408230547 5.8551390640957877  1.6860599676686325 5.8560147325872522  1.7148458075400654 5.857134110147677  1.7436151103893032 5.8584916520917778  1.7723648230349678 5.8600819686516052  1.8010917494592018 5.8618999037734065  1.8297933632996397 5.8639391434498469  1.8584687019032771 5.8661895261488963  1.8871162161001145 5.8686414263638378  1.9157341976507567 5.8712850826391128  1.9443208459300738 5.8741107412892219  1.9728741167543511 5.877108753497283  2.0013928274737438 5.8802690310426149  2.0298800647456918 5.8835789728285537  2.058338143404697 5.8870262377885272  2.0867692797427182 5.8905984154098592  2.11517548630367 5.8942831129341569  2.1435586600818457 5.8980679360320369  2.1719206802707731 5.9019404789037644  2.2002632777056093 5.9058883832020523  2.2285899081247891 5.9098987894679063  2.256904116873411 5.9139587609573132  2.2852092605336214 5.9180553807299825  2.3135086359739141 5.9221757281578009  2.3418055101974833 5.9263068775601875  2.3701031478218724 5.930435927154269  2.3984049481496132 5.9345498846187876  2.4267141015122764 5.9386361500050953  2.4550332812098983 5.9426827276490286  2.4833652317173556 5.9466775067431366  2.5117127028220967 5.9506084116526292  2.5400785647922497 5.954463341195332  2.5684657168902056 5.9582302612059683  2.5968776389798585 5.9618968949990343  2.6253158470136952 5.965452319315065  2.6537806373705006 5.9688863583251379  2.682272617920777 5.9721886631131733  2.7107924393861822 5.9753489168343323  2.7393408932319954 5.9783568474459869  2.7679192038293738 5.9812019716254134  2.7965281106762045 5.9838746721659541  2.8251662736433989 5.9863676160566746  2.8538326918451631 5.9886731158632802  2.8825263891322628 5.9907835860048735  2.9112466366286949 5.9926913879103134  2.9399928861646831 5.9943889932955363  2.9687606402729241 5.9958720871179354  2.9975453770265972 5.9971362391555125  3.0263426729058178 5.9981771305928495  3.0551479497146303 5.9989901121675819  3.0839581886689551 5.9995718841454702  3.1127729229558394 5.9999218502952383  3.14159112458651 6.000038975254558  3.1704120009762402 5.9999222486381303  3.1992345027165427 5.9995711033901955  3.2280541235712246 5.9989881678228079  3.2568664010932267 5.9981757777125182  3.2856668503135626 5.997136463972998  3.3144507269719412 5.9958722695049369  3.3432153254254828 5.9943877867776756  3.3719588402605449 5.992689145038443  3.400679015953127 5.9907821314674576  3.4293735182985472 5.9886725628288264  3.4580402247930806 5.9863664825376208  3.4866789082777565 5.9838725047836823  3.515288905376682 5.9811990419130137  3.5438695204145905 5.9783546271548564  3.5724196622933988 5.975347512049332  3.6009398673974005 5.9721873718458074  3.6294315155038213 5.9688848167205286  3.6578955194536427 5.9654502297680612  3.6863327979600591 5.9618940973592878  3.7147439415758825 5.9582267198415568  3.7431314476502688 5.9544596828690981  3.7714981505517109 5.9506049262154335  3.7998466031788158 5.9466742994075803  3.8281793041240899 5.9426796770295205  3.8564986943096571 5.9386329236838584  3.8848072609110389 5.9345459188463838  3.9131085384464193 5.9304314717583466  3.9414059247483273 5.9263023793856497  3.9697027635601927 5.9221714419978913  3.9980023782331102 5.9180514589252073  4.0263081277333601 5.9139552299519114  4.0546234226778068 5.9098955539850557  4.0829518782091156 5.9058852329865923  4.1112959995572922 5.9019370185122604  4.1396581730708668 5.8980636591111368  4.168040846278835 5.8942779009344086  4.1964465803544719 5.8905925027007093  4.2248779811780146 5.8870201752567963  4.2533382400751414 5.8835738083694347  4.281829066960217 5.8802654921863367  4.3103499769274904 5.8771062873009861  4.3389009736279238 5.8741074612821418  4.3674820708702242 5.8712802182392583  4.3960935378536679 5.8686358091437656  4.424735846949023 5.8661853606277754  4.4534073503538867 5.863937170349832  4.4821065159362483 5.8618996750810819  4.5108318096359081 5.8600811516039126  4.5395823197881366 5.8584903775431707  4.5683551110438554 5.8571333027391574  4.5971460233705859 5.8560144628305189  4.6259512052320737 5.8551386039534163  4.654766909112622 5.8545108880598944  4.6835895218995951 5.8541336229802816  4.7124152888316324 5.8540075649849337  4.7412404814236258 5.8541338477280638  4.770061432578709 5.8545121617872873  4.7988745719220791 5.8551399897571956  4.8276761742907546 5.8560150367077091  4.8564627802177043 5.8571342667690596  4.8852315887866062 5.858492024593164  4.9139794831885304 5.8600832816187101  4.9427037516071941 5.861901730686256  4.9714021351027728 5.8639390710719237  5.0000720257546192 5.8661873980211316  5.0287110113427822 5.8686385777391479  5.0573199303304683 5.8712823703431951  5.0858992392721554 5.8741085801680475  5.114449314460721 5.877107179396158  5.1429704605055093 5.8802673201476603  5.1714627133445781 5.8835767782251462  5.1999260406653747 5.8870235632703496  5.2283598155610456 5.8905956914799953  5.2567656927572273 5.8942808384426542  5.2851472967084216 5.8980663491261298  5.3135076545855249 5.9019396325273625  5.3418498212566448 5.9058881091011397  5.3701769284987542 5.9098988896712363  5.3984920194289305 5.9139590319552902  5.426798062242316 5.91805561065219  5.4550979853747954 5.9221756844103588  5.4833948166225746 5.9263063601975814  5.5116919710699559 5.9304350440036284  5.5399927727203107 5.9345491157369041  5.5683005827266481 5.9386359526574246  5.5966187538426873 5.9426829687000815  5.6249509583691655 5.9466774337486754  5.6532997446238706 5.9506074582162753  5.6816670286842914 5.9544615692397249  5.7100549021133222 5.9582281976273146  5.7384655310319488 5.9618957860381148  5.7669011532264314 5.96545282605664  5.795364526665935 5.9688876017148411  5.8238572803891415 5.9721893015275693  5.8523789083630486 5.9753485251322482  5.8809293405181862 5.9783556051725482  5.9095085164667474 5.9812009528639685  5.9381166076537681 5.9838749321284315  5.9667540091194944 5.9863680177845211  5.9954197951939499 5.9886731399145665  6.0241131023649039 5.9907831414073955  6.0528331966656097 5.9926908816766709  6.0815795030804001 5.9943892412537361  6.1103475471813447 5.995873154608752  6.1391330006653781 5.9971373721309611  6.1679315233553744 5.998177250212434  6.1967384890474424 5.9989898786248803  6.2255488928302274 5.9995719408476065  6.2543635740844969 5.999922057520342  6.2735772614078726 6.0000000586286548  6.2831853071689352 6.0000000017758204 
 0 4 0.0045454545454545452 1 0.0090909090909090905 1 0.013636363636363636 1 0.018181818181818181 1 0.022727272727272728 1 0.027272727272727271 1 0.031818181818181815 1 0.036363636363636362 1 0.040909090909090909 1 0.045454545454545456 1 0.049999999999999996 1 0.054545454545454543 1 0.05909090909090909 1 0.06363636363636363 1 0.068181818181818177 1 0.072727272727272724 1 0.077272727272727271 1 0.081818181818181818 1 0.086363636363636365 1 0.090909090909090912 1 0.095454545454545445 1 0.099999999999999992 1 0.10454545454545454 1 0.10909090909090909 1 0.11363636363636363 1 0.11818181818181818 1 0.12272727272727273 1 0.12727272727272726 1 0.13181818181818181 1 0.13636363636363635 1 0.1409090909090909 1 0.14545454545454545 1 0.14999999999999999 1 0.15454545454545454 1 0.15909090909090909 1 0.16363636363636364 1 0.16818181818181818 1 0.17272727272727273 1 0.17727272727272728 1 0.18181818181818182 1 0.18636363636363634 1 0.19090909090909089 1 0.19545454545454544 1 0.19999999999999998 1 0.20454545454545453 1 0.20909090909090908 1 0.21363636363636362 1 0.21818181818181817 1 0.22272727272727272 1 0.22727272727272727 1 0.23181818181818181 1 0.23636363636363636 1 0.24090909090909091 1 0.24545454545454545 1 0.25 1 0.25454545454545452 1 0.25909090909090909 1 0.26363636363636361 1 0.26818181818181819 1 0.27272727272727271 1 0.27727272727272728 1 0.2818181818181818 1 0.28636363636363638 1 0.29090909090909089 1 0.29545454545454541 1 0.29999999999999999 1 0.30454545454545451 1 0.30909090909090908 1 0.3136363636363636 1 0.31818181818181818 1 0.3227272727272727 1 0.32727272727272727 1 0.33181818181818179 1 0.33636363636363636 1 0.34090909090909088 1 0.34545454545454546 1 0.34999999999999998 1 0.35454545454545455 1 0.35909090909090907 1 0.36363636363636365 1 0.36818181818181817 1 0.37272727272727268 1 0.37727272727272726 1 0.38181818181818178 1 0.38636363636363635 1 0.39090909090909087 1 0.39545454545454545 1 0.39999999999999997 1 0.40454545454545454 1 0.40909090909090906 1 0.41363636363636364 1 0.41818181818181815 1 0.42272727272727273 1 0.42727272727272725 1 0.43181818181818182 1 0.43636363636363634 1 0.44090909090909086 1 0.44545454545454544 1 0.44999999999999996 1 0.45454545454545453 1 0.45909090909090905 1 0.46363636363636362 1 0.46818181818181814 1 0.47272727272727272 1 0.47727272727272724 1 0.48181818181818181 1 0.48636363636363633 1 0.49090909090909091 1 0.49545454545454543 1 0.5 1 0.50454545454545452 1 0.50909090909090904 1 0.51363636363636356 1 0.51818181818181819 1 0.52272727272727271 1 0.52727272727272723 1 0.53181818181818175 1 0.53636363636363638 1 0.54090909090909089 1 0.54545454545454541 1 0.54999999999999993 1 0.55454545454545456 1 0.55909090909090908 1 0.5636363636363636 1 0.56818181818181812 1 0.57272727272727275 1 0.57727272727272727 1 0.58181818181818179 1 0.58636363636363631 1 0.59090909090909083 1 0.59545454545454546 1 0.59999999999999998 1 0.6045454545454545 1 0.60909090909090902 1 0.61363636363636365 1 0.61818181818181817 1 0.62272727272727268 1 0.6272727272727272 1 0.63181818181818183 1 0.63636363636363635 1 0.64090909090909087 1 0.64545454545454539 1 0.65000000000000002 1 0.65454545454545454 1 0.65909090909090906 1 0.66363636363636358 1 0.6681818181818181 1 0.67272727272727273 1 0.67727272727272725 1 0.68181818181818177 1 0.68636363636363629 1 0.69090909090909092 1 0.69545454545454544 1 0.69999999999999996 1 0.70454545454545447 1 0.70909090909090911 1 0.71363636363636362 1 0.71818181818181814 1 0.72272727272727266 1 0.72727272727272729 1 0.73181818181818181 1 0.73636363636363633 1 0.74090909090909085 1 0.74545454545454537 1 0.75 1 0.75454545454545452 1 0.75909090909090904 1 0.76363636363636356 1 0.76818181818181819 1 0.77272727272727271 1 0.77727272727272723 1 0.78181818181818175 1 0.78636363636363638 1 0.79090909090909089 1 0.79545454545454541 1 0.79999999999999993 1 0.80454545454545445 1 0.80909090909090908 1 0.8136363636363636 1 0.81818181818181812 1 0.82272727272727264 1 0.82727272727272727 1 0.83181818181818179 1 0.83636363636363631 1 0.84090909090909083 1 0.84545454545454546 1 0.84999999999999998 1 0.8545454545454545 1 0.85909090909090902 1 0.86363636363636365 1 0.86818181818181817 1 0.87272727272727268 1 0.8772727272727272 1 0.88181818181818172 1 0.88636363636363635 1 0.89090909090909087 1 0.89545454545454539 1 0.89999999999999991 1 0.90454545454545454 1 0.90909090909090906 1 0.91363636363636358 1 0.9181818181818181 1 0.92272727272727273 1 0.92727272727272725 1 0.93181818181818177 1 0.93636363636363629 1 0.94090909090909092 1 0.94545454545454544 1 0.94999999999999996 1 0.95454545454545447 1 0.95909090909090899 1 0.96363636363636362 1 0.96818181818181814 1 0.97272727272727266 1 0.97727272727272718 1 0.98181818181818181 1 0.98636363636363633 1 0.99090909090909085 1 0.99545454545454537 1 1 4
2 -9.5359933657041774e-13 -1.1086856881147983e-12 -0.52648198426984294 0.85018628560997678 -0.85018628560997678 -0.52648198426984294 10.65
1 0 2.3999999999999986 1 0 
1 6.2831853071795862 -0 0 1 
1 0 -0 0 1 
2 -0 0 -0.52648198426984294 0.85018628560997678 -0.85018628560997678 -0.52648198426984294 10.65
1 0 0 1 0 
1 6.2831853067721202 0 0 1 
1 -4.0746606089214765e-10 0 0 1 
Curves 15
2 4.5 0 0 1 0 0 -0 1 6.1232339957367697e-17 0 -6.1232339957367697e-17 1 4
7 0 0  1 2 2  0 4 -7.3478807948841178e-16  4.5 4 -7.3478807948841178e-16 
 0 2 4.5 2
2 0 0 0 1 0 0 -0 1 6.1232339957367697e-17 0 -6.1232339957367697e-17 1 4
7 0 1  3 49 48  1.5 3.0559866096013799e-10 4  1.49999990613422 -0.022251674078775201 4.0000000905619304  1.50221545780226 -0.072000649468698802 3.9995838693944199  1.51375235955081 -0.15156576797215399 3.9974331991876002  1.53733967910057 -0.240214386459737 3.9931312616437298  1.57481827984293 -0.33186890178059297 3.9865675934947502  1.62563683330052 -0.41966329723165502 3.9782252607055901  1.68635138132661 -0.49788323138351198 3.9691137761473398  1.75880845274703 -0.56993907959078605 3.9593918068788101  1.85416374169987 -0.64160997012125998 3.9484309558525399  1.9791696583729399 -0.704941217903859 3.9375202990594098  2.1171180071156801 -0.74249151356321097 3.9304999020401898  2.2100486435713602 -0.75005232896195795 3.9290484225563902  2.2924572740023299 -0.74994610593273403 3.92906869710963  2.3856921630130099 -0.74201063937910505 3.9305922365116301  2.5235254769375302 -0.70384394375228798 3.9377180626395201  2.6476776777105901 -0.64042228405222401 3.9486233295419502  2.74525089550737 -0.56671351262690906 3.9598737654718099  2.82435344977252 -0.486632288377294 3.97059492302518  2.89521287965399 -0.38947741571325201 3.9814992089959298  2.9477003728297002 -0.28341149379351599 3.99045667064328  2.97794380332842 -0.186921753903763 3.9959085914657702  2.9923428121190598 -0.113100493751221 3.9985681085299198  2.9987476514086402 -0.053726773550664499 3.9997649662834101  3.0002868035642898 -0.0086929150386855693 4.0000537616230503  2.9993085728420898 0.049602111719775799 3.99987047865047  2.9919577491687002 0.123447455262889 3.9984905098769401  2.96942908820006 0.21943965048547701 3.99434839295848  2.9338590719208799 0.31347689046184801 3.9880574428668201  2.8858741332293301 0.40201209615105998 3.9800590211836102  2.8273460781174 0.48193521670373901 3.9710927321852898  2.7568984661956701 0.55601923101623896 3.9613833699241701  2.6726763961656101 0.623071661909949 3.9513531854391699  2.5727474327755702 0.68028213027312001 3.9418330654862399  2.4775413067802998 0.71679467798876195 3.9352815937299401  2.3938076259387202 0.73723278585299201 3.9314816266147901  2.3222396327036701 0.74764633690374704 3.92950883820986  2.27208777064918 0.75013300089263202 3.9290330307011199  2.2075855802911502 0.74978671810103104 3.9290990928830398  2.1172225539624199 0.742107908591913 3.9305699631702602  1.9876563433230501 0.70758590944084698 3.93703012333442  1.8667209725749401 0.64871907574550103 3.9472293995655101  1.77052128256065 0.58011656778271303 3.9579185347308199  1.68930266054511 0.50229679361739299 3.9686286349454098  1.61586629073378 0.40724999175882198 3.9797019523689499  1.55801087131426 0.29810855391229701 3.9894395735424899  1.52123393611722 0.187576765450089 3.99604800849482  1.5034821717857301 0.089721709817073503 3.99934527694945  1.50000011954354 0.0283388049686478 3.9999998846641001 
 0 3 0.0141372671363947 1 0.031607333482052399 1 0.051012005413998099 1 0.072351518894237798 1 0.094499318891884607 1 0.115507156635676 1 0.13537688109527801 1 0.15957537611439501 1 0.19137926797956201 1 0.224212523123554 1 0.24999876006997299 1 0.25040815026438301 1 0.276557959612589 1 0.30923422663100802 1 0.340872862360388 1 0.36494486042010499 1 0.387016115451217 1 0.41252544464751201 1 0.44139705517970801 1 0.46208688927789299 1 0.47671289029597202 1 0.48913971374865101 1 0.499998827040395 1 0.50533401291663205 1 0.52618472238660896 1 0.54703421228610905 1 0.56787906392654897 1 0.59003086434556495 1 0.61104493306140895 1 0.63092303863023003 1 0.65513456877366405 1 0.67952639667649595 1 0.70409588084755503 1 0.71984447259416495 1 0.73425910823677198 1 0.74999772600988601 1 0.75170307225633404 1 0.77523993481907205 1 0.80747296787384604 1 0.83649800382972195 1 0.86056786046920197 1 0.88261917804814105 1 0.90809882952225696 1 0.93694362897356398 1 0.96100140188281902 1 0.98199536605977999 1 1 3
7 0 1  3 58 57  1.5 -3.5832177208011701e-09 -4  1.5000001929886899 0.020727000980720101 -3.9999999310938898  1.5017796849043099 0.063644308674535494 -3.99966578642035  1.51024133625894 0.12975048441824899 -3.9980871561098899  1.5258867002015399 0.20005244951864101 -3.9952120491800902  1.5520191382064099 0.27931370297239 -3.9905322855819301  1.59246388485265 0.36569641879463199 -3.9835972954315602  1.6473642905491199 0.45023111043650699 -3.97485416070838  1.71590049967837 0.529982793515823 -3.9649760186015599  1.80476405230484 0.60822616893054504 -3.9537571934017399  1.9205624645014201 0.67904259636031195 -3.9421147832891501  2.0465297955568702 0.72566619190529802 -3.93366626038629  2.1557847939679302 0.74603151362110998 -3.92981720498965  2.2200743847756601 0.74988364918349704 -3.9290806149898598  2.2715517039437501 0.75009883189706195 -3.9290395459343999  2.3329566514201998 0.74719361296576003 -3.9295950081062299  2.4386895789933898 0.72949082502506601 -3.9329507692117902  2.56297814494109 0.68657316031684401 -3.9407866669979401  2.6786282510826802 0.61991012218115604 -3.9519149951378498  2.7684615313402898 0.545235219812088 -3.9628903373146098  2.8373552122261798 0.46970576439629602 -3.97256718317225  2.89439299070543 0.38825589931022197 -3.9814360554122201  2.9400081365284798 0.29951753096823802 -3.9891256867246399  2.9706573077084801 0.21340925822762399 -3.9945814813331602  2.9876128074410202 0.14080431067014601 -3.9976909404063998  2.9960941103616698 0.082083101746250206 -3.9992683607144  2.99943997086043 0.037219536789232198 -3.9998949737516099  3.00025133057476 -0.0015372792594875199 -4.0000471266292497  2.9991072038540501 -0.049200384067991799 -3.9998326189803599  2.9931567692742802 -0.10946861201563 -3.9987181247024699  2.9787669751131198 -0.182186852675533 -3.9960612209449802  2.95601282405815 -0.25759911615658798 -3.9919552352394301  2.9196016239779099 -0.34280272291126801 -3.98562778207625  2.8681442752443198 -0.42910240927273002 -3.9772349547685901  2.80430684582584 -0.50829924544340999 -3.9677882909053701  2.7376927869374201 -0.572058683790998 -3.9590207622261202  2.6673039529980902 -0.62513328170186799 -3.9509471616595202  2.5929269385561202 -0.66893987108556696 -3.9437378082027799  2.5139859456801301 -0.70373181694393006 -3.9376467142172999  2.42678311300135 -0.73084945283195102 -3.9326881834162899  2.3388294619684702 -0.74664274793241203 -3.92970075479287  2.2701164211939102 -0.75038722337035402 -3.9289845031717001  2.2014624919707799 -0.74941104964855099 -3.9291707166807202  2.1327539947965102 -0.74271917795607501 -3.9304511058617702  2.0439565357752598 -0.722806863544186 -3.9341745034189599  1.9628532574289299 -0.694693199067696 -3.9392614464565399  1.8855279416625199 -0.657320456229741 -3.9456959761891399  1.80838551906946 -0.60858549208756496 -3.9535562666044499  1.7345058893009999 -0.54793548252510005 -3.9625033351733099  1.6662169709554 -0.47428778782332398 -3.9720331475625801  1.6150635185470901 -0.40205326586963203 -3.9799555568233398  1.57745661004449 -0.33423552374771998 -3.9861662790528101  1.54844628074791 -0.26858855467585402 -3.99117090722069  1.5259282318384699 -0.200145864023968 -3.9952050319679699  1.5110445609597001 -0.133276356949657 -3.9979394374985602  1.50379731138819 -0.080052396023912203 -3.9992890448917602  1.50060787392182 -0.036815493847417301 -3.99988593742553  1.4999998836249799 -0.012498692219012199 -4.0000000415513997 
 0 3 0.013170799343831301 1 0.027261336671412999 1 0.042289609908353003 1 0.058901092523126898 1 0.080285643126888601 1 0.102893618876956 1 0.123006414216768 1 0.147241061248888 1 0.17822175316894701 1 0.20913553146407199 1 0.23231368484891801 1 0.24866939598670701 1 0.24999728326064499 1 0.26501678157356001 1 0.28767981097447898 1 0.31795483979049299 1 0.34829617446596001 1 0.37238047597386797 1 0.39227322008057203 1 0.41339675966025002 1 0.43565290026508102 1 0.45568205837133802 1 0.47143585327329302 1 0.48299789029760998 1 0.49334431573423099 1 0.499997807279282 1 0.50762808583881203 1 0.52363611254207298 1 0.53841701571359502 1 0.55468914141483605 1 0.57367059282937405 1 0.59730159621136003 1 0.61855659129692098 1 0.63841875827643002 1 0.65602320433153605 1 0.67470321934446797 1 0.69334226769167895 1 0.71086333161585702 1 0.73270164535708004 1 0.74999890809352299 1 0.75451665215888197 1 0.77631607021528004 1 0.793751711525437 1 0.81227739093390805 1 0.83084324563954104 1 0.84836075459768201 1 0.87036482368548995 1 0.89168004646238697 1 0.91230546845711202 1 0.92668747824800501 1 0.94104110259306795 1 0.95796588008721495 1 0.97247048694046501 1 0.98454464074679804 1 0.99205781425988204 1 1 3
7 0 1  3 48 47  1.5 -3.2240025579777201e-10 -2.0000000000007998  1.5000003081453199 0.030827409783818701 -1.99999985034806  1.50384905117245 0.093133414652644506 -1.9985519564113701  1.52126895196579 0.18557020700524299 -1.99208386921362  1.55138849271483 0.27885712986258498 -1.9812062787170699  1.5976978211383599 0.37592892982991499 -1.96522014690179  1.6686960456598501 0.48049632257671099 -1.9424764385178901  1.77265426855518 0.58585738259237896 -1.9132748930063701  1.90396256565568 0.671746037518543 -1.8843109222596699  2.04033685957502 0.72425056082911998 -1.8643749874606801  2.1553312903285202 0.74629247983320601 -1.8555534885624501  2.22250887264213 0.75000629920180995 -1.8540470735608601  2.27628137217209 0.74999402898460099 -1.85405203717029  2.3349730526757302 0.74690513261098801 -1.8553048930295799  2.4248139929263801 0.73150646878791503 -1.86147429832985  2.517748408578 0.70281312678490504 -1.8725654800501501  2.6063493732576402 0.66232926323588703 -1.88735567824117  2.6967016378486202 0.60589572211510201 -1.9064171472226501  2.7893504895221599 0.52683233007726005 -1.9301959082551099  2.8743175477909801 0.42323907203333699 -1.95589130219688  2.93747095107183 0.308392320205302 -1.97722222005338  2.9765330153077101 0.19668300432379099 -1.9912647728958199  2.99608969393512 0.094975451243632505 -1.99852947778108  3.0000777930234599 0.0287771119868983 -2.0000291713987299  2.99991593035555 -0.033795042714892698 -1.99996848230601  2.9956144222949099 -0.097295396137243903 -1.99835060974289  2.9777976136013402 -0.18892907886507501 -1.99174229058855  2.9477935848661998 -0.28072310104806802 -1.9809196807978999  2.9015580877616598 -0.37723467702687102 -1.9649722988335001  2.8301003854178202 -0.48206824380973201 -1.94210182284531  2.7320269128925698 -0.58077419473722902 -1.91463520750238  2.6183497346870399 -0.65757919714019897 -1.8891797831783399  2.5084886172903502 -0.706924409398066 -1.8710326163700199  2.4079887537909599 -0.73532339146653802 -1.85995755181196  2.3228391419993901 -0.74782139056529995 -1.8549320866883501  2.2645337388825801 -0.75027212550322198 -1.8539395176344  2.2111829420537901 -0.74958117551847403 -1.8542189960903599  2.14221998290664 -0.744215982062992 -1.85639034349745  2.0428977542767401 -0.72378343867308503 -1.8645329004861999  1.94049973515722 -0.686024589412908 -1.8788677520483199  1.84745126758211 -0.63549703996732498 -1.8966353366679101  1.7610308727356401 -0.57223248315068997 -1.9168614362855401  1.6766303687056501 -0.48903591795089602 -1.94013588111423  1.60438765899542 -0.388561414888971 -1.96293894240127  1.55223564034746 -0.28220451153329901 -1.98088670027182  1.5206000785476801 -0.18340785074131699 -1.9923298609065101  1.5036013207877199 -0.090112128295385396 -1.9986453485122999  1.4999997020663101 -0.0298058204990201 -2.00000014469419 
 0 3 0.019442146923065 1 0.039289235737141 1 0.059329531424707198 1 0.081508736156814102 1 0.10769270877331 1 0.14005793612507 1 0.17620237076245299 1 0.20770239452466099 1 0.23258780369451099 1 0.24999836720438201 1 0.25007032317293099 1 0.26650202830400699 1 0.287016850332732 1 0.307549074150815 1 0.32810223944337102 1 0.34902969836520698 1 0.37565969372463598 1 0.40611712208912798 1 0.43469963519924498 1 0.45906831351492999 1 0.48103547162407201 1 0.49999879906664602 1 0.50081452819118999 1 0.52049510609796501 1 0.54005930297257299 1 0.55970490132735495 1 0.58165320556573097 1 0.60812840555381298 1 0.64073781547789599 1 0.67066707304694395 1 0.69575964363480503 1 0.71730378059613997 1 0.73674170811017903 1 0.74999422984782005 1 0.75407905367620498 1 0.77039444943296098 1 0.79358144390391605 1 0.818041020973304 1 0.839600562180015 1 0.86114402542762103 1 0.88663461381931596 1 0.91554905804708497 1 0.94019199175866397 1 0.96196080395572503 1 0.98120214662731597 1 1 3
7 0 0  1 2 2  1.5 -3.224002364981581e-10 -3.9999999999999893  1.5 -3.224002364981581e-10 -2.0000000000007998 
 1.0841788225533666e-14 2 1.9999999999992002 2
2 4.5 0 0 -1 0 0 -0 -1 -6.1232339957367697e-17 0 -6.1232339957367697e-17 1 2
7 0 0  1 2 2  4.5 -2 -1.2246467991473539e-16  -2.4000000000000004 -2 -1.2246467991473539e-16 
 1 2 7.9000000000000004 2
2 -2.3999999999999999 0 0 -1 0 0 -0 -1 -6.1232339957367697e-17 0 -6.1232339957367697e-17 1 2
7 0 1  3 53 52  1.5 7.9881552761396096e-12 2.0000000017758199  1.50000036029645 -0.023372012639417399 1.9999998175947  1.50199882415857 -0.066084748494859097 1.99924893786556  1.5104351094386299 -0.129542051943284 1.9961029003969299  1.52469827164496 -0.195382580823975 1.99084672984788  1.5501834721754599 -0.27512588724397102 1.98164958487198  1.59410436912656 -0.36989965571314698 1.9664140699225401  1.6639536948065401 -0.47448597433831902 1.9439241957766  1.7551785306379499 -0.56888839410654002 1.9180950072018501  1.85265378158773 -0.63916532304536999 1.89541638345999  1.9411406256325801 -0.68533239313184902 1.87904115558907  2.0217864394043201 -0.71604705606215702 1.8674893261613901  2.1022494894642301 -0.73686123709226603 1.8593366647340199  2.1787173276449998 -0.74783887960099504 1.85492546098932  2.22829364508017 -0.75000556036592503 1.8540473725806099  2.2733932360083 -0.74999407495364301 1.85405201843087  2.3292352468886302 -0.74737887844727202 1.8551120080358701  2.4276022027228499 -0.73168317870098898 1.86141277172223  2.55026172984314 -0.69228789523952405 1.8766621003339199  2.6807984798687801 -0.62062074379324605 1.9020455831248699  2.79678969824023 -0.52072283087869797 1.9321551362604199  2.8863470544250398 -0.40509417875120801 1.9597965453646999  2.9461615156383099 -0.28818266860870001 1.98028801753907  2.9815495943353598 -0.17659059413153999 1.99311403428939  2.99720905067276 -0.081995196528016498 1.9989519648651399  3.0003047302909902 -0.017762483017200001 2.0001142527566702  2.9995092102876 0.045138057624826498 1.99981609745424  2.9930621689663699 0.116314723293635 1.9973943100143501  2.9717825976865999 0.21136545856931099 1.9895377743509  2.9377744683598799 0.30464636871763801 1.97738912827999  2.8877758284008301 0.40000446674954898 1.9604172115701799  2.81339268257436 0.50134172480268901 1.93713836262591  2.7134898413600701 0.59551937436480096 1.9100204147276301  2.59933435329107 0.66772063357443101 1.8855682450647899  2.4918838326795298 0.71253243117129506 1.8688747658595299  2.3958887033506699 0.737540669232293 1.8590696760732299  2.31692914867146 0.74817676321345195 1.85478788634697  2.26200237387935 0.75026705184723297 1.85394156773603  2.2159056078072301 0.74961994348679095 1.8542033367270701  2.1682844035543201 0.74636697615450998 1.85551918252652  2.1044865879594599 0.73675566349375399 1.8593680574525799  2.03564332598001 0.72002868518846497 1.86593853593226  1.9623002160268499 0.69419659691568103 1.87575252148269  1.8900936317824999 0.65964004765300699 1.88823570912299  1.81616478342789 0.61395685530945698 1.90367950025254  1.7392180426646699 0.55273535696819198 1.9226003764860999  1.6592952120825599 0.46774886282990702 1.9453950767548001  1.5916838132617599 0.366429590352083 1.96719670611771  1.5457313862108 0.26441582683777098 1.9832220284256199  1.52092824005573 0.18097814270517101 1.99222740821811  1.5083555577052401 0.116168105142947 1.9968768336784799  1.5015780266316501 0.058758011199248998 1.99940728547422  1.49999968039058 0.020732691763669601 2.0000001651580099 
 0 3 0.014742694082638 1 0.026931496168279001 1 0.040381545319721497 1 0.0573132048077932 1 0.079960652055329498 1 0.106779015484013 1 0.137609272968473 1 0.163975838569456 1 0.183643197005144 1 0.20127701050889901 1 0.21880440627579301 1 0.23622412397731499 1 0.24999762813937701 1 0.25007795589067799 1 0.26467462231233502 1 0.28522704504218699 1 0.31288184771444799 1 0.34613463621798302 1 0.37999243035171598 1 0.41075660707422301 1 0.43959180098247702 1 0.46346271570608299 1 0.48480246861611498 1 0.50000017111242301 1 0.50399239097362603 1 0.52448391080595602 1 0.54498311981715697 1 0.56547198763214601 1 0.58742456166220003 1 0.61355878579993595 1 0.64583883795243202 1 0.67526350107309596 1 0.69977353258693997 1 0.71977875480363895 1 0.73799784926253698 1 0.74999586684834696 1 0.75442321200706397 1 0.76707389314824004 1 0.78008738333884697 1 0.79515162222344604 1 0.81189356731941198 1 0.82945270408424998 1 0.84615885825325199 1 0.86749219831369095 1 0.89247159385989805 1 0.92091423442596998 1 0.94523090752788097 1 0.96353321751427301 1 0.97600552446439903 1 0.98692214758417196 1 1 3
2 4.8939339827568302 16.774999999999999 -18.611553006147599 0 1 0 0 -0 1 1 0 -0 10.65
1 4.8939339827568276 14.375 -7.9615530061475974 0 1 0 
2 4.8939339827568302 14.375 -18.611553006147599 0 1 0 0 -0 1 1 0 -0 10.65
7 0 0  1 2 2  1.5 3.0559874964869125e-10 2.000000001775823  1.5 3.0559874964869125e-10 4 
 6.000000001775823 2 8 2
Polygon3D 0
PolygonOnTriangulations 0
Surfaces 10
10 0 6.2831853071795862 0 4.5
2 0 0 0 1 0 0 -0 1 6.1232339957367697e-17 0 -6.1232339957367697e-17 1 4
1 4.5 0 0 1 0 0 -0 1 6.1232339957367697e-17 0 -6.1232339957367697e-17 1 
1 0 0 0 -1 0 0 0 0 -1 -0 -1 -0 
10 -4.0746606089214765e-10 6.2831853067721202 5.8540074989125914 8.0000236847197659
2 2.25 -1.07156594925393e-15 -4 0 0 1 -1 1.22464679914735e-16 0 -1.22464679914735e-16 -1 0 0.75
10 4.2986592063698481e-10 6.2831853076094522 -1.5847325003177154e-05 2.1459633714867885
2 2.25 -1.07156594925393e-15 -4 0 0 1 -1 1.22464679914735e-16 0 -1.22464679914735e-16 -1 0 0.75
10 0 6.2831853071795862 1 7.9000000000000004
2 5.5 0 0 -1 0 0 -0 -1 -6.1232339957367697e-17 0 -6.1232339957367697e-17 1 2
1 -2.3999999999999999 0 0 -1 0 0 0 0 -1 -0 -1 -0 
1 4.8939339827554358 16.774999999999999 -18.611553006147158 -5.8110050973859698e-13 1 1.8371047158344105e-13 -0.85018628560997678 -3.9732343033032317e-13 -0.52648198426984294 -0.52648198426984294 -4.6212707289057655e-13 0.85018628560997678 
2 4.8939339827568302 14.375 -18.611553006147599 0 1 0 0 -0 1 1 0 -0 10.65
1 4.8939339827568302 14.375 -18.611553006147599 -5.8110050973859698e-13 1 1.8371047158344105e-13 -0.85018628560997678 -3.9732343033032317e-13 -0.52648198426984294 -0.52648198426984294 -4.6212707289057655e-13 0.85018628560997678 
Triangulations 0

TShapes 50
Ve
1e-05
4.5 4 -2.44929359829471e-16
0 0

0101101
*
Ed
 1e-07 1 1 0
1  1 0 0 6.28318530717959
2  1 1 0 0 6.28318530717959
4 C0 1 0 2 0
0

0101000
-50 0 +50 0 *
Ve
1e-05
0 4 -2.44929359829471e-16
0 0

0101101
*
Ed
 1e-05 1 1 0
1  2 0 0 4.5
3  2 3CN 1 0 0 4.5
0

0101000
-50 0 +48 0 *
Ed
 1e-07 1 1 0
1  3 0 0 6.28318530717959
2  4 1 0 0 6.28318530717959
4 C0 1 0 3 0
0

0101000
+48 0 -48 0 *
Wi

0101100
-49 0 -47 0 +46 0 +47 0 *
Ve
1e-05
1.5 -8.87868929381831e-16 4
0 0

0101101
*
Ed
 1.89335786807741e-06 1 1 0
1  4 0 0 1
2  5 1 0 0 1
2  6 4 0 0 1
4 C0 1 0 4 0
0

0101000
-44 0 +44 0 *
Wi

0101100
-43 0 *
Ve
1e-05
1.5 -8.87868929381831e-16 -4
0 0

0101101
*
Ed
 7.6968529839943e-07 1 1 0
1  5 0 0 1
2  7 1 0 0 1
2  8 5 0 0 1
4 C0 1 0 5 0
0

0101000
-41 0 +41 0 *
Wi

0101100
-40 0 *
Fa
0  1e-07 1 0

0111000
+45 0 +42 0 +39 0 *
Ve
1e-05
1.5 -8.87868929381831e-16 -2.00000000000159
0 0

0101101
*
Ed
 1.69646891086635e-06 1 1 0
1  6 0 0 1
2  9 6 0 0 1
2  10 5 0 0 1
4 C0 6 0 5 0
0

0101000
+37 0 -37 0 *
Ed
 1e-05 1 1 0
1  7 0 1.08417882255337e-14 1.9999999999992
3  11 12CN 5 0 1.08417882255337e-14 1.9999999999992
0

0101000
-37 0 +41 0 *
Wi

0101100
+36 0 -35 0 -40 0 +35 0 *
Fa
0  1e-07 5 0

0111000
+34 0 *
Ve
1e-05
4.5 -2 -3.67394039744206e-16
0 0

0101101
*
Ed
 1e-07 1 1 0
1  8 0 0 6.28318530717959
2  13 6 0 0 6.28318530717959
4 C0 6 0 2 0
0

0101000
+32 0 -32 0 *
Ve
1e-05
-2.4 -2 -3.67394039744206e-16
0 0

0101101
*
Ed
 1e-05 1 1 0
1  9 0 1 7.9
3  14 15CN 6 0 1 7.9
0

0101000
+32 0 -30 0 *
Ed
 1e-07 1 1 0
1  10 0 0 6.28318530717959
2  16 6 0 0 6.28318530717959
4 C0 6 0 7 0
0

0101000
-30 0 +30 0 *
Wi

0101100
+31 0 +29 0 -28 0 -29 0 *
Ve
1e-05
1.5 -8.87868929381831e-16 2.00000000355165
0 0

0101101
*
Ed
 1.40965819666727e-06 1 1 0
1  11 0 0 1
2  17 6 0 0 1
2  18 4 0 0 1
4 C0 6 0 4 0
0

0101000
+26 0 -26 0 *
Wi

0101100
-25 0 *
Wi

0101100
-36 0 *
Fa
0  1e-07 6 0

0111000
+27 0 +24 0 +23 0 *
Ve
1.00000001404333e-07
4.89393398275683 16.775 -7.9615530061476
0 0

0101101
*
Ed
 1e-07 1 1 0
1  12 0 0 6.28318530717959
2  19 8 0 0 6.28318530717959
2  20 9 0 0 6.28318530717959
4 C0 8 0 9 0
0

0101000
+21 0 -21 0 *
Wi

0101100
+20 0 *
Wi

0101100
-28 0 *
Fa
0  1e-07 8 0

0111000
+19 0 +18 1 *
Ve
1.00000001404333e-07
4.89393398275683 14.375 -7.9615530061476
0 0

0101101
*
Ed
 1e-07 1 1 0
1  13 0 0 2.4
3  21 22CN 9 0 0 2.4
0

0101000
-21 0 +16 0 *
Ed
 1e-07 1 1 0
1  14 0 0 6.28318530717959
2  23 10 0 0 6.28318530717959
2  24 9 0 0 6.28318530717959
4 C0 10 0 9 0
0

0101000
+16 0 -16 0 *
Wi

0101100
-20 0 +15 0 +14 0 -15 0 *
Fa
0  1e-07 9 0

0101000
+13 0 *
Ed
 1e-05 1 1 0
1  15 0 6.00000000177582 8
3  25 26CN 4 0 6.00000000177582 8
0

0101000
-44 0 +26 0 *
Wi

0101100
-43 0 -11 0 +25 0 +11 0 *
Fa
0  1e-07 4 0

0111000
+10 0 *
Wi

0101100
+14 0 *
Wi

0101100
+46 1 *
Fa
0  1e-07 10 0

0111000
+8 0 +7 0 *
Wi

0101100
+49 0 *
Wi

0101100
+31 0 *
Fa
0  1e-07 2 0

0111000
+5 0 +4 0 *
Sh

0101100
+38 1 -33 1 -22 1 +17 0 +12 0 -9 1 -6 0 +3 1 *
So

1100000
+2 0 *

+1 0 